Kani Rust Verifier 0.67.0 (cargo plugin)
   Compiling der-verified v0.2.0 (/home/ivo/repo_tmp/der-floor-42c8165/der-verified)
warning: Found the following unsupported constructs:
             - caller_location (1)
             - foreign function (1)
         
         Verification will fail if one or more of these constructs is reachable.
         See https://model-checking.github.io/kani/rust-feature-support.html for more details.

    Finished `dev` profile [unoptimized + debuginfo] target(s) in 0.89s
Checking harness x509_tbs_certificate::proofs::parse_tbs_certificate_never_panics...
CBMC 6.8.0 (cbmc-6.8.0)
CBMC version 6.8.0 (cbmc-6.8.0) 64-bit x86_64 linux
Reading GOTO program from file /home/ivo/repo_tmp/der-floor-42c8165/target/kani/x86_64-unknown-linux-gnu/debug/deps/der_verified-7492c7ae26474f79__RNvNtNtCsjJ4BRyaQv62_12der_verified20x509_tbs_certificate6proofs34parse_tbs_certificate_never_panics.out
Generating GOTO Program
Adding CPROVER library (x86_64)
Removal of function pointers and virtual functions
Generic Property Instrumentation
Running with 16 object bits, 48 offset bits (user-specified)
Starting Bounded Model Checking
aborting path on assume(false) at file /home/runner/.rustup/toolchains/nightly-2025-11-21-x86_64-unknown-linux-gnu/lib/rustlib/src/rust/library/core/src/slice/index.rs line 49 column 9 function core::slice::index::slice_index_fail::do_panic::runtime thread 0
aborting path on assume(false) at file /home/runner/.rustup/toolchains/nightly-2025-11-21-x86_64-unknown-linux-gnu/lib/rustlib/src/rust/library/core/src/intrinsics/mod.rs line 2449 column 9 function core::slice::index::slice_index_fail::do_panic thread 0
aborting path on assume(false) at file /home/runner/.rustup/toolchains/nightly-2025-11-21-x86_64-unknown-linux-gnu/lib/rustlib/src/rust/library/core/src/panic.rs line 178 column 9 function core::slice::index::slice_index_fail thread 0
aborting path on assume(false) at file /home/runner/.rustup/toolchains/nightly-2025-11-21-x86_64-unknown-linux-gnu/lib/rustlib/src/rust/library/core/src/slice/index.rs line 68 column 5 function core::slice::index::slice_index_fail::do_panic::runtime thread 0
aborting path on assume(false) at file /home/runner/.rustup/toolchains/nightly-2025-11-21-x86_64-unknown-linux-gnu/lib/rustlib/src/rust/library/core/src/intrinsics/mod.rs line 2449 column 9 function core::slice::index::slice_index_fail::do_panic thread 0
aborting path on assume(false) at file /home/runner/.rustup/toolchains/nightly-2025-11-21-x86_64-unknown-linux-gnu/lib/rustlib/src/rust/library/core/src/panic.rs line 178 column 9 function core::slice::index::slice_index_fail thread 0
aborting path on assume(false) at file /home/runner/.rustup/toolchains/nightly-2025-11-21-x86_64-unknown-linux-gnu/lib/rustlib/src/rust/library/core/src/slice/index.rs line 443 column 13 function <std::ops::Range<usize> as std::slice::SliceIndex<[u8]>>::index thread 0
Unwinding loop _RNvNtCsjJ4BRyaQv62_12der_verified3tag10decode_tag.0 iteration 1 file der-verified/src/tag.rs line 137 column 49 function tag::decode_tag thread 0
Unwinding loop _RNvNtCsjJ4BRyaQv62_12der_verified3tag10decode_tag.0 iteration 2 file der-verified/src/tag.rs line 137 column 49 function tag::decode_tag thread 0
Unwinding loop _RNvNtCsjJ4BRyaQv62_12der_verified3tag10decode_tag.0 iteration 3 file der-verified/src/tag.rs line 137 column 49 function tag::decode_tag thread 0
Unwinding loop _RNvNtCsjJ4BRyaQv62_12der_verified3tag10decode_tag.0 iteration 4 file der-verified/src/tag.rs line 137 column 49 function tag::decode_tag thread 0
Unwinding loop _RNvNtCsjJ4BRyaQv62_12der_verified3tag10decode_tag.0 iteration 5 file der-verified/src/tag.rs line 137 column 49 function tag::decode_tag thread 0
Unwinding loop _RNvNtCsjJ4BRyaQv62_12der_verified3tag10decode_tag.0 iteration 6 file der-verified/src/tag.rs line 137 column 49 function tag::decode_tag thread 0
Unwinding loop _RNvNtCsjJ4BRyaQv62_12der_verified3tag10decode_tag.0 iteration 7 file der-verified/src/tag.rs line 137 column 49 function tag::decode_tag thread 0
Unwinding loop _RNvNtCsjJ4BRyaQv62_12der_verified3tag10decode_tag.0 iteration 8 file der-verified/src/tag.rs line 137 column 49 function tag::decode_tag thread 0
Unwinding loop _RNvNtCsjJ4BRyaQv62_12der_verified3tag10decode_tag.0 iteration 9 file der-verified/src/tag.rs line 137 column 49 function tag::decode_tag thread 0
Unwinding loop _RNvNtCsjJ4BRyaQv62_12der_verified3tag10decode_tag.0 iteration 10 file der-verified/src/tag.rs line 137 column 49 function tag::decode_tag thread 0
Unwinding loop _RNvNtCsjJ4BRyaQv62_12der_verified3tag10decode_tag.0 iteration 11 file der-verified/src/tag.rs line 137 column 49 function tag::decode_tag thread 0
Not unwinding loop _RNvNtCsjJ4BRyaQv62_12der_verified3tag10decode_tag.0 iteration 12 file der-verified/src/tag.rs line 137 column 49 function tag::decode_tag thread 0
aborting path on assume(false) at file /home/runner/.rustup/toolchains/nightly-2025-11-21-x86_64-unknown-linux-gnu/lib/rustlib/src/rust/library/core/src/result.rs line 2173 column 15 function <std::result::Result<(u32, usize), tag::TagError> as std::ops::Try>::branch thread 0
aborting path on assume(false) at file der-verified/src/lib.rs line 0 column 0 function tag::decode_tag thread 0
aborting path on assume(false) at file /home/runner/.rustup/toolchains/nightly-2025-11-21-x86_64-unknown-linux-gnu/lib/rustlib/src/rust/library/core/src/result.rs line 966 column 15 function std::result::Result::<(tag::Tag, usize), tag::TagError>::map_err::<tlv::TlvError, {closure@der-verified/src/tlv.rs:71:51: 71:54}> thread 0
aborting path on assume(false) at file /home/runner/.rustup/toolchains/nightly-2025-11-21-x86_64-unknown-linux-gnu/lib/rustlib/src/rust/library/core/src/result.rs line 2173 column 15 function <std::result::Result<(tag::Tag, usize), tlv::TlvError> as std::ops::Try>::branch thread 0
aborting path on assume(false) at file /home/runner/.rustup/toolchains/nightly-2025-11-21-x86_64-unknown-linux-gnu/lib/rustlib/src/rust/library/core/src/slice/index.rs line 40 column 9 function core::slice::index::slice_index_fail::do_panic::runtime thread 0
aborting path on assume(false) at file /home/runner/.rustup/toolchains/nightly-2025-11-21-x86_64-unknown-linux-gnu/lib/rustlib/src/rust/library/core/src/intrinsics/mod.rs line 2449 column 9 function core::slice::index::slice_index_fail::do_panic thread 0
aborting path on assume(false) at file /home/runner/.rustup/toolchains/nightly-2025-11-21-x86_64-unknown-linux-gnu/lib/rustlib/src/rust/library/core/src/panic.rs line 178 column 9 function core::slice::index::slice_index_fail thread 0
aborting path on assume(false) at file /home/runner/.rustup/toolchains/nightly-2025-11-21-x86_64-unknown-linux-gnu/lib/rustlib/src/rust/library/core/src/slice/index.rs line 49 column 9 function core::slice::index::slice_index_fail::do_panic::runtime thread 0
aborting path on assume(false) at file /home/runner/.rustup/toolchains/nightly-2025-11-21-x86_64-unknown-linux-gnu/lib/rustlib/src/rust/library/core/src/intrinsics/mod.rs line 2449 column 9 function core::slice::index::slice_index_fail::do_panic thread 0
aborting path on assume(false) at file /home/runner/.rustup/toolchains/nightly-2025-11-21-x86_64-unknown-linux-gnu/lib/rustlib/src/rust/library/core/src/panic.rs line 178 column 9 function core::slice::index::slice_index_fail thread 0
aborting path on assume(false) at file /home/runner/.rustup/toolchains/nightly-2025-11-21-x86_64-unknown-linux-gnu/lib/rustlib/src/rust/library/core/src/slice/index.rs line 58 column 9 function core::slice::index::slice_index_fail::do_panic::runtime thread 0
aborting path on assume(false) at file /home/runner/.rustup/toolchains/nightly-2025-11-21-x86_64-unknown-linux-gnu/lib/rustlib/src/rust/library/core/src/intrinsics/mod.rs line 2449 column 9 function core::slice::index::slice_index_fail::do_panic thread 0
aborting path on assume(false) at file /home/runner/.rustup/toolchains/nightly-2025-11-21-x86_64-unknown-linux-gnu/lib/rustlib/src/rust/library/core/src/panic.rs line 178 column 9 function core::slice::index::slice_index_fail thread 0
aborting path on assume(false) at file /home/runner/.rustup/toolchains/nightly-2025-11-21-x86_64-unknown-linux-gnu/lib/rustlib/src/rust/library/core/src/slice/index.rs line 68 column 5 function core::slice::index::slice_index_fail::do_panic::runtime thread 0
aborting path on assume(false) at file /home/runner/.rustup/toolchains/nightly-2025-11-21-x86_64-unknown-linux-gnu/lib/rustlib/src/rust/library/core/src/intrinsics/mod.rs line 2449 column 9 function core::slice::index::slice_index_fail::do_panic thread 0
aborting path on assume(false) at file /home/runner/.rustup/toolchains/nightly-2025-11-21-x86_64-unknown-linux-gnu/lib/rustlib/src/rust/library/core/src/panic.rs line 178 column 9 function core::slice::index::slice_index_fail thread 0
aborting path on assume(false) at file /home/runner/.rustup/toolchains/nightly-2025-11-21-x86_64-unknown-linux-gnu/lib/rustlib/src/rust/library/core/src/slice/index.rs line 569 column 13 function <std::ops::RangeFrom<usize> as std::slice::SliceIndex<[u8]>>::index thread 0
aborting path on assume(false) at file /home/runner/work/kani/kani/library/kani_core/src/models.rs line 176 column 17 function <usize as kani::rustc_intrinsics::ToISize>::to_isize thread 0
aborting path on assume(false) at file /home/runner/work/kani/kani/library/kani/src/lib.rs line 57 column 1 function <usize as kani::rustc_intrinsics::ToISize>::to_isize thread 0
aborting path on assume(false) at file /home/runner/work/kani/kani/library/kani/src/lib.rs line 57 column 1 function <usize as kani::rustc_intrinsics::ToISize>::to_isize thread 0
aborting path on assume(false) at file der-verified/src/length.rs line 75 column 23 function length::decode_length thread 0
aborting path on assume(false) at file /home/runner/.rustup/toolchains/nightly-2025-11-21-x86_64-unknown-linux-gnu/lib/rustlib/src/rust/library/core/src/slice/index.rs line 435 column 5 function <std::ops::Range<usize> as std::slice::SliceIndex<[u8]>>::index thread 0
aborting path on assume(false) at file /home/runner/work/kani/kani/library/kani/src/lib.rs line 57 column 1 function kani::mem::cbmc::same_allocation thread 0
aborting path on assume(false) at file /home/runner/.rustup/toolchains/nightly-2025-11-21-x86_64-unknown-linux-gnu/lib/rustlib/src/rust/library/core/src/slice/index.rs line 40 column 9 function core::slice::index::slice_index_fail::do_panic::runtime thread 0
aborting path on assume(false) at file /home/runner/.rustup/toolchains/nightly-2025-11-21-x86_64-unknown-linux-gnu/lib/rustlib/src/rust/library/core/src/intrinsics/mod.rs line 2449 column 9 function core::slice::index::slice_index_fail::do_panic thread 0
aborting path on assume(false) at file /home/runner/.rustup/toolchains/nightly-2025-11-21-x86_64-unknown-linux-gnu/lib/rustlib/src/rust/library/core/src/panic.rs line 178 column 9 function core::slice::index::slice_index_fail thread 0
aborting path on assume(false) at file /home/runner/.rustup/toolchains/nightly-2025-11-21-x86_64-unknown-linux-gnu/lib/rustlib/src/rust/library/core/src/slice/index.rs line 49 column 9 function core::slice::index::slice_index_fail::do_panic::runtime thread 0
aborting path on assume(false) at file /home/runner/.rustup/toolchains/nightly-2025-11-21-x86_64-unknown-linux-gnu/lib/rustlib/src/rust/library/core/src/intrinsics/mod.rs line 2449 column 9 function core::slice::index::slice_index_fail::do_panic thread 0
aborting path on assume(false) at file /home/runner/.rustup/toolchains/nightly-2025-11-21-x86_64-unknown-linux-gnu/lib/rustlib/src/rust/library/core/src/panic.rs line 178 column 9 function core::slice::index::slice_index_fail thread 0
aborting path on assume(false) at file /home/runner/.rustup/toolchains/nightly-2025-11-21-x86_64-unknown-linux-gnu/lib/rustlib/src/rust/library/core/src/slice/index.rs line 58 column 9 function core::slice::index::slice_index_fail::do_panic::runtime thread 0
aborting path on assume(false) at file /home/runner/.rustup/toolchains/nightly-2025-11-21-x86_64-unknown-linux-gnu/lib/rustlib/src/rust/library/core/src/intrinsics/mod.rs line 2449 column 9 function core::slice::index::slice_index_fail::do_panic thread 0
aborting path on assume(false) at file /home/runner/.rustup/toolchains/nightly-2025-11-21-x86_64-unknown-linux-gnu/lib/rustlib/src/rust/library/core/src/panic.rs line 178 column 9 function core::slice::index::slice_index_fail thread 0
aborting path on assume(false) at file /home/runner/.rustup/toolchains/nightly-2025-11-21-x86_64-unknown-linux-gnu/lib/rustlib/src/rust/library/core/src/slice/index.rs line 68 column 5 function core::slice::index::slice_index_fail::do_panic::runtime thread 0
aborting path on assume(false) at file /home/runner/.rustup/toolchains/nightly-2025-11-21-x86_64-unknown-linux-gnu/lib/rustlib/src/rust/library/core/src/intrinsics/mod.rs line 2449 column 9 function core::slice::index::slice_index_fail::do_panic thread 0
aborting path on assume(false) at file /home/runner/.rustup/toolchains/nightly-2025-11-21-x86_64-unknown-linux-gnu/lib/rustlib/src/rust/library/core/src/panic.rs line 178 column 9 function core::slice::index::slice_index_fail thread 0
aborting path on assume(false) at file /home/runner/.rustup/toolchains/nightly-2025-11-21-x86_64-unknown-linux-gnu/lib/rustlib/src/rust/library/core/src/slice/index.rs line 443 column 13 function <std::ops::Range<usize> as std::slice::SliceIndex<[u8]>>::index thread 0
Unwinding loop _RNvNtCsjJ4BRyaQv62_12der_verified6length13decode_length.0 iteration 1 file der-verified/src/length.rs line 101 column 5 function length::decode_length thread 0
Unwinding loop _RNvNtCsjJ4BRyaQv62_12der_verified6length13decode_length.0 iteration 2 file der-verified/src/length.rs line 101 column 5 function length::decode_length thread 0
Unwinding loop _RNvNtCsjJ4BRyaQv62_12der_verified6length13decode_length.0 iteration 3 file der-verified/src/length.rs line 101 column 5 function length::decode_length thread 0
Unwinding loop _RNvNtCsjJ4BRyaQv62_12der_verified6length13decode_length.0 iteration 4 file der-verified/src/length.rs line 101 column 5 function length::decode_length thread 0
Unwinding loop _RNvNtCsjJ4BRyaQv62_12der_verified6length13decode_length.0 iteration 5 file der-verified/src/length.rs line 101 column 5 function length::decode_length thread 0
Unwinding loop _RNvNtCsjJ4BRyaQv62_12der_verified6length13decode_length.0 iteration 6 file der-verified/src/length.rs line 101 column 5 function length::decode_length thread 0
Unwinding loop _RNvNtCsjJ4BRyaQv62_12der_verified6length13decode_length.0 iteration 7 file der-verified/src/length.rs line 101 column 5 function length::decode_length thread 0
Unwinding loop _RNvNtCsjJ4BRyaQv62_12der_verified6length13decode_length.0 iteration 8 file der-verified/src/length.rs line 101 column 5 function length::decode_length thread 0
Unwinding loop _RNvNtCsjJ4BRyaQv62_12der_verified6length13decode_length.0 iteration 9 file der-verified/src/length.rs line 101 column 5 function length::decode_length thread 0
Unwinding loop _RNvNtCsjJ4BRyaQv62_12der_verified6length13decode_length.0 iteration 10 file der-verified/src/length.rs line 101 column 5 function length::decode_length thread 0
Unwinding loop _RNvNtCsjJ4BRyaQv62_12der_verified6length13decode_length.0 iteration 11 file der-verified/src/length.rs line 101 column 5 function length::decode_length thread 0
Not unwinding loop _RNvNtCsjJ4BRyaQv62_12der_verified6length13decode_length.0 iteration 12 file der-verified/src/length.rs line 101 column 5 function length::decode_length thread 0
aborting path on assume(false) at file /home/runner/.rustup/toolchains/nightly-2025-11-21-x86_64-unknown-linux-gnu/lib/rustlib/src/rust/library/core/src/result.rs line 966 column 15 function std::result::Result::<(u32, usize), length::LengthError>::map_err::<tlv::TlvError, {closure@der-verified/src/tlv.rs:73:69: 73:72}> thread 0
aborting path on assume(false) at file /home/runner/.rustup/toolchains/nightly-2025-11-21-x86_64-unknown-linux-gnu/lib/rustlib/src/rust/library/core/src/result.rs line 2173 column 15 function <std::result::Result<(u32, usize), tlv::TlvError> as std::ops::Try>::branch thread 0
aborting path on assume(false) at file der-verified/src/lib.rs line 0 column 0 function tlv::decode_tlv thread 0
aborting path on assume(false) at file /home/runner/.rustup/toolchains/nightly-2025-11-21-x86_64-unknown-linux-gnu/lib/rustlib/src/rust/library/core/src/slice/index.rs line 435 column 5 function <std::ops::Range<usize> as std::slice::SliceIndex<[u8]>>::index thread 0
aborting path on assume(false) at file /home/runner/work/kani/kani/library/kani_core/src/models.rs line 176 column 17 function <usize as kani::rustc_intrinsics::ToISize>::to_isize thread 0
aborting path on assume(false) at file /home/runner/work/kani/kani/library/kani/src/lib.rs line 57 column 1 function <usize as kani::rustc_intrinsics::ToISize>::to_isize thread 0
aborting path on assume(false) at file /home/runner/work/kani/kani/library/kani/src/lib.rs line 57 column 1 function <usize as kani::rustc_intrinsics::ToISize>::to_isize thread 0
aborting path on assume(false) at file /home/runner/.rustup/toolchains/nightly-2025-11-21-x86_64-unknown-linux-gnu/lib/rustlib/src/rust/library/core/src/slice/index.rs line 40 column 9 function core::slice::index::slice_index_fail::do_panic::runtime thread 0
aborting path on assume(false) at file /home/runner/.rustup/toolchains/nightly-2025-11-21-x86_64-unknown-linux-gnu/lib/rustlib/src/rust/library/core/src/intrinsics/mod.rs line 2449 column 9 function core::slice::index::slice_index_fail::do_panic thread 0
aborting path on assume(false) at file /home/runner/.rustup/toolchains/nightly-2025-11-21-x86_64-unknown-linux-gnu/lib/rustlib/src/rust/library/core/src/panic.rs line 178 column 9 function core::slice::index::slice_index_fail thread 0
aborting path on assume(false) at file /home/runner/.rustup/toolchains/nightly-2025-11-21-x86_64-unknown-linux-gnu/lib/rustlib/src/rust/library/core/src/slice/index.rs line 49 column 9 function core::slice::index::slice_index_fail::do_panic::runtime thread 0
aborting path on assume(false) at file /home/runner/.rustup/toolchains/nightly-2025-11-21-x86_64-unknown-linux-gnu/lib/rustlib/src/rust/library/core/src/intrinsics/mod.rs line 2449 column 9 function core::slice::index::slice_index_fail::do_panic thread 0
aborting path on assume(false) at file /home/runner/.rustup/toolchains/nightly-2025-11-21-x86_64-unknown-linux-gnu/lib/rustlib/src/rust/library/core/src/panic.rs line 178 column 9 function core::slice::index::slice_index_fail thread 0
aborting path on assume(false) at file /home/runner/.rustup/toolchains/nightly-2025-11-21-x86_64-unknown-linux-gnu/lib/rustlib/src/rust/library/core/src/slice/index.rs line 58 column 9 function core::slice::index::slice_index_fail::do_panic::runtime thread 0
aborting path on assume(false) at file /home/runner/.rustup/toolchains/nightly-2025-11-21-x86_64-unknown-linux-gnu/lib/rustlib/src/rust/library/core/src/intrinsics/mod.rs line 2449 column 9 function core::slice::index::slice_index_fail::do_panic thread 0
aborting path on assume(false) at file /home/runner/.rustup/toolchains/nightly-2025-11-21-x86_64-unknown-linux-gnu/lib/rustlib/src/rust/library/core/src/panic.rs line 178 column 9 function core::slice::index::slice_index_fail thread 0
aborting path on assume(false) at file /home/runner/.rustup/toolchains/nightly-2025-11-21-x86_64-unknown-linux-gnu/lib/rustlib/src/rust/library/core/src/slice/index.rs line 68 column 5 function core::slice::index::slice_index_fail::do_panic::runtime thread 0
aborting path on assume(false) at file /home/runner/.rustup/toolchains/nightly-2025-11-21-x86_64-unknown-linux-gnu/lib/rustlib/src/rust/library/core/src/intrinsics/mod.rs line 2449 column 9 function core::slice::index::slice_index_fail::do_panic thread 0
aborting path on assume(false) at file /home/runner/.rustup/toolchains/nightly-2025-11-21-x86_64-unknown-linux-gnu/lib/rustlib/src/rust/library/core/src/panic.rs line 178 column 9 function core::slice::index::slice_index_fail thread 0
aborting path on assume(false) at file /home/runner/.rustup/toolchains/nightly-2025-11-21-x86_64-unknown-linux-gnu/lib/rustlib/src/rust/library/core/src/slice/index.rs line 443 column 13 function <std::ops::Range<usize> as std::slice::SliceIndex<[u8]>>::index thread 0
aborting path on assume(false) at file /home/runner/.rustup/toolchains/nightly-2025-11-21-x86_64-unknown-linux-gnu/lib/rustlib/src/rust/library/core/src/result.rs line 966 column 15 function std::result::Result::<(tlv::Tlv<'_>, usize), tlv::TlvError>::map_err::<sequence::SequenceError, {closure@der-verified/src/sequence.rs:157:49: 157:52}> thread 0
aborting path on assume(false) at file /home/runner/.rustup/toolchains/nightly-2025-11-21-x86_64-unknown-linux-gnu/lib/rustlib/src/rust/library/core/src/result.rs line 2173 column 15 function <std::result::Result<(tlv::Tlv<'_>, usize), sequence::SequenceError> as std::ops::Try>::branch thread 0
aborting path on assume(false) at file der-verified/src/sequence.rs line 157 column 23 function sequence::decode_sequence_tlv thread 0
aborting path on assume(false) at file /home/runner/.rustup/toolchains/nightly-2025-11-21-x86_64-unknown-linux-gnu/lib/rustlib/src/rust/library/core/src/result.rs line 2173 column 15 function <std::result::Result<(&[u8], usize), sequence::SequenceError> as std::ops::Try>::branch thread 0
aborting path on assume(false) at file der-verified/src/sequence.rs line 174 column 27 function sequence::decode_sequence_tlv_strict thread 0
aborting path on assume(false) at file /home/runner/.rustup/toolchains/nightly-2025-11-21-x86_64-unknown-linux-gnu/lib/rustlib/src/rust/library/core/src/result.rs line 966 column 15 function std::result::Result::<&[u8], sequence::SequenceError>::map_err::<x509_tbs_certificate::TbsCertificateError, fn(sequence::SequenceError) -> x509_tbs_certificate::TbsCertificateError {x509_tbs_certificate::TbsCertificateError::BadOuterSeq}> thread 0
aborting path on assume(false) at file /home/runner/.rustup/toolchains/nightly-2025-11-21-x86_64-unknown-linux-gnu/lib/rustlib/src/rust/library/core/src/result.rs line 2173 column 15 function <std::result::Result<&[u8], x509_tbs_certificate::TbsCertificateError> as std::ops::Try>::branch thread 0
Unwinding loop _RNvNtCsjJ4BRyaQv62_12der_verified3tag10decode_tag.0 iteration 1 file der-verified/src/tag.rs line 137 column 49 function tag::decode_tag thread 0
Unwinding loop _RNvNtCsjJ4BRyaQv62_12der_verified3tag10decode_tag.0 iteration 2 file der-verified/src/tag.rs line 137 column 49 function tag::decode_tag thread 0
Unwinding loop _RNvNtCsjJ4BRyaQv62_12der_verified3tag10decode_tag.0 iteration 3 file der-verified/src/tag.rs line 137 column 49 function tag::decode_tag thread 0
Unwinding loop _RNvNtCsjJ4BRyaQv62_12der_verified3tag10decode_tag.0 iteration 4 file der-verified/src/tag.rs line 137 column 49 function tag::decode_tag thread 0
Unwinding loop _RNvNtCsjJ4BRyaQv62_12der_verified3tag10decode_tag.0 iteration 5 file der-verified/src/tag.rs line 137 column 49 function tag::decode_tag thread 0
Unwinding loop _RNvNtCsjJ4BRyaQv62_12der_verified3tag10decode_tag.0 iteration 6 file der-verified/src/tag.rs line 137 column 49 function tag::decode_tag thread 0
Unwinding loop _RNvNtCsjJ4BRyaQv62_12der_verified3tag10decode_tag.0 iteration 7 file der-verified/src/tag.rs line 137 column 49 function tag::decode_tag thread 0
Unwinding loop _RNvNtCsjJ4BRyaQv62_12der_verified3tag10decode_tag.0 iteration 8 file der-verified/src/tag.rs line 137 column 49 function tag::decode_tag thread 0
Unwinding loop _RNvNtCsjJ4BRyaQv62_12der_verified3tag10decode_tag.0 iteration 9 file der-verified/src/tag.rs line 137 column 49 function tag::decode_tag thread 0
Unwinding loop _RNvNtCsjJ4BRyaQv62_12der_verified3tag10decode_tag.0 iteration 10 file der-verified/src/tag.rs line 137 column 49 function tag::decode_tag thread 0
Unwinding loop _RNvNtCsjJ4BRyaQv62_12der_verified3tag10decode_tag.0 iteration 11 file der-verified/src/tag.rs line 137 column 49 function tag::decode_tag thread 0
Not unwinding loop _RNvNtCsjJ4BRyaQv62_12der_verified3tag10decode_tag.0 iteration 12 file der-verified/src/tag.rs line 137 column 49 function tag::decode_tag thread 0
aborting path on assume(false) at file /home/runner/.rustup/toolchains/nightly-2025-11-21-x86_64-unknown-linux-gnu/lib/rustlib/src/rust/library/core/src/result.rs line 2173 column 15 function <std::result::Result<(u32, usize), tag::TagError> as std::ops::Try>::branch thread 0
aborting path on assume(false) at file der-verified/src/lib.rs line 0 column 0 function tag::decode_tag thread 0
aborting path on assume(false) at file /home/runner/.rustup/toolchains/nightly-2025-11-21-x86_64-unknown-linux-gnu/lib/rustlib/src/rust/library/core/src/result.rs line 966 column 15 function std::result::Result::<(tag::Tag, usize), tag::TagError>::map_err::<tlv::TlvError, {closure@der-verified/src/tlv.rs:71:51: 71:54}> thread 0
aborting path on assume(false) at file /home/runner/.rustup/toolchains/nightly-2025-11-21-x86_64-unknown-linux-gnu/lib/rustlib/src/rust/library/core/src/result.rs line 2173 column 15 function <std::result::Result<(tag::Tag, usize), tlv::TlvError> as std::ops::Try>::branch thread 0
aborting path on assume(false) at file /home/runner/.rustup/toolchains/nightly-2025-11-21-x86_64-unknown-linux-gnu/lib/rustlib/src/rust/library/core/src/slice/index.rs line 40 column 9 function core::slice::index::slice_index_fail::do_panic::runtime thread 0
aborting path on assume(false) at file /home/runner/.rustup/toolchains/nightly-2025-11-21-x86_64-unknown-linux-gnu/lib/rustlib/src/rust/library/core/src/intrinsics/mod.rs line 2449 column 9 function core::slice::index::slice_index_fail::do_panic thread 0
aborting path on assume(false) at file /home/runner/.rustup/toolchains/nightly-2025-11-21-x86_64-unknown-linux-gnu/lib/rustlib/src/rust/library/core/src/panic.rs line 178 column 9 function core::slice::index::slice_index_fail thread 0
aborting path on assume(false) at file /home/runner/.rustup/toolchains/nightly-2025-11-21-x86_64-unknown-linux-gnu/lib/rustlib/src/rust/library/core/src/slice/index.rs line 49 column 9 function core::slice::index::slice_index_fail::do_panic::runtime thread 0
aborting path on assume(false) at file /home/runner/.rustup/toolchains/nightly-2025-11-21-x86_64-unknown-linux-gnu/lib/rustlib/src/rust/library/core/src/intrinsics/mod.rs line 2449 column 9 function core::slice::index::slice_index_fail::do_panic thread 0
aborting path on assume(false) at file /home/runner/.rustup/toolchains/nightly-2025-11-21-x86_64-unknown-linux-gnu/lib/rustlib/src/rust/library/core/src/panic.rs line 178 column 9 function core::slice::index::slice_index_fail thread 0
aborting path on assume(false) at file /home/runner/.rustup/toolchains/nightly-2025-11-21-x86_64-unknown-linux-gnu/lib/rustlib/src/rust/library/core/src/slice/index.rs line 58 column 9 function core::slice::index::slice_index_fail::do_panic::runtime thread 0
aborting path on assume(false) at file /home/runner/.rustup/toolchains/nightly-2025-11-21-x86_64-unknown-linux-gnu/lib/rustlib/src/rust/library/core/src/intrinsics/mod.rs line 2449 column 9 function core::slice::index::slice_index_fail::do_panic thread 0
aborting path on assume(false) at file /home/runner/.rustup/toolchains/nightly-2025-11-21-x86_64-unknown-linux-gnu/lib/rustlib/src/rust/library/core/src/panic.rs line 178 column 9 function core::slice::index::slice_index_fail thread 0
aborting path on assume(false) at file /home/runner/.rustup/toolchains/nightly-2025-11-21-x86_64-unknown-linux-gnu/lib/rustlib/src/rust/library/core/src/slice/index.rs line 68 column 5 function core::slice::index::slice_index_fail::do_panic::runtime thread 0
aborting path on assume(false) at file /home/runner/.rustup/toolchains/nightly-2025-11-21-x86_64-unknown-linux-gnu/lib/rustlib/src/rust/library/core/src/intrinsics/mod.rs line 2449 column 9 function core::slice::index::slice_index_fail::do_panic thread 0
aborting path on assume(false) at file /home/runner/.rustup/toolchains/nightly-2025-11-21-x86_64-unknown-linux-gnu/lib/rustlib/src/rust/library/core/src/panic.rs line 178 column 9 function core::slice::index::slice_index_fail thread 0
aborting path on assume(false) at file /home/runner/.rustup/toolchains/nightly-2025-11-21-x86_64-unknown-linux-gnu/lib/rustlib/src/rust/library/core/src/slice/index.rs line 569 column 13 function <std::ops::RangeFrom<usize> as std::slice::SliceIndex<[u8]>>::index thread 0
aborting path on assume(false) at file /home/runner/work/kani/kani/library/kani_core/src/models.rs line 176 column 17 function <usize as kani::rustc_intrinsics::ToISize>::to_isize thread 0
aborting path on assume(false) at file /home/runner/work/kani/kani/library/kani/src/lib.rs line 57 column 1 function <usize as kani::rustc_intrinsics::ToISize>::to_isize thread 0
aborting path on assume(false) at file /home/runner/work/kani/kani/library/kani/src/lib.rs line 57 column 1 function <usize as kani::rustc_intrinsics::ToISize>::to_isize thread 0
aborting path on assume(false) at file /home/runner/work/kani/kani/library/kani/src/lib.rs line 57 column 1 function kani::mem::cbmc::same_allocation thread 0
aborting path on assume(false) at file der-verified/src/length.rs line 75 column 23 function length::decode_length thread 0
aborting path on assume(false) at file /home/runner/.rustup/toolchains/nightly-2025-11-21-x86_64-unknown-linux-gnu/lib/rustlib/src/rust/library/core/src/slice/index.rs line 435 column 5 function <std::ops::Range<usize> as std::slice::SliceIndex<[u8]>>::index thread 0
aborting path on assume(false) at file /home/runner/work/kani/kani/library/kani/src/lib.rs line 57 column 1 function kani::mem::cbmc::same_allocation thread 0
aborting path on assume(false) at file /home/runner/.rustup/toolchains/nightly-2025-11-21-x86_64-unknown-linux-gnu/lib/rustlib/src/rust/library/core/src/slice/index.rs line 40 column 9 function core::slice::index::slice_index_fail::do_panic::runtime thread 0
aborting path on assume(false) at file /home/runner/.rustup/toolchains/nightly-2025-11-21-x86_64-unknown-linux-gnu/lib/rustlib/src/rust/library/core/src/intrinsics/mod.rs line 2449 column 9 function core::slice::index::slice_index_fail::do_panic thread 0
aborting path on assume(false) at file /home/runner/.rustup/toolchains/nightly-2025-11-21-x86_64-unknown-linux-gnu/lib/rustlib/src/rust/library/core/src/panic.rs line 178 column 9 function core::slice::index::slice_index_fail thread 0
aborting path on assume(false) at file /home/runner/.rustup/toolchains/nightly-2025-11-21-x86_64-unknown-linux-gnu/lib/rustlib/src/rust/library/core/src/slice/index.rs line 49 column 9 function core::slice::index::slice_index_fail::do_panic::runtime thread 0
aborting path on assume(false) at file /home/runner/.rustup/toolchains/nightly-2025-11-21-x86_64-unknown-linux-gnu/lib/rustlib/src/rust/library/core/src/intrinsics/mod.rs line 2449 column 9 function core::slice::index::slice_index_fail::do_panic thread 0
aborting path on assume(false) at file /home/runner/.rustup/toolchains/nightly-2025-11-21-x86_64-unknown-linux-gnu/lib/rustlib/src/rust/library/core/src/panic.rs line 178 column 9 function core::slice::index::slice_index_fail thread 0
aborting path on assume(false) at file /home/runner/.rustup/toolchains/nightly-2025-11-21-x86_64-unknown-linux-gnu/lib/rustlib/src/rust/library/core/src/slice/index.rs line 58 column 9 function core::slice::index::slice_index_fail::do_panic::runtime thread 0
aborting path on assume(false) at file /home/runner/.rustup/toolchains/nightly-2025-11-21-x86_64-unknown-linux-gnu/lib/rustlib/src/rust/library/core/src/intrinsics/mod.rs line 2449 column 9 function core::slice::index::slice_index_fail::do_panic thread 0
aborting path on assume(false) at file /home/runner/.rustup/toolchains/nightly-2025-11-21-x86_64-unknown-linux-gnu/lib/rustlib/src/rust/library/core/src/panic.rs line 178 column 9 function core::slice::index::slice_index_fail thread 0
aborting path on assume(false) at file /home/runner/.rustup/toolchains/nightly-2025-11-21-x86_64-unknown-linux-gnu/lib/rustlib/src/rust/library/core/src/slice/index.rs line 68 column 5 function core::slice::index::slice_index_fail::do_panic::runtime thread 0
aborting path on assume(false) at file /home/runner/.rustup/toolchains/nightly-2025-11-21-x86_64-unknown-linux-gnu/lib/rustlib/src/rust/library/core/src/intrinsics/mod.rs line 2449 column 9 function core::slice::index::slice_index_fail::do_panic thread 0
aborting path on assume(false) at file /home/runner/.rustup/toolchains/nightly-2025-11-21-x86_64-unknown-linux-gnu/lib/rustlib/src/rust/library/core/src/panic.rs line 178 column 9 function core::slice::index::slice_index_fail thread 0
aborting path on assume(false) at file /home/runner/.rustup/toolchains/nightly-2025-11-21-x86_64-unknown-linux-gnu/lib/rustlib/src/rust/library/core/src/slice/index.rs line 443 column 13 function <std::ops::Range<usize> as std::slice::SliceIndex<[u8]>>::index thread 0
Unwinding loop _RNvNtCsjJ4BRyaQv62_12der_verified6length13decode_length.0 iteration 1 file der-verified/src/length.rs line 101 column 5 function length::decode_length thread 0
Unwinding loop _RNvNtCsjJ4BRyaQv62_12der_verified6length13decode_length.0 iteration 2 file der-verified/src/length.rs line 101 column 5 function length::decode_length thread 0
Unwinding loop _RNvNtCsjJ4BRyaQv62_12der_verified6length13decode_length.0 iteration 3 file der-verified/src/length.rs line 101 column 5 function length::decode_length thread 0
Unwinding loop _RNvNtCsjJ4BRyaQv62_12der_verified6length13decode_length.0 iteration 4 file der-verified/src/length.rs line 101 column 5 function length::decode_length thread 0
Unwinding loop _RNvNtCsjJ4BRyaQv62_12der_verified6length13decode_length.0 iteration 5 file der-verified/src/length.rs line 101 column 5 function length::decode_length thread 0
Unwinding loop _RNvNtCsjJ4BRyaQv62_12der_verified6length13decode_length.0 iteration 6 file der-verified/src/length.rs line 101 column 5 function length::decode_length thread 0
Unwinding loop _RNvNtCsjJ4BRyaQv62_12der_verified6length13decode_length.0 iteration 7 file der-verified/src/length.rs line 101 column 5 function length::decode_length thread 0
Unwinding loop _RNvNtCsjJ4BRyaQv62_12der_verified6length13decode_length.0 iteration 8 file der-verified/src/length.rs line 101 column 5 function length::decode_length thread 0
Unwinding loop _RNvNtCsjJ4BRyaQv62_12der_verified6length13decode_length.0 iteration 9 file der-verified/src/length.rs line 101 column 5 function length::decode_length thread 0
Unwinding loop _RNvNtCsjJ4BRyaQv62_12der_verified6length13decode_length.0 iteration 10 file der-verified/src/length.rs line 101 column 5 function length::decode_length thread 0
Unwinding loop _RNvNtCsjJ4BRyaQv62_12der_verified6length13decode_length.0 iteration 11 file der-verified/src/length.rs line 101 column 5 function length::decode_length thread 0
Not unwinding loop _RNvNtCsjJ4BRyaQv62_12der_verified6length13decode_length.0 iteration 12 file der-verified/src/length.rs line 101 column 5 function length::decode_length thread 0
aborting path on assume(false) at file /home/runner/.rustup/toolchains/nightly-2025-11-21-x86_64-unknown-linux-gnu/lib/rustlib/src/rust/library/core/src/result.rs line 966 column 15 function std::result::Result::<(u32, usize), length::LengthError>::map_err::<tlv::TlvError, {closure@der-verified/src/tlv.rs:73:69: 73:72}> thread 0
aborting path on assume(false) at file /home/runner/.rustup/toolchains/nightly-2025-11-21-x86_64-unknown-linux-gnu/lib/rustlib/src/rust/library/core/src/result.rs line 2173 column 15 function <std::result::Result<(u32, usize), tlv::TlvError> as std::ops::Try>::branch thread 0
aborting path on assume(false) at file der-verified/src/lib.rs line 0 column 0 function tlv::decode_tlv thread 0
aborting path on assume(false) at file /home/runner/.rustup/toolchains/nightly-2025-11-21-x86_64-unknown-linux-gnu/lib/rustlib/src/rust/library/core/src/slice/index.rs line 435 column 5 function <std::ops::Range<usize> as std::slice::SliceIndex<[u8]>>::index thread 0
aborting path on assume(false) at file /home/runner/work/kani/kani/library/kani_core/src/models.rs line 176 column 17 function <usize as kani::rustc_intrinsics::ToISize>::to_isize thread 0
aborting path on assume(false) at file /home/runner/work/kani/kani/library/kani/src/lib.rs line 57 column 1 function <usize as kani::rustc_intrinsics::ToISize>::to_isize thread 0
aborting path on assume(false) at file /home/runner/work/kani/kani/library/kani/src/lib.rs line 57 column 1 function <usize as kani::rustc_intrinsics::ToISize>::to_isize thread 0
aborting path on assume(false) at file /home/runner/work/kani/kani/library/kani/src/lib.rs line 57 column 1 function kani::mem::cbmc::same_allocation thread 0
aborting path on assume(false) at file /home/runner/.rustup/toolchains/nightly-2025-11-21-x86_64-unknown-linux-gnu/lib/rustlib/src/rust/library/core/src/slice/index.rs line 40 column 9 function core::slice::index::slice_index_fail::do_panic::runtime thread 0
aborting path on assume(false) at file /home/runner/.rustup/toolchains/nightly-2025-11-21-x86_64-unknown-linux-gnu/lib/rustlib/src/rust/library/core/src/intrinsics/mod.rs line 2449 column 9 function core::slice::index::slice_index_fail::do_panic thread 0
aborting path on assume(false) at file /home/runner/.rustup/toolchains/nightly-2025-11-21-x86_64-unknown-linux-gnu/lib/rustlib/src/rust/library/core/src/panic.rs line 178 column 9 function core::slice::index::slice_index_fail thread 0
aborting path on assume(false) at file /home/runner/.rustup/toolchains/nightly-2025-11-21-x86_64-unknown-linux-gnu/lib/rustlib/src/rust/library/core/src/slice/index.rs line 49 column 9 function core::slice::index::slice_index_fail::do_panic::runtime thread 0
aborting path on assume(false) at file /home/runner/.rustup/toolchains/nightly-2025-11-21-x86_64-unknown-linux-gnu/lib/rustlib/src/rust/library/core/src/intrinsics/mod.rs line 2449 column 9 function core::slice::index::slice_index_fail::do_panic thread 0
aborting path on assume(false) at file /home/runner/.rustup/toolchains/nightly-2025-11-21-x86_64-unknown-linux-gnu/lib/rustlib/src/rust/library/core/src/panic.rs line 178 column 9 function core::slice::index::slice_index_fail thread 0
aborting path on assume(false) at file /home/runner/.rustup/toolchains/nightly-2025-11-21-x86_64-unknown-linux-gnu/lib/rustlib/src/rust/library/core/src/slice/index.rs line 58 column 9 function core::slice::index::slice_index_fail::do_panic::runtime thread 0
aborting path on assume(false) at file /home/runner/.rustup/toolchains/nightly-2025-11-21-x86_64-unknown-linux-gnu/lib/rustlib/src/rust/library/core/src/intrinsics/mod.rs line 2449 column 9 function core::slice::index::slice_index_fail::do_panic thread 0
aborting path on assume(false) at file /home/runner/.rustup/toolchains/nightly-2025-11-21-x86_64-unknown-linux-gnu/lib/rustlib/src/rust/library/core/src/panic.rs line 178 column 9 function core::slice::index::slice_index_fail thread 0
aborting path on assume(false) at file /home/runner/.rustup/toolchains/nightly-2025-11-21-x86_64-unknown-linux-gnu/lib/rustlib/src/rust/library/core/src/slice/index.rs line 68 column 5 function core::slice::index::slice_index_fail::do_panic::runtime thread 0
aborting path on assume(false) at file /home/runner/.rustup/toolchains/nightly-2025-11-21-x86_64-unknown-linux-gnu/lib/rustlib/src/rust/library/core/src/intrinsics/mod.rs line 2449 column 9 function core::slice::index::slice_index_fail::do_panic thread 0
aborting path on assume(false) at file /home/runner/.rustup/toolchains/nightly-2025-11-21-x86_64-unknown-linux-gnu/lib/rustlib/src/rust/library/core/src/panic.rs line 178 column 9 function core::slice::index::slice_index_fail thread 0
aborting path on assume(false) at file /home/runner/.rustup/toolchains/nightly-2025-11-21-x86_64-unknown-linux-gnu/lib/rustlib/src/rust/library/core/src/slice/index.rs line 443 column 13 function <std::ops::Range<usize> as std::slice::SliceIndex<[u8]>>::index thread 0
Unwinding loop _RNvNtCsjJ4BRyaQv62_12der_verified3tag10decode_tag.0 iteration 1 file der-verified/src/tag.rs line 137 column 49 function tag::decode_tag thread 0
Unwinding loop _RNvNtCsjJ4BRyaQv62_12der_verified3tag10decode_tag.0 iteration 2 file der-verified/src/tag.rs line 137 column 49 function tag::decode_tag thread 0
Unwinding loop _RNvNtCsjJ4BRyaQv62_12der_verified3tag10decode_tag.0 iteration 3 file der-verified/src/tag.rs line 137 column 49 function tag::decode_tag thread 0
Unwinding loop _RNvNtCsjJ4BRyaQv62_12der_verified3tag10decode_tag.0 iteration 4 file der-verified/src/tag.rs line 137 column 49 function tag::decode_tag thread 0
Unwinding loop _RNvNtCsjJ4BRyaQv62_12der_verified3tag10decode_tag.0 iteration 5 file der-verified/src/tag.rs line 137 column 49 function tag::decode_tag thread 0
Unwinding loop _RNvNtCsjJ4BRyaQv62_12der_verified3tag10decode_tag.0 iteration 6 file der-verified/src/tag.rs line 137 column 49 function tag::decode_tag thread 0
Unwinding loop _RNvNtCsjJ4BRyaQv62_12der_verified3tag10decode_tag.0 iteration 7 file der-verified/src/tag.rs line 137 column 49 function tag::decode_tag thread 0
Unwinding loop _RNvNtCsjJ4BRyaQv62_12der_verified3tag10decode_tag.0 iteration 8 file der-verified/src/tag.rs line 137 column 49 function tag::decode_tag thread 0
Unwinding loop _RNvNtCsjJ4BRyaQv62_12der_verified3tag10decode_tag.0 iteration 9 file der-verified/src/tag.rs line 137 column 49 function tag::decode_tag thread 0
Unwinding loop _RNvNtCsjJ4BRyaQv62_12der_verified3tag10decode_tag.0 iteration 10 file der-verified/src/tag.rs line 137 column 49 function tag::decode_tag thread 0
Unwinding loop _RNvNtCsjJ4BRyaQv62_12der_verified3tag10decode_tag.0 iteration 11 file der-verified/src/tag.rs line 137 column 49 function tag::decode_tag thread 0
Not unwinding loop _RNvNtCsjJ4BRyaQv62_12der_verified3tag10decode_tag.0 iteration 12 file der-verified/src/tag.rs line 137 column 49 function tag::decode_tag thread 0
aborting path on assume(false) at file /home/runner/.rustup/toolchains/nightly-2025-11-21-x86_64-unknown-linux-gnu/lib/rustlib/src/rust/library/core/src/result.rs line 2173 column 15 function <std::result::Result<(u32, usize), tag::TagError> as std::ops::Try>::branch thread 0
aborting path on assume(false) at file der-verified/src/lib.rs line 0 column 0 function tag::decode_tag thread 0
aborting path on assume(false) at file /home/runner/.rustup/toolchains/nightly-2025-11-21-x86_64-unknown-linux-gnu/lib/rustlib/src/rust/library/core/src/result.rs line 966 column 15 function std::result::Result::<(tag::Tag, usize), tag::TagError>::map_err::<tlv::TlvError, {closure@der-verified/src/tlv.rs:71:51: 71:54}> thread 0
aborting path on assume(false) at file /home/runner/.rustup/toolchains/nightly-2025-11-21-x86_64-unknown-linux-gnu/lib/rustlib/src/rust/library/core/src/result.rs line 2173 column 15 function <std::result::Result<(tag::Tag, usize), tlv::TlvError> as std::ops::Try>::branch thread 0
aborting path on assume(false) at file /home/runner/.rustup/toolchains/nightly-2025-11-21-x86_64-unknown-linux-gnu/lib/rustlib/src/rust/library/core/src/slice/index.rs line 40 column 9 function core::slice::index::slice_index_fail::do_panic::runtime thread 0
aborting path on assume(false) at file /home/runner/.rustup/toolchains/nightly-2025-11-21-x86_64-unknown-linux-gnu/lib/rustlib/src/rust/library/core/src/intrinsics/mod.rs line 2449 column 9 function core::slice::index::slice_index_fail::do_panic thread 0
aborting path on assume(false) at file /home/runner/.rustup/toolchains/nightly-2025-11-21-x86_64-unknown-linux-gnu/lib/rustlib/src/rust/library/core/src/panic.rs line 178 column 9 function core::slice::index::slice_index_fail thread 0
aborting path on assume(false) at file /home/runner/.rustup/toolchains/nightly-2025-11-21-x86_64-unknown-linux-gnu/lib/rustlib/src/rust/library/core/src/slice/index.rs line 49 column 9 function core::slice::index::slice_index_fail::do_panic::runtime thread 0
aborting path on assume(false) at file /home/runner/.rustup/toolchains/nightly-2025-11-21-x86_64-unknown-linux-gnu/lib/rustlib/src/rust/library/core/src/intrinsics/mod.rs line 2449 column 9 function core::slice::index::slice_index_fail::do_panic thread 0
aborting path on assume(false) at file /home/runner/.rustup/toolchains/nightly-2025-11-21-x86_64-unknown-linux-gnu/lib/rustlib/src/rust/library/core/src/panic.rs line 178 column 9 function core::slice::index::slice_index_fail thread 0
aborting path on assume(false) at file /home/runner/.rustup/toolchains/nightly-2025-11-21-x86_64-unknown-linux-gnu/lib/rustlib/src/rust/library/core/src/slice/index.rs line 58 column 9 function core::slice::index::slice_index_fail::do_panic::runtime thread 0
aborting path on assume(false) at file /home/runner/.rustup/toolchains/nightly-2025-11-21-x86_64-unknown-linux-gnu/lib/rustlib/src/rust/library/core/src/intrinsics/mod.rs line 2449 column 9 function core::slice::index::slice_index_fail::do_panic thread 0
aborting path on assume(false) at file /home/runner/.rustup/toolchains/nightly-2025-11-21-x86_64-unknown-linux-gnu/lib/rustlib/src/rust/library/core/src/panic.rs line 178 column 9 function core::slice::index::slice_index_fail thread 0
aborting path on assume(false) at file /home/runner/.rustup/toolchains/nightly-2025-11-21-x86_64-unknown-linux-gnu/lib/rustlib/src/rust/library/core/src/slice/index.rs line 68 column 5 function core::slice::index::slice_index_fail::do_panic::runtime thread 0
aborting path on assume(false) at file /home/runner/.rustup/toolchains/nightly-2025-11-21-x86_64-unknown-linux-gnu/lib/rustlib/src/rust/library/core/src/intrinsics/mod.rs line 2449 column 9 function core::slice::index::slice_index_fail::do_panic thread 0
aborting path on assume(false) at file /home/runner/.rustup/toolchains/nightly-2025-11-21-x86_64-unknown-linux-gnu/lib/rustlib/src/rust/library/core/src/panic.rs line 178 column 9 function core::slice::index::slice_index_fail thread 0
aborting path on assume(false) at file /home/runner/.rustup/toolchains/nightly-2025-11-21-x86_64-unknown-linux-gnu/lib/rustlib/src/rust/library/core/src/slice/index.rs line 569 column 13 function <std::ops::RangeFrom<usize> as std::slice::SliceIndex<[u8]>>::index thread 0
aborting path on assume(false) at file /home/runner/work/kani/kani/library/kani_core/src/models.rs line 176 column 17 function <usize as kani::rustc_intrinsics::ToISize>::to_isize thread 0
aborting path on assume(false) at file /home/runner/work/kani/kani/library/kani/src/lib.rs line 57 column 1 function <usize as kani::rustc_intrinsics::ToISize>::to_isize thread 0
aborting path on assume(false) at file /home/runner/work/kani/kani/library/kani/src/lib.rs line 57 column 1 function <usize as kani::rustc_intrinsics::ToISize>::to_isize thread 0
aborting path on assume(false) at file /home/runner/work/kani/kani/library/kani/src/lib.rs line 57 column 1 function kani::mem::cbmc::same_allocation thread 0
aborting path on assume(false) at file der-verified/src/length.rs line 75 column 23 function length::decode_length thread 0
aborting path on assume(false) at file /home/runner/.rustup/toolchains/nightly-2025-11-21-x86_64-unknown-linux-gnu/lib/rustlib/src/rust/library/core/src/slice/index.rs line 435 column 5 function <std::ops::Range<usize> as std::slice::SliceIndex<[u8]>>::index thread 0
aborting path on assume(false) at file /home/runner/work/kani/kani/library/kani/src/lib.rs line 57 column 1 function kani::mem::cbmc::same_allocation thread 0
aborting path on assume(false) at file /home/runner/.rustup/toolchains/nightly-2025-11-21-x86_64-unknown-linux-gnu/lib/rustlib/src/rust/library/core/src/slice/index.rs line 40 column 9 function core::slice::index::slice_index_fail::do_panic::runtime thread 0
aborting path on assume(false) at file /home/runner/.rustup/toolchains/nightly-2025-11-21-x86_64-unknown-linux-gnu/lib/rustlib/src/rust/library/core/src/intrinsics/mod.rs line 2449 column 9 function core::slice::index::slice_index_fail::do_panic thread 0
aborting path on assume(false) at file /home/runner/.rustup/toolchains/nightly-2025-11-21-x86_64-unknown-linux-gnu/lib/rustlib/src/rust/library/core/src/panic.rs line 178 column 9 function core::slice::index::slice_index_fail thread 0
aborting path on assume(false) at file /home/runner/.rustup/toolchains/nightly-2025-11-21-x86_64-unknown-linux-gnu/lib/rustlib/src/rust/library/core/src/slice/index.rs line 49 column 9 function core::slice::index::slice_index_fail::do_panic::runtime thread 0
aborting path on assume(false) at file /home/runner/.rustup/toolchains/nightly-2025-11-21-x86_64-unknown-linux-gnu/lib/rustlib/src/rust/library/core/src/intrinsics/mod.rs line 2449 column 9 function core::slice::index::slice_index_fail::do_panic thread 0
aborting path on assume(false) at file /home/runner/.rustup/toolchains/nightly-2025-11-21-x86_64-unknown-linux-gnu/lib/rustlib/src/rust/library/core/src/panic.rs line 178 column 9 function core::slice::index::slice_index_fail thread 0
aborting path on assume(false) at file /home/runner/.rustup/toolchains/nightly-2025-11-21-x86_64-unknown-linux-gnu/lib/rustlib/src/rust/library/core/src/slice/index.rs line 58 column 9 function core::slice::index::slice_index_fail::do_panic::runtime thread 0
aborting path on assume(false) at file /home/runner/.rustup/toolchains/nightly-2025-11-21-x86_64-unknown-linux-gnu/lib/rustlib/src/rust/library/core/src/intrinsics/mod.rs line 2449 column 9 function core::slice::index::slice_index_fail::do_panic thread 0
aborting path on assume(false) at file /home/runner/.rustup/toolchains/nightly-2025-11-21-x86_64-unknown-linux-gnu/lib/rustlib/src/rust/library/core/src/panic.rs line 178 column 9 function core::slice::index::slice_index_fail thread 0
aborting path on assume(false) at file /home/runner/.rustup/toolchains/nightly-2025-11-21-x86_64-unknown-linux-gnu/lib/rustlib/src/rust/library/core/src/slice/index.rs line 68 column 5 function core::slice::index::slice_index_fail::do_panic::runtime thread 0
aborting path on assume(false) at file /home/runner/.rustup/toolchains/nightly-2025-11-21-x86_64-unknown-linux-gnu/lib/rustlib/src/rust/library/core/src/intrinsics/mod.rs line 2449 column 9 function core::slice::index::slice_index_fail::do_panic thread 0
aborting path on assume(false) at file /home/runner/.rustup/toolchains/nightly-2025-11-21-x86_64-unknown-linux-gnu/lib/rustlib/src/rust/library/core/src/panic.rs line 178 column 9 function core::slice::index::slice_index_fail thread 0
aborting path on assume(false) at file /home/runner/.rustup/toolchains/nightly-2025-11-21-x86_64-unknown-linux-gnu/lib/rustlib/src/rust/library/core/src/slice/index.rs line 443 column 13 function <std::ops::Range<usize> as std::slice::SliceIndex<[u8]>>::index thread 0
Unwinding loop _RNvNtCsjJ4BRyaQv62_12der_verified6length13decode_length.0 iteration 1 file der-verified/src/length.rs line 101 column 5 function length::decode_length thread 0
Unwinding loop _RNvNtCsjJ4BRyaQv62_12der_verified6length13decode_length.0 iteration 2 file der-verified/src/length.rs line 101 column 5 function length::decode_length thread 0
Unwinding loop _RNvNtCsjJ4BRyaQv62_12der_verified6length13decode_length.0 iteration 3 file der-verified/src/length.rs line 101 column 5 function length::decode_length thread 0
Unwinding loop _RNvNtCsjJ4BRyaQv62_12der_verified6length13decode_length.0 iteration 4 file der-verified/src/length.rs line 101 column 5 function length::decode_length thread 0
Unwinding loop _RNvNtCsjJ4BRyaQv62_12der_verified6length13decode_length.0 iteration 5 file der-verified/src/length.rs line 101 column 5 function length::decode_length thread 0
Unwinding loop _RNvNtCsjJ4BRyaQv62_12der_verified6length13decode_length.0 iteration 6 file der-verified/src/length.rs line 101 column 5 function length::decode_length thread 0
Unwinding loop _RNvNtCsjJ4BRyaQv62_12der_verified6length13decode_length.0 iteration 7 file der-verified/src/length.rs line 101 column 5 function length::decode_length thread 0
Unwinding loop _RNvNtCsjJ4BRyaQv62_12der_verified6length13decode_length.0 iteration 8 file der-verified/src/length.rs line 101 column 5 function length::decode_length thread 0
Unwinding loop _RNvNtCsjJ4BRyaQv62_12der_verified6length13decode_length.0 iteration 9 file der-verified/src/length.rs line 101 column 5 function length::decode_length thread 0
Unwinding loop _RNvNtCsjJ4BRyaQv62_12der_verified6length13decode_length.0 iteration 10 file der-verified/src/length.rs line 101 column 5 function length::decode_length thread 0
Unwinding loop _RNvNtCsjJ4BRyaQv62_12der_verified6length13decode_length.0 iteration 11 file der-verified/src/length.rs line 101 column 5 function length::decode_length thread 0
Not unwinding loop _RNvNtCsjJ4BRyaQv62_12der_verified6length13decode_length.0 iteration 12 file der-verified/src/length.rs line 101 column 5 function length::decode_length thread 0
aborting path on assume(false) at file /home/runner/.rustup/toolchains/nightly-2025-11-21-x86_64-unknown-linux-gnu/lib/rustlib/src/rust/library/core/src/result.rs line 966 column 15 function std::result::Result::<(u32, usize), length::LengthError>::map_err::<tlv::TlvError, {closure@der-verified/src/tlv.rs:73:69: 73:72}> thread 0
aborting path on assume(false) at file /home/runner/.rustup/toolchains/nightly-2025-11-21-x86_64-unknown-linux-gnu/lib/rustlib/src/rust/library/core/src/result.rs line 2173 column 15 function <std::result::Result<(u32, usize), tlv::TlvError> as std::ops::Try>::branch thread 0
aborting path on assume(false) at file der-verified/src/lib.rs line 0 column 0 function tlv::decode_tlv thread 0
aborting path on assume(false) at file /home/runner/.rustup/toolchains/nightly-2025-11-21-x86_64-unknown-linux-gnu/lib/rustlib/src/rust/library/core/src/slice/index.rs line 435 column 5 function <std::ops::Range<usize> as std::slice::SliceIndex<[u8]>>::index thread 0
aborting path on assume(false) at file /home/runner/work/kani/kani/library/kani_core/src/models.rs line 176 column 17 function <usize as kani::rustc_intrinsics::ToISize>::to_isize thread 0
aborting path on assume(false) at file /home/runner/work/kani/kani/library/kani/src/lib.rs line 57 column 1 function <usize as kani::rustc_intrinsics::ToISize>::to_isize thread 0
aborting path on assume(false) at file /home/runner/work/kani/kani/library/kani/src/lib.rs line 57 column 1 function <usize as kani::rustc_intrinsics::ToISize>::to_isize thread 0
aborting path on assume(false) at file /home/runner/work/kani/kani/library/kani/src/lib.rs line 57 column 1 function kani::mem::cbmc::same_allocation thread 0
aborting path on assume(false) at file /home/runner/.rustup/toolchains/nightly-2025-11-21-x86_64-unknown-linux-gnu/lib/rustlib/src/rust/library/core/src/slice/index.rs line 40 column 9 function core::slice::index::slice_index_fail::do_panic::runtime thread 0
aborting path on assume(false) at file /home/runner/.rustup/toolchains/nightly-2025-11-21-x86_64-unknown-linux-gnu/lib/rustlib/src/rust/library/core/src/intrinsics/mod.rs line 2449 column 9 function core::slice::index::slice_index_fail::do_panic thread 0
aborting path on assume(false) at file /home/runner/.rustup/toolchains/nightly-2025-11-21-x86_64-unknown-linux-gnu/lib/rustlib/src/rust/library/core/src/panic.rs line 178 column 9 function core::slice::index::slice_index_fail thread 0
aborting path on assume(false) at file /home/runner/.rustup/toolchains/nightly-2025-11-21-x86_64-unknown-linux-gnu/lib/rustlib/src/rust/library/core/src/slice/index.rs line 49 column 9 function core::slice::index::slice_index_fail::do_panic::runtime thread 0
aborting path on assume(false) at file /home/runner/.rustup/toolchains/nightly-2025-11-21-x86_64-unknown-linux-gnu/lib/rustlib/src/rust/library/core/src/intrinsics/mod.rs line 2449 column 9 function core::slice::index::slice_index_fail::do_panic thread 0
aborting path on assume(false) at file /home/runner/.rustup/toolchains/nightly-2025-11-21-x86_64-unknown-linux-gnu/lib/rustlib/src/rust/library/core/src/panic.rs line 178 column 9 function core::slice::index::slice_index_fail thread 0
aborting path on assume(false) at file /home/runner/.rustup/toolchains/nightly-2025-11-21-x86_64-unknown-linux-gnu/lib/rustlib/src/rust/library/core/src/slice/index.rs line 58 column 9 function core::slice::index::slice_index_fail::do_panic::runtime thread 0
aborting path on assume(false) at file /home/runner/.rustup/toolchains/nightly-2025-11-21-x86_64-unknown-linux-gnu/lib/rustlib/src/rust/library/core/src/intrinsics/mod.rs line 2449 column 9 function core::slice::index::slice_index_fail::do_panic thread 0
aborting path on assume(false) at file /home/runner/.rustup/toolchains/nightly-2025-11-21-x86_64-unknown-linux-gnu/lib/rustlib/src/rust/library/core/src/panic.rs line 178 column 9 function core::slice::index::slice_index_fail thread 0
aborting path on assume(false) at file /home/runner/.rustup/toolchains/nightly-2025-11-21-x86_64-unknown-linux-gnu/lib/rustlib/src/rust/library/core/src/slice/index.rs line 68 column 5 function core::slice::index::slice_index_fail::do_panic::runtime thread 0
aborting path on assume(false) at file /home/runner/.rustup/toolchains/nightly-2025-11-21-x86_64-unknown-linux-gnu/lib/rustlib/src/rust/library/core/src/intrinsics/mod.rs line 2449 column 9 function core::slice::index::slice_index_fail::do_panic thread 0
aborting path on assume(false) at file /home/runner/.rustup/toolchains/nightly-2025-11-21-x86_64-unknown-linux-gnu/lib/rustlib/src/rust/library/core/src/panic.rs line 178 column 9 function core::slice::index::slice_index_fail thread 0
aborting path on assume(false) at file /home/runner/.rustup/toolchains/nightly-2025-11-21-x86_64-unknown-linux-gnu/lib/rustlib/src/rust/library/core/src/slice/index.rs line 443 column 13 function <std::ops::Range<usize> as std::slice::SliceIndex<[u8]>>::index thread 0
aborting path on assume(false) at file /home/runner/.rustup/toolchains/nightly-2025-11-21-x86_64-unknown-linux-gnu/lib/rustlib/src/rust/library/core/src/result.rs line 966 column 15 function std::result::Result::<(tlv::Tlv<'_>, usize), tlv::TlvError>::map_err::<context_tag::ContextTagError, fn(tlv::TlvError) -> context_tag::ContextTagError {context_tag::ContextTagError::BadTlv}> thread 0
aborting path on assume(false) at file /home/runner/.rustup/toolchains/nightly-2025-11-21-x86_64-unknown-linux-gnu/lib/rustlib/src/rust/library/core/src/result.rs line 2173 column 15 function <std::result::Result<(tlv::Tlv<'_>, usize), context_tag::ContextTagError> as std::ops::Try>::branch thread 0
aborting path on assume(false) at file der-verified/src/context_tag.rs line 76 column 23 function context_tag::decode_explicit_context thread 0
aborting path on assume(false) at file /home/runner/.rustup/toolchains/nightly-2025-11-21-x86_64-unknown-linux-gnu/lib/rustlib/src/rust/library/core/src/result.rs line 966 column 15 function std::result::Result::<(&[u8], usize), context_tag::ContextTagError>::map_err::<x509_tbs_certificate::TbsCertificateError, fn(context_tag::ContextTagError) -> x509_tbs_certificate::TbsCertificateError {x509_tbs_certificate::TbsCertificateError::BadVersionTag}> thread 0
aborting path on assume(false) at file /home/runner/.rustup/toolchains/nightly-2025-11-21-x86_64-unknown-linux-gnu/lib/rustlib/src/rust/library/core/src/result.rs line 2173 column 15 function <std::result::Result<(&[u8], usize), x509_tbs_certificate::TbsCertificateError> as std::ops::Try>::branch thread 0
Unwinding loop _RNvNtCsjJ4BRyaQv62_12der_verified3tag10decode_tag.0 iteration 1 file der-verified/src/tag.rs line 137 column 49 function tag::decode_tag thread 0
Unwinding loop _RNvNtCsjJ4BRyaQv62_12der_verified3tag10decode_tag.0 iteration 2 file der-verified/src/tag.rs line 137 column 49 function tag::decode_tag thread 0
Unwinding loop _RNvNtCsjJ4BRyaQv62_12der_verified3tag10decode_tag.0 iteration 3 file der-verified/src/tag.rs line 137 column 49 function tag::decode_tag thread 0
Unwinding loop _RNvNtCsjJ4BRyaQv62_12der_verified3tag10decode_tag.0 iteration 4 file der-verified/src/tag.rs line 137 column 49 function tag::decode_tag thread 0
Unwinding loop _RNvNtCsjJ4BRyaQv62_12der_verified3tag10decode_tag.0 iteration 5 file der-verified/src/tag.rs line 137 column 49 function tag::decode_tag thread 0
Unwinding loop _RNvNtCsjJ4BRyaQv62_12der_verified3tag10decode_tag.0 iteration 6 file der-verified/src/tag.rs line 137 column 49 function tag::decode_tag thread 0
Unwinding loop _RNvNtCsjJ4BRyaQv62_12der_verified3tag10decode_tag.0 iteration 7 file der-verified/src/tag.rs line 137 column 49 function tag::decode_tag thread 0
Unwinding loop _RNvNtCsjJ4BRyaQv62_12der_verified3tag10decode_tag.0 iteration 8 file der-verified/src/tag.rs line 137 column 49 function tag::decode_tag thread 0
Unwinding loop _RNvNtCsjJ4BRyaQv62_12der_verified3tag10decode_tag.0 iteration 9 file der-verified/src/tag.rs line 137 column 49 function tag::decode_tag thread 0
Unwinding loop _RNvNtCsjJ4BRyaQv62_12der_verified3tag10decode_tag.0 iteration 10 file der-verified/src/tag.rs line 137 column 49 function tag::decode_tag thread 0
Unwinding loop _RNvNtCsjJ4BRyaQv62_12der_verified3tag10decode_tag.0 iteration 11 file der-verified/src/tag.rs line 137 column 49 function tag::decode_tag thread 0
Not unwinding loop _RNvNtCsjJ4BRyaQv62_12der_verified3tag10decode_tag.0 iteration 12 file der-verified/src/tag.rs line 137 column 49 function tag::decode_tag thread 0
aborting path on assume(false) at file /home/runner/.rustup/toolchains/nightly-2025-11-21-x86_64-unknown-linux-gnu/lib/rustlib/src/rust/library/core/src/result.rs line 2173 column 15 function <std::result::Result<(u32, usize), tag::TagError> as std::ops::Try>::branch thread 0
aborting path on assume(false) at file der-verified/src/lib.rs line 0 column 0 function tag::decode_tag thread 0
aborting path on assume(false) at file /home/runner/.rustup/toolchains/nightly-2025-11-21-x86_64-unknown-linux-gnu/lib/rustlib/src/rust/library/core/src/result.rs line 966 column 15 function std::result::Result::<(tag::Tag, usize), tag::TagError>::map_err::<tlv::TlvError, {closure@der-verified/src/tlv.rs:71:51: 71:54}> thread 0
aborting path on assume(false) at file /home/runner/.rustup/toolchains/nightly-2025-11-21-x86_64-unknown-linux-gnu/lib/rustlib/src/rust/library/core/src/result.rs line 2173 column 15 function <std::result::Result<(tag::Tag, usize), tlv::TlvError> as std::ops::Try>::branch thread 0
aborting path on assume(false) at file /home/runner/.rustup/toolchains/nightly-2025-11-21-x86_64-unknown-linux-gnu/lib/rustlib/src/rust/library/core/src/slice/index.rs line 40 column 9 function core::slice::index::slice_index_fail::do_panic::runtime thread 0
aborting path on assume(false) at file /home/runner/.rustup/toolchains/nightly-2025-11-21-x86_64-unknown-linux-gnu/lib/rustlib/src/rust/library/core/src/intrinsics/mod.rs line 2449 column 9 function core::slice::index::slice_index_fail::do_panic thread 0
aborting path on assume(false) at file /home/runner/.rustup/toolchains/nightly-2025-11-21-x86_64-unknown-linux-gnu/lib/rustlib/src/rust/library/core/src/panic.rs line 178 column 9 function core::slice::index::slice_index_fail thread 0
aborting path on assume(false) at file /home/runner/.rustup/toolchains/nightly-2025-11-21-x86_64-unknown-linux-gnu/lib/rustlib/src/rust/library/core/src/slice/index.rs line 49 column 9 function core::slice::index::slice_index_fail::do_panic::runtime thread 0
aborting path on assume(false) at file /home/runner/.rustup/toolchains/nightly-2025-11-21-x86_64-unknown-linux-gnu/lib/rustlib/src/rust/library/core/src/intrinsics/mod.rs line 2449 column 9 function core::slice::index::slice_index_fail::do_panic thread 0
aborting path on assume(false) at file /home/runner/.rustup/toolchains/nightly-2025-11-21-x86_64-unknown-linux-gnu/lib/rustlib/src/rust/library/core/src/panic.rs line 178 column 9 function core::slice::index::slice_index_fail thread 0
aborting path on assume(false) at file /home/runner/.rustup/toolchains/nightly-2025-11-21-x86_64-unknown-linux-gnu/lib/rustlib/src/rust/library/core/src/slice/index.rs line 58 column 9 function core::slice::index::slice_index_fail::do_panic::runtime thread 0
aborting path on assume(false) at file /home/runner/.rustup/toolchains/nightly-2025-11-21-x86_64-unknown-linux-gnu/lib/rustlib/src/rust/library/core/src/intrinsics/mod.rs line 2449 column 9 function core::slice::index::slice_index_fail::do_panic thread 0
aborting path on assume(false) at file /home/runner/.rustup/toolchains/nightly-2025-11-21-x86_64-unknown-linux-gnu/lib/rustlib/src/rust/library/core/src/panic.rs line 178 column 9 function core::slice::index::slice_index_fail thread 0
aborting path on assume(false) at file /home/runner/.rustup/toolchains/nightly-2025-11-21-x86_64-unknown-linux-gnu/lib/rustlib/src/rust/library/core/src/slice/index.rs line 68 column 5 function core::slice::index::slice_index_fail::do_panic::runtime thread 0
aborting path on assume(false) at file /home/runner/.rustup/toolchains/nightly-2025-11-21-x86_64-unknown-linux-gnu/lib/rustlib/src/rust/library/core/src/intrinsics/mod.rs line 2449 column 9 function core::slice::index::slice_index_fail::do_panic thread 0
aborting path on assume(false) at file /home/runner/.rustup/toolchains/nightly-2025-11-21-x86_64-unknown-linux-gnu/lib/rustlib/src/rust/library/core/src/panic.rs line 178 column 9 function core::slice::index::slice_index_fail thread 0
aborting path on assume(false) at file /home/runner/.rustup/toolchains/nightly-2025-11-21-x86_64-unknown-linux-gnu/lib/rustlib/src/rust/library/core/src/slice/index.rs line 569 column 13 function <std::ops::RangeFrom<usize> as std::slice::SliceIndex<[u8]>>::index thread 0
aborting path on assume(false) at file /home/runner/work/kani/kani/library/kani_core/src/models.rs line 176 column 17 function <usize as kani::rustc_intrinsics::ToISize>::to_isize thread 0
aborting path on assume(false) at file /home/runner/work/kani/kani/library/kani/src/lib.rs line 57 column 1 function <usize as kani::rustc_intrinsics::ToISize>::to_isize thread 0
aborting path on assume(false) at file /home/runner/work/kani/kani/library/kani/src/lib.rs line 57 column 1 function <usize as kani::rustc_intrinsics::ToISize>::to_isize thread 0
aborting path on assume(false) at file /home/runner/work/kani/kani/library/kani/src/lib.rs line 57 column 1 function kani::mem::cbmc::same_allocation thread 0
aborting path on assume(false) at file der-verified/src/length.rs line 75 column 23 function length::decode_length thread 0
aborting path on assume(false) at file /home/runner/.rustup/toolchains/nightly-2025-11-21-x86_64-unknown-linux-gnu/lib/rustlib/src/rust/library/core/src/slice/index.rs line 435 column 5 function <std::ops::Range<usize> as std::slice::SliceIndex<[u8]>>::index thread 0
aborting path on assume(false) at file /home/runner/work/kani/kani/library/kani/src/lib.rs line 57 column 1 function kani::mem::cbmc::same_allocation thread 0
aborting path on assume(false) at file /home/runner/.rustup/toolchains/nightly-2025-11-21-x86_64-unknown-linux-gnu/lib/rustlib/src/rust/library/core/src/slice/index.rs line 40 column 9 function core::slice::index::slice_index_fail::do_panic::runtime thread 0
aborting path on assume(false) at file /home/runner/.rustup/toolchains/nightly-2025-11-21-x86_64-unknown-linux-gnu/lib/rustlib/src/rust/library/core/src/intrinsics/mod.rs line 2449 column 9 function core::slice::index::slice_index_fail::do_panic thread 0
aborting path on assume(false) at file /home/runner/.rustup/toolchains/nightly-2025-11-21-x86_64-unknown-linux-gnu/lib/rustlib/src/rust/library/core/src/panic.rs line 178 column 9 function core::slice::index::slice_index_fail thread 0
aborting path on assume(false) at file /home/runner/.rustup/toolchains/nightly-2025-11-21-x86_64-unknown-linux-gnu/lib/rustlib/src/rust/library/core/src/slice/index.rs line 49 column 9 function core::slice::index::slice_index_fail::do_panic::runtime thread 0
aborting path on assume(false) at file /home/runner/.rustup/toolchains/nightly-2025-11-21-x86_64-unknown-linux-gnu/lib/rustlib/src/rust/library/core/src/intrinsics/mod.rs line 2449 column 9 function core::slice::index::slice_index_fail::do_panic thread 0
aborting path on assume(false) at file /home/runner/.rustup/toolchains/nightly-2025-11-21-x86_64-unknown-linux-gnu/lib/rustlib/src/rust/library/core/src/panic.rs line 178 column 9 function core::slice::index::slice_index_fail thread 0
aborting path on assume(false) at file /home/runner/.rustup/toolchains/nightly-2025-11-21-x86_64-unknown-linux-gnu/lib/rustlib/src/rust/library/core/src/slice/index.rs line 58 column 9 function core::slice::index::slice_index_fail::do_panic::runtime thread 0
aborting path on assume(false) at file /home/runner/.rustup/toolchains/nightly-2025-11-21-x86_64-unknown-linux-gnu/lib/rustlib/src/rust/library/core/src/intrinsics/mod.rs line 2449 column 9 function core::slice::index::slice_index_fail::do_panic thread 0
aborting path on assume(false) at file /home/runner/.rustup/toolchains/nightly-2025-11-21-x86_64-unknown-linux-gnu/lib/rustlib/src/rust/library/core/src/panic.rs line 178 column 9 function core::slice::index::slice_index_fail thread 0
aborting path on assume(false) at file /home/runner/.rustup/toolchains/nightly-2025-11-21-x86_64-unknown-linux-gnu/lib/rustlib/src/rust/library/core/src/slice/index.rs line 68 column 5 function core::slice::index::slice_index_fail::do_panic::runtime thread 0
aborting path on assume(false) at file /home/runner/.rustup/toolchains/nightly-2025-11-21-x86_64-unknown-linux-gnu/lib/rustlib/src/rust/library/core/src/intrinsics/mod.rs line 2449 column 9 function core::slice::index::slice_index_fail::do_panic thread 0
aborting path on assume(false) at file /home/runner/.rustup/toolchains/nightly-2025-11-21-x86_64-unknown-linux-gnu/lib/rustlib/src/rust/library/core/src/panic.rs line 178 column 9 function core::slice::index::slice_index_fail thread 0
aborting path on assume(false) at file /home/runner/.rustup/toolchains/nightly-2025-11-21-x86_64-unknown-linux-gnu/lib/rustlib/src/rust/library/core/src/slice/index.rs line 443 column 13 function <std::ops::Range<usize> as std::slice::SliceIndex<[u8]>>::index thread 0
Unwinding loop _RNvNtCsjJ4BRyaQv62_12der_verified6length13decode_length.0 iteration 1 file der-verified/src/length.rs line 101 column 5 function length::decode_length thread 0
Unwinding loop _RNvNtCsjJ4BRyaQv62_12der_verified6length13decode_length.0 iteration 2 file der-verified/src/length.rs line 101 column 5 function length::decode_length thread 0
Unwinding loop _RNvNtCsjJ4BRyaQv62_12der_verified6length13decode_length.0 iteration 3 file der-verified/src/length.rs line 101 column 5 function length::decode_length thread 0
Unwinding loop _RNvNtCsjJ4BRyaQv62_12der_verified6length13decode_length.0 iteration 4 file der-verified/src/length.rs line 101 column 5 function length::decode_length thread 0
Unwinding loop _RNvNtCsjJ4BRyaQv62_12der_verified6length13decode_length.0 iteration 5 file der-verified/src/length.rs line 101 column 5 function length::decode_length thread 0
Unwinding loop _RNvNtCsjJ4BRyaQv62_12der_verified6length13decode_length.0 iteration 6 file der-verified/src/length.rs line 101 column 5 function length::decode_length thread 0
Unwinding loop _RNvNtCsjJ4BRyaQv62_12der_verified6length13decode_length.0 iteration 7 file der-verified/src/length.rs line 101 column 5 function length::decode_length thread 0
Unwinding loop _RNvNtCsjJ4BRyaQv62_12der_verified6length13decode_length.0 iteration 8 file der-verified/src/length.rs line 101 column 5 function length::decode_length thread 0
Unwinding loop _RNvNtCsjJ4BRyaQv62_12der_verified6length13decode_length.0 iteration 9 file der-verified/src/length.rs line 101 column 5 function length::decode_length thread 0
Unwinding loop _RNvNtCsjJ4BRyaQv62_12der_verified6length13decode_length.0 iteration 10 file der-verified/src/length.rs line 101 column 5 function length::decode_length thread 0
Unwinding loop _RNvNtCsjJ4BRyaQv62_12der_verified6length13decode_length.0 iteration 11 file der-verified/src/length.rs line 101 column 5 function length::decode_length thread 0
Not unwinding loop _RNvNtCsjJ4BRyaQv62_12der_verified6length13decode_length.0 iteration 12 file der-verified/src/length.rs line 101 column 5 function length::decode_length thread 0
aborting path on assume(false) at file /home/runner/.rustup/toolchains/nightly-2025-11-21-x86_64-unknown-linux-gnu/lib/rustlib/src/rust/library/core/src/result.rs line 966 column 15 function std::result::Result::<(u32, usize), length::LengthError>::map_err::<tlv::TlvError, {closure@der-verified/src/tlv.rs:73:69: 73:72}> thread 0
aborting path on assume(false) at file /home/runner/.rustup/toolchains/nightly-2025-11-21-x86_64-unknown-linux-gnu/lib/rustlib/src/rust/library/core/src/result.rs line 2173 column 15 function <std::result::Result<(u32, usize), tlv::TlvError> as std::ops::Try>::branch thread 0
aborting path on assume(false) at file der-verified/src/lib.rs line 0 column 0 function tlv::decode_tlv thread 0
aborting path on assume(false) at file /home/runner/.rustup/toolchains/nightly-2025-11-21-x86_64-unknown-linux-gnu/lib/rustlib/src/rust/library/core/src/slice/index.rs line 435 column 5 function <std::ops::Range<usize> as std::slice::SliceIndex<[u8]>>::index thread 0
aborting path on assume(false) at file /home/runner/work/kani/kani/library/kani_core/src/models.rs line 176 column 17 function <usize as kani::rustc_intrinsics::ToISize>::to_isize thread 0
aborting path on assume(false) at file /home/runner/work/kani/kani/library/kani/src/lib.rs line 57 column 1 function <usize as kani::rustc_intrinsics::ToISize>::to_isize thread 0
aborting path on assume(false) at file /home/runner/work/kani/kani/library/kani/src/lib.rs line 57 column 1 function <usize as kani::rustc_intrinsics::ToISize>::to_isize thread 0
aborting path on assume(false) at file /home/runner/work/kani/kani/library/kani/src/lib.rs line 57 column 1 function kani::mem::cbmc::same_allocation thread 0
aborting path on assume(false) at file /home/runner/.rustup/toolchains/nightly-2025-11-21-x86_64-unknown-linux-gnu/lib/rustlib/src/rust/library/core/src/slice/index.rs line 40 column 9 function core::slice::index::slice_index_fail::do_panic::runtime thread 0
aborting path on assume(false) at file /home/runner/.rustup/toolchains/nightly-2025-11-21-x86_64-unknown-linux-gnu/lib/rustlib/src/rust/library/core/src/intrinsics/mod.rs line 2449 column 9 function core::slice::index::slice_index_fail::do_panic thread 0
aborting path on assume(false) at file /home/runner/.rustup/toolchains/nightly-2025-11-21-x86_64-unknown-linux-gnu/lib/rustlib/src/rust/library/core/src/panic.rs line 178 column 9 function core::slice::index::slice_index_fail thread 0
aborting path on assume(false) at file /home/runner/.rustup/toolchains/nightly-2025-11-21-x86_64-unknown-linux-gnu/lib/rustlib/src/rust/library/core/src/slice/index.rs line 49 column 9 function core::slice::index::slice_index_fail::do_panic::runtime thread 0
aborting path on assume(false) at file /home/runner/.rustup/toolchains/nightly-2025-11-21-x86_64-unknown-linux-gnu/lib/rustlib/src/rust/library/core/src/intrinsics/mod.rs line 2449 column 9 function core::slice::index::slice_index_fail::do_panic thread 0
aborting path on assume(false) at file /home/runner/.rustup/toolchains/nightly-2025-11-21-x86_64-unknown-linux-gnu/lib/rustlib/src/rust/library/core/src/panic.rs line 178 column 9 function core::slice::index::slice_index_fail thread 0
aborting path on assume(false) at file /home/runner/.rustup/toolchains/nightly-2025-11-21-x86_64-unknown-linux-gnu/lib/rustlib/src/rust/library/core/src/slice/index.rs line 58 column 9 function core::slice::index::slice_index_fail::do_panic::runtime thread 0
aborting path on assume(false) at file /home/runner/.rustup/toolchains/nightly-2025-11-21-x86_64-unknown-linux-gnu/lib/rustlib/src/rust/library/core/src/intrinsics/mod.rs line 2449 column 9 function core::slice::index::slice_index_fail::do_panic thread 0
aborting path on assume(false) at file /home/runner/.rustup/toolchains/nightly-2025-11-21-x86_64-unknown-linux-gnu/lib/rustlib/src/rust/library/core/src/panic.rs line 178 column 9 function core::slice::index::slice_index_fail thread 0
aborting path on assume(false) at file /home/runner/.rustup/toolchains/nightly-2025-11-21-x86_64-unknown-linux-gnu/lib/rustlib/src/rust/library/core/src/slice/index.rs line 68 column 5 function core::slice::index::slice_index_fail::do_panic::runtime thread 0
aborting path on assume(false) at file /home/runner/.rustup/toolchains/nightly-2025-11-21-x86_64-unknown-linux-gnu/lib/rustlib/src/rust/library/core/src/intrinsics/mod.rs line 2449 column 9 function core::slice::index::slice_index_fail::do_panic thread 0
aborting path on assume(false) at file /home/runner/.rustup/toolchains/nightly-2025-11-21-x86_64-unknown-linux-gnu/lib/rustlib/src/rust/library/core/src/panic.rs line 178 column 9 function core::slice::index::slice_index_fail thread 0
aborting path on assume(false) at file /home/runner/.rustup/toolchains/nightly-2025-11-21-x86_64-unknown-linux-gnu/lib/rustlib/src/rust/library/core/src/slice/index.rs line 443 column 13 function <std::ops::Range<usize> as std::slice::SliceIndex<[u8]>>::index thread 0
aborting path on assume(false) at file /home/runner/.rustup/toolchains/nightly-2025-11-21-x86_64-unknown-linux-gnu/lib/rustlib/src/rust/library/core/src/result.rs line 966 column 15 function std::result::Result::<(tlv::Tlv<'_>, usize), tlv::TlvError>::map_err::<x509_tbs_certificate::TbsCertificateError, fn(tlv::TlvError) -> x509_tbs_certificate::TbsCertificateError {x509_tbs_certificate::TbsCertificateError::BadVersionInnerTlv}> thread 0
aborting path on assume(false) at file /home/runner/.rustup/toolchains/nightly-2025-11-21-x86_64-unknown-linux-gnu/lib/rustlib/src/rust/library/core/src/result.rs line 2173 column 15 function <std::result::Result<(tlv::Tlv<'_>, usize), x509_tbs_certificate::TbsCertificateError> as std::ops::Try>::branch thread 0
Unwinding loop _RNvNtCsjJ4BRyaQv62_12der_verified7integer14decode_integer.0 iteration 1 file der-verified/src/integer.rs line 86 column 5 function integer::decode_integer thread 0
Unwinding loop _RNvNtCsjJ4BRyaQv62_12der_verified7integer14decode_integer.0 iteration 2 file der-verified/src/integer.rs line 86 column 5 function integer::decode_integer thread 0
Unwinding loop _RNvNtCsjJ4BRyaQv62_12der_verified7integer14decode_integer.0 iteration 3 file der-verified/src/integer.rs line 86 column 5 function integer::decode_integer thread 0
Unwinding loop _RNvNtCsjJ4BRyaQv62_12der_verified7integer14decode_integer.0 iteration 4 file der-verified/src/integer.rs line 86 column 5 function integer::decode_integer thread 0
Unwinding loop _RNvNtCsjJ4BRyaQv62_12der_verified7integer14decode_integer.0 iteration 5 file der-verified/src/integer.rs line 86 column 5 function integer::decode_integer thread 0
Unwinding loop _RNvNtCsjJ4BRyaQv62_12der_verified7integer14decode_integer.0 iteration 6 file der-verified/src/integer.rs line 86 column 5 function integer::decode_integer thread 0
Unwinding loop _RNvNtCsjJ4BRyaQv62_12der_verified7integer14decode_integer.0 iteration 7 file der-verified/src/integer.rs line 86 column 5 function integer::decode_integer thread 0
Unwinding loop _RNvNtCsjJ4BRyaQv62_12der_verified7integer14decode_integer.0 iteration 8 file der-verified/src/integer.rs line 86 column 5 function integer::decode_integer thread 0
Unwinding loop _RNvNtCsjJ4BRyaQv62_12der_verified7integer14decode_integer.0 iteration 9 file der-verified/src/integer.rs line 86 column 5 function integer::decode_integer thread 0
Unwinding loop _RNvNtCsjJ4BRyaQv62_12der_verified7integer14decode_integer.0 iteration 10 file der-verified/src/integer.rs line 86 column 5 function integer::decode_integer thread 0
Unwinding loop _RNvNtCsjJ4BRyaQv62_12der_verified7integer14decode_integer.0 iteration 11 file der-verified/src/integer.rs line 86 column 5 function integer::decode_integer thread 0
Not unwinding loop _RNvNtCsjJ4BRyaQv62_12der_verified7integer14decode_integer.0 iteration 12 file der-verified/src/integer.rs line 86 column 5 function integer::decode_integer thread 0
aborting path on assume(false) at file /home/runner/.rustup/toolchains/nightly-2025-11-21-x86_64-unknown-linux-gnu/lib/rustlib/src/rust/library/core/src/result.rs line 966 column 15 function std::result::Result::<i64, integer::IntError>::map_err::<x509_tbs_certificate::TbsCertificateError, fn(integer::IntError) -> x509_tbs_certificate::TbsCertificateError {x509_tbs_certificate::TbsCertificateError::BadVersionInt}> thread 0
aborting path on assume(false) at file /home/runner/.rustup/toolchains/nightly-2025-11-21-x86_64-unknown-linux-gnu/lib/rustlib/src/rust/library/core/src/result.rs line 2173 column 15 function <std::result::Result<i64, x509_tbs_certificate::TbsCertificateError> as std::ops::Try>::branch thread 0
aborting path on assume(false) at file /home/runner/.rustup/toolchains/nightly-2025-11-21-x86_64-unknown-linux-gnu/lib/rustlib/src/rust/library/core/src/slice/index.rs line 40 column 9 function core::slice::index::slice_index_fail::do_panic::runtime thread 0
aborting path on assume(false) at file /home/runner/.rustup/toolchains/nightly-2025-11-21-x86_64-unknown-linux-gnu/lib/rustlib/src/rust/library/core/src/intrinsics/mod.rs line 2449 column 9 function core::slice::index::slice_index_fail::do_panic thread 0
aborting path on assume(false) at file /home/runner/.rustup/toolchains/nightly-2025-11-21-x86_64-unknown-linux-gnu/lib/rustlib/src/rust/library/core/src/panic.rs line 178 column 9 function core::slice::index::slice_index_fail thread 0
aborting path on assume(false) at file /home/runner/.rustup/toolchains/nightly-2025-11-21-x86_64-unknown-linux-gnu/lib/rustlib/src/rust/library/core/src/slice/index.rs line 49 column 9 function core::slice::index::slice_index_fail::do_panic::runtime thread 0
aborting path on assume(false) at file /home/runner/.rustup/toolchains/nightly-2025-11-21-x86_64-unknown-linux-gnu/lib/rustlib/src/rust/library/core/src/intrinsics/mod.rs line 2449 column 9 function core::slice::index::slice_index_fail::do_panic thread 0
aborting path on assume(false) at file /home/runner/.rustup/toolchains/nightly-2025-11-21-x86_64-unknown-linux-gnu/lib/rustlib/src/rust/library/core/src/panic.rs line 178 column 9 function core::slice::index::slice_index_fail thread 0
aborting path on assume(false) at file /home/runner/.rustup/toolchains/nightly-2025-11-21-x86_64-unknown-linux-gnu/lib/rustlib/src/rust/library/core/src/slice/index.rs line 58 column 9 function core::slice::index::slice_index_fail::do_panic::runtime thread 0
aborting path on assume(false) at file /home/runner/.rustup/toolchains/nightly-2025-11-21-x86_64-unknown-linux-gnu/lib/rustlib/src/rust/library/core/src/intrinsics/mod.rs line 2449 column 9 function core::slice::index::slice_index_fail::do_panic thread 0
aborting path on assume(false) at file /home/runner/.rustup/toolchains/nightly-2025-11-21-x86_64-unknown-linux-gnu/lib/rustlib/src/rust/library/core/src/panic.rs line 178 column 9 function core::slice::index::slice_index_fail thread 0
aborting path on assume(false) at file /home/runner/.rustup/toolchains/nightly-2025-11-21-x86_64-unknown-linux-gnu/lib/rustlib/src/rust/library/core/src/slice/index.rs line 68 column 5 function core::slice::index::slice_index_fail::do_panic::runtime thread 0
aborting path on assume(false) at file /home/runner/.rustup/toolchains/nightly-2025-11-21-x86_64-unknown-linux-gnu/lib/rustlib/src/rust/library/core/src/intrinsics/mod.rs line 2449 column 9 function core::slice::index::slice_index_fail::do_panic thread 0
aborting path on assume(false) at file /home/runner/.rustup/toolchains/nightly-2025-11-21-x86_64-unknown-linux-gnu/lib/rustlib/src/rust/library/core/src/panic.rs line 178 column 9 function core::slice::index::slice_index_fail thread 0
aborting path on assume(false) at file /home/runner/.rustup/toolchains/nightly-2025-11-21-x86_64-unknown-linux-gnu/lib/rustlib/src/rust/library/core/src/slice/index.rs line 569 column 13 function <std::ops::RangeFrom<usize> as std::slice::SliceIndex<[u8]>>::index thread 0
aborting path on assume(false) at file /home/runner/work/kani/kani/library/kani_core/src/models.rs line 176 column 17 function <usize as kani::rustc_intrinsics::ToISize>::to_isize thread 0
aborting path on assume(false) at file /home/runner/work/kani/kani/library/kani/src/lib.rs line 57 column 1 function <usize as kani::rustc_intrinsics::ToISize>::to_isize thread 0
aborting path on assume(false) at file /home/runner/work/kani/kani/library/kani/src/lib.rs line 57 column 1 function <usize as kani::rustc_intrinsics::ToISize>::to_isize thread 0
aborting path on assume(false) at file /home/runner/work/kani/kani/library/kani/src/lib.rs line 57 column 1 function kani::mem::cbmc::same_allocation thread 0
aborting path on assume(false) at file /home/runner/.rustup/toolchains/nightly-2025-11-21-x86_64-unknown-linux-gnu/lib/rustlib/src/rust/library/core/src/slice/index.rs line 40 column 9 function core::slice::index::slice_index_fail::do_panic::runtime thread 0
aborting path on assume(false) at file /home/runner/.rustup/toolchains/nightly-2025-11-21-x86_64-unknown-linux-gnu/lib/rustlib/src/rust/library/core/src/intrinsics/mod.rs line 2449 column 9 function core::slice::index::slice_index_fail::do_panic thread 0
aborting path on assume(false) at file /home/runner/.rustup/toolchains/nightly-2025-11-21-x86_64-unknown-linux-gnu/lib/rustlib/src/rust/library/core/src/panic.rs line 178 column 9 function core::slice::index::slice_index_fail thread 0
aborting path on assume(false) at file /home/runner/.rustup/toolchains/nightly-2025-11-21-x86_64-unknown-linux-gnu/lib/rustlib/src/rust/library/core/src/slice/index.rs line 49 column 9 function core::slice::index::slice_index_fail::do_panic::runtime thread 0
aborting path on assume(false) at file /home/runner/.rustup/toolchains/nightly-2025-11-21-x86_64-unknown-linux-gnu/lib/rustlib/src/rust/library/core/src/intrinsics/mod.rs line 2449 column 9 function core::slice::index::slice_index_fail::do_panic thread 0
aborting path on assume(false) at file /home/runner/.rustup/toolchains/nightly-2025-11-21-x86_64-unknown-linux-gnu/lib/rustlib/src/rust/library/core/src/panic.rs line 178 column 9 function core::slice::index::slice_index_fail thread 0
aborting path on assume(false) at file /home/runner/.rustup/toolchains/nightly-2025-11-21-x86_64-unknown-linux-gnu/lib/rustlib/src/rust/library/core/src/slice/index.rs line 58 column 9 function core::slice::index::slice_index_fail::do_panic::runtime thread 0
aborting path on assume(false) at file /home/runner/.rustup/toolchains/nightly-2025-11-21-x86_64-unknown-linux-gnu/lib/rustlib/src/rust/library/core/src/intrinsics/mod.rs line 2449 column 9 function core::slice::index::slice_index_fail::do_panic thread 0
aborting path on assume(false) at file /home/runner/.rustup/toolchains/nightly-2025-11-21-x86_64-unknown-linux-gnu/lib/rustlib/src/rust/library/core/src/panic.rs line 178 column 9 function core::slice::index::slice_index_fail thread 0
aborting path on assume(false) at file /home/runner/.rustup/toolchains/nightly-2025-11-21-x86_64-unknown-linux-gnu/lib/rustlib/src/rust/library/core/src/slice/index.rs line 68 column 5 function core::slice::index::slice_index_fail::do_panic::runtime thread 0
aborting path on assume(false) at file /home/runner/.rustup/toolchains/nightly-2025-11-21-x86_64-unknown-linux-gnu/lib/rustlib/src/rust/library/core/src/intrinsics/mod.rs line 2449 column 9 function core::slice::index::slice_index_fail::do_panic thread 0
aborting path on assume(false) at file /home/runner/.rustup/toolchains/nightly-2025-11-21-x86_64-unknown-linux-gnu/lib/rustlib/src/rust/library/core/src/panic.rs line 178 column 9 function core::slice::index::slice_index_fail thread 0
aborting path on assume(false) at file /home/runner/.rustup/toolchains/nightly-2025-11-21-x86_64-unknown-linux-gnu/lib/rustlib/src/rust/library/core/src/slice/index.rs line 569 column 13 function <std::ops::RangeFrom<usize> as std::slice::SliceIndex<[u8]>>::index thread 0
aborting path on assume(false) at file /home/runner/work/kani/kani/library/kani_core/src/models.rs line 176 column 17 function <usize as kani::rustc_intrinsics::ToISize>::to_isize thread 0
aborting path on assume(false) at file /home/runner/work/kani/kani/library/kani/src/lib.rs line 57 column 1 function <usize as kani::rustc_intrinsics::ToISize>::to_isize thread 0
aborting path on assume(false) at file /home/runner/work/kani/kani/library/kani/src/lib.rs line 57 column 1 function <usize as kani::rustc_intrinsics::ToISize>::to_isize thread 0
aborting path on assume(false) at file /home/runner/work/kani/kani/library/kani/src/lib.rs line 57 column 1 function kani::mem::cbmc::same_allocation thread 0
Unwinding loop _RNvNtCsjJ4BRyaQv62_12der_verified3tag10decode_tag.0 iteration 1 file der-verified/src/tag.rs line 137 column 49 function tag::decode_tag thread 0
Unwinding loop _RNvNtCsjJ4BRyaQv62_12der_verified3tag10decode_tag.0 iteration 2 file der-verified/src/tag.rs line 137 column 49 function tag::decode_tag thread 0
Unwinding loop _RNvNtCsjJ4BRyaQv62_12der_verified3tag10decode_tag.0 iteration 3 file der-verified/src/tag.rs line 137 column 49 function tag::decode_tag thread 0
Unwinding loop _RNvNtCsjJ4BRyaQv62_12der_verified3tag10decode_tag.0 iteration 4 file der-verified/src/tag.rs line 137 column 49 function tag::decode_tag thread 0
Unwinding loop _RNvNtCsjJ4BRyaQv62_12der_verified3tag10decode_tag.0 iteration 5 file der-verified/src/tag.rs line 137 column 49 function tag::decode_tag thread 0
Unwinding loop _RNvNtCsjJ4BRyaQv62_12der_verified3tag10decode_tag.0 iteration 6 file der-verified/src/tag.rs line 137 column 49 function tag::decode_tag thread 0
Unwinding loop _RNvNtCsjJ4BRyaQv62_12der_verified3tag10decode_tag.0 iteration 7 file der-verified/src/tag.rs line 137 column 49 function tag::decode_tag thread 0
Unwinding loop _RNvNtCsjJ4BRyaQv62_12der_verified3tag10decode_tag.0 iteration 8 file der-verified/src/tag.rs line 137 column 49 function tag::decode_tag thread 0
Unwinding loop _RNvNtCsjJ4BRyaQv62_12der_verified3tag10decode_tag.0 iteration 9 file der-verified/src/tag.rs line 137 column 49 function tag::decode_tag thread 0
Unwinding loop _RNvNtCsjJ4BRyaQv62_12der_verified3tag10decode_tag.0 iteration 10 file der-verified/src/tag.rs line 137 column 49 function tag::decode_tag thread 0
Unwinding loop _RNvNtCsjJ4BRyaQv62_12der_verified3tag10decode_tag.0 iteration 11 file der-verified/src/tag.rs line 137 column 49 function tag::decode_tag thread 0
Not unwinding loop _RNvNtCsjJ4BRyaQv62_12der_verified3tag10decode_tag.0 iteration 12 file der-verified/src/tag.rs line 137 column 49 function tag::decode_tag thread 0
aborting path on assume(false) at file /home/runner/.rustup/toolchains/nightly-2025-11-21-x86_64-unknown-linux-gnu/lib/rustlib/src/rust/library/core/src/result.rs line 2173 column 15 function <std::result::Result<(u32, usize), tag::TagError> as std::ops::Try>::branch thread 0
aborting path on assume(false) at file der-verified/src/lib.rs line 0 column 0 function tag::decode_tag thread 0
aborting path on assume(false) at file /home/runner/.rustup/toolchains/nightly-2025-11-21-x86_64-unknown-linux-gnu/lib/rustlib/src/rust/library/core/src/result.rs line 966 column 15 function std::result::Result::<(tag::Tag, usize), tag::TagError>::map_err::<tlv::TlvError, {closure@der-verified/src/tlv.rs:71:51: 71:54}> thread 0
aborting path on assume(false) at file /home/runner/.rustup/toolchains/nightly-2025-11-21-x86_64-unknown-linux-gnu/lib/rustlib/src/rust/library/core/src/result.rs line 2173 column 15 function <std::result::Result<(tag::Tag, usize), tlv::TlvError> as std::ops::Try>::branch thread 0
aborting path on assume(false) at file /home/runner/.rustup/toolchains/nightly-2025-11-21-x86_64-unknown-linux-gnu/lib/rustlib/src/rust/library/core/src/slice/index.rs line 40 column 9 function core::slice::index::slice_index_fail::do_panic::runtime thread 0
aborting path on assume(false) at file /home/runner/.rustup/toolchains/nightly-2025-11-21-x86_64-unknown-linux-gnu/lib/rustlib/src/rust/library/core/src/intrinsics/mod.rs line 2449 column 9 function core::slice::index::slice_index_fail::do_panic thread 0
aborting path on assume(false) at file /home/runner/.rustup/toolchains/nightly-2025-11-21-x86_64-unknown-linux-gnu/lib/rustlib/src/rust/library/core/src/panic.rs line 178 column 9 function core::slice::index::slice_index_fail thread 0
aborting path on assume(false) at file /home/runner/.rustup/toolchains/nightly-2025-11-21-x86_64-unknown-linux-gnu/lib/rustlib/src/rust/library/core/src/slice/index.rs line 49 column 9 function core::slice::index::slice_index_fail::do_panic::runtime thread 0
aborting path on assume(false) at file /home/runner/.rustup/toolchains/nightly-2025-11-21-x86_64-unknown-linux-gnu/lib/rustlib/src/rust/library/core/src/intrinsics/mod.rs line 2449 column 9 function core::slice::index::slice_index_fail::do_panic thread 0
aborting path on assume(false) at file /home/runner/.rustup/toolchains/nightly-2025-11-21-x86_64-unknown-linux-gnu/lib/rustlib/src/rust/library/core/src/panic.rs line 178 column 9 function core::slice::index::slice_index_fail thread 0
aborting path on assume(false) at file /home/runner/.rustup/toolchains/nightly-2025-11-21-x86_64-unknown-linux-gnu/lib/rustlib/src/rust/library/core/src/slice/index.rs line 58 column 9 function core::slice::index::slice_index_fail::do_panic::runtime thread 0
aborting path on assume(false) at file /home/runner/.rustup/toolchains/nightly-2025-11-21-x86_64-unknown-linux-gnu/lib/rustlib/src/rust/library/core/src/intrinsics/mod.rs line 2449 column 9 function core::slice::index::slice_index_fail::do_panic thread 0
aborting path on assume(false) at file /home/runner/.rustup/toolchains/nightly-2025-11-21-x86_64-unknown-linux-gnu/lib/rustlib/src/rust/library/core/src/panic.rs line 178 column 9 function core::slice::index::slice_index_fail thread 0
aborting path on assume(false) at file /home/runner/.rustup/toolchains/nightly-2025-11-21-x86_64-unknown-linux-gnu/lib/rustlib/src/rust/library/core/src/slice/index.rs line 68 column 5 function core::slice::index::slice_index_fail::do_panic::runtime thread 0
aborting path on assume(false) at file /home/runner/.rustup/toolchains/nightly-2025-11-21-x86_64-unknown-linux-gnu/lib/rustlib/src/rust/library/core/src/intrinsics/mod.rs line 2449 column 9 function core::slice::index::slice_index_fail::do_panic thread 0
aborting path on assume(false) at file /home/runner/.rustup/toolchains/nightly-2025-11-21-x86_64-unknown-linux-gnu/lib/rustlib/src/rust/library/core/src/panic.rs line 178 column 9 function core::slice::index::slice_index_fail thread 0
aborting path on assume(false) at file /home/runner/.rustup/toolchains/nightly-2025-11-21-x86_64-unknown-linux-gnu/lib/rustlib/src/rust/library/core/src/slice/index.rs line 569 column 13 function <std::ops::RangeFrom<usize> as std::slice::SliceIndex<[u8]>>::index thread 0
aborting path on assume(false) at file /home/runner/work/kani/kani/library/kani_core/src/models.rs line 176 column 17 function <usize as kani::rustc_intrinsics::ToISize>::to_isize thread 0
aborting path on assume(false) at file /home/runner/work/kani/kani/library/kani/src/lib.rs line 57 column 1 function <usize as kani::rustc_intrinsics::ToISize>::to_isize thread 0
aborting path on assume(false) at file /home/runner/work/kani/kani/library/kani/src/lib.rs line 57 column 1 function <usize as kani::rustc_intrinsics::ToISize>::to_isize thread 0
aborting path on assume(false) at file /home/runner/work/kani/kani/library/kani/src/lib.rs line 57 column 1 function kani::mem::cbmc::same_allocation thread 0
aborting path on assume(false) at file der-verified/src/length.rs line 75 column 23 function length::decode_length thread 0
aborting path on assume(false) at file /home/runner/.rustup/toolchains/nightly-2025-11-21-x86_64-unknown-linux-gnu/lib/rustlib/src/rust/library/core/src/slice/index.rs line 435 column 5 function <std::ops::Range<usize> as std::slice::SliceIndex<[u8]>>::index thread 0
aborting path on assume(false) at file /home/runner/work/kani/kani/library/kani/src/lib.rs line 57 column 1 function kani::mem::cbmc::same_allocation thread 0
aborting path on assume(false) at file /home/runner/.rustup/toolchains/nightly-2025-11-21-x86_64-unknown-linux-gnu/lib/rustlib/src/rust/library/core/src/slice/index.rs line 40 column 9 function core::slice::index::slice_index_fail::do_panic::runtime thread 0
aborting path on assume(false) at file /home/runner/.rustup/toolchains/nightly-2025-11-21-x86_64-unknown-linux-gnu/lib/rustlib/src/rust/library/core/src/intrinsics/mod.rs line 2449 column 9 function core::slice::index::slice_index_fail::do_panic thread 0
aborting path on assume(false) at file /home/runner/.rustup/toolchains/nightly-2025-11-21-x86_64-unknown-linux-gnu/lib/rustlib/src/rust/library/core/src/panic.rs line 178 column 9 function core::slice::index::slice_index_fail thread 0
aborting path on assume(false) at file /home/runner/.rustup/toolchains/nightly-2025-11-21-x86_64-unknown-linux-gnu/lib/rustlib/src/rust/library/core/src/slice/index.rs line 49 column 9 function core::slice::index::slice_index_fail::do_panic::runtime thread 0
aborting path on assume(false) at file /home/runner/.rustup/toolchains/nightly-2025-11-21-x86_64-unknown-linux-gnu/lib/rustlib/src/rust/library/core/src/intrinsics/mod.rs line 2449 column 9 function core::slice::index::slice_index_fail::do_panic thread 0
aborting path on assume(false) at file /home/runner/.rustup/toolchains/nightly-2025-11-21-x86_64-unknown-linux-gnu/lib/rustlib/src/rust/library/core/src/panic.rs line 178 column 9 function core::slice::index::slice_index_fail thread 0
aborting path on assume(false) at file /home/runner/.rustup/toolchains/nightly-2025-11-21-x86_64-unknown-linux-gnu/lib/rustlib/src/rust/library/core/src/slice/index.rs line 58 column 9 function core::slice::index::slice_index_fail::do_panic::runtime thread 0
aborting path on assume(false) at file /home/runner/.rustup/toolchains/nightly-2025-11-21-x86_64-unknown-linux-gnu/lib/rustlib/src/rust/library/core/src/intrinsics/mod.rs line 2449 column 9 function core::slice::index::slice_index_fail::do_panic thread 0
aborting path on assume(false) at file /home/runner/.rustup/toolchains/nightly-2025-11-21-x86_64-unknown-linux-gnu/lib/rustlib/src/rust/library/core/src/panic.rs line 178 column 9 function core::slice::index::slice_index_fail thread 0
aborting path on assume(false) at file /home/runner/.rustup/toolchains/nightly-2025-11-21-x86_64-unknown-linux-gnu/lib/rustlib/src/rust/library/core/src/slice/index.rs line 68 column 5 function core::slice::index::slice_index_fail::do_panic::runtime thread 0
aborting path on assume(false) at file /home/runner/.rustup/toolchains/nightly-2025-11-21-x86_64-unknown-linux-gnu/lib/rustlib/src/rust/library/core/src/intrinsics/mod.rs line 2449 column 9 function core::slice::index::slice_index_fail::do_panic thread 0
aborting path on assume(false) at file /home/runner/.rustup/toolchains/nightly-2025-11-21-x86_64-unknown-linux-gnu/lib/rustlib/src/rust/library/core/src/panic.rs line 178 column 9 function core::slice::index::slice_index_fail thread 0
aborting path on assume(false) at file /home/runner/.rustup/toolchains/nightly-2025-11-21-x86_64-unknown-linux-gnu/lib/rustlib/src/rust/library/core/src/slice/index.rs line 443 column 13 function <std::ops::Range<usize> as std::slice::SliceIndex<[u8]>>::index thread 0
Unwinding loop _RNvNtCsjJ4BRyaQv62_12der_verified6length13decode_length.0 iteration 1 file der-verified/src/length.rs line 101 column 5 function length::decode_length thread 0
Unwinding loop _RNvNtCsjJ4BRyaQv62_12der_verified6length13decode_length.0 iteration 2 file der-verified/src/length.rs line 101 column 5 function length::decode_length thread 0
Unwinding loop _RNvNtCsjJ4BRyaQv62_12der_verified6length13decode_length.0 iteration 3 file der-verified/src/length.rs line 101 column 5 function length::decode_length thread 0
Unwinding loop _RNvNtCsjJ4BRyaQv62_12der_verified6length13decode_length.0 iteration 4 file der-verified/src/length.rs line 101 column 5 function length::decode_length thread 0
Unwinding loop _RNvNtCsjJ4BRyaQv62_12der_verified6length13decode_length.0 iteration 5 file der-verified/src/length.rs line 101 column 5 function length::decode_length thread 0
Unwinding loop _RNvNtCsjJ4BRyaQv62_12der_verified6length13decode_length.0 iteration 6 file der-verified/src/length.rs line 101 column 5 function length::decode_length thread 0
Unwinding loop _RNvNtCsjJ4BRyaQv62_12der_verified6length13decode_length.0 iteration 7 file der-verified/src/length.rs line 101 column 5 function length::decode_length thread 0
Unwinding loop _RNvNtCsjJ4BRyaQv62_12der_verified6length13decode_length.0 iteration 8 file der-verified/src/length.rs line 101 column 5 function length::decode_length thread 0
Unwinding loop _RNvNtCsjJ4BRyaQv62_12der_verified6length13decode_length.0 iteration 9 file der-verified/src/length.rs line 101 column 5 function length::decode_length thread 0
Unwinding loop _RNvNtCsjJ4BRyaQv62_12der_verified6length13decode_length.0 iteration 10 file der-verified/src/length.rs line 101 column 5 function length::decode_length thread 0
Unwinding loop _RNvNtCsjJ4BRyaQv62_12der_verified6length13decode_length.0 iteration 11 file der-verified/src/length.rs line 101 column 5 function length::decode_length thread 0
Not unwinding loop _RNvNtCsjJ4BRyaQv62_12der_verified6length13decode_length.0 iteration 12 file der-verified/src/length.rs line 101 column 5 function length::decode_length thread 0
aborting path on assume(false) at file /home/runner/.rustup/toolchains/nightly-2025-11-21-x86_64-unknown-linux-gnu/lib/rustlib/src/rust/library/core/src/result.rs line 966 column 15 function std::result::Result::<(u32, usize), length::LengthError>::map_err::<tlv::TlvError, {closure@der-verified/src/tlv.rs:73:69: 73:72}> thread 0
aborting path on assume(false) at file /home/runner/.rustup/toolchains/nightly-2025-11-21-x86_64-unknown-linux-gnu/lib/rustlib/src/rust/library/core/src/result.rs line 2173 column 15 function <std::result::Result<(u32, usize), tlv::TlvError> as std::ops::Try>::branch thread 0
aborting path on assume(false) at file der-verified/src/lib.rs line 0 column 0 function tlv::decode_tlv thread 0
aborting path on assume(false) at file /home/runner/.rustup/toolchains/nightly-2025-11-21-x86_64-unknown-linux-gnu/lib/rustlib/src/rust/library/core/src/slice/index.rs line 435 column 5 function <std::ops::Range<usize> as std::slice::SliceIndex<[u8]>>::index thread 0
aborting path on assume(false) at file /home/runner/work/kani/kani/library/kani_core/src/models.rs line 176 column 17 function <usize as kani::rustc_intrinsics::ToISize>::to_isize thread 0
aborting path on assume(false) at file /home/runner/work/kani/kani/library/kani/src/lib.rs line 57 column 1 function <usize as kani::rustc_intrinsics::ToISize>::to_isize thread 0
aborting path on assume(false) at file /home/runner/work/kani/kani/library/kani/src/lib.rs line 57 column 1 function <usize as kani::rustc_intrinsics::ToISize>::to_isize thread 0
aborting path on assume(false) at file /home/runner/work/kani/kani/library/kani/src/lib.rs line 57 column 1 function kani::mem::cbmc::same_allocation thread 0
aborting path on assume(false) at file /home/runner/.rustup/toolchains/nightly-2025-11-21-x86_64-unknown-linux-gnu/lib/rustlib/src/rust/library/core/src/slice/index.rs line 40 column 9 function core::slice::index::slice_index_fail::do_panic::runtime thread 0
aborting path on assume(false) at file /home/runner/.rustup/toolchains/nightly-2025-11-21-x86_64-unknown-linux-gnu/lib/rustlib/src/rust/library/core/src/intrinsics/mod.rs line 2449 column 9 function core::slice::index::slice_index_fail::do_panic thread 0
aborting path on assume(false) at file /home/runner/.rustup/toolchains/nightly-2025-11-21-x86_64-unknown-linux-gnu/lib/rustlib/src/rust/library/core/src/panic.rs line 178 column 9 function core::slice::index::slice_index_fail thread 0
aborting path on assume(false) at file /home/runner/.rustup/toolchains/nightly-2025-11-21-x86_64-unknown-linux-gnu/lib/rustlib/src/rust/library/core/src/slice/index.rs line 49 column 9 function core::slice::index::slice_index_fail::do_panic::runtime thread 0
aborting path on assume(false) at file /home/runner/.rustup/toolchains/nightly-2025-11-21-x86_64-unknown-linux-gnu/lib/rustlib/src/rust/library/core/src/intrinsics/mod.rs line 2449 column 9 function core::slice::index::slice_index_fail::do_panic thread 0
aborting path on assume(false) at file /home/runner/.rustup/toolchains/nightly-2025-11-21-x86_64-unknown-linux-gnu/lib/rustlib/src/rust/library/core/src/panic.rs line 178 column 9 function core::slice::index::slice_index_fail thread 0
aborting path on assume(false) at file /home/runner/.rustup/toolchains/nightly-2025-11-21-x86_64-unknown-linux-gnu/lib/rustlib/src/rust/library/core/src/slice/index.rs line 58 column 9 function core::slice::index::slice_index_fail::do_panic::runtime thread 0
aborting path on assume(false) at file /home/runner/.rustup/toolchains/nightly-2025-11-21-x86_64-unknown-linux-gnu/lib/rustlib/src/rust/library/core/src/intrinsics/mod.rs line 2449 column 9 function core::slice::index::slice_index_fail::do_panic thread 0
aborting path on assume(false) at file /home/runner/.rustup/toolchains/nightly-2025-11-21-x86_64-unknown-linux-gnu/lib/rustlib/src/rust/library/core/src/panic.rs line 178 column 9 function core::slice::index::slice_index_fail thread 0
aborting path on assume(false) at file /home/runner/.rustup/toolchains/nightly-2025-11-21-x86_64-unknown-linux-gnu/lib/rustlib/src/rust/library/core/src/slice/index.rs line 68 column 5 function core::slice::index::slice_index_fail::do_panic::runtime thread 0
aborting path on assume(false) at file /home/runner/.rustup/toolchains/nightly-2025-11-21-x86_64-unknown-linux-gnu/lib/rustlib/src/rust/library/core/src/intrinsics/mod.rs line 2449 column 9 function core::slice::index::slice_index_fail::do_panic thread 0
aborting path on assume(false) at file /home/runner/.rustup/toolchains/nightly-2025-11-21-x86_64-unknown-linux-gnu/lib/rustlib/src/rust/library/core/src/panic.rs line 178 column 9 function core::slice::index::slice_index_fail thread 0
aborting path on assume(false) at file /home/runner/.rustup/toolchains/nightly-2025-11-21-x86_64-unknown-linux-gnu/lib/rustlib/src/rust/library/core/src/slice/index.rs line 443 column 13 function <std::ops::Range<usize> as std::slice::SliceIndex<[u8]>>::index thread 0
aborting path on assume(false) at file /home/runner/.rustup/toolchains/nightly-2025-11-21-x86_64-unknown-linux-gnu/lib/rustlib/src/rust/library/core/src/result.rs line 966 column 15 function std::result::Result::<(tlv::Tlv<'_>, usize), tlv::TlvError>::map_err::<x509_tbs_certificate::TbsCertificateError, fn(tlv::TlvError) -> x509_tbs_certificate::TbsCertificateError {x509_tbs_certificate::TbsCertificateError::BadSerialTlv}> thread 0
aborting path on assume(false) at file /home/runner/.rustup/toolchains/nightly-2025-11-21-x86_64-unknown-linux-gnu/lib/rustlib/src/rust/library/core/src/result.rs line 2173 column 15 function <std::result::Result<(tlv::Tlv<'_>, usize), x509_tbs_certificate::TbsCertificateError> as std::ops::Try>::branch thread 0
aborting path on assume(false) at file /home/runner/.rustup/toolchains/nightly-2025-11-21-x86_64-unknown-linux-gnu/lib/rustlib/src/rust/library/core/src/result.rs line 966 column 15 function std::result::Result::<(), big_integer::BigIntError>::map_err::<x509_tbs_certificate::TbsCertificateError, fn(big_integer::BigIntError) -> x509_tbs_certificate::TbsCertificateError {x509_tbs_certificate::TbsCertificateError::BadSerial}> thread 0
aborting path on assume(false) at file /home/runner/.rustup/toolchains/nightly-2025-11-21-x86_64-unknown-linux-gnu/lib/rustlib/src/rust/library/core/src/result.rs line 2173 column 15 function <std::result::Result<(), x509_tbs_certificate::TbsCertificateError> as std::ops::Try>::branch thread 0
aborting path on assume(false) at file /home/runner/.rustup/toolchains/nightly-2025-11-21-x86_64-unknown-linux-gnu/lib/rustlib/src/rust/library/core/src/slice/index.rs line 40 column 9 function core::slice::index::slice_index_fail::do_panic::runtime thread 0
aborting path on assume(false) at file /home/runner/.rustup/toolchains/nightly-2025-11-21-x86_64-unknown-linux-gnu/lib/rustlib/src/rust/library/core/src/intrinsics/mod.rs line 2449 column 9 function core::slice::index::slice_index_fail::do_panic thread 0
aborting path on assume(false) at file /home/runner/.rustup/toolchains/nightly-2025-11-21-x86_64-unknown-linux-gnu/lib/rustlib/src/rust/library/core/src/panic.rs line 178 column 9 function core::slice::index::slice_index_fail thread 0
aborting path on assume(false) at file /home/runner/.rustup/toolchains/nightly-2025-11-21-x86_64-unknown-linux-gnu/lib/rustlib/src/rust/library/core/src/slice/index.rs line 49 column 9 function core::slice::index::slice_index_fail::do_panic::runtime thread 0
aborting path on assume(false) at file /home/runner/.rustup/toolchains/nightly-2025-11-21-x86_64-unknown-linux-gnu/lib/rustlib/src/rust/library/core/src/intrinsics/mod.rs line 2449 column 9 function core::slice::index::slice_index_fail::do_panic thread 0
aborting path on assume(false) at file /home/runner/.rustup/toolchains/nightly-2025-11-21-x86_64-unknown-linux-gnu/lib/rustlib/src/rust/library/core/src/panic.rs line 178 column 9 function core::slice::index::slice_index_fail thread 0
aborting path on assume(false) at file /home/runner/.rustup/toolchains/nightly-2025-11-21-x86_64-unknown-linux-gnu/lib/rustlib/src/rust/library/core/src/slice/index.rs line 58 column 9 function core::slice::index::slice_index_fail::do_panic::runtime thread 0
aborting path on assume(false) at file /home/runner/.rustup/toolchains/nightly-2025-11-21-x86_64-unknown-linux-gnu/lib/rustlib/src/rust/library/core/src/intrinsics/mod.rs line 2449 column 9 function core::slice::index::slice_index_fail::do_panic thread 0
aborting path on assume(false) at file /home/runner/.rustup/toolchains/nightly-2025-11-21-x86_64-unknown-linux-gnu/lib/rustlib/src/rust/library/core/src/panic.rs line 178 column 9 function core::slice::index::slice_index_fail thread 0
aborting path on assume(false) at file /home/runner/.rustup/toolchains/nightly-2025-11-21-x86_64-unknown-linux-gnu/lib/rustlib/src/rust/library/core/src/slice/index.rs line 68 column 5 function core::slice::index::slice_index_fail::do_panic::runtime thread 0
aborting path on assume(false) at file /home/runner/.rustup/toolchains/nightly-2025-11-21-x86_64-unknown-linux-gnu/lib/rustlib/src/rust/library/core/src/intrinsics/mod.rs line 2449 column 9 function core::slice::index::slice_index_fail::do_panic thread 0
aborting path on assume(false) at file /home/runner/.rustup/toolchains/nightly-2025-11-21-x86_64-unknown-linux-gnu/lib/rustlib/src/rust/library/core/src/panic.rs line 178 column 9 function core::slice::index::slice_index_fail thread 0
aborting path on assume(false) at file /home/runner/.rustup/toolchains/nightly-2025-11-21-x86_64-unknown-linux-gnu/lib/rustlib/src/rust/library/core/src/slice/index.rs line 569 column 13 function <std::ops::RangeFrom<usize> as std::slice::SliceIndex<[u8]>>::index thread 0
aborting path on assume(false) at file /home/runner/work/kani/kani/library/kani_core/src/models.rs line 176 column 17 function <usize as kani::rustc_intrinsics::ToISize>::to_isize thread 0
aborting path on assume(false) at file /home/runner/work/kani/kani/library/kani/src/lib.rs line 57 column 1 function <usize as kani::rustc_intrinsics::ToISize>::to_isize thread 0
aborting path on assume(false) at file /home/runner/work/kani/kani/library/kani/src/lib.rs line 57 column 1 function <usize as kani::rustc_intrinsics::ToISize>::to_isize thread 0
aborting path on assume(false) at file /home/runner/work/kani/kani/library/kani/src/lib.rs line 57 column 1 function kani::mem::cbmc::same_allocation thread 0
aborting path on assume(false) at file /home/runner/.rustup/toolchains/nightly-2025-11-21-x86_64-unknown-linux-gnu/lib/rustlib/src/rust/library/core/src/slice/index.rs line 40 column 9 function core::slice::index::slice_index_fail::do_panic::runtime thread 0
aborting path on assume(false) at file /home/runner/.rustup/toolchains/nightly-2025-11-21-x86_64-unknown-linux-gnu/lib/rustlib/src/rust/library/core/src/intrinsics/mod.rs line 2449 column 9 function core::slice::index::slice_index_fail::do_panic thread 0
aborting path on assume(false) at file /home/runner/.rustup/toolchains/nightly-2025-11-21-x86_64-unknown-linux-gnu/lib/rustlib/src/rust/library/core/src/panic.rs line 178 column 9 function core::slice::index::slice_index_fail thread 0
aborting path on assume(false) at file /home/runner/.rustup/toolchains/nightly-2025-11-21-x86_64-unknown-linux-gnu/lib/rustlib/src/rust/library/core/src/slice/index.rs line 49 column 9 function core::slice::index::slice_index_fail::do_panic::runtime thread 0
aborting path on assume(false) at file /home/runner/.rustup/toolchains/nightly-2025-11-21-x86_64-unknown-linux-gnu/lib/rustlib/src/rust/library/core/src/intrinsics/mod.rs line 2449 column 9 function core::slice::index::slice_index_fail::do_panic thread 0
aborting path on assume(false) at file /home/runner/.rustup/toolchains/nightly-2025-11-21-x86_64-unknown-linux-gnu/lib/rustlib/src/rust/library/core/src/panic.rs line 178 column 9 function core::slice::index::slice_index_fail thread 0
aborting path on assume(false) at file /home/runner/.rustup/toolchains/nightly-2025-11-21-x86_64-unknown-linux-gnu/lib/rustlib/src/rust/library/core/src/slice/index.rs line 58 column 9 function core::slice::index::slice_index_fail::do_panic::runtime thread 0
aborting path on assume(false) at file /home/runner/.rustup/toolchains/nightly-2025-11-21-x86_64-unknown-linux-gnu/lib/rustlib/src/rust/library/core/src/intrinsics/mod.rs line 2449 column 9 function core::slice::index::slice_index_fail::do_panic thread 0
aborting path on assume(false) at file /home/runner/.rustup/toolchains/nightly-2025-11-21-x86_64-unknown-linux-gnu/lib/rustlib/src/rust/library/core/src/panic.rs line 178 column 9 function core::slice::index::slice_index_fail thread 0
aborting path on assume(false) at file /home/runner/.rustup/toolchains/nightly-2025-11-21-x86_64-unknown-linux-gnu/lib/rustlib/src/rust/library/core/src/slice/index.rs line 68 column 5 function core::slice::index::slice_index_fail::do_panic::runtime thread 0
aborting path on assume(false) at file /home/runner/.rustup/toolchains/nightly-2025-11-21-x86_64-unknown-linux-gnu/lib/rustlib/src/rust/library/core/src/intrinsics/mod.rs line 2449 column 9 function core::slice::index::slice_index_fail::do_panic thread 0
aborting path on assume(false) at file /home/runner/.rustup/toolchains/nightly-2025-11-21-x86_64-unknown-linux-gnu/lib/rustlib/src/rust/library/core/src/panic.rs line 178 column 9 function core::slice::index::slice_index_fail thread 0
aborting path on assume(false) at file /home/runner/.rustup/toolchains/nightly-2025-11-21-x86_64-unknown-linux-gnu/lib/rustlib/src/rust/library/core/src/slice/index.rs line 569 column 13 function <std::ops::RangeFrom<usize> as std::slice::SliceIndex<[u8]>>::index thread 0
aborting path on assume(false) at file /home/runner/work/kani/kani/library/kani_core/src/models.rs line 176 column 17 function <usize as kani::rustc_intrinsics::ToISize>::to_isize thread 0
aborting path on assume(false) at file /home/runner/work/kani/kani/library/kani/src/lib.rs line 57 column 1 function <usize as kani::rustc_intrinsics::ToISize>::to_isize thread 0
aborting path on assume(false) at file /home/runner/work/kani/kani/library/kani/src/lib.rs line 57 column 1 function <usize as kani::rustc_intrinsics::ToISize>::to_isize thread 0
aborting path on assume(false) at file /home/runner/work/kani/kani/library/kani/src/lib.rs line 57 column 1 function kani::mem::cbmc::same_allocation thread 0
Unwinding loop _RNvNtCsjJ4BRyaQv62_12der_verified3tag10decode_tag.0 iteration 1 file der-verified/src/tag.rs line 137 column 49 function tag::decode_tag thread 0
Unwinding loop _RNvNtCsjJ4BRyaQv62_12der_verified3tag10decode_tag.0 iteration 2 file der-verified/src/tag.rs line 137 column 49 function tag::decode_tag thread 0
Unwinding loop _RNvNtCsjJ4BRyaQv62_12der_verified3tag10decode_tag.0 iteration 3 file der-verified/src/tag.rs line 137 column 49 function tag::decode_tag thread 0
Unwinding loop _RNvNtCsjJ4BRyaQv62_12der_verified3tag10decode_tag.0 iteration 4 file der-verified/src/tag.rs line 137 column 49 function tag::decode_tag thread 0
Unwinding loop _RNvNtCsjJ4BRyaQv62_12der_verified3tag10decode_tag.0 iteration 5 file der-verified/src/tag.rs line 137 column 49 function tag::decode_tag thread 0
Unwinding loop _RNvNtCsjJ4BRyaQv62_12der_verified3tag10decode_tag.0 iteration 6 file der-verified/src/tag.rs line 137 column 49 function tag::decode_tag thread 0
Unwinding loop _RNvNtCsjJ4BRyaQv62_12der_verified3tag10decode_tag.0 iteration 7 file der-verified/src/tag.rs line 137 column 49 function tag::decode_tag thread 0
Unwinding loop _RNvNtCsjJ4BRyaQv62_12der_verified3tag10decode_tag.0 iteration 8 file der-verified/src/tag.rs line 137 column 49 function tag::decode_tag thread 0
Unwinding loop _RNvNtCsjJ4BRyaQv62_12der_verified3tag10decode_tag.0 iteration 9 file der-verified/src/tag.rs line 137 column 49 function tag::decode_tag thread 0
Unwinding loop _RNvNtCsjJ4BRyaQv62_12der_verified3tag10decode_tag.0 iteration 10 file der-verified/src/tag.rs line 137 column 49 function tag::decode_tag thread 0
Unwinding loop _RNvNtCsjJ4BRyaQv62_12der_verified3tag10decode_tag.0 iteration 11 file der-verified/src/tag.rs line 137 column 49 function tag::decode_tag thread 0
Not unwinding loop _RNvNtCsjJ4BRyaQv62_12der_verified3tag10decode_tag.0 iteration 12 file der-verified/src/tag.rs line 137 column 49 function tag::decode_tag thread 0
aborting path on assume(false) at file /home/runner/.rustup/toolchains/nightly-2025-11-21-x86_64-unknown-linux-gnu/lib/rustlib/src/rust/library/core/src/result.rs line 2173 column 15 function <std::result::Result<(u32, usize), tag::TagError> as std::ops::Try>::branch thread 0
aborting path on assume(false) at file der-verified/src/lib.rs line 0 column 0 function tag::decode_tag thread 0
aborting path on assume(false) at file /home/runner/.rustup/toolchains/nightly-2025-11-21-x86_64-unknown-linux-gnu/lib/rustlib/src/rust/library/core/src/result.rs line 966 column 15 function std::result::Result::<(tag::Tag, usize), tag::TagError>::map_err::<tlv::TlvError, {closure@der-verified/src/tlv.rs:71:51: 71:54}> thread 0
aborting path on assume(false) at file /home/runner/.rustup/toolchains/nightly-2025-11-21-x86_64-unknown-linux-gnu/lib/rustlib/src/rust/library/core/src/result.rs line 2173 column 15 function <std::result::Result<(tag::Tag, usize), tlv::TlvError> as std::ops::Try>::branch thread 0
aborting path on assume(false) at file /home/runner/.rustup/toolchains/nightly-2025-11-21-x86_64-unknown-linux-gnu/lib/rustlib/src/rust/library/core/src/slice/index.rs line 40 column 9 function core::slice::index::slice_index_fail::do_panic::runtime thread 0
aborting path on assume(false) at file /home/runner/.rustup/toolchains/nightly-2025-11-21-x86_64-unknown-linux-gnu/lib/rustlib/src/rust/library/core/src/intrinsics/mod.rs line 2449 column 9 function core::slice::index::slice_index_fail::do_panic thread 0
aborting path on assume(false) at file /home/runner/.rustup/toolchains/nightly-2025-11-21-x86_64-unknown-linux-gnu/lib/rustlib/src/rust/library/core/src/panic.rs line 178 column 9 function core::slice::index::slice_index_fail thread 0
aborting path on assume(false) at file /home/runner/.rustup/toolchains/nightly-2025-11-21-x86_64-unknown-linux-gnu/lib/rustlib/src/rust/library/core/src/slice/index.rs line 49 column 9 function core::slice::index::slice_index_fail::do_panic::runtime thread 0
aborting path on assume(false) at file /home/runner/.rustup/toolchains/nightly-2025-11-21-x86_64-unknown-linux-gnu/lib/rustlib/src/rust/library/core/src/intrinsics/mod.rs line 2449 column 9 function core::slice::index::slice_index_fail::do_panic thread 0
aborting path on assume(false) at file /home/runner/.rustup/toolchains/nightly-2025-11-21-x86_64-unknown-linux-gnu/lib/rustlib/src/rust/library/core/src/panic.rs line 178 column 9 function core::slice::index::slice_index_fail thread 0
aborting path on assume(false) at file /home/runner/.rustup/toolchains/nightly-2025-11-21-x86_64-unknown-linux-gnu/lib/rustlib/src/rust/library/core/src/slice/index.rs line 58 column 9 function core::slice::index::slice_index_fail::do_panic::runtime thread 0
aborting path on assume(false) at file /home/runner/.rustup/toolchains/nightly-2025-11-21-x86_64-unknown-linux-gnu/lib/rustlib/src/rust/library/core/src/intrinsics/mod.rs line 2449 column 9 function core::slice::index::slice_index_fail::do_panic thread 0
aborting path on assume(false) at file /home/runner/.rustup/toolchains/nightly-2025-11-21-x86_64-unknown-linux-gnu/lib/rustlib/src/rust/library/core/src/panic.rs line 178 column 9 function core::slice::index::slice_index_fail thread 0
aborting path on assume(false) at file /home/runner/.rustup/toolchains/nightly-2025-11-21-x86_64-unknown-linux-gnu/lib/rustlib/src/rust/library/core/src/slice/index.rs line 68 column 5 function core::slice::index::slice_index_fail::do_panic::runtime thread 0
aborting path on assume(false) at file /home/runner/.rustup/toolchains/nightly-2025-11-21-x86_64-unknown-linux-gnu/lib/rustlib/src/rust/library/core/src/intrinsics/mod.rs line 2449 column 9 function core::slice::index::slice_index_fail::do_panic thread 0
aborting path on assume(false) at file /home/runner/.rustup/toolchains/nightly-2025-11-21-x86_64-unknown-linux-gnu/lib/rustlib/src/rust/library/core/src/panic.rs line 178 column 9 function core::slice::index::slice_index_fail thread 0
aborting path on assume(false) at file /home/runner/.rustup/toolchains/nightly-2025-11-21-x86_64-unknown-linux-gnu/lib/rustlib/src/rust/library/core/src/slice/index.rs line 569 column 13 function <std::ops::RangeFrom<usize> as std::slice::SliceIndex<[u8]>>::index thread 0
aborting path on assume(false) at file /home/runner/work/kani/kani/library/kani_core/src/models.rs line 176 column 17 function <usize as kani::rustc_intrinsics::ToISize>::to_isize thread 0
aborting path on assume(false) at file /home/runner/work/kani/kani/library/kani/src/lib.rs line 57 column 1 function <usize as kani::rustc_intrinsics::ToISize>::to_isize thread 0
aborting path on assume(false) at file /home/runner/work/kani/kani/library/kani/src/lib.rs line 57 column 1 function <usize as kani::rustc_intrinsics::ToISize>::to_isize thread 0
aborting path on assume(false) at file /home/runner/work/kani/kani/library/kani/src/lib.rs line 57 column 1 function kani::mem::cbmc::same_allocation thread 0
aborting path on assume(false) at file der-verified/src/length.rs line 75 column 23 function length::decode_length thread 0
aborting path on assume(false) at file /home/runner/.rustup/toolchains/nightly-2025-11-21-x86_64-unknown-linux-gnu/lib/rustlib/src/rust/library/core/src/slice/index.rs line 435 column 5 function <std::ops::Range<usize> as std::slice::SliceIndex<[u8]>>::index thread 0
aborting path on assume(false) at file /home/runner/work/kani/kani/library/kani/src/lib.rs line 57 column 1 function kani::mem::cbmc::same_allocation thread 0
aborting path on assume(false) at file /home/runner/.rustup/toolchains/nightly-2025-11-21-x86_64-unknown-linux-gnu/lib/rustlib/src/rust/library/core/src/slice/index.rs line 40 column 9 function core::slice::index::slice_index_fail::do_panic::runtime thread 0
aborting path on assume(false) at file /home/runner/.rustup/toolchains/nightly-2025-11-21-x86_64-unknown-linux-gnu/lib/rustlib/src/rust/library/core/src/intrinsics/mod.rs line 2449 column 9 function core::slice::index::slice_index_fail::do_panic thread 0
aborting path on assume(false) at file /home/runner/.rustup/toolchains/nightly-2025-11-21-x86_64-unknown-linux-gnu/lib/rustlib/src/rust/library/core/src/panic.rs line 178 column 9 function core::slice::index::slice_index_fail thread 0
aborting path on assume(false) at file /home/runner/.rustup/toolchains/nightly-2025-11-21-x86_64-unknown-linux-gnu/lib/rustlib/src/rust/library/core/src/slice/index.rs line 49 column 9 function core::slice::index::slice_index_fail::do_panic::runtime thread 0
aborting path on assume(false) at file /home/runner/.rustup/toolchains/nightly-2025-11-21-x86_64-unknown-linux-gnu/lib/rustlib/src/rust/library/core/src/intrinsics/mod.rs line 2449 column 9 function core::slice::index::slice_index_fail::do_panic thread 0
aborting path on assume(false) at file /home/runner/.rustup/toolchains/nightly-2025-11-21-x86_64-unknown-linux-gnu/lib/rustlib/src/rust/library/core/src/panic.rs line 178 column 9 function core::slice::index::slice_index_fail thread 0
aborting path on assume(false) at file /home/runner/.rustup/toolchains/nightly-2025-11-21-x86_64-unknown-linux-gnu/lib/rustlib/src/rust/library/core/src/slice/index.rs line 58 column 9 function core::slice::index::slice_index_fail::do_panic::runtime thread 0
aborting path on assume(false) at file /home/runner/.rustup/toolchains/nightly-2025-11-21-x86_64-unknown-linux-gnu/lib/rustlib/src/rust/library/core/src/intrinsics/mod.rs line 2449 column 9 function core::slice::index::slice_index_fail::do_panic thread 0
aborting path on assume(false) at file /home/runner/.rustup/toolchains/nightly-2025-11-21-x86_64-unknown-linux-gnu/lib/rustlib/src/rust/library/core/src/panic.rs line 178 column 9 function core::slice::index::slice_index_fail thread 0
aborting path on assume(false) at file /home/runner/.rustup/toolchains/nightly-2025-11-21-x86_64-unknown-linux-gnu/lib/rustlib/src/rust/library/core/src/slice/index.rs line 68 column 5 function core::slice::index::slice_index_fail::do_panic::runtime thread 0
aborting path on assume(false) at file /home/runner/.rustup/toolchains/nightly-2025-11-21-x86_64-unknown-linux-gnu/lib/rustlib/src/rust/library/core/src/intrinsics/mod.rs line 2449 column 9 function core::slice::index::slice_index_fail::do_panic thread 0
aborting path on assume(false) at file /home/runner/.rustup/toolchains/nightly-2025-11-21-x86_64-unknown-linux-gnu/lib/rustlib/src/rust/library/core/src/panic.rs line 178 column 9 function core::slice::index::slice_index_fail thread 0
aborting path on assume(false) at file /home/runner/.rustup/toolchains/nightly-2025-11-21-x86_64-unknown-linux-gnu/lib/rustlib/src/rust/library/core/src/slice/index.rs line 443 column 13 function <std::ops::Range<usize> as std::slice::SliceIndex<[u8]>>::index thread 0
Unwinding loop _RNvNtCsjJ4BRyaQv62_12der_verified6length13decode_length.0 iteration 1 file der-verified/src/length.rs line 101 column 5 function length::decode_length thread 0
Unwinding loop _RNvNtCsjJ4BRyaQv62_12der_verified6length13decode_length.0 iteration 2 file der-verified/src/length.rs line 101 column 5 function length::decode_length thread 0
Unwinding loop _RNvNtCsjJ4BRyaQv62_12der_verified6length13decode_length.0 iteration 3 file der-verified/src/length.rs line 101 column 5 function length::decode_length thread 0
Unwinding loop _RNvNtCsjJ4BRyaQv62_12der_verified6length13decode_length.0 iteration 4 file der-verified/src/length.rs line 101 column 5 function length::decode_length thread 0
Unwinding loop _RNvNtCsjJ4BRyaQv62_12der_verified6length13decode_length.0 iteration 5 file der-verified/src/length.rs line 101 column 5 function length::decode_length thread 0
Unwinding loop _RNvNtCsjJ4BRyaQv62_12der_verified6length13decode_length.0 iteration 6 file der-verified/src/length.rs line 101 column 5 function length::decode_length thread 0
Unwinding loop _RNvNtCsjJ4BRyaQv62_12der_verified6length13decode_length.0 iteration 7 file der-verified/src/length.rs line 101 column 5 function length::decode_length thread 0
Unwinding loop _RNvNtCsjJ4BRyaQv62_12der_verified6length13decode_length.0 iteration 8 file der-verified/src/length.rs line 101 column 5 function length::decode_length thread 0
Unwinding loop _RNvNtCsjJ4BRyaQv62_12der_verified6length13decode_length.0 iteration 9 file der-verified/src/length.rs line 101 column 5 function length::decode_length thread 0
Unwinding loop _RNvNtCsjJ4BRyaQv62_12der_verified6length13decode_length.0 iteration 10 file der-verified/src/length.rs line 101 column 5 function length::decode_length thread 0
Unwinding loop _RNvNtCsjJ4BRyaQv62_12der_verified6length13decode_length.0 iteration 11 file der-verified/src/length.rs line 101 column 5 function length::decode_length thread 0
Not unwinding loop _RNvNtCsjJ4BRyaQv62_12der_verified6length13decode_length.0 iteration 12 file der-verified/src/length.rs line 101 column 5 function length::decode_length thread 0
aborting path on assume(false) at file /home/runner/.rustup/toolchains/nightly-2025-11-21-x86_64-unknown-linux-gnu/lib/rustlib/src/rust/library/core/src/result.rs line 966 column 15 function std::result::Result::<(u32, usize), length::LengthError>::map_err::<tlv::TlvError, {closure@der-verified/src/tlv.rs:73:69: 73:72}> thread 0
aborting path on assume(false) at file /home/runner/.rustup/toolchains/nightly-2025-11-21-x86_64-unknown-linux-gnu/lib/rustlib/src/rust/library/core/src/result.rs line 2173 column 15 function <std::result::Result<(u32, usize), tlv::TlvError> as std::ops::Try>::branch thread 0
aborting path on assume(false) at file der-verified/src/lib.rs line 0 column 0 function tlv::decode_tlv thread 0
aborting path on assume(false) at file /home/runner/.rustup/toolchains/nightly-2025-11-21-x86_64-unknown-linux-gnu/lib/rustlib/src/rust/library/core/src/slice/index.rs line 435 column 5 function <std::ops::Range<usize> as std::slice::SliceIndex<[u8]>>::index thread 0
aborting path on assume(false) at file /home/runner/work/kani/kani/library/kani_core/src/models.rs line 176 column 17 function <usize as kani::rustc_intrinsics::ToISize>::to_isize thread 0
aborting path on assume(false) at file /home/runner/work/kani/kani/library/kani/src/lib.rs line 57 column 1 function <usize as kani::rustc_intrinsics::ToISize>::to_isize thread 0
aborting path on assume(false) at file /home/runner/work/kani/kani/library/kani/src/lib.rs line 57 column 1 function <usize as kani::rustc_intrinsics::ToISize>::to_isize thread 0
aborting path on assume(false) at file /home/runner/work/kani/kani/library/kani/src/lib.rs line 57 column 1 function kani::mem::cbmc::same_allocation thread 0
aborting path on assume(false) at file /home/runner/.rustup/toolchains/nightly-2025-11-21-x86_64-unknown-linux-gnu/lib/rustlib/src/rust/library/core/src/slice/index.rs line 40 column 9 function core::slice::index::slice_index_fail::do_panic::runtime thread 0
aborting path on assume(false) at file /home/runner/.rustup/toolchains/nightly-2025-11-21-x86_64-unknown-linux-gnu/lib/rustlib/src/rust/library/core/src/intrinsics/mod.rs line 2449 column 9 function core::slice::index::slice_index_fail::do_panic thread 0
aborting path on assume(false) at file /home/runner/.rustup/toolchains/nightly-2025-11-21-x86_64-unknown-linux-gnu/lib/rustlib/src/rust/library/core/src/panic.rs line 178 column 9 function core::slice::index::slice_index_fail thread 0
aborting path on assume(false) at file /home/runner/.rustup/toolchains/nightly-2025-11-21-x86_64-unknown-linux-gnu/lib/rustlib/src/rust/library/core/src/slice/index.rs line 49 column 9 function core::slice::index::slice_index_fail::do_panic::runtime thread 0
aborting path on assume(false) at file /home/runner/.rustup/toolchains/nightly-2025-11-21-x86_64-unknown-linux-gnu/lib/rustlib/src/rust/library/core/src/intrinsics/mod.rs line 2449 column 9 function core::slice::index::slice_index_fail::do_panic thread 0
aborting path on assume(false) at file /home/runner/.rustup/toolchains/nightly-2025-11-21-x86_64-unknown-linux-gnu/lib/rustlib/src/rust/library/core/src/panic.rs line 178 column 9 function core::slice::index::slice_index_fail thread 0
aborting path on assume(false) at file /home/runner/.rustup/toolchains/nightly-2025-11-21-x86_64-unknown-linux-gnu/lib/rustlib/src/rust/library/core/src/slice/index.rs line 58 column 9 function core::slice::index::slice_index_fail::do_panic::runtime thread 0
aborting path on assume(false) at file /home/runner/.rustup/toolchains/nightly-2025-11-21-x86_64-unknown-linux-gnu/lib/rustlib/src/rust/library/core/src/intrinsics/mod.rs line 2449 column 9 function core::slice::index::slice_index_fail::do_panic thread 0
aborting path on assume(false) at file /home/runner/.rustup/toolchains/nightly-2025-11-21-x86_64-unknown-linux-gnu/lib/rustlib/src/rust/library/core/src/panic.rs line 178 column 9 function core::slice::index::slice_index_fail thread 0
aborting path on assume(false) at file /home/runner/.rustup/toolchains/nightly-2025-11-21-x86_64-unknown-linux-gnu/lib/rustlib/src/rust/library/core/src/slice/index.rs line 68 column 5 function core::slice::index::slice_index_fail::do_panic::runtime thread 0
aborting path on assume(false) at file /home/runner/.rustup/toolchains/nightly-2025-11-21-x86_64-unknown-linux-gnu/lib/rustlib/src/rust/library/core/src/intrinsics/mod.rs line 2449 column 9 function core::slice::index::slice_index_fail::do_panic thread 0
aborting path on assume(false) at file /home/runner/.rustup/toolchains/nightly-2025-11-21-x86_64-unknown-linux-gnu/lib/rustlib/src/rust/library/core/src/panic.rs line 178 column 9 function core::slice::index::slice_index_fail thread 0
aborting path on assume(false) at file /home/runner/.rustup/toolchains/nightly-2025-11-21-x86_64-unknown-linux-gnu/lib/rustlib/src/rust/library/core/src/slice/index.rs line 443 column 13 function <std::ops::Range<usize> as std::slice::SliceIndex<[u8]>>::index thread 0
aborting path on assume(false) at file /home/runner/.rustup/toolchains/nightly-2025-11-21-x86_64-unknown-linux-gnu/lib/rustlib/src/rust/library/core/src/result.rs line 966 column 15 function std::result::Result::<(tlv::Tlv<'_>, usize), tlv::TlvError>::map_err::<sequence::SequenceError, {closure@der-verified/src/sequence.rs:157:49: 157:52}> thread 0
aborting path on assume(false) at file /home/runner/.rustup/toolchains/nightly-2025-11-21-x86_64-unknown-linux-gnu/lib/rustlib/src/rust/library/core/src/result.rs line 2173 column 15 function <std::result::Result<(tlv::Tlv<'_>, usize), sequence::SequenceError> as std::ops::Try>::branch thread 0
aborting path on assume(false) at file der-verified/src/sequence.rs line 157 column 23 function sequence::decode_sequence_tlv thread 0
aborting path on assume(false) at file /home/runner/.rustup/toolchains/nightly-2025-11-21-x86_64-unknown-linux-gnu/lib/rustlib/src/rust/library/core/src/result.rs line 966 column 15 function std::result::Result::<(&[u8], usize), sequence::SequenceError>::map_err::<x509_algorithm_identifier::AlgIdError, fn(sequence::SequenceError) -> x509_algorithm_identifier::AlgIdError {x509_algorithm_identifier::AlgIdError::BadSeq}> thread 0
aborting path on assume(false) at file /home/runner/.rustup/toolchains/nightly-2025-11-21-x86_64-unknown-linux-gnu/lib/rustlib/src/rust/library/core/src/result.rs line 2173 column 15 function <std::result::Result<(&[u8], usize), x509_algorithm_identifier::AlgIdError> as std::ops::Try>::branch thread 0
Unwinding loop _RNvNtCsjJ4BRyaQv62_12der_verified3tag10decode_tag.0 iteration 1 file der-verified/src/tag.rs line 137 column 49 function tag::decode_tag thread 0
Unwinding loop _RNvNtCsjJ4BRyaQv62_12der_verified3tag10decode_tag.0 iteration 2 file der-verified/src/tag.rs line 137 column 49 function tag::decode_tag thread 0
Unwinding loop _RNvNtCsjJ4BRyaQv62_12der_verified3tag10decode_tag.0 iteration 3 file der-verified/src/tag.rs line 137 column 49 function tag::decode_tag thread 0
Unwinding loop _RNvNtCsjJ4BRyaQv62_12der_verified3tag10decode_tag.0 iteration 4 file der-verified/src/tag.rs line 137 column 49 function tag::decode_tag thread 0
Unwinding loop _RNvNtCsjJ4BRyaQv62_12der_verified3tag10decode_tag.0 iteration 5 file der-verified/src/tag.rs line 137 column 49 function tag::decode_tag thread 0
Unwinding loop _RNvNtCsjJ4BRyaQv62_12der_verified3tag10decode_tag.0 iteration 6 file der-verified/src/tag.rs line 137 column 49 function tag::decode_tag thread 0
Unwinding loop _RNvNtCsjJ4BRyaQv62_12der_verified3tag10decode_tag.0 iteration 7 file der-verified/src/tag.rs line 137 column 49 function tag::decode_tag thread 0
Unwinding loop _RNvNtCsjJ4BRyaQv62_12der_verified3tag10decode_tag.0 iteration 8 file der-verified/src/tag.rs line 137 column 49 function tag::decode_tag thread 0
Unwinding loop _RNvNtCsjJ4BRyaQv62_12der_verified3tag10decode_tag.0 iteration 9 file der-verified/src/tag.rs line 137 column 49 function tag::decode_tag thread 0
Unwinding loop _RNvNtCsjJ4BRyaQv62_12der_verified3tag10decode_tag.0 iteration 10 file der-verified/src/tag.rs line 137 column 49 function tag::decode_tag thread 0
Unwinding loop _RNvNtCsjJ4BRyaQv62_12der_verified3tag10decode_tag.0 iteration 11 file der-verified/src/tag.rs line 137 column 49 function tag::decode_tag thread 0
Not unwinding loop _RNvNtCsjJ4BRyaQv62_12der_verified3tag10decode_tag.0 iteration 12 file der-verified/src/tag.rs line 137 column 49 function tag::decode_tag thread 0
aborting path on assume(false) at file /home/runner/.rustup/toolchains/nightly-2025-11-21-x86_64-unknown-linux-gnu/lib/rustlib/src/rust/library/core/src/result.rs line 2173 column 15 function <std::result::Result<(u32, usize), tag::TagError> as std::ops::Try>::branch thread 0
aborting path on assume(false) at file der-verified/src/lib.rs line 0 column 0 function tag::decode_tag thread 0
aborting path on assume(false) at file /home/runner/.rustup/toolchains/nightly-2025-11-21-x86_64-unknown-linux-gnu/lib/rustlib/src/rust/library/core/src/result.rs line 966 column 15 function std::result::Result::<(tag::Tag, usize), tag::TagError>::map_err::<tlv::TlvError, {closure@der-verified/src/tlv.rs:71:51: 71:54}> thread 0
aborting path on assume(false) at file /home/runner/.rustup/toolchains/nightly-2025-11-21-x86_64-unknown-linux-gnu/lib/rustlib/src/rust/library/core/src/result.rs line 2173 column 15 function <std::result::Result<(tag::Tag, usize), tlv::TlvError> as std::ops::Try>::branch thread 0
aborting path on assume(false) at file /home/runner/.rustup/toolchains/nightly-2025-11-21-x86_64-unknown-linux-gnu/lib/rustlib/src/rust/library/core/src/slice/index.rs line 40 column 9 function core::slice::index::slice_index_fail::do_panic::runtime thread 0
aborting path on assume(false) at file /home/runner/.rustup/toolchains/nightly-2025-11-21-x86_64-unknown-linux-gnu/lib/rustlib/src/rust/library/core/src/intrinsics/mod.rs line 2449 column 9 function core::slice::index::slice_index_fail::do_panic thread 0
aborting path on assume(false) at file /home/runner/.rustup/toolchains/nightly-2025-11-21-x86_64-unknown-linux-gnu/lib/rustlib/src/rust/library/core/src/panic.rs line 178 column 9 function core::slice::index::slice_index_fail thread 0
aborting path on assume(false) at file /home/runner/.rustup/toolchains/nightly-2025-11-21-x86_64-unknown-linux-gnu/lib/rustlib/src/rust/library/core/src/slice/index.rs line 49 column 9 function core::slice::index::slice_index_fail::do_panic::runtime thread 0
aborting path on assume(false) at file /home/runner/.rustup/toolchains/nightly-2025-11-21-x86_64-unknown-linux-gnu/lib/rustlib/src/rust/library/core/src/intrinsics/mod.rs line 2449 column 9 function core::slice::index::slice_index_fail::do_panic thread 0
aborting path on assume(false) at file /home/runner/.rustup/toolchains/nightly-2025-11-21-x86_64-unknown-linux-gnu/lib/rustlib/src/rust/library/core/src/panic.rs line 178 column 9 function core::slice::index::slice_index_fail thread 0
aborting path on assume(false) at file /home/runner/.rustup/toolchains/nightly-2025-11-21-x86_64-unknown-linux-gnu/lib/rustlib/src/rust/library/core/src/slice/index.rs line 58 column 9 function core::slice::index::slice_index_fail::do_panic::runtime thread 0
aborting path on assume(false) at file /home/runner/.rustup/toolchains/nightly-2025-11-21-x86_64-unknown-linux-gnu/lib/rustlib/src/rust/library/core/src/intrinsics/mod.rs line 2449 column 9 function core::slice::index::slice_index_fail::do_panic thread 0
aborting path on assume(false) at file /home/runner/.rustup/toolchains/nightly-2025-11-21-x86_64-unknown-linux-gnu/lib/rustlib/src/rust/library/core/src/panic.rs line 178 column 9 function core::slice::index::slice_index_fail thread 0
aborting path on assume(false) at file /home/runner/.rustup/toolchains/nightly-2025-11-21-x86_64-unknown-linux-gnu/lib/rustlib/src/rust/library/core/src/slice/index.rs line 68 column 5 function core::slice::index::slice_index_fail::do_panic::runtime thread 0
aborting path on assume(false) at file /home/runner/.rustup/toolchains/nightly-2025-11-21-x86_64-unknown-linux-gnu/lib/rustlib/src/rust/library/core/src/intrinsics/mod.rs line 2449 column 9 function core::slice::index::slice_index_fail::do_panic thread 0
aborting path on assume(false) at file /home/runner/.rustup/toolchains/nightly-2025-11-21-x86_64-unknown-linux-gnu/lib/rustlib/src/rust/library/core/src/panic.rs line 178 column 9 function core::slice::index::slice_index_fail thread 0
aborting path on assume(false) at file /home/runner/.rustup/toolchains/nightly-2025-11-21-x86_64-unknown-linux-gnu/lib/rustlib/src/rust/library/core/src/slice/index.rs line 569 column 13 function <std::ops::RangeFrom<usize> as std::slice::SliceIndex<[u8]>>::index thread 0
aborting path on assume(false) at file /home/runner/work/kani/kani/library/kani_core/src/models.rs line 176 column 17 function <usize as kani::rustc_intrinsics::ToISize>::to_isize thread 0
aborting path on assume(false) at file /home/runner/work/kani/kani/library/kani/src/lib.rs line 57 column 1 function <usize as kani::rustc_intrinsics::ToISize>::to_isize thread 0
aborting path on assume(false) at file /home/runner/work/kani/kani/library/kani/src/lib.rs line 57 column 1 function <usize as kani::rustc_intrinsics::ToISize>::to_isize thread 0
aborting path on assume(false) at file /home/runner/work/kani/kani/library/kani/src/lib.rs line 57 column 1 function kani::mem::cbmc::same_allocation thread 0
aborting path on assume(false) at file der-verified/src/length.rs line 75 column 23 function length::decode_length thread 0
aborting path on assume(false) at file /home/runner/.rustup/toolchains/nightly-2025-11-21-x86_64-unknown-linux-gnu/lib/rustlib/src/rust/library/core/src/slice/index.rs line 435 column 5 function <std::ops::Range<usize> as std::slice::SliceIndex<[u8]>>::index thread 0
aborting path on assume(false) at file /home/runner/work/kani/kani/library/kani/src/lib.rs line 57 column 1 function kani::mem::cbmc::same_allocation thread 0
aborting path on assume(false) at file /home/runner/.rustup/toolchains/nightly-2025-11-21-x86_64-unknown-linux-gnu/lib/rustlib/src/rust/library/core/src/slice/index.rs line 40 column 9 function core::slice::index::slice_index_fail::do_panic::runtime thread 0
aborting path on assume(false) at file /home/runner/.rustup/toolchains/nightly-2025-11-21-x86_64-unknown-linux-gnu/lib/rustlib/src/rust/library/core/src/intrinsics/mod.rs line 2449 column 9 function core::slice::index::slice_index_fail::do_panic thread 0
aborting path on assume(false) at file /home/runner/.rustup/toolchains/nightly-2025-11-21-x86_64-unknown-linux-gnu/lib/rustlib/src/rust/library/core/src/panic.rs line 178 column 9 function core::slice::index::slice_index_fail thread 0
aborting path on assume(false) at file /home/runner/.rustup/toolchains/nightly-2025-11-21-x86_64-unknown-linux-gnu/lib/rustlib/src/rust/library/core/src/slice/index.rs line 49 column 9 function core::slice::index::slice_index_fail::do_panic::runtime thread 0
aborting path on assume(false) at file /home/runner/.rustup/toolchains/nightly-2025-11-21-x86_64-unknown-linux-gnu/lib/rustlib/src/rust/library/core/src/intrinsics/mod.rs line 2449 column 9 function core::slice::index::slice_index_fail::do_panic thread 0
aborting path on assume(false) at file /home/runner/.rustup/toolchains/nightly-2025-11-21-x86_64-unknown-linux-gnu/lib/rustlib/src/rust/library/core/src/panic.rs line 178 column 9 function core::slice::index::slice_index_fail thread 0
aborting path on assume(false) at file /home/runner/.rustup/toolchains/nightly-2025-11-21-x86_64-unknown-linux-gnu/lib/rustlib/src/rust/library/core/src/slice/index.rs line 58 column 9 function core::slice::index::slice_index_fail::do_panic::runtime thread 0
aborting path on assume(false) at file /home/runner/.rustup/toolchains/nightly-2025-11-21-x86_64-unknown-linux-gnu/lib/rustlib/src/rust/library/core/src/intrinsics/mod.rs line 2449 column 9 function core::slice::index::slice_index_fail::do_panic thread 0
aborting path on assume(false) at file /home/runner/.rustup/toolchains/nightly-2025-11-21-x86_64-unknown-linux-gnu/lib/rustlib/src/rust/library/core/src/panic.rs line 178 column 9 function core::slice::index::slice_index_fail thread 0
aborting path on assume(false) at file /home/runner/.rustup/toolchains/nightly-2025-11-21-x86_64-unknown-linux-gnu/lib/rustlib/src/rust/library/core/src/slice/index.rs line 68 column 5 function core::slice::index::slice_index_fail::do_panic::runtime thread 0
aborting path on assume(false) at file /home/runner/.rustup/toolchains/nightly-2025-11-21-x86_64-unknown-linux-gnu/lib/rustlib/src/rust/library/core/src/intrinsics/mod.rs line 2449 column 9 function core::slice::index::slice_index_fail::do_panic thread 0
aborting path on assume(false) at file /home/runner/.rustup/toolchains/nightly-2025-11-21-x86_64-unknown-linux-gnu/lib/rustlib/src/rust/library/core/src/panic.rs line 178 column 9 function core::slice::index::slice_index_fail thread 0
aborting path on assume(false) at file /home/runner/.rustup/toolchains/nightly-2025-11-21-x86_64-unknown-linux-gnu/lib/rustlib/src/rust/library/core/src/slice/index.rs line 443 column 13 function <std::ops::Range<usize> as std::slice::SliceIndex<[u8]>>::index thread 0
Unwinding loop _RNvNtCsjJ4BRyaQv62_12der_verified6length13decode_length.0 iteration 1 file der-verified/src/length.rs line 101 column 5 function length::decode_length thread 0
Unwinding loop _RNvNtCsjJ4BRyaQv62_12der_verified6length13decode_length.0 iteration 2 file der-verified/src/length.rs line 101 column 5 function length::decode_length thread 0
Unwinding loop _RNvNtCsjJ4BRyaQv62_12der_verified6length13decode_length.0 iteration 3 file der-verified/src/length.rs line 101 column 5 function length::decode_length thread 0
Unwinding loop _RNvNtCsjJ4BRyaQv62_12der_verified6length13decode_length.0 iteration 4 file der-verified/src/length.rs line 101 column 5 function length::decode_length thread 0
Unwinding loop _RNvNtCsjJ4BRyaQv62_12der_verified6length13decode_length.0 iteration 5 file der-verified/src/length.rs line 101 column 5 function length::decode_length thread 0
Unwinding loop _RNvNtCsjJ4BRyaQv62_12der_verified6length13decode_length.0 iteration 6 file der-verified/src/length.rs line 101 column 5 function length::decode_length thread 0
Unwinding loop _RNvNtCsjJ4BRyaQv62_12der_verified6length13decode_length.0 iteration 7 file der-verified/src/length.rs line 101 column 5 function length::decode_length thread 0
Unwinding loop _RNvNtCsjJ4BRyaQv62_12der_verified6length13decode_length.0 iteration 8 file der-verified/src/length.rs line 101 column 5 function length::decode_length thread 0
Unwinding loop _RNvNtCsjJ4BRyaQv62_12der_verified6length13decode_length.0 iteration 9 file der-verified/src/length.rs line 101 column 5 function length::decode_length thread 0
Unwinding loop _RNvNtCsjJ4BRyaQv62_12der_verified6length13decode_length.0 iteration 10 file der-verified/src/length.rs line 101 column 5 function length::decode_length thread 0
Unwinding loop _RNvNtCsjJ4BRyaQv62_12der_verified6length13decode_length.0 iteration 11 file der-verified/src/length.rs line 101 column 5 function length::decode_length thread 0
Not unwinding loop _RNvNtCsjJ4BRyaQv62_12der_verified6length13decode_length.0 iteration 12 file der-verified/src/length.rs line 101 column 5 function length::decode_length thread 0
aborting path on assume(false) at file /home/runner/.rustup/toolchains/nightly-2025-11-21-x86_64-unknown-linux-gnu/lib/rustlib/src/rust/library/core/src/result.rs line 966 column 15 function std::result::Result::<(u32, usize), length::LengthError>::map_err::<tlv::TlvError, {closure@der-verified/src/tlv.rs:73:69: 73:72}> thread 0
aborting path on assume(false) at file /home/runner/.rustup/toolchains/nightly-2025-11-21-x86_64-unknown-linux-gnu/lib/rustlib/src/rust/library/core/src/result.rs line 2173 column 15 function <std::result::Result<(u32, usize), tlv::TlvError> as std::ops::Try>::branch thread 0
aborting path on assume(false) at file der-verified/src/lib.rs line 0 column 0 function tlv::decode_tlv thread 0
aborting path on assume(false) at file /home/runner/.rustup/toolchains/nightly-2025-11-21-x86_64-unknown-linux-gnu/lib/rustlib/src/rust/library/core/src/slice/index.rs line 435 column 5 function <std::ops::Range<usize> as std::slice::SliceIndex<[u8]>>::index thread 0
aborting path on assume(false) at file /home/runner/work/kani/kani/library/kani_core/src/models.rs line 176 column 17 function <usize as kani::rustc_intrinsics::ToISize>::to_isize thread 0
aborting path on assume(false) at file /home/runner/work/kani/kani/library/kani/src/lib.rs line 57 column 1 function <usize as kani::rustc_intrinsics::ToISize>::to_isize thread 0
aborting path on assume(false) at file /home/runner/work/kani/kani/library/kani/src/lib.rs line 57 column 1 function <usize as kani::rustc_intrinsics::ToISize>::to_isize thread 0
aborting path on assume(false) at file /home/runner/work/kani/kani/library/kani/src/lib.rs line 57 column 1 function kani::mem::cbmc::same_allocation thread 0
aborting path on assume(false) at file /home/runner/.rustup/toolchains/nightly-2025-11-21-x86_64-unknown-linux-gnu/lib/rustlib/src/rust/library/core/src/slice/index.rs line 40 column 9 function core::slice::index::slice_index_fail::do_panic::runtime thread 0
aborting path on assume(false) at file /home/runner/.rustup/toolchains/nightly-2025-11-21-x86_64-unknown-linux-gnu/lib/rustlib/src/rust/library/core/src/intrinsics/mod.rs line 2449 column 9 function core::slice::index::slice_index_fail::do_panic thread 0
aborting path on assume(false) at file /home/runner/.rustup/toolchains/nightly-2025-11-21-x86_64-unknown-linux-gnu/lib/rustlib/src/rust/library/core/src/panic.rs line 178 column 9 function core::slice::index::slice_index_fail thread 0
aborting path on assume(false) at file /home/runner/.rustup/toolchains/nightly-2025-11-21-x86_64-unknown-linux-gnu/lib/rustlib/src/rust/library/core/src/slice/index.rs line 49 column 9 function core::slice::index::slice_index_fail::do_panic::runtime thread 0
aborting path on assume(false) at file /home/runner/.rustup/toolchains/nightly-2025-11-21-x86_64-unknown-linux-gnu/lib/rustlib/src/rust/library/core/src/intrinsics/mod.rs line 2449 column 9 function core::slice::index::slice_index_fail::do_panic thread 0
aborting path on assume(false) at file /home/runner/.rustup/toolchains/nightly-2025-11-21-x86_64-unknown-linux-gnu/lib/rustlib/src/rust/library/core/src/panic.rs line 178 column 9 function core::slice::index::slice_index_fail thread 0
aborting path on assume(false) at file /home/runner/.rustup/toolchains/nightly-2025-11-21-x86_64-unknown-linux-gnu/lib/rustlib/src/rust/library/core/src/slice/index.rs line 58 column 9 function core::slice::index::slice_index_fail::do_panic::runtime thread 0
aborting path on assume(false) at file /home/runner/.rustup/toolchains/nightly-2025-11-21-x86_64-unknown-linux-gnu/lib/rustlib/src/rust/library/core/src/intrinsics/mod.rs line 2449 column 9 function core::slice::index::slice_index_fail::do_panic thread 0
aborting path on assume(false) at file /home/runner/.rustup/toolchains/nightly-2025-11-21-x86_64-unknown-linux-gnu/lib/rustlib/src/rust/library/core/src/panic.rs line 178 column 9 function core::slice::index::slice_index_fail thread 0
aborting path on assume(false) at file /home/runner/.rustup/toolchains/nightly-2025-11-21-x86_64-unknown-linux-gnu/lib/rustlib/src/rust/library/core/src/slice/index.rs line 68 column 5 function core::slice::index::slice_index_fail::do_panic::runtime thread 0
aborting path on assume(false) at file /home/runner/.rustup/toolchains/nightly-2025-11-21-x86_64-unknown-linux-gnu/lib/rustlib/src/rust/library/core/src/intrinsics/mod.rs line 2449 column 9 function core::slice::index::slice_index_fail::do_panic thread 0
aborting path on assume(false) at file /home/runner/.rustup/toolchains/nightly-2025-11-21-x86_64-unknown-linux-gnu/lib/rustlib/src/rust/library/core/src/panic.rs line 178 column 9 function core::slice::index::slice_index_fail thread 0
aborting path on assume(false) at file /home/runner/.rustup/toolchains/nightly-2025-11-21-x86_64-unknown-linux-gnu/lib/rustlib/src/rust/library/core/src/slice/index.rs line 443 column 13 function <std::ops::Range<usize> as std::slice::SliceIndex<[u8]>>::index thread 0
aborting path on assume(false) at file /home/runner/.rustup/toolchains/nightly-2025-11-21-x86_64-unknown-linux-gnu/lib/rustlib/src/rust/library/core/src/result.rs line 966 column 15 function std::result::Result::<(tlv::Tlv<'_>, usize), tlv::TlvError>::map_err::<x509_algorithm_identifier::AlgIdError, fn(tlv::TlvError) -> x509_algorithm_identifier::AlgIdError {x509_algorithm_identifier::AlgIdError::BadOidTlv}> thread 0
aborting path on assume(false) at file /home/runner/.rustup/toolchains/nightly-2025-11-21-x86_64-unknown-linux-gnu/lib/rustlib/src/rust/library/core/src/result.rs line 2173 column 15 function <std::result::Result<(tlv::Tlv<'_>, usize), x509_algorithm_identifier::AlgIdError> as std::ops::Try>::branch thread 0
Unwinding loop _RNvNtCsjJ4BRyaQv62_12der_verified3oid12validate_oid.0 iteration 1 file der-verified/src/oid.rs line 61 column 5 function oid::validate_oid thread 0
Unwinding loop _RNvNtCsjJ4BRyaQv62_12der_verified3oid12validate_oid.0 iteration 2 file der-verified/src/oid.rs line 61 column 5 function oid::validate_oid thread 0
Unwinding loop _RNvNtCsjJ4BRyaQv62_12der_verified3oid12validate_oid.0 iteration 3 file der-verified/src/oid.rs line 61 column 5 function oid::validate_oid thread 0
Unwinding loop _RNvNtCsjJ4BRyaQv62_12der_verified3oid12validate_oid.0 iteration 4 file der-verified/src/oid.rs line 61 column 5 function oid::validate_oid thread 0
Unwinding loop _RNvNtCsjJ4BRyaQv62_12der_verified3oid12validate_oid.0 iteration 5 file der-verified/src/oid.rs line 61 column 5 function oid::validate_oid thread 0
Unwinding loop _RNvNtCsjJ4BRyaQv62_12der_verified3oid12validate_oid.0 iteration 6 file der-verified/src/oid.rs line 61 column 5 function oid::validate_oid thread 0
Unwinding loop _RNvNtCsjJ4BRyaQv62_12der_verified3oid12validate_oid.0 iteration 7 file der-verified/src/oid.rs line 61 column 5 function oid::validate_oid thread 0
Unwinding loop _RNvNtCsjJ4BRyaQv62_12der_verified3oid12validate_oid.0 iteration 8 file der-verified/src/oid.rs line 61 column 5 function oid::validate_oid thread 0
Unwinding loop _RNvNtCsjJ4BRyaQv62_12der_verified3oid12validate_oid.0 iteration 9 file der-verified/src/oid.rs line 61 column 5 function oid::validate_oid thread 0
Unwinding loop _RNvNtCsjJ4BRyaQv62_12der_verified3oid12validate_oid.0 iteration 10 file der-verified/src/oid.rs line 61 column 5 function oid::validate_oid thread 0
Unwinding loop _RNvNtCsjJ4BRyaQv62_12der_verified3oid12validate_oid.0 iteration 11 file der-verified/src/oid.rs line 61 column 5 function oid::validate_oid thread 0
Not unwinding loop _RNvNtCsjJ4BRyaQv62_12der_verified3oid12validate_oid.0 iteration 12 file der-verified/src/oid.rs line 61 column 5 function oid::validate_oid thread 0
aborting path on assume(false) at file /home/runner/.rustup/toolchains/nightly-2025-11-21-x86_64-unknown-linux-gnu/lib/rustlib/src/rust/library/core/src/result.rs line 966 column 15 function std::result::Result::<(), oid::OidError>::map_err::<x509_algorithm_identifier::AlgIdError, fn(oid::OidError) -> x509_algorithm_identifier::AlgIdError {x509_algorithm_identifier::AlgIdError::BadOid}> thread 0
aborting path on assume(false) at file /home/runner/.rustup/toolchains/nightly-2025-11-21-x86_64-unknown-linux-gnu/lib/rustlib/src/rust/library/core/src/result.rs line 2173 column 15 function <std::result::Result<(), x509_algorithm_identifier::AlgIdError> as std::ops::Try>::branch thread 0
aborting path on assume(false) at file der-verified/src/lib.rs line 0 column 0 function x509_algorithm_identifier::decode_oid_tlv thread 0
aborting path on assume(false) at file /home/runner/.rustup/toolchains/nightly-2025-11-21-x86_64-unknown-linux-gnu/lib/rustlib/src/rust/library/core/src/result.rs line 2173 column 15 function <std::result::Result<(&[u8], usize), x509_algorithm_identifier::AlgIdError> as std::ops::Try>::branch thread 0
aborting path on assume(false) at file /home/runner/.rustup/toolchains/nightly-2025-11-21-x86_64-unknown-linux-gnu/lib/rustlib/src/rust/library/core/src/slice/index.rs line 40 column 9 function core::slice::index::slice_index_fail::do_panic::runtime thread 0
aborting path on assume(false) at file /home/runner/.rustup/toolchains/nightly-2025-11-21-x86_64-unknown-linux-gnu/lib/rustlib/src/rust/library/core/src/intrinsics/mod.rs line 2449 column 9 function core::slice::index::slice_index_fail::do_panic thread 0
aborting path on assume(false) at file /home/runner/.rustup/toolchains/nightly-2025-11-21-x86_64-unknown-linux-gnu/lib/rustlib/src/rust/library/core/src/panic.rs line 178 column 9 function core::slice::index::slice_index_fail thread 0
aborting path on assume(false) at file /home/runner/.rustup/toolchains/nightly-2025-11-21-x86_64-unknown-linux-gnu/lib/rustlib/src/rust/library/core/src/slice/index.rs line 49 column 9 function core::slice::index::slice_index_fail::do_panic::runtime thread 0
aborting path on assume(false) at file /home/runner/.rustup/toolchains/nightly-2025-11-21-x86_64-unknown-linux-gnu/lib/rustlib/src/rust/library/core/src/intrinsics/mod.rs line 2449 column 9 function core::slice::index::slice_index_fail::do_panic thread 0
aborting path on assume(false) at file /home/runner/.rustup/toolchains/nightly-2025-11-21-x86_64-unknown-linux-gnu/lib/rustlib/src/rust/library/core/src/panic.rs line 178 column 9 function core::slice::index::slice_index_fail thread 0
aborting path on assume(false) at file /home/runner/.rustup/toolchains/nightly-2025-11-21-x86_64-unknown-linux-gnu/lib/rustlib/src/rust/library/core/src/slice/index.rs line 58 column 9 function core::slice::index::slice_index_fail::do_panic::runtime thread 0
aborting path on assume(false) at file /home/runner/.rustup/toolchains/nightly-2025-11-21-x86_64-unknown-linux-gnu/lib/rustlib/src/rust/library/core/src/intrinsics/mod.rs line 2449 column 9 function core::slice::index::slice_index_fail::do_panic thread 0
aborting path on assume(false) at file /home/runner/.rustup/toolchains/nightly-2025-11-21-x86_64-unknown-linux-gnu/lib/rustlib/src/rust/library/core/src/panic.rs line 178 column 9 function core::slice::index::slice_index_fail thread 0
aborting path on assume(false) at file /home/runner/.rustup/toolchains/nightly-2025-11-21-x86_64-unknown-linux-gnu/lib/rustlib/src/rust/library/core/src/slice/index.rs line 68 column 5 function core::slice::index::slice_index_fail::do_panic::runtime thread 0
aborting path on assume(false) at file /home/runner/.rustup/toolchains/nightly-2025-11-21-x86_64-unknown-linux-gnu/lib/rustlib/src/rust/library/core/src/intrinsics/mod.rs line 2449 column 9 function core::slice::index::slice_index_fail::do_panic thread 0
aborting path on assume(false) at file /home/runner/.rustup/toolchains/nightly-2025-11-21-x86_64-unknown-linux-gnu/lib/rustlib/src/rust/library/core/src/panic.rs line 178 column 9 function core::slice::index::slice_index_fail thread 0
aborting path on assume(false) at file /home/runner/.rustup/toolchains/nightly-2025-11-21-x86_64-unknown-linux-gnu/lib/rustlib/src/rust/library/core/src/slice/index.rs line 569 column 13 function <std::ops::RangeFrom<usize> as std::slice::SliceIndex<[u8]>>::index thread 0
aborting path on assume(false) at file /home/runner/work/kani/kani/library/kani_core/src/models.rs line 176 column 17 function <usize as kani::rustc_intrinsics::ToISize>::to_isize thread 0
aborting path on assume(false) at file /home/runner/work/kani/kani/library/kani/src/lib.rs line 57 column 1 function <usize as kani::rustc_intrinsics::ToISize>::to_isize thread 0
aborting path on assume(false) at file /home/runner/work/kani/kani/library/kani/src/lib.rs line 57 column 1 function <usize as kani::rustc_intrinsics::ToISize>::to_isize thread 0
aborting path on assume(false) at file /home/runner/work/kani/kani/library/kani/src/lib.rs line 57 column 1 function kani::mem::cbmc::same_allocation thread 0
Unwinding loop _RNvNtCsjJ4BRyaQv62_12der_verified3tag10decode_tag.0 iteration 1 file der-verified/src/tag.rs line 137 column 49 function tag::decode_tag thread 0
Unwinding loop _RNvNtCsjJ4BRyaQv62_12der_verified3tag10decode_tag.0 iteration 2 file der-verified/src/tag.rs line 137 column 49 function tag::decode_tag thread 0
Unwinding loop _RNvNtCsjJ4BRyaQv62_12der_verified3tag10decode_tag.0 iteration 3 file der-verified/src/tag.rs line 137 column 49 function tag::decode_tag thread 0
Unwinding loop _RNvNtCsjJ4BRyaQv62_12der_verified3tag10decode_tag.0 iteration 4 file der-verified/src/tag.rs line 137 column 49 function tag::decode_tag thread 0
Unwinding loop _RNvNtCsjJ4BRyaQv62_12der_verified3tag10decode_tag.0 iteration 5 file der-verified/src/tag.rs line 137 column 49 function tag::decode_tag thread 0
Unwinding loop _RNvNtCsjJ4BRyaQv62_12der_verified3tag10decode_tag.0 iteration 6 file der-verified/src/tag.rs line 137 column 49 function tag::decode_tag thread 0
Unwinding loop _RNvNtCsjJ4BRyaQv62_12der_verified3tag10decode_tag.0 iteration 7 file der-verified/src/tag.rs line 137 column 49 function tag::decode_tag thread 0
Unwinding loop _RNvNtCsjJ4BRyaQv62_12der_verified3tag10decode_tag.0 iteration 8 file der-verified/src/tag.rs line 137 column 49 function tag::decode_tag thread 0
Unwinding loop _RNvNtCsjJ4BRyaQv62_12der_verified3tag10decode_tag.0 iteration 9 file der-verified/src/tag.rs line 137 column 49 function tag::decode_tag thread 0
Unwinding loop _RNvNtCsjJ4BRyaQv62_12der_verified3tag10decode_tag.0 iteration 10 file der-verified/src/tag.rs line 137 column 49 function tag::decode_tag thread 0
Unwinding loop _RNvNtCsjJ4BRyaQv62_12der_verified3tag10decode_tag.0 iteration 11 file der-verified/src/tag.rs line 137 column 49 function tag::decode_tag thread 0
Not unwinding loop _RNvNtCsjJ4BRyaQv62_12der_verified3tag10decode_tag.0 iteration 12 file der-verified/src/tag.rs line 137 column 49 function tag::decode_tag thread 0
aborting path on assume(false) at file /home/runner/.rustup/toolchains/nightly-2025-11-21-x86_64-unknown-linux-gnu/lib/rustlib/src/rust/library/core/src/result.rs line 2173 column 15 function <std::result::Result<(u32, usize), tag::TagError> as std::ops::Try>::branch thread 0
aborting path on assume(false) at file der-verified/src/lib.rs line 0 column 0 function tag::decode_tag thread 0
aborting path on assume(false) at file /home/runner/.rustup/toolchains/nightly-2025-11-21-x86_64-unknown-linux-gnu/lib/rustlib/src/rust/library/core/src/result.rs line 966 column 15 function std::result::Result::<(tag::Tag, usize), tag::TagError>::map_err::<tlv::TlvError, {closure@der-verified/src/tlv.rs:71:51: 71:54}> thread 0
aborting path on assume(false) at file /home/runner/.rustup/toolchains/nightly-2025-11-21-x86_64-unknown-linux-gnu/lib/rustlib/src/rust/library/core/src/result.rs line 2173 column 15 function <std::result::Result<(tag::Tag, usize), tlv::TlvError> as std::ops::Try>::branch thread 0
aborting path on assume(false) at file /home/runner/.rustup/toolchains/nightly-2025-11-21-x86_64-unknown-linux-gnu/lib/rustlib/src/rust/library/core/src/slice/index.rs line 40 column 9 function core::slice::index::slice_index_fail::do_panic::runtime thread 0
aborting path on assume(false) at file /home/runner/.rustup/toolchains/nightly-2025-11-21-x86_64-unknown-linux-gnu/lib/rustlib/src/rust/library/core/src/intrinsics/mod.rs line 2449 column 9 function core::slice::index::slice_index_fail::do_panic thread 0
aborting path on assume(false) at file /home/runner/.rustup/toolchains/nightly-2025-11-21-x86_64-unknown-linux-gnu/lib/rustlib/src/rust/library/core/src/panic.rs line 178 column 9 function core::slice::index::slice_index_fail thread 0
aborting path on assume(false) at file /home/runner/.rustup/toolchains/nightly-2025-11-21-x86_64-unknown-linux-gnu/lib/rustlib/src/rust/library/core/src/slice/index.rs line 49 column 9 function core::slice::index::slice_index_fail::do_panic::runtime thread 0
aborting path on assume(false) at file /home/runner/.rustup/toolchains/nightly-2025-11-21-x86_64-unknown-linux-gnu/lib/rustlib/src/rust/library/core/src/intrinsics/mod.rs line 2449 column 9 function core::slice::index::slice_index_fail::do_panic thread 0
aborting path on assume(false) at file /home/runner/.rustup/toolchains/nightly-2025-11-21-x86_64-unknown-linux-gnu/lib/rustlib/src/rust/library/core/src/panic.rs line 178 column 9 function core::slice::index::slice_index_fail thread 0
aborting path on assume(false) at file /home/runner/.rustup/toolchains/nightly-2025-11-21-x86_64-unknown-linux-gnu/lib/rustlib/src/rust/library/core/src/slice/index.rs line 58 column 9 function core::slice::index::slice_index_fail::do_panic::runtime thread 0
aborting path on assume(false) at file /home/runner/.rustup/toolchains/nightly-2025-11-21-x86_64-unknown-linux-gnu/lib/rustlib/src/rust/library/core/src/intrinsics/mod.rs line 2449 column 9 function core::slice::index::slice_index_fail::do_panic thread 0
aborting path on assume(false) at file /home/runner/.rustup/toolchains/nightly-2025-11-21-x86_64-unknown-linux-gnu/lib/rustlib/src/rust/library/core/src/panic.rs line 178 column 9 function core::slice::index::slice_index_fail thread 0
aborting path on assume(false) at file /home/runner/.rustup/toolchains/nightly-2025-11-21-x86_64-unknown-linux-gnu/lib/rustlib/src/rust/library/core/src/slice/index.rs line 68 column 5 function core::slice::index::slice_index_fail::do_panic::runtime thread 0
aborting path on assume(false) at file /home/runner/.rustup/toolchains/nightly-2025-11-21-x86_64-unknown-linux-gnu/lib/rustlib/src/rust/library/core/src/intrinsics/mod.rs line 2449 column 9 function core::slice::index::slice_index_fail::do_panic thread 0
aborting path on assume(false) at file /home/runner/.rustup/toolchains/nightly-2025-11-21-x86_64-unknown-linux-gnu/lib/rustlib/src/rust/library/core/src/panic.rs line 178 column 9 function core::slice::index::slice_index_fail thread 0
aborting path on assume(false) at file /home/runner/.rustup/toolchains/nightly-2025-11-21-x86_64-unknown-linux-gnu/lib/rustlib/src/rust/library/core/src/slice/index.rs line 569 column 13 function <std::ops::RangeFrom<usize> as std::slice::SliceIndex<[u8]>>::index thread 0
aborting path on assume(false) at file /home/runner/work/kani/kani/library/kani_core/src/models.rs line 176 column 17 function <usize as kani::rustc_intrinsics::ToISize>::to_isize thread 0
aborting path on assume(false) at file /home/runner/work/kani/kani/library/kani/src/lib.rs line 57 column 1 function <usize as kani::rustc_intrinsics::ToISize>::to_isize thread 0
aborting path on assume(false) at file /home/runner/work/kani/kani/library/kani/src/lib.rs line 57 column 1 function <usize as kani::rustc_intrinsics::ToISize>::to_isize thread 0
aborting path on assume(false) at file /home/runner/work/kani/kani/library/kani/src/lib.rs line 57 column 1 function kani::mem::cbmc::same_allocation thread 0
aborting path on assume(false) at file der-verified/src/length.rs line 75 column 23 function length::decode_length thread 0
aborting path on assume(false) at file /home/runner/.rustup/toolchains/nightly-2025-11-21-x86_64-unknown-linux-gnu/lib/rustlib/src/rust/library/core/src/slice/index.rs line 435 column 5 function <std::ops::Range<usize> as std::slice::SliceIndex<[u8]>>::index thread 0
aborting path on assume(false) at file /home/runner/work/kani/kani/library/kani/src/lib.rs line 57 column 1 function kani::mem::cbmc::same_allocation thread 0
aborting path on assume(false) at file /home/runner/.rustup/toolchains/nightly-2025-11-21-x86_64-unknown-linux-gnu/lib/rustlib/src/rust/library/core/src/slice/index.rs line 40 column 9 function core::slice::index::slice_index_fail::do_panic::runtime thread 0
aborting path on assume(false) at file /home/runner/.rustup/toolchains/nightly-2025-11-21-x86_64-unknown-linux-gnu/lib/rustlib/src/rust/library/core/src/intrinsics/mod.rs line 2449 column 9 function core::slice::index::slice_index_fail::do_panic thread 0
aborting path on assume(false) at file /home/runner/.rustup/toolchains/nightly-2025-11-21-x86_64-unknown-linux-gnu/lib/rustlib/src/rust/library/core/src/panic.rs line 178 column 9 function core::slice::index::slice_index_fail thread 0
aborting path on assume(false) at file /home/runner/.rustup/toolchains/nightly-2025-11-21-x86_64-unknown-linux-gnu/lib/rustlib/src/rust/library/core/src/slice/index.rs line 49 column 9 function core::slice::index::slice_index_fail::do_panic::runtime thread 0
aborting path on assume(false) at file /home/runner/.rustup/toolchains/nightly-2025-11-21-x86_64-unknown-linux-gnu/lib/rustlib/src/rust/library/core/src/intrinsics/mod.rs line 2449 column 9 function core::slice::index::slice_index_fail::do_panic thread 0
aborting path on assume(false) at file /home/runner/.rustup/toolchains/nightly-2025-11-21-x86_64-unknown-linux-gnu/lib/rustlib/src/rust/library/core/src/panic.rs line 178 column 9 function core::slice::index::slice_index_fail thread 0
aborting path on assume(false) at file /home/runner/.rustup/toolchains/nightly-2025-11-21-x86_64-unknown-linux-gnu/lib/rustlib/src/rust/library/core/src/slice/index.rs line 58 column 9 function core::slice::index::slice_index_fail::do_panic::runtime thread 0
aborting path on assume(false) at file /home/runner/.rustup/toolchains/nightly-2025-11-21-x86_64-unknown-linux-gnu/lib/rustlib/src/rust/library/core/src/intrinsics/mod.rs line 2449 column 9 function core::slice::index::slice_index_fail::do_panic thread 0
aborting path on assume(false) at file /home/runner/.rustup/toolchains/nightly-2025-11-21-x86_64-unknown-linux-gnu/lib/rustlib/src/rust/library/core/src/panic.rs line 178 column 9 function core::slice::index::slice_index_fail thread 0
aborting path on assume(false) at file /home/runner/.rustup/toolchains/nightly-2025-11-21-x86_64-unknown-linux-gnu/lib/rustlib/src/rust/library/core/src/slice/index.rs line 68 column 5 function core::slice::index::slice_index_fail::do_panic::runtime thread 0
aborting path on assume(false) at file /home/runner/.rustup/toolchains/nightly-2025-11-21-x86_64-unknown-linux-gnu/lib/rustlib/src/rust/library/core/src/intrinsics/mod.rs line 2449 column 9 function core::slice::index::slice_index_fail::do_panic thread 0
aborting path on assume(false) at file /home/runner/.rustup/toolchains/nightly-2025-11-21-x86_64-unknown-linux-gnu/lib/rustlib/src/rust/library/core/src/panic.rs line 178 column 9 function core::slice::index::slice_index_fail thread 0
aborting path on assume(false) at file /home/runner/.rustup/toolchains/nightly-2025-11-21-x86_64-unknown-linux-gnu/lib/rustlib/src/rust/library/core/src/slice/index.rs line 443 column 13 function <std::ops::Range<usize> as std::slice::SliceIndex<[u8]>>::index thread 0
Unwinding loop _RNvNtCsjJ4BRyaQv62_12der_verified6length13decode_length.0 iteration 1 file der-verified/src/length.rs line 101 column 5 function length::decode_length thread 0
Unwinding loop _RNvNtCsjJ4BRyaQv62_12der_verified6length13decode_length.0 iteration 2 file der-verified/src/length.rs line 101 column 5 function length::decode_length thread 0
Unwinding loop _RNvNtCsjJ4BRyaQv62_12der_verified6length13decode_length.0 iteration 3 file der-verified/src/length.rs line 101 column 5 function length::decode_length thread 0
Unwinding loop _RNvNtCsjJ4BRyaQv62_12der_verified6length13decode_length.0 iteration 4 file der-verified/src/length.rs line 101 column 5 function length::decode_length thread 0
Unwinding loop _RNvNtCsjJ4BRyaQv62_12der_verified6length13decode_length.0 iteration 5 file der-verified/src/length.rs line 101 column 5 function length::decode_length thread 0
Unwinding loop _RNvNtCsjJ4BRyaQv62_12der_verified6length13decode_length.0 iteration 6 file der-verified/src/length.rs line 101 column 5 function length::decode_length thread 0
Unwinding loop _RNvNtCsjJ4BRyaQv62_12der_verified6length13decode_length.0 iteration 7 file der-verified/src/length.rs line 101 column 5 function length::decode_length thread 0
Unwinding loop _RNvNtCsjJ4BRyaQv62_12der_verified6length13decode_length.0 iteration 8 file der-verified/src/length.rs line 101 column 5 function length::decode_length thread 0
Unwinding loop _RNvNtCsjJ4BRyaQv62_12der_verified6length13decode_length.0 iteration 9 file der-verified/src/length.rs line 101 column 5 function length::decode_length thread 0
Unwinding loop _RNvNtCsjJ4BRyaQv62_12der_verified6length13decode_length.0 iteration 10 file der-verified/src/length.rs line 101 column 5 function length::decode_length thread 0
Unwinding loop _RNvNtCsjJ4BRyaQv62_12der_verified6length13decode_length.0 iteration 11 file der-verified/src/length.rs line 101 column 5 function length::decode_length thread 0
Not unwinding loop _RNvNtCsjJ4BRyaQv62_12der_verified6length13decode_length.0 iteration 12 file der-verified/src/length.rs line 101 column 5 function length::decode_length thread 0
aborting path on assume(false) at file /home/runner/.rustup/toolchains/nightly-2025-11-21-x86_64-unknown-linux-gnu/lib/rustlib/src/rust/library/core/src/result.rs line 966 column 15 function std::result::Result::<(u32, usize), length::LengthError>::map_err::<tlv::TlvError, {closure@der-verified/src/tlv.rs:73:69: 73:72}> thread 0
aborting path on assume(false) at file /home/runner/.rustup/toolchains/nightly-2025-11-21-x86_64-unknown-linux-gnu/lib/rustlib/src/rust/library/core/src/result.rs line 2173 column 15 function <std::result::Result<(u32, usize), tlv::TlvError> as std::ops::Try>::branch thread 0
aborting path on assume(false) at file der-verified/src/lib.rs line 0 column 0 function tlv::decode_tlv thread 0
aborting path on assume(false) at file /home/runner/.rustup/toolchains/nightly-2025-11-21-x86_64-unknown-linux-gnu/lib/rustlib/src/rust/library/core/src/slice/index.rs line 435 column 5 function <std::ops::Range<usize> as std::slice::SliceIndex<[u8]>>::index thread 0
aborting path on assume(false) at file /home/runner/work/kani/kani/library/kani_core/src/models.rs line 176 column 17 function <usize as kani::rustc_intrinsics::ToISize>::to_isize thread 0
aborting path on assume(false) at file /home/runner/work/kani/kani/library/kani/src/lib.rs line 57 column 1 function <usize as kani::rustc_intrinsics::ToISize>::to_isize thread 0
aborting path on assume(false) at file /home/runner/work/kani/kani/library/kani/src/lib.rs line 57 column 1 function <usize as kani::rustc_intrinsics::ToISize>::to_isize thread 0
aborting path on assume(false) at file /home/runner/work/kani/kani/library/kani/src/lib.rs line 57 column 1 function kani::mem::cbmc::same_allocation thread 0
aborting path on assume(false) at file /home/runner/.rustup/toolchains/nightly-2025-11-21-x86_64-unknown-linux-gnu/lib/rustlib/src/rust/library/core/src/slice/index.rs line 40 column 9 function core::slice::index::slice_index_fail::do_panic::runtime thread 0
aborting path on assume(false) at file /home/runner/.rustup/toolchains/nightly-2025-11-21-x86_64-unknown-linux-gnu/lib/rustlib/src/rust/library/core/src/intrinsics/mod.rs line 2449 column 9 function core::slice::index::slice_index_fail::do_panic thread 0
aborting path on assume(false) at file /home/runner/.rustup/toolchains/nightly-2025-11-21-x86_64-unknown-linux-gnu/lib/rustlib/src/rust/library/core/src/panic.rs line 178 column 9 function core::slice::index::slice_index_fail thread 0
aborting path on assume(false) at file /home/runner/.rustup/toolchains/nightly-2025-11-21-x86_64-unknown-linux-gnu/lib/rustlib/src/rust/library/core/src/slice/index.rs line 49 column 9 function core::slice::index::slice_index_fail::do_panic::runtime thread 0
aborting path on assume(false) at file /home/runner/.rustup/toolchains/nightly-2025-11-21-x86_64-unknown-linux-gnu/lib/rustlib/src/rust/library/core/src/intrinsics/mod.rs line 2449 column 9 function core::slice::index::slice_index_fail::do_panic thread 0
aborting path on assume(false) at file /home/runner/.rustup/toolchains/nightly-2025-11-21-x86_64-unknown-linux-gnu/lib/rustlib/src/rust/library/core/src/panic.rs line 178 column 9 function core::slice::index::slice_index_fail thread 0
aborting path on assume(false) at file /home/runner/.rustup/toolchains/nightly-2025-11-21-x86_64-unknown-linux-gnu/lib/rustlib/src/rust/library/core/src/slice/index.rs line 58 column 9 function core::slice::index::slice_index_fail::do_panic::runtime thread 0
aborting path on assume(false) at file /home/runner/.rustup/toolchains/nightly-2025-11-21-x86_64-unknown-linux-gnu/lib/rustlib/src/rust/library/core/src/intrinsics/mod.rs line 2449 column 9 function core::slice::index::slice_index_fail::do_panic thread 0
aborting path on assume(false) at file /home/runner/.rustup/toolchains/nightly-2025-11-21-x86_64-unknown-linux-gnu/lib/rustlib/src/rust/library/core/src/panic.rs line 178 column 9 function core::slice::index::slice_index_fail thread 0
aborting path on assume(false) at file /home/runner/.rustup/toolchains/nightly-2025-11-21-x86_64-unknown-linux-gnu/lib/rustlib/src/rust/library/core/src/slice/index.rs line 68 column 5 function core::slice::index::slice_index_fail::do_panic::runtime thread 0
aborting path on assume(false) at file /home/runner/.rustup/toolchains/nightly-2025-11-21-x86_64-unknown-linux-gnu/lib/rustlib/src/rust/library/core/src/intrinsics/mod.rs line 2449 column 9 function core::slice::index::slice_index_fail::do_panic thread 0
aborting path on assume(false) at file /home/runner/.rustup/toolchains/nightly-2025-11-21-x86_64-unknown-linux-gnu/lib/rustlib/src/rust/library/core/src/panic.rs line 178 column 9 function core::slice::index::slice_index_fail thread 0
aborting path on assume(false) at file /home/runner/.rustup/toolchains/nightly-2025-11-21-x86_64-unknown-linux-gnu/lib/rustlib/src/rust/library/core/src/slice/index.rs line 443 column 13 function <std::ops::Range<usize> as std::slice::SliceIndex<[u8]>>::index thread 0
aborting path on assume(false) at file /home/runner/.rustup/toolchains/nightly-2025-11-21-x86_64-unknown-linux-gnu/lib/rustlib/src/rust/library/core/src/result.rs line 966 column 15 function std::result::Result::<(tlv::Tlv<'_>, usize), tlv::TlvError>::map_err::<x509_algorithm_identifier::AlgIdError, fn(tlv::TlvError) -> x509_algorithm_identifier::AlgIdError {x509_algorithm_identifier::AlgIdError::BadParametersTlv}> thread 0
aborting path on assume(false) at file /home/runner/.rustup/toolchains/nightly-2025-11-21-x86_64-unknown-linux-gnu/lib/rustlib/src/rust/library/core/src/result.rs line 2173 column 15 function <std::result::Result<(tlv::Tlv<'_>, usize), x509_algorithm_identifier::AlgIdError> as std::ops::Try>::branch thread 0
aborting path on assume(false) at file der-verified/src/lib.rs line 0 column 0 function x509_algorithm_identifier::parse_algorithm_identifier thread 0
aborting path on assume(false) at file /home/runner/.rustup/toolchains/nightly-2025-11-21-x86_64-unknown-linux-gnu/lib/rustlib/src/rust/library/core/src/slice/index.rs line 49 column 9 function core::slice::index::slice_index_fail::do_panic::runtime thread 0
aborting path on assume(false) at file /home/runner/.rustup/toolchains/nightly-2025-11-21-x86_64-unknown-linux-gnu/lib/rustlib/src/rust/library/core/src/intrinsics/mod.rs line 2449 column 9 function core::slice::index::slice_index_fail::do_panic thread 0
aborting path on assume(false) at file /home/runner/.rustup/toolchains/nightly-2025-11-21-x86_64-unknown-linux-gnu/lib/rustlib/src/rust/library/core/src/panic.rs line 178 column 9 function core::slice::index::slice_index_fail thread 0
aborting path on assume(false) at file /home/runner/.rustup/toolchains/nightly-2025-11-21-x86_64-unknown-linux-gnu/lib/rustlib/src/rust/library/core/src/slice/index.rs line 68 column 5 function core::slice::index::slice_index_fail::do_panic::runtime thread 0
aborting path on assume(false) at file /home/runner/.rustup/toolchains/nightly-2025-11-21-x86_64-unknown-linux-gnu/lib/rustlib/src/rust/library/core/src/intrinsics/mod.rs line 2449 column 9 function core::slice::index::slice_index_fail::do_panic thread 0
aborting path on assume(false) at file /home/runner/.rustup/toolchains/nightly-2025-11-21-x86_64-unknown-linux-gnu/lib/rustlib/src/rust/library/core/src/panic.rs line 178 column 9 function core::slice::index::slice_index_fail thread 0
aborting path on assume(false) at file /home/runner/.rustup/toolchains/nightly-2025-11-21-x86_64-unknown-linux-gnu/lib/rustlib/src/rust/library/core/src/slice/index.rs line 443 column 13 function <std::ops::Range<usize> as std::slice::SliceIndex<[u8]>>::index thread 0
aborting path on assume(false) at file /home/runner/.rustup/toolchains/nightly-2025-11-21-x86_64-unknown-linux-gnu/lib/rustlib/src/rust/library/core/src/result.rs line 966 column 15 function std::result::Result::<(x509_algorithm_identifier::AlgorithmIdentifier<'_>, usize), x509_algorithm_identifier::AlgIdError>::map_err::<x509_tbs_certificate::TbsCertificateError, fn(x509_algorithm_identifier::AlgIdError) -> x509_tbs_certificate::TbsCertificateError {x509_tbs_certificate::TbsCertificateError::BadSignature}> thread 0
aborting path on assume(false) at file /home/runner/.rustup/toolchains/nightly-2025-11-21-x86_64-unknown-linux-gnu/lib/rustlib/src/rust/library/core/src/result.rs line 2173 column 15 function <std::result::Result<(x509_algorithm_identifier::AlgorithmIdentifier<'_>, usize), x509_tbs_certificate::TbsCertificateError> as std::ops::Try>::branch thread 0
aborting path on assume(false) at file /home/runner/.rustup/toolchains/nightly-2025-11-21-x86_64-unknown-linux-gnu/lib/rustlib/src/rust/library/core/src/slice/index.rs line 40 column 9 function core::slice::index::slice_index_fail::do_panic::runtime thread 0
aborting path on assume(false) at file /home/runner/.rustup/toolchains/nightly-2025-11-21-x86_64-unknown-linux-gnu/lib/rustlib/src/rust/library/core/src/intrinsics/mod.rs line 2449 column 9 function core::slice::index::slice_index_fail::do_panic thread 0
aborting path on assume(false) at file /home/runner/.rustup/toolchains/nightly-2025-11-21-x86_64-unknown-linux-gnu/lib/rustlib/src/rust/library/core/src/panic.rs line 178 column 9 function core::slice::index::slice_index_fail thread 0
aborting path on assume(false) at file /home/runner/.rustup/toolchains/nightly-2025-11-21-x86_64-unknown-linux-gnu/lib/rustlib/src/rust/library/core/src/slice/index.rs line 49 column 9 function core::slice::index::slice_index_fail::do_panic::runtime thread 0
aborting path on assume(false) at file /home/runner/.rustup/toolchains/nightly-2025-11-21-x86_64-unknown-linux-gnu/lib/rustlib/src/rust/library/core/src/intrinsics/mod.rs line 2449 column 9 function core::slice::index::slice_index_fail::do_panic thread 0
aborting path on assume(false) at file /home/runner/.rustup/toolchains/nightly-2025-11-21-x86_64-unknown-linux-gnu/lib/rustlib/src/rust/library/core/src/panic.rs line 178 column 9 function core::slice::index::slice_index_fail thread 0
aborting path on assume(false) at file /home/runner/.rustup/toolchains/nightly-2025-11-21-x86_64-unknown-linux-gnu/lib/rustlib/src/rust/library/core/src/slice/index.rs line 58 column 9 function core::slice::index::slice_index_fail::do_panic::runtime thread 0
aborting path on assume(false) at file /home/runner/.rustup/toolchains/nightly-2025-11-21-x86_64-unknown-linux-gnu/lib/rustlib/src/rust/library/core/src/intrinsics/mod.rs line 2449 column 9 function core::slice::index::slice_index_fail::do_panic thread 0
aborting path on assume(false) at file /home/runner/.rustup/toolchains/nightly-2025-11-21-x86_64-unknown-linux-gnu/lib/rustlib/src/rust/library/core/src/panic.rs line 178 column 9 function core::slice::index::slice_index_fail thread 0
aborting path on assume(false) at file /home/runner/.rustup/toolchains/nightly-2025-11-21-x86_64-unknown-linux-gnu/lib/rustlib/src/rust/library/core/src/slice/index.rs line 68 column 5 function core::slice::index::slice_index_fail::do_panic::runtime thread 0
aborting path on assume(false) at file /home/runner/.rustup/toolchains/nightly-2025-11-21-x86_64-unknown-linux-gnu/lib/rustlib/src/rust/library/core/src/intrinsics/mod.rs line 2449 column 9 function core::slice::index::slice_index_fail::do_panic thread 0
aborting path on assume(false) at file /home/runner/.rustup/toolchains/nightly-2025-11-21-x86_64-unknown-linux-gnu/lib/rustlib/src/rust/library/core/src/panic.rs line 178 column 9 function core::slice::index::slice_index_fail thread 0
aborting path on assume(false) at file /home/runner/.rustup/toolchains/nightly-2025-11-21-x86_64-unknown-linux-gnu/lib/rustlib/src/rust/library/core/src/slice/index.rs line 569 column 13 function <std::ops::RangeFrom<usize> as std::slice::SliceIndex<[u8]>>::index thread 0
aborting path on assume(false) at file /home/runner/work/kani/kani/library/kani_core/src/models.rs line 176 column 17 function <usize as kani::rustc_intrinsics::ToISize>::to_isize thread 0
aborting path on assume(false) at file /home/runner/work/kani/kani/library/kani/src/lib.rs line 57 column 1 function <usize as kani::rustc_intrinsics::ToISize>::to_isize thread 0
aborting path on assume(false) at file /home/runner/work/kani/kani/library/kani/src/lib.rs line 57 column 1 function <usize as kani::rustc_intrinsics::ToISize>::to_isize thread 0
aborting path on assume(false) at file /home/runner/work/kani/kani/library/kani/src/lib.rs line 57 column 1 function kani::mem::cbmc::same_allocation thread 0
aborting path on assume(false) at file /home/runner/.rustup/toolchains/nightly-2025-11-21-x86_64-unknown-linux-gnu/lib/rustlib/src/rust/library/core/src/slice/index.rs line 40 column 9 function core::slice::index::slice_index_fail::do_panic::runtime thread 0
aborting path on assume(false) at file /home/runner/.rustup/toolchains/nightly-2025-11-21-x86_64-unknown-linux-gnu/lib/rustlib/src/rust/library/core/src/intrinsics/mod.rs line 2449 column 9 function core::slice::index::slice_index_fail::do_panic thread 0
aborting path on assume(false) at file /home/runner/.rustup/toolchains/nightly-2025-11-21-x86_64-unknown-linux-gnu/lib/rustlib/src/rust/library/core/src/panic.rs line 178 column 9 function core::slice::index::slice_index_fail thread 0
aborting path on assume(false) at file /home/runner/.rustup/toolchains/nightly-2025-11-21-x86_64-unknown-linux-gnu/lib/rustlib/src/rust/library/core/src/slice/index.rs line 49 column 9 function core::slice::index::slice_index_fail::do_panic::runtime thread 0
aborting path on assume(false) at file /home/runner/.rustup/toolchains/nightly-2025-11-21-x86_64-unknown-linux-gnu/lib/rustlib/src/rust/library/core/src/intrinsics/mod.rs line 2449 column 9 function core::slice::index::slice_index_fail::do_panic thread 0
aborting path on assume(false) at file /home/runner/.rustup/toolchains/nightly-2025-11-21-x86_64-unknown-linux-gnu/lib/rustlib/src/rust/library/core/src/panic.rs line 178 column 9 function core::slice::index::slice_index_fail thread 0
aborting path on assume(false) at file /home/runner/.rustup/toolchains/nightly-2025-11-21-x86_64-unknown-linux-gnu/lib/rustlib/src/rust/library/core/src/slice/index.rs line 58 column 9 function core::slice::index::slice_index_fail::do_panic::runtime thread 0
aborting path on assume(false) at file /home/runner/.rustup/toolchains/nightly-2025-11-21-x86_64-unknown-linux-gnu/lib/rustlib/src/rust/library/core/src/intrinsics/mod.rs line 2449 column 9 function core::slice::index::slice_index_fail::do_panic thread 0
aborting path on assume(false) at file /home/runner/.rustup/toolchains/nightly-2025-11-21-x86_64-unknown-linux-gnu/lib/rustlib/src/rust/library/core/src/panic.rs line 178 column 9 function core::slice::index::slice_index_fail thread 0
aborting path on assume(false) at file /home/runner/.rustup/toolchains/nightly-2025-11-21-x86_64-unknown-linux-gnu/lib/rustlib/src/rust/library/core/src/slice/index.rs line 68 column 5 function core::slice::index::slice_index_fail::do_panic::runtime thread 0
aborting path on assume(false) at file /home/runner/.rustup/toolchains/nightly-2025-11-21-x86_64-unknown-linux-gnu/lib/rustlib/src/rust/library/core/src/intrinsics/mod.rs line 2449 column 9 function core::slice::index::slice_index_fail::do_panic thread 0
aborting path on assume(false) at file /home/runner/.rustup/toolchains/nightly-2025-11-21-x86_64-unknown-linux-gnu/lib/rustlib/src/rust/library/core/src/panic.rs line 178 column 9 function core::slice::index::slice_index_fail thread 0
aborting path on assume(false) at file /home/runner/.rustup/toolchains/nightly-2025-11-21-x86_64-unknown-linux-gnu/lib/rustlib/src/rust/library/core/src/slice/index.rs line 569 column 13 function <std::ops::RangeFrom<usize> as std::slice::SliceIndex<[u8]>>::index thread 0
aborting path on assume(false) at file /home/runner/work/kani/kani/library/kani_core/src/models.rs line 176 column 17 function <usize as kani::rustc_intrinsics::ToISize>::to_isize thread 0
aborting path on assume(false) at file /home/runner/work/kani/kani/library/kani/src/lib.rs line 57 column 1 function <usize as kani::rustc_intrinsics::ToISize>::to_isize thread 0
aborting path on assume(false) at file /home/runner/work/kani/kani/library/kani/src/lib.rs line 57 column 1 function <usize as kani::rustc_intrinsics::ToISize>::to_isize thread 0
aborting path on assume(false) at file /home/runner/work/kani/kani/library/kani/src/lib.rs line 57 column 1 function kani::mem::cbmc::same_allocation thread 0
Unwinding loop _RNvNtCsjJ4BRyaQv62_12der_verified3tag10decode_tag.0 iteration 1 file der-verified/src/tag.rs line 137 column 49 function tag::decode_tag thread 0
Unwinding loop _RNvNtCsjJ4BRyaQv62_12der_verified3tag10decode_tag.0 iteration 2 file der-verified/src/tag.rs line 137 column 49 function tag::decode_tag thread 0
Unwinding loop _RNvNtCsjJ4BRyaQv62_12der_verified3tag10decode_tag.0 iteration 3 file der-verified/src/tag.rs line 137 column 49 function tag::decode_tag thread 0
Unwinding loop _RNvNtCsjJ4BRyaQv62_12der_verified3tag10decode_tag.0 iteration 4 file der-verified/src/tag.rs line 137 column 49 function tag::decode_tag thread 0
Unwinding loop _RNvNtCsjJ4BRyaQv62_12der_verified3tag10decode_tag.0 iteration 5 file der-verified/src/tag.rs line 137 column 49 function tag::decode_tag thread 0
Unwinding loop _RNvNtCsjJ4BRyaQv62_12der_verified3tag10decode_tag.0 iteration 6 file der-verified/src/tag.rs line 137 column 49 function tag::decode_tag thread 0
Unwinding loop _RNvNtCsjJ4BRyaQv62_12der_verified3tag10decode_tag.0 iteration 7 file der-verified/src/tag.rs line 137 column 49 function tag::decode_tag thread 0
Unwinding loop _RNvNtCsjJ4BRyaQv62_12der_verified3tag10decode_tag.0 iteration 8 file der-verified/src/tag.rs line 137 column 49 function tag::decode_tag thread 0
Unwinding loop _RNvNtCsjJ4BRyaQv62_12der_verified3tag10decode_tag.0 iteration 9 file der-verified/src/tag.rs line 137 column 49 function tag::decode_tag thread 0
Unwinding loop _RNvNtCsjJ4BRyaQv62_12der_verified3tag10decode_tag.0 iteration 10 file der-verified/src/tag.rs line 137 column 49 function tag::decode_tag thread 0
Unwinding loop _RNvNtCsjJ4BRyaQv62_12der_verified3tag10decode_tag.0 iteration 11 file der-verified/src/tag.rs line 137 column 49 function tag::decode_tag thread 0
Not unwinding loop _RNvNtCsjJ4BRyaQv62_12der_verified3tag10decode_tag.0 iteration 12 file der-verified/src/tag.rs line 137 column 49 function tag::decode_tag thread 0
aborting path on assume(false) at file /home/runner/.rustup/toolchains/nightly-2025-11-21-x86_64-unknown-linux-gnu/lib/rustlib/src/rust/library/core/src/result.rs line 2173 column 15 function <std::result::Result<(u32, usize), tag::TagError> as std::ops::Try>::branch thread 0
aborting path on assume(false) at file der-verified/src/lib.rs line 0 column 0 function tag::decode_tag thread 0
aborting path on assume(false) at file /home/runner/.rustup/toolchains/nightly-2025-11-21-x86_64-unknown-linux-gnu/lib/rustlib/src/rust/library/core/src/result.rs line 966 column 15 function std::result::Result::<(tag::Tag, usize), tag::TagError>::map_err::<tlv::TlvError, {closure@der-verified/src/tlv.rs:71:51: 71:54}> thread 0
aborting path on assume(false) at file /home/runner/.rustup/toolchains/nightly-2025-11-21-x86_64-unknown-linux-gnu/lib/rustlib/src/rust/library/core/src/result.rs line 2173 column 15 function <std::result::Result<(tag::Tag, usize), tlv::TlvError> as std::ops::Try>::branch thread 0
aborting path on assume(false) at file /home/runner/.rustup/toolchains/nightly-2025-11-21-x86_64-unknown-linux-gnu/lib/rustlib/src/rust/library/core/src/slice/index.rs line 40 column 9 function core::slice::index::slice_index_fail::do_panic::runtime thread 0
aborting path on assume(false) at file /home/runner/.rustup/toolchains/nightly-2025-11-21-x86_64-unknown-linux-gnu/lib/rustlib/src/rust/library/core/src/intrinsics/mod.rs line 2449 column 9 function core::slice::index::slice_index_fail::do_panic thread 0
aborting path on assume(false) at file /home/runner/.rustup/toolchains/nightly-2025-11-21-x86_64-unknown-linux-gnu/lib/rustlib/src/rust/library/core/src/panic.rs line 178 column 9 function core::slice::index::slice_index_fail thread 0
aborting path on assume(false) at file /home/runner/.rustup/toolchains/nightly-2025-11-21-x86_64-unknown-linux-gnu/lib/rustlib/src/rust/library/core/src/slice/index.rs line 49 column 9 function core::slice::index::slice_index_fail::do_panic::runtime thread 0
aborting path on assume(false) at file /home/runner/.rustup/toolchains/nightly-2025-11-21-x86_64-unknown-linux-gnu/lib/rustlib/src/rust/library/core/src/intrinsics/mod.rs line 2449 column 9 function core::slice::index::slice_index_fail::do_panic thread 0
aborting path on assume(false) at file /home/runner/.rustup/toolchains/nightly-2025-11-21-x86_64-unknown-linux-gnu/lib/rustlib/src/rust/library/core/src/panic.rs line 178 column 9 function core::slice::index::slice_index_fail thread 0
aborting path on assume(false) at file /home/runner/.rustup/toolchains/nightly-2025-11-21-x86_64-unknown-linux-gnu/lib/rustlib/src/rust/library/core/src/slice/index.rs line 58 column 9 function core::slice::index::slice_index_fail::do_panic::runtime thread 0
aborting path on assume(false) at file /home/runner/.rustup/toolchains/nightly-2025-11-21-x86_64-unknown-linux-gnu/lib/rustlib/src/rust/library/core/src/intrinsics/mod.rs line 2449 column 9 function core::slice::index::slice_index_fail::do_panic thread 0
aborting path on assume(false) at file /home/runner/.rustup/toolchains/nightly-2025-11-21-x86_64-unknown-linux-gnu/lib/rustlib/src/rust/library/core/src/panic.rs line 178 column 9 function core::slice::index::slice_index_fail thread 0
aborting path on assume(false) at file /home/runner/.rustup/toolchains/nightly-2025-11-21-x86_64-unknown-linux-gnu/lib/rustlib/src/rust/library/core/src/slice/index.rs line 68 column 5 function core::slice::index::slice_index_fail::do_panic::runtime thread 0
aborting path on assume(false) at file /home/runner/.rustup/toolchains/nightly-2025-11-21-x86_64-unknown-linux-gnu/lib/rustlib/src/rust/library/core/src/intrinsics/mod.rs line 2449 column 9 function core::slice::index::slice_index_fail::do_panic thread 0
aborting path on assume(false) at file /home/runner/.rustup/toolchains/nightly-2025-11-21-x86_64-unknown-linux-gnu/lib/rustlib/src/rust/library/core/src/panic.rs line 178 column 9 function core::slice::index::slice_index_fail thread 0
aborting path on assume(false) at file /home/runner/.rustup/toolchains/nightly-2025-11-21-x86_64-unknown-linux-gnu/lib/rustlib/src/rust/library/core/src/slice/index.rs line 569 column 13 function <std::ops::RangeFrom<usize> as std::slice::SliceIndex<[u8]>>::index thread 0
aborting path on assume(false) at file /home/runner/work/kani/kani/library/kani_core/src/models.rs line 176 column 17 function <usize as kani::rustc_intrinsics::ToISize>::to_isize thread 0
aborting path on assume(false) at file /home/runner/work/kani/kani/library/kani/src/lib.rs line 57 column 1 function <usize as kani::rustc_intrinsics::ToISize>::to_isize thread 0
aborting path on assume(false) at file /home/runner/work/kani/kani/library/kani/src/lib.rs line 57 column 1 function <usize as kani::rustc_intrinsics::ToISize>::to_isize thread 0
aborting path on assume(false) at file /home/runner/work/kani/kani/library/kani/src/lib.rs line 57 column 1 function kani::mem::cbmc::same_allocation thread 0
aborting path on assume(false) at file der-verified/src/length.rs line 75 column 23 function length::decode_length thread 0
aborting path on assume(false) at file /home/runner/.rustup/toolchains/nightly-2025-11-21-x86_64-unknown-linux-gnu/lib/rustlib/src/rust/library/core/src/slice/index.rs line 435 column 5 function <std::ops::Range<usize> as std::slice::SliceIndex<[u8]>>::index thread 0
aborting path on assume(false) at file /home/runner/work/kani/kani/library/kani/src/lib.rs line 57 column 1 function kani::mem::cbmc::same_allocation thread 0
aborting path on assume(false) at file /home/runner/.rustup/toolchains/nightly-2025-11-21-x86_64-unknown-linux-gnu/lib/rustlib/src/rust/library/core/src/slice/index.rs line 40 column 9 function core::slice::index::slice_index_fail::do_panic::runtime thread 0
aborting path on assume(false) at file /home/runner/.rustup/toolchains/nightly-2025-11-21-x86_64-unknown-linux-gnu/lib/rustlib/src/rust/library/core/src/intrinsics/mod.rs line 2449 column 9 function core::slice::index::slice_index_fail::do_panic thread 0
aborting path on assume(false) at file /home/runner/.rustup/toolchains/nightly-2025-11-21-x86_64-unknown-linux-gnu/lib/rustlib/src/rust/library/core/src/panic.rs line 178 column 9 function core::slice::index::slice_index_fail thread 0
aborting path on assume(false) at file /home/runner/.rustup/toolchains/nightly-2025-11-21-x86_64-unknown-linux-gnu/lib/rustlib/src/rust/library/core/src/slice/index.rs line 49 column 9 function core::slice::index::slice_index_fail::do_panic::runtime thread 0
aborting path on assume(false) at file /home/runner/.rustup/toolchains/nightly-2025-11-21-x86_64-unknown-linux-gnu/lib/rustlib/src/rust/library/core/src/intrinsics/mod.rs line 2449 column 9 function core::slice::index::slice_index_fail::do_panic thread 0
aborting path on assume(false) at file /home/runner/.rustup/toolchains/nightly-2025-11-21-x86_64-unknown-linux-gnu/lib/rustlib/src/rust/library/core/src/panic.rs line 178 column 9 function core::slice::index::slice_index_fail thread 0
aborting path on assume(false) at file /home/runner/.rustup/toolchains/nightly-2025-11-21-x86_64-unknown-linux-gnu/lib/rustlib/src/rust/library/core/src/slice/index.rs line 58 column 9 function core::slice::index::slice_index_fail::do_panic::runtime thread 0
aborting path on assume(false) at file /home/runner/.rustup/toolchains/nightly-2025-11-21-x86_64-unknown-linux-gnu/lib/rustlib/src/rust/library/core/src/intrinsics/mod.rs line 2449 column 9 function core::slice::index::slice_index_fail::do_panic thread 0
aborting path on assume(false) at file /home/runner/.rustup/toolchains/nightly-2025-11-21-x86_64-unknown-linux-gnu/lib/rustlib/src/rust/library/core/src/panic.rs line 178 column 9 function core::slice::index::slice_index_fail thread 0
aborting path on assume(false) at file /home/runner/.rustup/toolchains/nightly-2025-11-21-x86_64-unknown-linux-gnu/lib/rustlib/src/rust/library/core/src/slice/index.rs line 68 column 5 function core::slice::index::slice_index_fail::do_panic::runtime thread 0
aborting path on assume(false) at file /home/runner/.rustup/toolchains/nightly-2025-11-21-x86_64-unknown-linux-gnu/lib/rustlib/src/rust/library/core/src/intrinsics/mod.rs line 2449 column 9 function core::slice::index::slice_index_fail::do_panic thread 0
aborting path on assume(false) at file /home/runner/.rustup/toolchains/nightly-2025-11-21-x86_64-unknown-linux-gnu/lib/rustlib/src/rust/library/core/src/panic.rs line 178 column 9 function core::slice::index::slice_index_fail thread 0
aborting path on assume(false) at file /home/runner/.rustup/toolchains/nightly-2025-11-21-x86_64-unknown-linux-gnu/lib/rustlib/src/rust/library/core/src/slice/index.rs line 443 column 13 function <std::ops::Range<usize> as std::slice::SliceIndex<[u8]>>::index thread 0
Unwinding loop _RNvNtCsjJ4BRyaQv62_12der_verified6length13decode_length.0 iteration 1 file der-verified/src/length.rs line 101 column 5 function length::decode_length thread 0
Unwinding loop _RNvNtCsjJ4BRyaQv62_12der_verified6length13decode_length.0 iteration 2 file der-verified/src/length.rs line 101 column 5 function length::decode_length thread 0
Unwinding loop _RNvNtCsjJ4BRyaQv62_12der_verified6length13decode_length.0 iteration 3 file der-verified/src/length.rs line 101 column 5 function length::decode_length thread 0
Unwinding loop _RNvNtCsjJ4BRyaQv62_12der_verified6length13decode_length.0 iteration 4 file der-verified/src/length.rs line 101 column 5 function length::decode_length thread 0
Unwinding loop _RNvNtCsjJ4BRyaQv62_12der_verified6length13decode_length.0 iteration 5 file der-verified/src/length.rs line 101 column 5 function length::decode_length thread 0
Unwinding loop _RNvNtCsjJ4BRyaQv62_12der_verified6length13decode_length.0 iteration 6 file der-verified/src/length.rs line 101 column 5 function length::decode_length thread 0
Unwinding loop _RNvNtCsjJ4BRyaQv62_12der_verified6length13decode_length.0 iteration 7 file der-verified/src/length.rs line 101 column 5 function length::decode_length thread 0
Unwinding loop _RNvNtCsjJ4BRyaQv62_12der_verified6length13decode_length.0 iteration 8 file der-verified/src/length.rs line 101 column 5 function length::decode_length thread 0
Unwinding loop _RNvNtCsjJ4BRyaQv62_12der_verified6length13decode_length.0 iteration 9 file der-verified/src/length.rs line 101 column 5 function length::decode_length thread 0
Unwinding loop _RNvNtCsjJ4BRyaQv62_12der_verified6length13decode_length.0 iteration 10 file der-verified/src/length.rs line 101 column 5 function length::decode_length thread 0
Unwinding loop _RNvNtCsjJ4BRyaQv62_12der_verified6length13decode_length.0 iteration 11 file der-verified/src/length.rs line 101 column 5 function length::decode_length thread 0
Not unwinding loop _RNvNtCsjJ4BRyaQv62_12der_verified6length13decode_length.0 iteration 12 file der-verified/src/length.rs line 101 column 5 function length::decode_length thread 0
aborting path on assume(false) at file /home/runner/.rustup/toolchains/nightly-2025-11-21-x86_64-unknown-linux-gnu/lib/rustlib/src/rust/library/core/src/result.rs line 966 column 15 function std::result::Result::<(u32, usize), length::LengthError>::map_err::<tlv::TlvError, {closure@der-verified/src/tlv.rs:73:69: 73:72}> thread 0
aborting path on assume(false) at file /home/runner/.rustup/toolchains/nightly-2025-11-21-x86_64-unknown-linux-gnu/lib/rustlib/src/rust/library/core/src/result.rs line 2173 column 15 function <std::result::Result<(u32, usize), tlv::TlvError> as std::ops::Try>::branch thread 0
aborting path on assume(false) at file der-verified/src/lib.rs line 0 column 0 function tlv::decode_tlv thread 0
aborting path on assume(false) at file /home/runner/.rustup/toolchains/nightly-2025-11-21-x86_64-unknown-linux-gnu/lib/rustlib/src/rust/library/core/src/slice/index.rs line 435 column 5 function <std::ops::Range<usize> as std::slice::SliceIndex<[u8]>>::index thread 0
aborting path on assume(false) at file /home/runner/work/kani/kani/library/kani_core/src/models.rs line 176 column 17 function <usize as kani::rustc_intrinsics::ToISize>::to_isize thread 0
aborting path on assume(false) at file /home/runner/work/kani/kani/library/kani/src/lib.rs line 57 column 1 function <usize as kani::rustc_intrinsics::ToISize>::to_isize thread 0
aborting path on assume(false) at file /home/runner/work/kani/kani/library/kani/src/lib.rs line 57 column 1 function <usize as kani::rustc_intrinsics::ToISize>::to_isize thread 0
aborting path on assume(false) at file /home/runner/work/kani/kani/library/kani/src/lib.rs line 57 column 1 function kani::mem::cbmc::same_allocation thread 0
aborting path on assume(false) at file /home/runner/.rustup/toolchains/nightly-2025-11-21-x86_64-unknown-linux-gnu/lib/rustlib/src/rust/library/core/src/slice/index.rs line 40 column 9 function core::slice::index::slice_index_fail::do_panic::runtime thread 0
aborting path on assume(false) at file /home/runner/.rustup/toolchains/nightly-2025-11-21-x86_64-unknown-linux-gnu/lib/rustlib/src/rust/library/core/src/intrinsics/mod.rs line 2449 column 9 function core::slice::index::slice_index_fail::do_panic thread 0
aborting path on assume(false) at file /home/runner/.rustup/toolchains/nightly-2025-11-21-x86_64-unknown-linux-gnu/lib/rustlib/src/rust/library/core/src/panic.rs line 178 column 9 function core::slice::index::slice_index_fail thread 0
aborting path on assume(false) at file /home/runner/.rustup/toolchains/nightly-2025-11-21-x86_64-unknown-linux-gnu/lib/rustlib/src/rust/library/core/src/slice/index.rs line 49 column 9 function core::slice::index::slice_index_fail::do_panic::runtime thread 0
aborting path on assume(false) at file /home/runner/.rustup/toolchains/nightly-2025-11-21-x86_64-unknown-linux-gnu/lib/rustlib/src/rust/library/core/src/intrinsics/mod.rs line 2449 column 9 function core::slice::index::slice_index_fail::do_panic thread 0
aborting path on assume(false) at file /home/runner/.rustup/toolchains/nightly-2025-11-21-x86_64-unknown-linux-gnu/lib/rustlib/src/rust/library/core/src/panic.rs line 178 column 9 function core::slice::index::slice_index_fail thread 0
aborting path on assume(false) at file /home/runner/.rustup/toolchains/nightly-2025-11-21-x86_64-unknown-linux-gnu/lib/rustlib/src/rust/library/core/src/slice/index.rs line 58 column 9 function core::slice::index::slice_index_fail::do_panic::runtime thread 0
aborting path on assume(false) at file /home/runner/.rustup/toolchains/nightly-2025-11-21-x86_64-unknown-linux-gnu/lib/rustlib/src/rust/library/core/src/intrinsics/mod.rs line 2449 column 9 function core::slice::index::slice_index_fail::do_panic thread 0
aborting path on assume(false) at file /home/runner/.rustup/toolchains/nightly-2025-11-21-x86_64-unknown-linux-gnu/lib/rustlib/src/rust/library/core/src/panic.rs line 178 column 9 function core::slice::index::slice_index_fail thread 0
aborting path on assume(false) at file /home/runner/.rustup/toolchains/nightly-2025-11-21-x86_64-unknown-linux-gnu/lib/rustlib/src/rust/library/core/src/slice/index.rs line 68 column 5 function core::slice::index::slice_index_fail::do_panic::runtime thread 0
aborting path on assume(false) at file /home/runner/.rustup/toolchains/nightly-2025-11-21-x86_64-unknown-linux-gnu/lib/rustlib/src/rust/library/core/src/intrinsics/mod.rs line 2449 column 9 function core::slice::index::slice_index_fail::do_panic thread 0
aborting path on assume(false) at file /home/runner/.rustup/toolchains/nightly-2025-11-21-x86_64-unknown-linux-gnu/lib/rustlib/src/rust/library/core/src/panic.rs line 178 column 9 function core::slice::index::slice_index_fail thread 0
aborting path on assume(false) at file /home/runner/.rustup/toolchains/nightly-2025-11-21-x86_64-unknown-linux-gnu/lib/rustlib/src/rust/library/core/src/slice/index.rs line 443 column 13 function <std::ops::Range<usize> as std::slice::SliceIndex<[u8]>>::index thread 0
aborting path on assume(false) at file /home/runner/.rustup/toolchains/nightly-2025-11-21-x86_64-unknown-linux-gnu/lib/rustlib/src/rust/library/core/src/result.rs line 966 column 15 function std::result::Result::<(tlv::Tlv<'_>, usize), tlv::TlvError>::map_err::<x509_tbs_certificate::TbsCertificateError, fn(tlv::TlvError) -> x509_tbs_certificate::TbsCertificateError {x509_tbs_certificate::TbsCertificateError::BadIssuerTlv}> thread 0
aborting path on assume(false) at file /home/runner/.rustup/toolchains/nightly-2025-11-21-x86_64-unknown-linux-gnu/lib/rustlib/src/rust/library/core/src/result.rs line 2173 column 15 function <std::result::Result<(tlv::Tlv<'_>, usize), x509_tbs_certificate::TbsCertificateError> as std::ops::Try>::branch thread 0
aborting path on assume(false) at file /home/runner/.rustup/toolchains/nightly-2025-11-21-x86_64-unknown-linux-gnu/lib/rustlib/src/rust/library/core/src/slice/index.rs line 435 column 5 function <std::ops::Range<usize> as std::slice::SliceIndex<[u8]>>::index thread 0
aborting path on assume(false) at file /home/runner/work/kani/kani/library/kani_core/src/models.rs line 176 column 17 function <usize as kani::rustc_intrinsics::ToISize>::to_isize thread 0
aborting path on assume(false) at file /home/runner/work/kani/kani/library/kani/src/lib.rs line 57 column 1 function <usize as kani::rustc_intrinsics::ToISize>::to_isize thread 0
aborting path on assume(false) at file /home/runner/work/kani/kani/library/kani/src/lib.rs line 57 column 1 function <usize as kani::rustc_intrinsics::ToISize>::to_isize thread 0
aborting path on assume(false) at file /home/runner/work/kani/kani/library/kani/src/lib.rs line 57 column 1 function kani::mem::cbmc::same_allocation thread 0
aborting path on assume(false) at file /home/runner/.rustup/toolchains/nightly-2025-11-21-x86_64-unknown-linux-gnu/lib/rustlib/src/rust/library/core/src/slice/index.rs line 40 column 9 function core::slice::index::slice_index_fail::do_panic::runtime thread 0
aborting path on assume(false) at file /home/runner/.rustup/toolchains/nightly-2025-11-21-x86_64-unknown-linux-gnu/lib/rustlib/src/rust/library/core/src/intrinsics/mod.rs line 2449 column 9 function core::slice::index::slice_index_fail::do_panic thread 0
aborting path on assume(false) at file /home/runner/.rustup/toolchains/nightly-2025-11-21-x86_64-unknown-linux-gnu/lib/rustlib/src/rust/library/core/src/panic.rs line 178 column 9 function core::slice::index::slice_index_fail thread 0
aborting path on assume(false) at file /home/runner/.rustup/toolchains/nightly-2025-11-21-x86_64-unknown-linux-gnu/lib/rustlib/src/rust/library/core/src/slice/index.rs line 49 column 9 function core::slice::index::slice_index_fail::do_panic::runtime thread 0
aborting path on assume(false) at file /home/runner/.rustup/toolchains/nightly-2025-11-21-x86_64-unknown-linux-gnu/lib/rustlib/src/rust/library/core/src/intrinsics/mod.rs line 2449 column 9 function core::slice::index::slice_index_fail::do_panic thread 0
aborting path on assume(false) at file /home/runner/.rustup/toolchains/nightly-2025-11-21-x86_64-unknown-linux-gnu/lib/rustlib/src/rust/library/core/src/panic.rs line 178 column 9 function core::slice::index::slice_index_fail thread 0
aborting path on assume(false) at file /home/runner/.rustup/toolchains/nightly-2025-11-21-x86_64-unknown-linux-gnu/lib/rustlib/src/rust/library/core/src/slice/index.rs line 58 column 9 function core::slice::index::slice_index_fail::do_panic::runtime thread 0
aborting path on assume(false) at file /home/runner/.rustup/toolchains/nightly-2025-11-21-x86_64-unknown-linux-gnu/lib/rustlib/src/rust/library/core/src/intrinsics/mod.rs line 2449 column 9 function core::slice::index::slice_index_fail::do_panic thread 0
aborting path on assume(false) at file /home/runner/.rustup/toolchains/nightly-2025-11-21-x86_64-unknown-linux-gnu/lib/rustlib/src/rust/library/core/src/panic.rs line 178 column 9 function core::slice::index::slice_index_fail thread 0
aborting path on assume(false) at file /home/runner/.rustup/toolchains/nightly-2025-11-21-x86_64-unknown-linux-gnu/lib/rustlib/src/rust/library/core/src/slice/index.rs line 68 column 5 function core::slice::index::slice_index_fail::do_panic::runtime thread 0
aborting path on assume(false) at file /home/runner/.rustup/toolchains/nightly-2025-11-21-x86_64-unknown-linux-gnu/lib/rustlib/src/rust/library/core/src/intrinsics/mod.rs line 2449 column 9 function core::slice::index::slice_index_fail::do_panic thread 0
aborting path on assume(false) at file /home/runner/.rustup/toolchains/nightly-2025-11-21-x86_64-unknown-linux-gnu/lib/rustlib/src/rust/library/core/src/panic.rs line 178 column 9 function core::slice::index::slice_index_fail thread 0
aborting path on assume(false) at file /home/runner/.rustup/toolchains/nightly-2025-11-21-x86_64-unknown-linux-gnu/lib/rustlib/src/rust/library/core/src/slice/index.rs line 443 column 13 function <std::ops::Range<usize> as std::slice::SliceIndex<[u8]>>::index thread 0
aborting path on assume(false) at file /home/runner/.rustup/toolchains/nightly-2025-11-21-x86_64-unknown-linux-gnu/lib/rustlib/src/rust/library/core/src/result.rs line 966 column 15 function std::result::Result::<(), x509_name::NameError>::map_err::<x509_tbs_certificate::TbsCertificateError, fn(x509_name::NameError) -> x509_tbs_certificate::TbsCertificateError {x509_tbs_certificate::TbsCertificateError::BadIssuer}> thread 0
aborting path on assume(false) at file /home/runner/.rustup/toolchains/nightly-2025-11-21-x86_64-unknown-linux-gnu/lib/rustlib/src/rust/library/core/src/result.rs line 2173 column 15 function <std::result::Result<(), x509_tbs_certificate::TbsCertificateError> as std::ops::Try>::branch thread 0
aborting path on assume(false) at file /home/runner/.rustup/toolchains/nightly-2025-11-21-x86_64-unknown-linux-gnu/lib/rustlib/src/rust/library/core/src/slice/index.rs line 40 column 9 function core::slice::index::slice_index_fail::do_panic::runtime thread 0
aborting path on assume(false) at file /home/runner/.rustup/toolchains/nightly-2025-11-21-x86_64-unknown-linux-gnu/lib/rustlib/src/rust/library/core/src/intrinsics/mod.rs line 2449 column 9 function core::slice::index::slice_index_fail::do_panic thread 0
aborting path on assume(false) at file /home/runner/.rustup/toolchains/nightly-2025-11-21-x86_64-unknown-linux-gnu/lib/rustlib/src/rust/library/core/src/panic.rs line 178 column 9 function core::slice::index::slice_index_fail thread 0
aborting path on assume(false) at file /home/runner/.rustup/toolchains/nightly-2025-11-21-x86_64-unknown-linux-gnu/lib/rustlib/src/rust/library/core/src/slice/index.rs line 49 column 9 function core::slice::index::slice_index_fail::do_panic::runtime thread 0
aborting path on assume(false) at file /home/runner/.rustup/toolchains/nightly-2025-11-21-x86_64-unknown-linux-gnu/lib/rustlib/src/rust/library/core/src/intrinsics/mod.rs line 2449 column 9 function core::slice::index::slice_index_fail::do_panic thread 0
aborting path on assume(false) at file /home/runner/.rustup/toolchains/nightly-2025-11-21-x86_64-unknown-linux-gnu/lib/rustlib/src/rust/library/core/src/panic.rs line 178 column 9 function core::slice::index::slice_index_fail thread 0
aborting path on assume(false) at file /home/runner/.rustup/toolchains/nightly-2025-11-21-x86_64-unknown-linux-gnu/lib/rustlib/src/rust/library/core/src/slice/index.rs line 58 column 9 function core::slice::index::slice_index_fail::do_panic::runtime thread 0
aborting path on assume(false) at file /home/runner/.rustup/toolchains/nightly-2025-11-21-x86_64-unknown-linux-gnu/lib/rustlib/src/rust/library/core/src/intrinsics/mod.rs line 2449 column 9 function core::slice::index::slice_index_fail::do_panic thread 0
aborting path on assume(false) at file /home/runner/.rustup/toolchains/nightly-2025-11-21-x86_64-unknown-linux-gnu/lib/rustlib/src/rust/library/core/src/panic.rs line 178 column 9 function core::slice::index::slice_index_fail thread 0
aborting path on assume(false) at file /home/runner/.rustup/toolchains/nightly-2025-11-21-x86_64-unknown-linux-gnu/lib/rustlib/src/rust/library/core/src/slice/index.rs line 68 column 5 function core::slice::index::slice_index_fail::do_panic::runtime thread 0
aborting path on assume(false) at file /home/runner/.rustup/toolchains/nightly-2025-11-21-x86_64-unknown-linux-gnu/lib/rustlib/src/rust/library/core/src/intrinsics/mod.rs line 2449 column 9 function core::slice::index::slice_index_fail::do_panic thread 0
aborting path on assume(false) at file /home/runner/.rustup/toolchains/nightly-2025-11-21-x86_64-unknown-linux-gnu/lib/rustlib/src/rust/library/core/src/panic.rs line 178 column 9 function core::slice::index::slice_index_fail thread 0
aborting path on assume(false) at file /home/runner/.rustup/toolchains/nightly-2025-11-21-x86_64-unknown-linux-gnu/lib/rustlib/src/rust/library/core/src/slice/index.rs line 569 column 13 function <std::ops::RangeFrom<usize> as std::slice::SliceIndex<[u8]>>::index thread 0
aborting path on assume(false) at file /home/runner/work/kani/kani/library/kani_core/src/models.rs line 176 column 17 function <usize as kani::rustc_intrinsics::ToISize>::to_isize thread 0
aborting path on assume(false) at file /home/runner/work/kani/kani/library/kani/src/lib.rs line 57 column 1 function <usize as kani::rustc_intrinsics::ToISize>::to_isize thread 0
aborting path on assume(false) at file /home/runner/work/kani/kani/library/kani/src/lib.rs line 57 column 1 function <usize as kani::rustc_intrinsics::ToISize>::to_isize thread 0
aborting path on assume(false) at file /home/runner/work/kani/kani/library/kani/src/lib.rs line 57 column 1 function kani::mem::cbmc::same_allocation thread 0
aborting path on assume(false) at file /home/runner/.rustup/toolchains/nightly-2025-11-21-x86_64-unknown-linux-gnu/lib/rustlib/src/rust/library/core/src/slice/index.rs line 40 column 9 function core::slice::index::slice_index_fail::do_panic::runtime thread 0
aborting path on assume(false) at file /home/runner/.rustup/toolchains/nightly-2025-11-21-x86_64-unknown-linux-gnu/lib/rustlib/src/rust/library/core/src/intrinsics/mod.rs line 2449 column 9 function core::slice::index::slice_index_fail::do_panic thread 0
aborting path on assume(false) at file /home/runner/.rustup/toolchains/nightly-2025-11-21-x86_64-unknown-linux-gnu/lib/rustlib/src/rust/library/core/src/panic.rs line 178 column 9 function core::slice::index::slice_index_fail thread 0
aborting path on assume(false) at file /home/runner/.rustup/toolchains/nightly-2025-11-21-x86_64-unknown-linux-gnu/lib/rustlib/src/rust/library/core/src/slice/index.rs line 49 column 9 function core::slice::index::slice_index_fail::do_panic::runtime thread 0
aborting path on assume(false) at file /home/runner/.rustup/toolchains/nightly-2025-11-21-x86_64-unknown-linux-gnu/lib/rustlib/src/rust/library/core/src/intrinsics/mod.rs line 2449 column 9 function core::slice::index::slice_index_fail::do_panic thread 0
aborting path on assume(false) at file /home/runner/.rustup/toolchains/nightly-2025-11-21-x86_64-unknown-linux-gnu/lib/rustlib/src/rust/library/core/src/panic.rs line 178 column 9 function core::slice::index::slice_index_fail thread 0
aborting path on assume(false) at file /home/runner/.rustup/toolchains/nightly-2025-11-21-x86_64-unknown-linux-gnu/lib/rustlib/src/rust/library/core/src/slice/index.rs line 58 column 9 function core::slice::index::slice_index_fail::do_panic::runtime thread 0
aborting path on assume(false) at file /home/runner/.rustup/toolchains/nightly-2025-11-21-x86_64-unknown-linux-gnu/lib/rustlib/src/rust/library/core/src/intrinsics/mod.rs line 2449 column 9 function core::slice::index::slice_index_fail::do_panic thread 0
aborting path on assume(false) at file /home/runner/.rustup/toolchains/nightly-2025-11-21-x86_64-unknown-linux-gnu/lib/rustlib/src/rust/library/core/src/panic.rs line 178 column 9 function core::slice::index::slice_index_fail thread 0
aborting path on assume(false) at file /home/runner/.rustup/toolchains/nightly-2025-11-21-x86_64-unknown-linux-gnu/lib/rustlib/src/rust/library/core/src/slice/index.rs line 68 column 5 function core::slice::index::slice_index_fail::do_panic::runtime thread 0
aborting path on assume(false) at file /home/runner/.rustup/toolchains/nightly-2025-11-21-x86_64-unknown-linux-gnu/lib/rustlib/src/rust/library/core/src/intrinsics/mod.rs line 2449 column 9 function core::slice::index::slice_index_fail::do_panic thread 0
aborting path on assume(false) at file /home/runner/.rustup/toolchains/nightly-2025-11-21-x86_64-unknown-linux-gnu/lib/rustlib/src/rust/library/core/src/panic.rs line 178 column 9 function core::slice::index::slice_index_fail thread 0
aborting path on assume(false) at file /home/runner/.rustup/toolchains/nightly-2025-11-21-x86_64-unknown-linux-gnu/lib/rustlib/src/rust/library/core/src/slice/index.rs line 569 column 13 function <std::ops::RangeFrom<usize> as std::slice::SliceIndex<[u8]>>::index thread 0
aborting path on assume(false) at file /home/runner/work/kani/kani/library/kani_core/src/models.rs line 176 column 17 function <usize as kani::rustc_intrinsics::ToISize>::to_isize thread 0
aborting path on assume(false) at file /home/runner/work/kani/kani/library/kani/src/lib.rs line 57 column 1 function <usize as kani::rustc_intrinsics::ToISize>::to_isize thread 0
aborting path on assume(false) at file /home/runner/work/kani/kani/library/kani/src/lib.rs line 57 column 1 function <usize as kani::rustc_intrinsics::ToISize>::to_isize thread 0
aborting path on assume(false) at file /home/runner/work/kani/kani/library/kani/src/lib.rs line 57 column 1 function kani::mem::cbmc::same_allocation thread 0
Unwinding loop _RNvNtCsjJ4BRyaQv62_12der_verified3tag10decode_tag.0 iteration 1 file der-verified/src/tag.rs line 137 column 49 function tag::decode_tag thread 0
Unwinding loop _RNvNtCsjJ4BRyaQv62_12der_verified3tag10decode_tag.0 iteration 2 file der-verified/src/tag.rs line 137 column 49 function tag::decode_tag thread 0
Unwinding loop _RNvNtCsjJ4BRyaQv62_12der_verified3tag10decode_tag.0 iteration 3 file der-verified/src/tag.rs line 137 column 49 function tag::decode_tag thread 0
Unwinding loop _RNvNtCsjJ4BRyaQv62_12der_verified3tag10decode_tag.0 iteration 4 file der-verified/src/tag.rs line 137 column 49 function tag::decode_tag thread 0
Unwinding loop _RNvNtCsjJ4BRyaQv62_12der_verified3tag10decode_tag.0 iteration 5 file der-verified/src/tag.rs line 137 column 49 function tag::decode_tag thread 0
Unwinding loop _RNvNtCsjJ4BRyaQv62_12der_verified3tag10decode_tag.0 iteration 6 file der-verified/src/tag.rs line 137 column 49 function tag::decode_tag thread 0
Unwinding loop _RNvNtCsjJ4BRyaQv62_12der_verified3tag10decode_tag.0 iteration 7 file der-verified/src/tag.rs line 137 column 49 function tag::decode_tag thread 0
Unwinding loop _RNvNtCsjJ4BRyaQv62_12der_verified3tag10decode_tag.0 iteration 8 file der-verified/src/tag.rs line 137 column 49 function tag::decode_tag thread 0
Unwinding loop _RNvNtCsjJ4BRyaQv62_12der_verified3tag10decode_tag.0 iteration 9 file der-verified/src/tag.rs line 137 column 49 function tag::decode_tag thread 0
Unwinding loop _RNvNtCsjJ4BRyaQv62_12der_verified3tag10decode_tag.0 iteration 10 file der-verified/src/tag.rs line 137 column 49 function tag::decode_tag thread 0
Unwinding loop _RNvNtCsjJ4BRyaQv62_12der_verified3tag10decode_tag.0 iteration 11 file der-verified/src/tag.rs line 137 column 49 function tag::decode_tag thread 0
Not unwinding loop _RNvNtCsjJ4BRyaQv62_12der_verified3tag10decode_tag.0 iteration 12 file der-verified/src/tag.rs line 137 column 49 function tag::decode_tag thread 0
aborting path on assume(false) at file /home/runner/.rustup/toolchains/nightly-2025-11-21-x86_64-unknown-linux-gnu/lib/rustlib/src/rust/library/core/src/result.rs line 2173 column 15 function <std::result::Result<(u32, usize), tag::TagError> as std::ops::Try>::branch thread 0
aborting path on assume(false) at file der-verified/src/lib.rs line 0 column 0 function tag::decode_tag thread 0
aborting path on assume(false) at file /home/runner/.rustup/toolchains/nightly-2025-11-21-x86_64-unknown-linux-gnu/lib/rustlib/src/rust/library/core/src/result.rs line 966 column 15 function std::result::Result::<(tag::Tag, usize), tag::TagError>::map_err::<tlv::TlvError, {closure@der-verified/src/tlv.rs:71:51: 71:54}> thread 0
aborting path on assume(false) at file /home/runner/.rustup/toolchains/nightly-2025-11-21-x86_64-unknown-linux-gnu/lib/rustlib/src/rust/library/core/src/result.rs line 2173 column 15 function <std::result::Result<(tag::Tag, usize), tlv::TlvError> as std::ops::Try>::branch thread 0
aborting path on assume(false) at file /home/runner/.rustup/toolchains/nightly-2025-11-21-x86_64-unknown-linux-gnu/lib/rustlib/src/rust/library/core/src/slice/index.rs line 40 column 9 function core::slice::index::slice_index_fail::do_panic::runtime thread 0
aborting path on assume(false) at file /home/runner/.rustup/toolchains/nightly-2025-11-21-x86_64-unknown-linux-gnu/lib/rustlib/src/rust/library/core/src/intrinsics/mod.rs line 2449 column 9 function core::slice::index::slice_index_fail::do_panic thread 0
aborting path on assume(false) at file /home/runner/.rustup/toolchains/nightly-2025-11-21-x86_64-unknown-linux-gnu/lib/rustlib/src/rust/library/core/src/panic.rs line 178 column 9 function core::slice::index::slice_index_fail thread 0
aborting path on assume(false) at file /home/runner/.rustup/toolchains/nightly-2025-11-21-x86_64-unknown-linux-gnu/lib/rustlib/src/rust/library/core/src/slice/index.rs line 49 column 9 function core::slice::index::slice_index_fail::do_panic::runtime thread 0
aborting path on assume(false) at file /home/runner/.rustup/toolchains/nightly-2025-11-21-x86_64-unknown-linux-gnu/lib/rustlib/src/rust/library/core/src/intrinsics/mod.rs line 2449 column 9 function core::slice::index::slice_index_fail::do_panic thread 0
aborting path on assume(false) at file /home/runner/.rustup/toolchains/nightly-2025-11-21-x86_64-unknown-linux-gnu/lib/rustlib/src/rust/library/core/src/panic.rs line 178 column 9 function core::slice::index::slice_index_fail thread 0
aborting path on assume(false) at file /home/runner/.rustup/toolchains/nightly-2025-11-21-x86_64-unknown-linux-gnu/lib/rustlib/src/rust/library/core/src/slice/index.rs line 58 column 9 function core::slice::index::slice_index_fail::do_panic::runtime thread 0
aborting path on assume(false) at file /home/runner/.rustup/toolchains/nightly-2025-11-21-x86_64-unknown-linux-gnu/lib/rustlib/src/rust/library/core/src/intrinsics/mod.rs line 2449 column 9 function core::slice::index::slice_index_fail::do_panic thread 0
aborting path on assume(false) at file /home/runner/.rustup/toolchains/nightly-2025-11-21-x86_64-unknown-linux-gnu/lib/rustlib/src/rust/library/core/src/panic.rs line 178 column 9 function core::slice::index::slice_index_fail thread 0
aborting path on assume(false) at file /home/runner/.rustup/toolchains/nightly-2025-11-21-x86_64-unknown-linux-gnu/lib/rustlib/src/rust/library/core/src/slice/index.rs line 68 column 5 function core::slice::index::slice_index_fail::do_panic::runtime thread 0
aborting path on assume(false) at file /home/runner/.rustup/toolchains/nightly-2025-11-21-x86_64-unknown-linux-gnu/lib/rustlib/src/rust/library/core/src/intrinsics/mod.rs line 2449 column 9 function core::slice::index::slice_index_fail::do_panic thread 0
aborting path on assume(false) at file /home/runner/.rustup/toolchains/nightly-2025-11-21-x86_64-unknown-linux-gnu/lib/rustlib/src/rust/library/core/src/panic.rs line 178 column 9 function core::slice::index::slice_index_fail thread 0
aborting path on assume(false) at file /home/runner/.rustup/toolchains/nightly-2025-11-21-x86_64-unknown-linux-gnu/lib/rustlib/src/rust/library/core/src/slice/index.rs line 569 column 13 function <std::ops::RangeFrom<usize> as std::slice::SliceIndex<[u8]>>::index thread 0
aborting path on assume(false) at file /home/runner/work/kani/kani/library/kani_core/src/models.rs line 176 column 17 function <usize as kani::rustc_intrinsics::ToISize>::to_isize thread 0
aborting path on assume(false) at file /home/runner/work/kani/kani/library/kani/src/lib.rs line 57 column 1 function <usize as kani::rustc_intrinsics::ToISize>::to_isize thread 0
aborting path on assume(false) at file /home/runner/work/kani/kani/library/kani/src/lib.rs line 57 column 1 function <usize as kani::rustc_intrinsics::ToISize>::to_isize thread 0
aborting path on assume(false) at file /home/runner/work/kani/kani/library/kani/src/lib.rs line 57 column 1 function kani::mem::cbmc::same_allocation thread 0
aborting path on assume(false) at file der-verified/src/length.rs line 75 column 23 function length::decode_length thread 0
aborting path on assume(false) at file /home/runner/.rustup/toolchains/nightly-2025-11-21-x86_64-unknown-linux-gnu/lib/rustlib/src/rust/library/core/src/slice/index.rs line 435 column 5 function <std::ops::Range<usize> as std::slice::SliceIndex<[u8]>>::index thread 0
aborting path on assume(false) at file /home/runner/work/kani/kani/library/kani/src/lib.rs line 57 column 1 function kani::mem::cbmc::same_allocation thread 0
aborting path on assume(false) at file /home/runner/.rustup/toolchains/nightly-2025-11-21-x86_64-unknown-linux-gnu/lib/rustlib/src/rust/library/core/src/slice/index.rs line 40 column 9 function core::slice::index::slice_index_fail::do_panic::runtime thread 0
aborting path on assume(false) at file /home/runner/.rustup/toolchains/nightly-2025-11-21-x86_64-unknown-linux-gnu/lib/rustlib/src/rust/library/core/src/intrinsics/mod.rs line 2449 column 9 function core::slice::index::slice_index_fail::do_panic thread 0
aborting path on assume(false) at file /home/runner/.rustup/toolchains/nightly-2025-11-21-x86_64-unknown-linux-gnu/lib/rustlib/src/rust/library/core/src/panic.rs line 178 column 9 function core::slice::index::slice_index_fail thread 0
aborting path on assume(false) at file /home/runner/.rustup/toolchains/nightly-2025-11-21-x86_64-unknown-linux-gnu/lib/rustlib/src/rust/library/core/src/slice/index.rs line 49 column 9 function core::slice::index::slice_index_fail::do_panic::runtime thread 0
aborting path on assume(false) at file /home/runner/.rustup/toolchains/nightly-2025-11-21-x86_64-unknown-linux-gnu/lib/rustlib/src/rust/library/core/src/intrinsics/mod.rs line 2449 column 9 function core::slice::index::slice_index_fail::do_panic thread 0
aborting path on assume(false) at file /home/runner/.rustup/toolchains/nightly-2025-11-21-x86_64-unknown-linux-gnu/lib/rustlib/src/rust/library/core/src/panic.rs line 178 column 9 function core::slice::index::slice_index_fail thread 0
aborting path on assume(false) at file /home/runner/.rustup/toolchains/nightly-2025-11-21-x86_64-unknown-linux-gnu/lib/rustlib/src/rust/library/core/src/slice/index.rs line 58 column 9 function core::slice::index::slice_index_fail::do_panic::runtime thread 0
aborting path on assume(false) at file /home/runner/.rustup/toolchains/nightly-2025-11-21-x86_64-unknown-linux-gnu/lib/rustlib/src/rust/library/core/src/intrinsics/mod.rs line 2449 column 9 function core::slice::index::slice_index_fail::do_panic thread 0
aborting path on assume(false) at file /home/runner/.rustup/toolchains/nightly-2025-11-21-x86_64-unknown-linux-gnu/lib/rustlib/src/rust/library/core/src/panic.rs line 178 column 9 function core::slice::index::slice_index_fail thread 0
aborting path on assume(false) at file /home/runner/.rustup/toolchains/nightly-2025-11-21-x86_64-unknown-linux-gnu/lib/rustlib/src/rust/library/core/src/slice/index.rs line 68 column 5 function core::slice::index::slice_index_fail::do_panic::runtime thread 0
aborting path on assume(false) at file /home/runner/.rustup/toolchains/nightly-2025-11-21-x86_64-unknown-linux-gnu/lib/rustlib/src/rust/library/core/src/intrinsics/mod.rs line 2449 column 9 function core::slice::index::slice_index_fail::do_panic thread 0
aborting path on assume(false) at file /home/runner/.rustup/toolchains/nightly-2025-11-21-x86_64-unknown-linux-gnu/lib/rustlib/src/rust/library/core/src/panic.rs line 178 column 9 function core::slice::index::slice_index_fail thread 0
aborting path on assume(false) at file /home/runner/.rustup/toolchains/nightly-2025-11-21-x86_64-unknown-linux-gnu/lib/rustlib/src/rust/library/core/src/slice/index.rs line 443 column 13 function <std::ops::Range<usize> as std::slice::SliceIndex<[u8]>>::index thread 0
Unwinding loop _RNvNtCsjJ4BRyaQv62_12der_verified6length13decode_length.0 iteration 1 file der-verified/src/length.rs line 101 column 5 function length::decode_length thread 0
Unwinding loop _RNvNtCsjJ4BRyaQv62_12der_verified6length13decode_length.0 iteration 2 file der-verified/src/length.rs line 101 column 5 function length::decode_length thread 0
Unwinding loop _RNvNtCsjJ4BRyaQv62_12der_verified6length13decode_length.0 iteration 3 file der-verified/src/length.rs line 101 column 5 function length::decode_length thread 0
Unwinding loop _RNvNtCsjJ4BRyaQv62_12der_verified6length13decode_length.0 iteration 4 file der-verified/src/length.rs line 101 column 5 function length::decode_length thread 0
Unwinding loop _RNvNtCsjJ4BRyaQv62_12der_verified6length13decode_length.0 iteration 5 file der-verified/src/length.rs line 101 column 5 function length::decode_length thread 0
Unwinding loop _RNvNtCsjJ4BRyaQv62_12der_verified6length13decode_length.0 iteration 6 file der-verified/src/length.rs line 101 column 5 function length::decode_length thread 0
Unwinding loop _RNvNtCsjJ4BRyaQv62_12der_verified6length13decode_length.0 iteration 7 file der-verified/src/length.rs line 101 column 5 function length::decode_length thread 0
Unwinding loop _RNvNtCsjJ4BRyaQv62_12der_verified6length13decode_length.0 iteration 8 file der-verified/src/length.rs line 101 column 5 function length::decode_length thread 0
Unwinding loop _RNvNtCsjJ4BRyaQv62_12der_verified6length13decode_length.0 iteration 9 file der-verified/src/length.rs line 101 column 5 function length::decode_length thread 0
Unwinding loop _RNvNtCsjJ4BRyaQv62_12der_verified6length13decode_length.0 iteration 10 file der-verified/src/length.rs line 101 column 5 function length::decode_length thread 0
Unwinding loop _RNvNtCsjJ4BRyaQv62_12der_verified6length13decode_length.0 iteration 11 file der-verified/src/length.rs line 101 column 5 function length::decode_length thread 0
Not unwinding loop _RNvNtCsjJ4BRyaQv62_12der_verified6length13decode_length.0 iteration 12 file der-verified/src/length.rs line 101 column 5 function length::decode_length thread 0
aborting path on assume(false) at file /home/runner/.rustup/toolchains/nightly-2025-11-21-x86_64-unknown-linux-gnu/lib/rustlib/src/rust/library/core/src/result.rs line 966 column 15 function std::result::Result::<(u32, usize), length::LengthError>::map_err::<tlv::TlvError, {closure@der-verified/src/tlv.rs:73:69: 73:72}> thread 0
aborting path on assume(false) at file /home/runner/.rustup/toolchains/nightly-2025-11-21-x86_64-unknown-linux-gnu/lib/rustlib/src/rust/library/core/src/result.rs line 2173 column 15 function <std::result::Result<(u32, usize), tlv::TlvError> as std::ops::Try>::branch thread 0
aborting path on assume(false) at file der-verified/src/lib.rs line 0 column 0 function tlv::decode_tlv thread 0
aborting path on assume(false) at file /home/runner/.rustup/toolchains/nightly-2025-11-21-x86_64-unknown-linux-gnu/lib/rustlib/src/rust/library/core/src/slice/index.rs line 435 column 5 function <std::ops::Range<usize> as std::slice::SliceIndex<[u8]>>::index thread 0
aborting path on assume(false) at file /home/runner/work/kani/kani/library/kani_core/src/models.rs line 176 column 17 function <usize as kani::rustc_intrinsics::ToISize>::to_isize thread 0
aborting path on assume(false) at file /home/runner/work/kani/kani/library/kani/src/lib.rs line 57 column 1 function <usize as kani::rustc_intrinsics::ToISize>::to_isize thread 0
aborting path on assume(false) at file /home/runner/work/kani/kani/library/kani/src/lib.rs line 57 column 1 function <usize as kani::rustc_intrinsics::ToISize>::to_isize thread 0
aborting path on assume(false) at file /home/runner/work/kani/kani/library/kani/src/lib.rs line 57 column 1 function kani::mem::cbmc::same_allocation thread 0
aborting path on assume(false) at file /home/runner/.rustup/toolchains/nightly-2025-11-21-x86_64-unknown-linux-gnu/lib/rustlib/src/rust/library/core/src/slice/index.rs line 40 column 9 function core::slice::index::slice_index_fail::do_panic::runtime thread 0
aborting path on assume(false) at file /home/runner/.rustup/toolchains/nightly-2025-11-21-x86_64-unknown-linux-gnu/lib/rustlib/src/rust/library/core/src/intrinsics/mod.rs line 2449 column 9 function core::slice::index::slice_index_fail::do_panic thread 0
aborting path on assume(false) at file /home/runner/.rustup/toolchains/nightly-2025-11-21-x86_64-unknown-linux-gnu/lib/rustlib/src/rust/library/core/src/panic.rs line 178 column 9 function core::slice::index::slice_index_fail thread 0
aborting path on assume(false) at file /home/runner/.rustup/toolchains/nightly-2025-11-21-x86_64-unknown-linux-gnu/lib/rustlib/src/rust/library/core/src/slice/index.rs line 49 column 9 function core::slice::index::slice_index_fail::do_panic::runtime thread 0
aborting path on assume(false) at file /home/runner/.rustup/toolchains/nightly-2025-11-21-x86_64-unknown-linux-gnu/lib/rustlib/src/rust/library/core/src/intrinsics/mod.rs line 2449 column 9 function core::slice::index::slice_index_fail::do_panic thread 0
aborting path on assume(false) at file /home/runner/.rustup/toolchains/nightly-2025-11-21-x86_64-unknown-linux-gnu/lib/rustlib/src/rust/library/core/src/panic.rs line 178 column 9 function core::slice::index::slice_index_fail thread 0
aborting path on assume(false) at file /home/runner/.rustup/toolchains/nightly-2025-11-21-x86_64-unknown-linux-gnu/lib/rustlib/src/rust/library/core/src/slice/index.rs line 58 column 9 function core::slice::index::slice_index_fail::do_panic::runtime thread 0
aborting path on assume(false) at file /home/runner/.rustup/toolchains/nightly-2025-11-21-x86_64-unknown-linux-gnu/lib/rustlib/src/rust/library/core/src/intrinsics/mod.rs line 2449 column 9 function core::slice::index::slice_index_fail::do_panic thread 0
aborting path on assume(false) at file /home/runner/.rustup/toolchains/nightly-2025-11-21-x86_64-unknown-linux-gnu/lib/rustlib/src/rust/library/core/src/panic.rs line 178 column 9 function core::slice::index::slice_index_fail thread 0
aborting path on assume(false) at file /home/runner/.rustup/toolchains/nightly-2025-11-21-x86_64-unknown-linux-gnu/lib/rustlib/src/rust/library/core/src/slice/index.rs line 68 column 5 function core::slice::index::slice_index_fail::do_panic::runtime thread 0
aborting path on assume(false) at file /home/runner/.rustup/toolchains/nightly-2025-11-21-x86_64-unknown-linux-gnu/lib/rustlib/src/rust/library/core/src/intrinsics/mod.rs line 2449 column 9 function core::slice::index::slice_index_fail::do_panic thread 0
aborting path on assume(false) at file /home/runner/.rustup/toolchains/nightly-2025-11-21-x86_64-unknown-linux-gnu/lib/rustlib/src/rust/library/core/src/panic.rs line 178 column 9 function core::slice::index::slice_index_fail thread 0
aborting path on assume(false) at file /home/runner/.rustup/toolchains/nightly-2025-11-21-x86_64-unknown-linux-gnu/lib/rustlib/src/rust/library/core/src/slice/index.rs line 443 column 13 function <std::ops::Range<usize> as std::slice::SliceIndex<[u8]>>::index thread 0
aborting path on assume(false) at file /home/runner/.rustup/toolchains/nightly-2025-11-21-x86_64-unknown-linux-gnu/lib/rustlib/src/rust/library/core/src/result.rs line 966 column 15 function std::result::Result::<(tlv::Tlv<'_>, usize), tlv::TlvError>::map_err::<x509_tbs_certificate::TbsCertificateError, fn(tlv::TlvError) -> x509_tbs_certificate::TbsCertificateError {x509_tbs_certificate::TbsCertificateError::BadValidityTlv}> thread 0
aborting path on assume(false) at file /home/runner/.rustup/toolchains/nightly-2025-11-21-x86_64-unknown-linux-gnu/lib/rustlib/src/rust/library/core/src/result.rs line 2173 column 15 function <std::result::Result<(tlv::Tlv<'_>, usize), x509_tbs_certificate::TbsCertificateError> as std::ops::Try>::branch thread 0
aborting path on assume(false) at file /home/runner/.rustup/toolchains/nightly-2025-11-21-x86_64-unknown-linux-gnu/lib/rustlib/src/rust/library/core/src/slice/index.rs line 435 column 5 function <std::ops::Range<usize> as std::slice::SliceIndex<[u8]>>::index thread 0
aborting path on assume(false) at file /home/runner/work/kani/kani/library/kani_core/src/models.rs line 176 column 17 function <usize as kani::rustc_intrinsics::ToISize>::to_isize thread 0
aborting path on assume(false) at file /home/runner/work/kani/kani/library/kani/src/lib.rs line 57 column 1 function <usize as kani::rustc_intrinsics::ToISize>::to_isize thread 0
aborting path on assume(false) at file /home/runner/work/kani/kani/library/kani/src/lib.rs line 57 column 1 function <usize as kani::rustc_intrinsics::ToISize>::to_isize thread 0
aborting path on assume(false) at file /home/runner/work/kani/kani/library/kani/src/lib.rs line 57 column 1 function kani::mem::cbmc::same_allocation thread 0
aborting path on assume(false) at file /home/runner/.rustup/toolchains/nightly-2025-11-21-x86_64-unknown-linux-gnu/lib/rustlib/src/rust/library/core/src/slice/index.rs line 40 column 9 function core::slice::index::slice_index_fail::do_panic::runtime thread 0
aborting path on assume(false) at file /home/runner/.rustup/toolchains/nightly-2025-11-21-x86_64-unknown-linux-gnu/lib/rustlib/src/rust/library/core/src/intrinsics/mod.rs line 2449 column 9 function core::slice::index::slice_index_fail::do_panic thread 0
aborting path on assume(false) at file /home/runner/.rustup/toolchains/nightly-2025-11-21-x86_64-unknown-linux-gnu/lib/rustlib/src/rust/library/core/src/panic.rs line 178 column 9 function core::slice::index::slice_index_fail thread 0
aborting path on assume(false) at file /home/runner/.rustup/toolchains/nightly-2025-11-21-x86_64-unknown-linux-gnu/lib/rustlib/src/rust/library/core/src/slice/index.rs line 49 column 9 function core::slice::index::slice_index_fail::do_panic::runtime thread 0
aborting path on assume(false) at file /home/runner/.rustup/toolchains/nightly-2025-11-21-x86_64-unknown-linux-gnu/lib/rustlib/src/rust/library/core/src/intrinsics/mod.rs line 2449 column 9 function core::slice::index::slice_index_fail::do_panic thread 0
aborting path on assume(false) at file /home/runner/.rustup/toolchains/nightly-2025-11-21-x86_64-unknown-linux-gnu/lib/rustlib/src/rust/library/core/src/panic.rs line 178 column 9 function core::slice::index::slice_index_fail thread 0
aborting path on assume(false) at file /home/runner/.rustup/toolchains/nightly-2025-11-21-x86_64-unknown-linux-gnu/lib/rustlib/src/rust/library/core/src/slice/index.rs line 58 column 9 function core::slice::index::slice_index_fail::do_panic::runtime thread 0
aborting path on assume(false) at file /home/runner/.rustup/toolchains/nightly-2025-11-21-x86_64-unknown-linux-gnu/lib/rustlib/src/rust/library/core/src/intrinsics/mod.rs line 2449 column 9 function core::slice::index::slice_index_fail::do_panic thread 0
aborting path on assume(false) at file /home/runner/.rustup/toolchains/nightly-2025-11-21-x86_64-unknown-linux-gnu/lib/rustlib/src/rust/library/core/src/panic.rs line 178 column 9 function core::slice::index::slice_index_fail thread 0
aborting path on assume(false) at file /home/runner/.rustup/toolchains/nightly-2025-11-21-x86_64-unknown-linux-gnu/lib/rustlib/src/rust/library/core/src/slice/index.rs line 68 column 5 function core::slice::index::slice_index_fail::do_panic::runtime thread 0
aborting path on assume(false) at file /home/runner/.rustup/toolchains/nightly-2025-11-21-x86_64-unknown-linux-gnu/lib/rustlib/src/rust/library/core/src/intrinsics/mod.rs line 2449 column 9 function core::slice::index::slice_index_fail::do_panic thread 0
aborting path on assume(false) at file /home/runner/.rustup/toolchains/nightly-2025-11-21-x86_64-unknown-linux-gnu/lib/rustlib/src/rust/library/core/src/panic.rs line 178 column 9 function core::slice::index::slice_index_fail thread 0
aborting path on assume(false) at file /home/runner/.rustup/toolchains/nightly-2025-11-21-x86_64-unknown-linux-gnu/lib/rustlib/src/rust/library/core/src/slice/index.rs line 443 column 13 function <std::ops::Range<usize> as std::slice::SliceIndex<[u8]>>::index thread 0
Unwinding loop _RNvNtCsjJ4BRyaQv62_12der_verified3tag10decode_tag.0 iteration 1 file der-verified/src/tag.rs line 137 column 49 function tag::decode_tag thread 0
Unwinding loop _RNvNtCsjJ4BRyaQv62_12der_verified3tag10decode_tag.0 iteration 2 file der-verified/src/tag.rs line 137 column 49 function tag::decode_tag thread 0
Unwinding loop _RNvNtCsjJ4BRyaQv62_12der_verified3tag10decode_tag.0 iteration 3 file der-verified/src/tag.rs line 137 column 49 function tag::decode_tag thread 0
Unwinding loop _RNvNtCsjJ4BRyaQv62_12der_verified3tag10decode_tag.0 iteration 4 file der-verified/src/tag.rs line 137 column 49 function tag::decode_tag thread 0
Unwinding loop _RNvNtCsjJ4BRyaQv62_12der_verified3tag10decode_tag.0 iteration 5 file der-verified/src/tag.rs line 137 column 49 function tag::decode_tag thread 0
Unwinding loop _RNvNtCsjJ4BRyaQv62_12der_verified3tag10decode_tag.0 iteration 6 file der-verified/src/tag.rs line 137 column 49 function tag::decode_tag thread 0
Unwinding loop _RNvNtCsjJ4BRyaQv62_12der_verified3tag10decode_tag.0 iteration 7 file der-verified/src/tag.rs line 137 column 49 function tag::decode_tag thread 0
Unwinding loop _RNvNtCsjJ4BRyaQv62_12der_verified3tag10decode_tag.0 iteration 8 file der-verified/src/tag.rs line 137 column 49 function tag::decode_tag thread 0
Unwinding loop _RNvNtCsjJ4BRyaQv62_12der_verified3tag10decode_tag.0 iteration 9 file der-verified/src/tag.rs line 137 column 49 function tag::decode_tag thread 0
Unwinding loop _RNvNtCsjJ4BRyaQv62_12der_verified3tag10decode_tag.0 iteration 10 file der-verified/src/tag.rs line 137 column 49 function tag::decode_tag thread 0
Unwinding loop _RNvNtCsjJ4BRyaQv62_12der_verified3tag10decode_tag.0 iteration 11 file der-verified/src/tag.rs line 137 column 49 function tag::decode_tag thread 0
Not unwinding loop _RNvNtCsjJ4BRyaQv62_12der_verified3tag10decode_tag.0 iteration 12 file der-verified/src/tag.rs line 137 column 49 function tag::decode_tag thread 0
aborting path on assume(false) at file /home/runner/.rustup/toolchains/nightly-2025-11-21-x86_64-unknown-linux-gnu/lib/rustlib/src/rust/library/core/src/result.rs line 2173 column 15 function <std::result::Result<(u32, usize), tag::TagError> as std::ops::Try>::branch thread 0
aborting path on assume(false) at file der-verified/src/lib.rs line 0 column 0 function tag::decode_tag thread 0
aborting path on assume(false) at file /home/runner/.rustup/toolchains/nightly-2025-11-21-x86_64-unknown-linux-gnu/lib/rustlib/src/rust/library/core/src/result.rs line 966 column 15 function std::result::Result::<(tag::Tag, usize), tag::TagError>::map_err::<tlv::TlvError, {closure@der-verified/src/tlv.rs:71:51: 71:54}> thread 0
aborting path on assume(false) at file /home/runner/.rustup/toolchains/nightly-2025-11-21-x86_64-unknown-linux-gnu/lib/rustlib/src/rust/library/core/src/result.rs line 2173 column 15 function <std::result::Result<(tag::Tag, usize), tlv::TlvError> as std::ops::Try>::branch thread 0
aborting path on assume(false) at file /home/runner/.rustup/toolchains/nightly-2025-11-21-x86_64-unknown-linux-gnu/lib/rustlib/src/rust/library/core/src/slice/index.rs line 40 column 9 function core::slice::index::slice_index_fail::do_panic::runtime thread 0
aborting path on assume(false) at file /home/runner/.rustup/toolchains/nightly-2025-11-21-x86_64-unknown-linux-gnu/lib/rustlib/src/rust/library/core/src/intrinsics/mod.rs line 2449 column 9 function core::slice::index::slice_index_fail::do_panic thread 0
aborting path on assume(false) at file /home/runner/.rustup/toolchains/nightly-2025-11-21-x86_64-unknown-linux-gnu/lib/rustlib/src/rust/library/core/src/panic.rs line 178 column 9 function core::slice::index::slice_index_fail thread 0
aborting path on assume(false) at file /home/runner/.rustup/toolchains/nightly-2025-11-21-x86_64-unknown-linux-gnu/lib/rustlib/src/rust/library/core/src/slice/index.rs line 49 column 9 function core::slice::index::slice_index_fail::do_panic::runtime thread 0
aborting path on assume(false) at file /home/runner/.rustup/toolchains/nightly-2025-11-21-x86_64-unknown-linux-gnu/lib/rustlib/src/rust/library/core/src/intrinsics/mod.rs line 2449 column 9 function core::slice::index::slice_index_fail::do_panic thread 0
aborting path on assume(false) at file /home/runner/.rustup/toolchains/nightly-2025-11-21-x86_64-unknown-linux-gnu/lib/rustlib/src/rust/library/core/src/panic.rs line 178 column 9 function core::slice::index::slice_index_fail thread 0
aborting path on assume(false) at file /home/runner/.rustup/toolchains/nightly-2025-11-21-x86_64-unknown-linux-gnu/lib/rustlib/src/rust/library/core/src/slice/index.rs line 58 column 9 function core::slice::index::slice_index_fail::do_panic::runtime thread 0
aborting path on assume(false) at file /home/runner/.rustup/toolchains/nightly-2025-11-21-x86_64-unknown-linux-gnu/lib/rustlib/src/rust/library/core/src/intrinsics/mod.rs line 2449 column 9 function core::slice::index::slice_index_fail::do_panic thread 0
aborting path on assume(false) at file /home/runner/.rustup/toolchains/nightly-2025-11-21-x86_64-unknown-linux-gnu/lib/rustlib/src/rust/library/core/src/panic.rs line 178 column 9 function core::slice::index::slice_index_fail thread 0
aborting path on assume(false) at file /home/runner/.rustup/toolchains/nightly-2025-11-21-x86_64-unknown-linux-gnu/lib/rustlib/src/rust/library/core/src/slice/index.rs line 68 column 5 function core::slice::index::slice_index_fail::do_panic::runtime thread 0
aborting path on assume(false) at file /home/runner/.rustup/toolchains/nightly-2025-11-21-x86_64-unknown-linux-gnu/lib/rustlib/src/rust/library/core/src/intrinsics/mod.rs line 2449 column 9 function core::slice::index::slice_index_fail::do_panic thread 0
aborting path on assume(false) at file /home/runner/.rustup/toolchains/nightly-2025-11-21-x86_64-unknown-linux-gnu/lib/rustlib/src/rust/library/core/src/panic.rs line 178 column 9 function core::slice::index::slice_index_fail thread 0
aborting path on assume(false) at file /home/runner/.rustup/toolchains/nightly-2025-11-21-x86_64-unknown-linux-gnu/lib/rustlib/src/rust/library/core/src/slice/index.rs line 569 column 13 function <std::ops::RangeFrom<usize> as std::slice::SliceIndex<[u8]>>::index thread 0
aborting path on assume(false) at file /home/runner/work/kani/kani/library/kani_core/src/models.rs line 176 column 17 function <usize as kani::rustc_intrinsics::ToISize>::to_isize thread 0
aborting path on assume(false) at file /home/runner/work/kani/kani/library/kani/src/lib.rs line 57 column 1 function <usize as kani::rustc_intrinsics::ToISize>::to_isize thread 0
aborting path on assume(false) at file /home/runner/work/kani/kani/library/kani/src/lib.rs line 57 column 1 function <usize as kani::rustc_intrinsics::ToISize>::to_isize thread 0
aborting path on assume(false) at file /home/runner/work/kani/kani/library/kani/src/lib.rs line 57 column 1 function kani::mem::cbmc::same_allocation thread 0
aborting path on assume(false) at file der-verified/src/length.rs line 75 column 23 function length::decode_length thread 0
aborting path on assume(false) at file /home/runner/.rustup/toolchains/nightly-2025-11-21-x86_64-unknown-linux-gnu/lib/rustlib/src/rust/library/core/src/slice/index.rs line 435 column 5 function <std::ops::Range<usize> as std::slice::SliceIndex<[u8]>>::index thread 0
aborting path on assume(false) at file /home/runner/work/kani/kani/library/kani/src/lib.rs line 57 column 1 function kani::mem::cbmc::same_allocation thread 0
aborting path on assume(false) at file /home/runner/.rustup/toolchains/nightly-2025-11-21-x86_64-unknown-linux-gnu/lib/rustlib/src/rust/library/core/src/slice/index.rs line 40 column 9 function core::slice::index::slice_index_fail::do_panic::runtime thread 0
aborting path on assume(false) at file /home/runner/.rustup/toolchains/nightly-2025-11-21-x86_64-unknown-linux-gnu/lib/rustlib/src/rust/library/core/src/intrinsics/mod.rs line 2449 column 9 function core::slice::index::slice_index_fail::do_panic thread 0
aborting path on assume(false) at file /home/runner/.rustup/toolchains/nightly-2025-11-21-x86_64-unknown-linux-gnu/lib/rustlib/src/rust/library/core/src/panic.rs line 178 column 9 function core::slice::index::slice_index_fail thread 0
aborting path on assume(false) at file /home/runner/.rustup/toolchains/nightly-2025-11-21-x86_64-unknown-linux-gnu/lib/rustlib/src/rust/library/core/src/slice/index.rs line 49 column 9 function core::slice::index::slice_index_fail::do_panic::runtime thread 0
aborting path on assume(false) at file /home/runner/.rustup/toolchains/nightly-2025-11-21-x86_64-unknown-linux-gnu/lib/rustlib/src/rust/library/core/src/intrinsics/mod.rs line 2449 column 9 function core::slice::index::slice_index_fail::do_panic thread 0
aborting path on assume(false) at file /home/runner/.rustup/toolchains/nightly-2025-11-21-x86_64-unknown-linux-gnu/lib/rustlib/src/rust/library/core/src/panic.rs line 178 column 9 function core::slice::index::slice_index_fail thread 0
aborting path on assume(false) at file /home/runner/.rustup/toolchains/nightly-2025-11-21-x86_64-unknown-linux-gnu/lib/rustlib/src/rust/library/core/src/slice/index.rs line 58 column 9 function core::slice::index::slice_index_fail::do_panic::runtime thread 0
aborting path on assume(false) at file /home/runner/.rustup/toolchains/nightly-2025-11-21-x86_64-unknown-linux-gnu/lib/rustlib/src/rust/library/core/src/intrinsics/mod.rs line 2449 column 9 function core::slice::index::slice_index_fail::do_panic thread 0
aborting path on assume(false) at file /home/runner/.rustup/toolchains/nightly-2025-11-21-x86_64-unknown-linux-gnu/lib/rustlib/src/rust/library/core/src/panic.rs line 178 column 9 function core::slice::index::slice_index_fail thread 0
aborting path on assume(false) at file /home/runner/.rustup/toolchains/nightly-2025-11-21-x86_64-unknown-linux-gnu/lib/rustlib/src/rust/library/core/src/slice/index.rs line 68 column 5 function core::slice::index::slice_index_fail::do_panic::runtime thread 0
aborting path on assume(false) at file /home/runner/.rustup/toolchains/nightly-2025-11-21-x86_64-unknown-linux-gnu/lib/rustlib/src/rust/library/core/src/intrinsics/mod.rs line 2449 column 9 function core::slice::index::slice_index_fail::do_panic thread 0
aborting path on assume(false) at file /home/runner/.rustup/toolchains/nightly-2025-11-21-x86_64-unknown-linux-gnu/lib/rustlib/src/rust/library/core/src/panic.rs line 178 column 9 function core::slice::index::slice_index_fail thread 0
aborting path on assume(false) at file /home/runner/.rustup/toolchains/nightly-2025-11-21-x86_64-unknown-linux-gnu/lib/rustlib/src/rust/library/core/src/slice/index.rs line 443 column 13 function <std::ops::Range<usize> as std::slice::SliceIndex<[u8]>>::index thread 0
Unwinding loop _RNvNtCsjJ4BRyaQv62_12der_verified6length13decode_length.0 iteration 1 file der-verified/src/length.rs line 101 column 5 function length::decode_length thread 0
Unwinding loop _RNvNtCsjJ4BRyaQv62_12der_verified6length13decode_length.0 iteration 2 file der-verified/src/length.rs line 101 column 5 function length::decode_length thread 0
Unwinding loop _RNvNtCsjJ4BRyaQv62_12der_verified6length13decode_length.0 iteration 3 file der-verified/src/length.rs line 101 column 5 function length::decode_length thread 0
Unwinding loop _RNvNtCsjJ4BRyaQv62_12der_verified6length13decode_length.0 iteration 4 file der-verified/src/length.rs line 101 column 5 function length::decode_length thread 0
Unwinding loop _RNvNtCsjJ4BRyaQv62_12der_verified6length13decode_length.0 iteration 5 file der-verified/src/length.rs line 101 column 5 function length::decode_length thread 0
Unwinding loop _RNvNtCsjJ4BRyaQv62_12der_verified6length13decode_length.0 iteration 6 file der-verified/src/length.rs line 101 column 5 function length::decode_length thread 0
Unwinding loop _RNvNtCsjJ4BRyaQv62_12der_verified6length13decode_length.0 iteration 7 file der-verified/src/length.rs line 101 column 5 function length::decode_length thread 0
Unwinding loop _RNvNtCsjJ4BRyaQv62_12der_verified6length13decode_length.0 iteration 8 file der-verified/src/length.rs line 101 column 5 function length::decode_length thread 0
Unwinding loop _RNvNtCsjJ4BRyaQv62_12der_verified6length13decode_length.0 iteration 9 file der-verified/src/length.rs line 101 column 5 function length::decode_length thread 0
Unwinding loop _RNvNtCsjJ4BRyaQv62_12der_verified6length13decode_length.0 iteration 10 file der-verified/src/length.rs line 101 column 5 function length::decode_length thread 0
Unwinding loop _RNvNtCsjJ4BRyaQv62_12der_verified6length13decode_length.0 iteration 11 file der-verified/src/length.rs line 101 column 5 function length::decode_length thread 0
Not unwinding loop _RNvNtCsjJ4BRyaQv62_12der_verified6length13decode_length.0 iteration 12 file der-verified/src/length.rs line 101 column 5 function length::decode_length thread 0
aborting path on assume(false) at file /home/runner/.rustup/toolchains/nightly-2025-11-21-x86_64-unknown-linux-gnu/lib/rustlib/src/rust/library/core/src/result.rs line 966 column 15 function std::result::Result::<(u32, usize), length::LengthError>::map_err::<tlv::TlvError, {closure@der-verified/src/tlv.rs:73:69: 73:72}> thread 0
aborting path on assume(false) at file /home/runner/.rustup/toolchains/nightly-2025-11-21-x86_64-unknown-linux-gnu/lib/rustlib/src/rust/library/core/src/result.rs line 2173 column 15 function <std::result::Result<(u32, usize), tlv::TlvError> as std::ops::Try>::branch thread 0
aborting path on assume(false) at file der-verified/src/lib.rs line 0 column 0 function tlv::decode_tlv thread 0
aborting path on assume(false) at file /home/runner/.rustup/toolchains/nightly-2025-11-21-x86_64-unknown-linux-gnu/lib/rustlib/src/rust/library/core/src/slice/index.rs line 435 column 5 function <std::ops::Range<usize> as std::slice::SliceIndex<[u8]>>::index thread 0
aborting path on assume(false) at file /home/runner/work/kani/kani/library/kani_core/src/models.rs line 176 column 17 function <usize as kani::rustc_intrinsics::ToISize>::to_isize thread 0
aborting path on assume(false) at file /home/runner/work/kani/kani/library/kani/src/lib.rs line 57 column 1 function <usize as kani::rustc_intrinsics::ToISize>::to_isize thread 0
aborting path on assume(false) at file /home/runner/work/kani/kani/library/kani/src/lib.rs line 57 column 1 function <usize as kani::rustc_intrinsics::ToISize>::to_isize thread 0
aborting path on assume(false) at file /home/runner/work/kani/kani/library/kani/src/lib.rs line 57 column 1 function kani::mem::cbmc::same_allocation thread 0
aborting path on assume(false) at file /home/runner/.rustup/toolchains/nightly-2025-11-21-x86_64-unknown-linux-gnu/lib/rustlib/src/rust/library/core/src/slice/index.rs line 40 column 9 function core::slice::index::slice_index_fail::do_panic::runtime thread 0
aborting path on assume(false) at file /home/runner/.rustup/toolchains/nightly-2025-11-21-x86_64-unknown-linux-gnu/lib/rustlib/src/rust/library/core/src/intrinsics/mod.rs line 2449 column 9 function core::slice::index::slice_index_fail::do_panic thread 0
aborting path on assume(false) at file /home/runner/.rustup/toolchains/nightly-2025-11-21-x86_64-unknown-linux-gnu/lib/rustlib/src/rust/library/core/src/panic.rs line 178 column 9 function core::slice::index::slice_index_fail thread 0
aborting path on assume(false) at file /home/runner/.rustup/toolchains/nightly-2025-11-21-x86_64-unknown-linux-gnu/lib/rustlib/src/rust/library/core/src/slice/index.rs line 49 column 9 function core::slice::index::slice_index_fail::do_panic::runtime thread 0
aborting path on assume(false) at file /home/runner/.rustup/toolchains/nightly-2025-11-21-x86_64-unknown-linux-gnu/lib/rustlib/src/rust/library/core/src/intrinsics/mod.rs line 2449 column 9 function core::slice::index::slice_index_fail::do_panic thread 0
aborting path on assume(false) at file /home/runner/.rustup/toolchains/nightly-2025-11-21-x86_64-unknown-linux-gnu/lib/rustlib/src/rust/library/core/src/panic.rs line 178 column 9 function core::slice::index::slice_index_fail thread 0
aborting path on assume(false) at file /home/runner/.rustup/toolchains/nightly-2025-11-21-x86_64-unknown-linux-gnu/lib/rustlib/src/rust/library/core/src/slice/index.rs line 58 column 9 function core::slice::index::slice_index_fail::do_panic::runtime thread 0
aborting path on assume(false) at file /home/runner/.rustup/toolchains/nightly-2025-11-21-x86_64-unknown-linux-gnu/lib/rustlib/src/rust/library/core/src/intrinsics/mod.rs line 2449 column 9 function core::slice::index::slice_index_fail::do_panic thread 0
aborting path on assume(false) at file /home/runner/.rustup/toolchains/nightly-2025-11-21-x86_64-unknown-linux-gnu/lib/rustlib/src/rust/library/core/src/panic.rs line 178 column 9 function core::slice::index::slice_index_fail thread 0
aborting path on assume(false) at file /home/runner/.rustup/toolchains/nightly-2025-11-21-x86_64-unknown-linux-gnu/lib/rustlib/src/rust/library/core/src/slice/index.rs line 68 column 5 function core::slice::index::slice_index_fail::do_panic::runtime thread 0
aborting path on assume(false) at file /home/runner/.rustup/toolchains/nightly-2025-11-21-x86_64-unknown-linux-gnu/lib/rustlib/src/rust/library/core/src/intrinsics/mod.rs line 2449 column 9 function core::slice::index::slice_index_fail::do_panic thread 0
aborting path on assume(false) at file /home/runner/.rustup/toolchains/nightly-2025-11-21-x86_64-unknown-linux-gnu/lib/rustlib/src/rust/library/core/src/panic.rs line 178 column 9 function core::slice::index::slice_index_fail thread 0
aborting path on assume(false) at file /home/runner/.rustup/toolchains/nightly-2025-11-21-x86_64-unknown-linux-gnu/lib/rustlib/src/rust/library/core/src/slice/index.rs line 443 column 13 function <std::ops::Range<usize> as std::slice::SliceIndex<[u8]>>::index thread 0
aborting path on assume(false) at file /home/runner/.rustup/toolchains/nightly-2025-11-21-x86_64-unknown-linux-gnu/lib/rustlib/src/rust/library/core/src/result.rs line 966 column 15 function std::result::Result::<(tlv::Tlv<'_>, usize), tlv::TlvError>::map_err::<sequence::SequenceError, {closure@der-verified/src/sequence.rs:157:49: 157:52}> thread 0
aborting path on assume(false) at file /home/runner/.rustup/toolchains/nightly-2025-11-21-x86_64-unknown-linux-gnu/lib/rustlib/src/rust/library/core/src/result.rs line 2173 column 15 function <std::result::Result<(tlv::Tlv<'_>, usize), sequence::SequenceError> as std::ops::Try>::branch thread 0
aborting path on assume(false) at file der-verified/src/sequence.rs line 157 column 23 function sequence::decode_sequence_tlv thread 0
aborting path on assume(false) at file /home/runner/.rustup/toolchains/nightly-2025-11-21-x86_64-unknown-linux-gnu/lib/rustlib/src/rust/library/core/src/result.rs line 2173 column 15 function <std::result::Result<(&[u8], usize), sequence::SequenceError> as std::ops::Try>::branch thread 0
aborting path on assume(false) at file der-verified/src/sequence.rs line 174 column 27 function sequence::decode_sequence_tlv_strict thread 0
aborting path on assume(false) at file /home/runner/.rustup/toolchains/nightly-2025-11-21-x86_64-unknown-linux-gnu/lib/rustlib/src/rust/library/core/src/result.rs line 966 column 15 function std::result::Result::<&[u8], sequence::SequenceError>::map_err::<x509_validity::ValidityError, fn(sequence::SequenceError) -> x509_validity::ValidityError {x509_validity::ValidityError::BadOuterSeq}> thread 0
aborting path on assume(false) at file /home/runner/.rustup/toolchains/nightly-2025-11-21-x86_64-unknown-linux-gnu/lib/rustlib/src/rust/library/core/src/result.rs line 2173 column 15 function <std::result::Result<&[u8], x509_validity::ValidityError> as std::ops::Try>::branch thread 0
Unwinding loop _RNvNtCsjJ4BRyaQv62_12der_verified3tag10decode_tag.0 iteration 1 file der-verified/src/tag.rs line 137 column 49 function tag::decode_tag thread 0
Unwinding loop _RNvNtCsjJ4BRyaQv62_12der_verified3tag10decode_tag.0 iteration 2 file der-verified/src/tag.rs line 137 column 49 function tag::decode_tag thread 0
Unwinding loop _RNvNtCsjJ4BRyaQv62_12der_verified3tag10decode_tag.0 iteration 3 file der-verified/src/tag.rs line 137 column 49 function tag::decode_tag thread 0
Unwinding loop _RNvNtCsjJ4BRyaQv62_12der_verified3tag10decode_tag.0 iteration 4 file der-verified/src/tag.rs line 137 column 49 function tag::decode_tag thread 0
Unwinding loop _RNvNtCsjJ4BRyaQv62_12der_verified3tag10decode_tag.0 iteration 5 file der-verified/src/tag.rs line 137 column 49 function tag::decode_tag thread 0
Unwinding loop _RNvNtCsjJ4BRyaQv62_12der_verified3tag10decode_tag.0 iteration 6 file der-verified/src/tag.rs line 137 column 49 function tag::decode_tag thread 0
Unwinding loop _RNvNtCsjJ4BRyaQv62_12der_verified3tag10decode_tag.0 iteration 7 file der-verified/src/tag.rs line 137 column 49 function tag::decode_tag thread 0
Unwinding loop _RNvNtCsjJ4BRyaQv62_12der_verified3tag10decode_tag.0 iteration 8 file der-verified/src/tag.rs line 137 column 49 function tag::decode_tag thread 0
Unwinding loop _RNvNtCsjJ4BRyaQv62_12der_verified3tag10decode_tag.0 iteration 9 file der-verified/src/tag.rs line 137 column 49 function tag::decode_tag thread 0
Unwinding loop _RNvNtCsjJ4BRyaQv62_12der_verified3tag10decode_tag.0 iteration 10 file der-verified/src/tag.rs line 137 column 49 function tag::decode_tag thread 0
Unwinding loop _RNvNtCsjJ4BRyaQv62_12der_verified3tag10decode_tag.0 iteration 11 file der-verified/src/tag.rs line 137 column 49 function tag::decode_tag thread 0
Not unwinding loop _RNvNtCsjJ4BRyaQv62_12der_verified3tag10decode_tag.0 iteration 12 file der-verified/src/tag.rs line 137 column 49 function tag::decode_tag thread 0
aborting path on assume(false) at file /home/runner/.rustup/toolchains/nightly-2025-11-21-x86_64-unknown-linux-gnu/lib/rustlib/src/rust/library/core/src/result.rs line 2173 column 15 function <std::result::Result<(u32, usize), tag::TagError> as std::ops::Try>::branch thread 0
aborting path on assume(false) at file der-verified/src/lib.rs line 0 column 0 function tag::decode_tag thread 0
aborting path on assume(false) at file /home/runner/.rustup/toolchains/nightly-2025-11-21-x86_64-unknown-linux-gnu/lib/rustlib/src/rust/library/core/src/result.rs line 966 column 15 function std::result::Result::<(tag::Tag, usize), tag::TagError>::map_err::<tlv::TlvError, {closure@der-verified/src/tlv.rs:71:51: 71:54}> thread 0
aborting path on assume(false) at file /home/runner/.rustup/toolchains/nightly-2025-11-21-x86_64-unknown-linux-gnu/lib/rustlib/src/rust/library/core/src/result.rs line 2173 column 15 function <std::result::Result<(tag::Tag, usize), tlv::TlvError> as std::ops::Try>::branch thread 0
aborting path on assume(false) at file /home/runner/.rustup/toolchains/nightly-2025-11-21-x86_64-unknown-linux-gnu/lib/rustlib/src/rust/library/core/src/slice/index.rs line 40 column 9 function core::slice::index::slice_index_fail::do_panic::runtime thread 0
aborting path on assume(false) at file /home/runner/.rustup/toolchains/nightly-2025-11-21-x86_64-unknown-linux-gnu/lib/rustlib/src/rust/library/core/src/intrinsics/mod.rs line 2449 column 9 function core::slice::index::slice_index_fail::do_panic thread 0
aborting path on assume(false) at file /home/runner/.rustup/toolchains/nightly-2025-11-21-x86_64-unknown-linux-gnu/lib/rustlib/src/rust/library/core/src/panic.rs line 178 column 9 function core::slice::index::slice_index_fail thread 0
aborting path on assume(false) at file /home/runner/.rustup/toolchains/nightly-2025-11-21-x86_64-unknown-linux-gnu/lib/rustlib/src/rust/library/core/src/slice/index.rs line 49 column 9 function core::slice::index::slice_index_fail::do_panic::runtime thread 0
aborting path on assume(false) at file /home/runner/.rustup/toolchains/nightly-2025-11-21-x86_64-unknown-linux-gnu/lib/rustlib/src/rust/library/core/src/intrinsics/mod.rs line 2449 column 9 function core::slice::index::slice_index_fail::do_panic thread 0
aborting path on assume(false) at file /home/runner/.rustup/toolchains/nightly-2025-11-21-x86_64-unknown-linux-gnu/lib/rustlib/src/rust/library/core/src/panic.rs line 178 column 9 function core::slice::index::slice_index_fail thread 0
aborting path on assume(false) at file /home/runner/.rustup/toolchains/nightly-2025-11-21-x86_64-unknown-linux-gnu/lib/rustlib/src/rust/library/core/src/slice/index.rs line 58 column 9 function core::slice::index::slice_index_fail::do_panic::runtime thread 0
aborting path on assume(false) at file /home/runner/.rustup/toolchains/nightly-2025-11-21-x86_64-unknown-linux-gnu/lib/rustlib/src/rust/library/core/src/intrinsics/mod.rs line 2449 column 9 function core::slice::index::slice_index_fail::do_panic thread 0
aborting path on assume(false) at file /home/runner/.rustup/toolchains/nightly-2025-11-21-x86_64-unknown-linux-gnu/lib/rustlib/src/rust/library/core/src/panic.rs line 178 column 9 function core::slice::index::slice_index_fail thread 0
aborting path on assume(false) at file /home/runner/.rustup/toolchains/nightly-2025-11-21-x86_64-unknown-linux-gnu/lib/rustlib/src/rust/library/core/src/slice/index.rs line 68 column 5 function core::slice::index::slice_index_fail::do_panic::runtime thread 0
aborting path on assume(false) at file /home/runner/.rustup/toolchains/nightly-2025-11-21-x86_64-unknown-linux-gnu/lib/rustlib/src/rust/library/core/src/intrinsics/mod.rs line 2449 column 9 function core::slice::index::slice_index_fail::do_panic thread 0
aborting path on assume(false) at file /home/runner/.rustup/toolchains/nightly-2025-11-21-x86_64-unknown-linux-gnu/lib/rustlib/src/rust/library/core/src/panic.rs line 178 column 9 function core::slice::index::slice_index_fail thread 0
aborting path on assume(false) at file /home/runner/.rustup/toolchains/nightly-2025-11-21-x86_64-unknown-linux-gnu/lib/rustlib/src/rust/library/core/src/slice/index.rs line 569 column 13 function <std::ops::RangeFrom<usize> as std::slice::SliceIndex<[u8]>>::index thread 0
aborting path on assume(false) at file /home/runner/work/kani/kani/library/kani_core/src/models.rs line 176 column 17 function <usize as kani::rustc_intrinsics::ToISize>::to_isize thread 0
aborting path on assume(false) at file /home/runner/work/kani/kani/library/kani/src/lib.rs line 57 column 1 function <usize as kani::rustc_intrinsics::ToISize>::to_isize thread 0
aborting path on assume(false) at file /home/runner/work/kani/kani/library/kani/src/lib.rs line 57 column 1 function <usize as kani::rustc_intrinsics::ToISize>::to_isize thread 0
aborting path on assume(false) at file /home/runner/work/kani/kani/library/kani/src/lib.rs line 57 column 1 function kani::mem::cbmc::same_allocation thread 0
aborting path on assume(false) at file der-verified/src/length.rs line 75 column 23 function length::decode_length thread 0
aborting path on assume(false) at file /home/runner/.rustup/toolchains/nightly-2025-11-21-x86_64-unknown-linux-gnu/lib/rustlib/src/rust/library/core/src/slice/index.rs line 435 column 5 function <std::ops::Range<usize> as std::slice::SliceIndex<[u8]>>::index thread 0
aborting path on assume(false) at file /home/runner/work/kani/kani/library/kani/src/lib.rs line 57 column 1 function kani::mem::cbmc::same_allocation thread 0
aborting path on assume(false) at file /home/runner/.rustup/toolchains/nightly-2025-11-21-x86_64-unknown-linux-gnu/lib/rustlib/src/rust/library/core/src/slice/index.rs line 40 column 9 function core::slice::index::slice_index_fail::do_panic::runtime thread 0
aborting path on assume(false) at file /home/runner/.rustup/toolchains/nightly-2025-11-21-x86_64-unknown-linux-gnu/lib/rustlib/src/rust/library/core/src/intrinsics/mod.rs line 2449 column 9 function core::slice::index::slice_index_fail::do_panic thread 0
aborting path on assume(false) at file /home/runner/.rustup/toolchains/nightly-2025-11-21-x86_64-unknown-linux-gnu/lib/rustlib/src/rust/library/core/src/panic.rs line 178 column 9 function core::slice::index::slice_index_fail thread 0
aborting path on assume(false) at file /home/runner/.rustup/toolchains/nightly-2025-11-21-x86_64-unknown-linux-gnu/lib/rustlib/src/rust/library/core/src/slice/index.rs line 49 column 9 function core::slice::index::slice_index_fail::do_panic::runtime thread 0
aborting path on assume(false) at file /home/runner/.rustup/toolchains/nightly-2025-11-21-x86_64-unknown-linux-gnu/lib/rustlib/src/rust/library/core/src/intrinsics/mod.rs line 2449 column 9 function core::slice::index::slice_index_fail::do_panic thread 0
aborting path on assume(false) at file /home/runner/.rustup/toolchains/nightly-2025-11-21-x86_64-unknown-linux-gnu/lib/rustlib/src/rust/library/core/src/panic.rs line 178 column 9 function core::slice::index::slice_index_fail thread 0
aborting path on assume(false) at file /home/runner/.rustup/toolchains/nightly-2025-11-21-x86_64-unknown-linux-gnu/lib/rustlib/src/rust/library/core/src/slice/index.rs line 58 column 9 function core::slice::index::slice_index_fail::do_panic::runtime thread 0
aborting path on assume(false) at file /home/runner/.rustup/toolchains/nightly-2025-11-21-x86_64-unknown-linux-gnu/lib/rustlib/src/rust/library/core/src/intrinsics/mod.rs line 2449 column 9 function core::slice::index::slice_index_fail::do_panic thread 0
aborting path on assume(false) at file /home/runner/.rustup/toolchains/nightly-2025-11-21-x86_64-unknown-linux-gnu/lib/rustlib/src/rust/library/core/src/panic.rs line 178 column 9 function core::slice::index::slice_index_fail thread 0
aborting path on assume(false) at file /home/runner/.rustup/toolchains/nightly-2025-11-21-x86_64-unknown-linux-gnu/lib/rustlib/src/rust/library/core/src/slice/index.rs line 68 column 5 function core::slice::index::slice_index_fail::do_panic::runtime thread 0
aborting path on assume(false) at file /home/runner/.rustup/toolchains/nightly-2025-11-21-x86_64-unknown-linux-gnu/lib/rustlib/src/rust/library/core/src/intrinsics/mod.rs line 2449 column 9 function core::slice::index::slice_index_fail::do_panic thread 0
aborting path on assume(false) at file /home/runner/.rustup/toolchains/nightly-2025-11-21-x86_64-unknown-linux-gnu/lib/rustlib/src/rust/library/core/src/panic.rs line 178 column 9 function core::slice::index::slice_index_fail thread 0
aborting path on assume(false) at file /home/runner/.rustup/toolchains/nightly-2025-11-21-x86_64-unknown-linux-gnu/lib/rustlib/src/rust/library/core/src/slice/index.rs line 443 column 13 function <std::ops::Range<usize> as std::slice::SliceIndex<[u8]>>::index thread 0
Unwinding loop _RNvNtCsjJ4BRyaQv62_12der_verified6length13decode_length.0 iteration 1 file der-verified/src/length.rs line 101 column 5 function length::decode_length thread 0
Unwinding loop _RNvNtCsjJ4BRyaQv62_12der_verified6length13decode_length.0 iteration 2 file der-verified/src/length.rs line 101 column 5 function length::decode_length thread 0
Unwinding loop _RNvNtCsjJ4BRyaQv62_12der_verified6length13decode_length.0 iteration 3 file der-verified/src/length.rs line 101 column 5 function length::decode_length thread 0
Unwinding loop _RNvNtCsjJ4BRyaQv62_12der_verified6length13decode_length.0 iteration 4 file der-verified/src/length.rs line 101 column 5 function length::decode_length thread 0
Unwinding loop _RNvNtCsjJ4BRyaQv62_12der_verified6length13decode_length.0 iteration 5 file der-verified/src/length.rs line 101 column 5 function length::decode_length thread 0
Unwinding loop _RNvNtCsjJ4BRyaQv62_12der_verified6length13decode_length.0 iteration 6 file der-verified/src/length.rs line 101 column 5 function length::decode_length thread 0
Unwinding loop _RNvNtCsjJ4BRyaQv62_12der_verified6length13decode_length.0 iteration 7 file der-verified/src/length.rs line 101 column 5 function length::decode_length thread 0
Unwinding loop _RNvNtCsjJ4BRyaQv62_12der_verified6length13decode_length.0 iteration 8 file der-verified/src/length.rs line 101 column 5 function length::decode_length thread 0
Unwinding loop _RNvNtCsjJ4BRyaQv62_12der_verified6length13decode_length.0 iteration 9 file der-verified/src/length.rs line 101 column 5 function length::decode_length thread 0
Unwinding loop _RNvNtCsjJ4BRyaQv62_12der_verified6length13decode_length.0 iteration 10 file der-verified/src/length.rs line 101 column 5 function length::decode_length thread 0
Unwinding loop _RNvNtCsjJ4BRyaQv62_12der_verified6length13decode_length.0 iteration 11 file der-verified/src/length.rs line 101 column 5 function length::decode_length thread 0
Not unwinding loop _RNvNtCsjJ4BRyaQv62_12der_verified6length13decode_length.0 iteration 12 file der-verified/src/length.rs line 101 column 5 function length::decode_length thread 0
aborting path on assume(false) at file /home/runner/.rustup/toolchains/nightly-2025-11-21-x86_64-unknown-linux-gnu/lib/rustlib/src/rust/library/core/src/result.rs line 966 column 15 function std::result::Result::<(u32, usize), length::LengthError>::map_err::<tlv::TlvError, {closure@der-verified/src/tlv.rs:73:69: 73:72}> thread 0
aborting path on assume(false) at file /home/runner/.rustup/toolchains/nightly-2025-11-21-x86_64-unknown-linux-gnu/lib/rustlib/src/rust/library/core/src/result.rs line 2173 column 15 function <std::result::Result<(u32, usize), tlv::TlvError> as std::ops::Try>::branch thread 0
aborting path on assume(false) at file der-verified/src/lib.rs line 0 column 0 function tlv::decode_tlv thread 0
aborting path on assume(false) at file /home/runner/.rustup/toolchains/nightly-2025-11-21-x86_64-unknown-linux-gnu/lib/rustlib/src/rust/library/core/src/slice/index.rs line 435 column 5 function <std::ops::Range<usize> as std::slice::SliceIndex<[u8]>>::index thread 0
aborting path on assume(false) at file /home/runner/work/kani/kani/library/kani_core/src/models.rs line 176 column 17 function <usize as kani::rustc_intrinsics::ToISize>::to_isize thread 0
aborting path on assume(false) at file /home/runner/work/kani/kani/library/kani/src/lib.rs line 57 column 1 function <usize as kani::rustc_intrinsics::ToISize>::to_isize thread 0
aborting path on assume(false) at file /home/runner/work/kani/kani/library/kani/src/lib.rs line 57 column 1 function <usize as kani::rustc_intrinsics::ToISize>::to_isize thread 0
aborting path on assume(false) at file /home/runner/work/kani/kani/library/kani/src/lib.rs line 57 column 1 function kani::mem::cbmc::same_allocation thread 0
aborting path on assume(false) at file /home/runner/.rustup/toolchains/nightly-2025-11-21-x86_64-unknown-linux-gnu/lib/rustlib/src/rust/library/core/src/slice/index.rs line 40 column 9 function core::slice::index::slice_index_fail::do_panic::runtime thread 0
aborting path on assume(false) at file /home/runner/.rustup/toolchains/nightly-2025-11-21-x86_64-unknown-linux-gnu/lib/rustlib/src/rust/library/core/src/intrinsics/mod.rs line 2449 column 9 function core::slice::index::slice_index_fail::do_panic thread 0
aborting path on assume(false) at file /home/runner/.rustup/toolchains/nightly-2025-11-21-x86_64-unknown-linux-gnu/lib/rustlib/src/rust/library/core/src/panic.rs line 178 column 9 function core::slice::index::slice_index_fail thread 0
aborting path on assume(false) at file /home/runner/.rustup/toolchains/nightly-2025-11-21-x86_64-unknown-linux-gnu/lib/rustlib/src/rust/library/core/src/slice/index.rs line 49 column 9 function core::slice::index::slice_index_fail::do_panic::runtime thread 0
aborting path on assume(false) at file /home/runner/.rustup/toolchains/nightly-2025-11-21-x86_64-unknown-linux-gnu/lib/rustlib/src/rust/library/core/src/intrinsics/mod.rs line 2449 column 9 function core::slice::index::slice_index_fail::do_panic thread 0
aborting path on assume(false) at file /home/runner/.rustup/toolchains/nightly-2025-11-21-x86_64-unknown-linux-gnu/lib/rustlib/src/rust/library/core/src/panic.rs line 178 column 9 function core::slice::index::slice_index_fail thread 0
aborting path on assume(false) at file /home/runner/.rustup/toolchains/nightly-2025-11-21-x86_64-unknown-linux-gnu/lib/rustlib/src/rust/library/core/src/slice/index.rs line 58 column 9 function core::slice::index::slice_index_fail::do_panic::runtime thread 0
aborting path on assume(false) at file /home/runner/.rustup/toolchains/nightly-2025-11-21-x86_64-unknown-linux-gnu/lib/rustlib/src/rust/library/core/src/intrinsics/mod.rs line 2449 column 9 function core::slice::index::slice_index_fail::do_panic thread 0
aborting path on assume(false) at file /home/runner/.rustup/toolchains/nightly-2025-11-21-x86_64-unknown-linux-gnu/lib/rustlib/src/rust/library/core/src/panic.rs line 178 column 9 function core::slice::index::slice_index_fail thread 0
aborting path on assume(false) at file /home/runner/.rustup/toolchains/nightly-2025-11-21-x86_64-unknown-linux-gnu/lib/rustlib/src/rust/library/core/src/slice/index.rs line 68 column 5 function core::slice::index::slice_index_fail::do_panic::runtime thread 0
aborting path on assume(false) at file /home/runner/.rustup/toolchains/nightly-2025-11-21-x86_64-unknown-linux-gnu/lib/rustlib/src/rust/library/core/src/intrinsics/mod.rs line 2449 column 9 function core::slice::index::slice_index_fail::do_panic thread 0
aborting path on assume(false) at file /home/runner/.rustup/toolchains/nightly-2025-11-21-x86_64-unknown-linux-gnu/lib/rustlib/src/rust/library/core/src/panic.rs line 178 column 9 function core::slice::index::slice_index_fail thread 0
aborting path on assume(false) at file /home/runner/.rustup/toolchains/nightly-2025-11-21-x86_64-unknown-linux-gnu/lib/rustlib/src/rust/library/core/src/slice/index.rs line 443 column 13 function <std::ops::Range<usize> as std::slice::SliceIndex<[u8]>>::index thread 0
aborting path on assume(false) at file /home/runner/.rustup/toolchains/nightly-2025-11-21-x86_64-unknown-linux-gnu/lib/rustlib/src/rust/library/core/src/result.rs line 966 column 15 function std::result::Result::<(tlv::Tlv<'_>, usize), tlv::TlvError>::map_err::<x509_validity::TimeError, fn(tlv::TlvError) -> x509_validity::TimeError {x509_validity::TimeError::BadTlv}> thread 0
aborting path on assume(false) at file /home/runner/.rustup/toolchains/nightly-2025-11-21-x86_64-unknown-linux-gnu/lib/rustlib/src/rust/library/core/src/result.rs line 2173 column 15 function <std::result::Result<(tlv::Tlv<'_>, usize), x509_validity::TimeError> as std::ops::Try>::branch thread 0
Unwinding loop _RNvNtCsjJ4BRyaQv62_12der_verified16generalized_time23decode_generalized_time.0 iteration 1 file der-verified/src/generalized_time.rs line 191 column 5 function generalized_time::decode_generalized_time thread 0
Unwinding loop _RNvNtCsjJ4BRyaQv62_12der_verified16generalized_time23decode_generalized_time.0 iteration 2 file der-verified/src/generalized_time.rs line 191 column 5 function generalized_time::decode_generalized_time thread 0
Unwinding loop _RNvNtCsjJ4BRyaQv62_12der_verified16generalized_time23decode_generalized_time.0 iteration 3 file der-verified/src/generalized_time.rs line 191 column 5 function generalized_time::decode_generalized_time thread 0
Unwinding loop _RNvNtCsjJ4BRyaQv62_12der_verified16generalized_time23decode_generalized_time.0 iteration 4 file der-verified/src/generalized_time.rs line 191 column 5 function generalized_time::decode_generalized_time thread 0
Unwinding loop _RNvNtCsjJ4BRyaQv62_12der_verified16generalized_time23decode_generalized_time.0 iteration 5 file der-verified/src/generalized_time.rs line 191 column 5 function generalized_time::decode_generalized_time thread 0
Unwinding loop _RNvNtCsjJ4BRyaQv62_12der_verified16generalized_time23decode_generalized_time.0 iteration 6 file der-verified/src/generalized_time.rs line 191 column 5 function generalized_time::decode_generalized_time thread 0
Unwinding loop _RNvNtCsjJ4BRyaQv62_12der_verified16generalized_time23decode_generalized_time.0 iteration 7 file der-verified/src/generalized_time.rs line 191 column 5 function generalized_time::decode_generalized_time thread 0
Unwinding loop _RNvNtCsjJ4BRyaQv62_12der_verified16generalized_time23decode_generalized_time.0 iteration 8 file der-verified/src/generalized_time.rs line 191 column 5 function generalized_time::decode_generalized_time thread 0
Unwinding loop _RNvNtCsjJ4BRyaQv62_12der_verified16generalized_time23decode_generalized_time.0 iteration 9 file der-verified/src/generalized_time.rs line 191 column 5 function generalized_time::decode_generalized_time thread 0
Unwinding loop _RNvNtCsjJ4BRyaQv62_12der_verified16generalized_time23decode_generalized_time.0 iteration 10 file der-verified/src/generalized_time.rs line 191 column 5 function generalized_time::decode_generalized_time thread 0
Unwinding loop _RNvNtCsjJ4BRyaQv62_12der_verified16generalized_time23decode_generalized_time.0 iteration 11 file der-verified/src/generalized_time.rs line 191 column 5 function generalized_time::decode_generalized_time thread 0
Not unwinding loop _RNvNtCsjJ4BRyaQv62_12der_verified16generalized_time23decode_generalized_time.0 iteration 12 file der-verified/src/generalized_time.rs line 191 column 5 function generalized_time::decode_generalized_time thread 0
Unwinding loop _RNvNtCsjJ4BRyaQv62_12der_verified8utc_time15decode_utc_time.0 iteration 1 file der-verified/src/utc_time.rs line 147 column 5 function utc_time::decode_utc_time thread 0
Unwinding loop _RNvNtCsjJ4BRyaQv62_12der_verified8utc_time15decode_utc_time.0 iteration 2 file der-verified/src/utc_time.rs line 147 column 5 function utc_time::decode_utc_time thread 0
Unwinding loop _RNvNtCsjJ4BRyaQv62_12der_verified8utc_time15decode_utc_time.0 iteration 3 file der-verified/src/utc_time.rs line 147 column 5 function utc_time::decode_utc_time thread 0
Unwinding loop _RNvNtCsjJ4BRyaQv62_12der_verified8utc_time15decode_utc_time.0 iteration 4 file der-verified/src/utc_time.rs line 147 column 5 function utc_time::decode_utc_time thread 0
Unwinding loop _RNvNtCsjJ4BRyaQv62_12der_verified8utc_time15decode_utc_time.0 iteration 5 file der-verified/src/utc_time.rs line 147 column 5 function utc_time::decode_utc_time thread 0
Unwinding loop _RNvNtCsjJ4BRyaQv62_12der_verified8utc_time15decode_utc_time.0 iteration 6 file der-verified/src/utc_time.rs line 147 column 5 function utc_time::decode_utc_time thread 0
Unwinding loop _RNvNtCsjJ4BRyaQv62_12der_verified8utc_time15decode_utc_time.0 iteration 7 file der-verified/src/utc_time.rs line 147 column 5 function utc_time::decode_utc_time thread 0
Unwinding loop _RNvNtCsjJ4BRyaQv62_12der_verified8utc_time15decode_utc_time.0 iteration 8 file der-verified/src/utc_time.rs line 147 column 5 function utc_time::decode_utc_time thread 0
Unwinding loop _RNvNtCsjJ4BRyaQv62_12der_verified8utc_time15decode_utc_time.0 iteration 9 file der-verified/src/utc_time.rs line 147 column 5 function utc_time::decode_utc_time thread 0
Unwinding loop _RNvNtCsjJ4BRyaQv62_12der_verified8utc_time15decode_utc_time.0 iteration 10 file der-verified/src/utc_time.rs line 147 column 5 function utc_time::decode_utc_time thread 0
Unwinding loop _RNvNtCsjJ4BRyaQv62_12der_verified8utc_time15decode_utc_time.0 iteration 11 file der-verified/src/utc_time.rs line 147 column 5 function utc_time::decode_utc_time thread 0
Not unwinding loop _RNvNtCsjJ4BRyaQv62_12der_verified8utc_time15decode_utc_time.0 iteration 12 file der-verified/src/utc_time.rs line 147 column 5 function utc_time::decode_utc_time thread 0
aborting path on assume(false) at file der-verified/src/lib.rs line 0 column 0 function x509_validity::decode_time_tlv thread 0
aborting path on assume(false) at file der-verified/src/lib.rs line 0 column 0 function x509_validity::parse_validity thread 0
aborting path on assume(false) at file der-verified/src/lib.rs line 0 column 0 function x509_tbs_certificate::parse_tbs_certificate thread 0
Runtime Symex: 40.8306s
size of program expression: 2110277 steps
slicing removed 2012425 assignments
Generated 6343 VCC(s), 4495 remaining after simplification
Runtime Postprocess Equation: 1.08524s
Passing problem to propositional reduction
converting SSA
Runtime Convert SSA: 3.04415s
Running propositional reduction
Post-processing
Runtime Post-process: 0.793813s
Solving with CaDiCaL 2.0.0
1035200 variables, 3470246 clauses
SAT checker: instance is SATISFIABLE
Runtime Solver: 2.3829s
Runtime decision procedure: 5.61256s
Running propositional reduction
Solving with CaDiCaL 2.0.0
1035201 variables, 3470247 clauses
SAT checker: instance is SATISFIABLE
Runtime Solver: 0.143353s
Runtime decision procedure: 0.151522s
Running propositional reduction
Solving with CaDiCaL 2.0.0
1035202 variables, 3470248 clauses
SAT checker: instance is SATISFIABLE
Runtime Solver: 9.89663s
Runtime decision procedure: 9.91064s
Running propositional reduction
Solving with CaDiCaL 2.0.0
1035203 variables, 3470249 clauses
SAT checker: instance is SATISFIABLE
Runtime Solver: 0.482883s
Runtime decision procedure: 0.49259s
Running propositional reduction
Solving with CaDiCaL 2.0.0
1035204 variables, 3470250 clauses
SAT checker: instance is SATISFIABLE
Runtime Solver: 0.469956s
Runtime decision procedure: 0.481471s
Running propositional reduction
Solving with CaDiCaL 2.0.0
1035205 variables, 3470251 clauses
SAT checker: instance is SATISFIABLE
Runtime Solver: 0.365736s
Runtime decision procedure: 0.378288s
Running propositional reduction
Solving with CaDiCaL 2.0.0
1035206 variables, 3470252 clauses
SAT checker: instance is SATISFIABLE
Runtime Solver: 1.88932s
Runtime decision procedure: 1.90112s
Running propositional reduction
Solving with CaDiCaL 2.0.0
1035207 variables, 3470253 clauses
SAT checker: instance is SATISFIABLE
Runtime Solver: 0.160668s
Runtime decision procedure: 0.172483s
Running propositional reduction
Solving with CaDiCaL 2.0.0
1035208 variables, 3470254 clauses
SAT checker: instance is SATISFIABLE
Runtime Solver: 0.0522758s
Runtime decision procedure: 0.0629724s
Running propositional reduction
Solving with CaDiCaL 2.0.0
1035209 variables, 3470255 clauses
SAT checker: instance is SATISFIABLE
Runtime Solver: 1.99841s
Runtime decision procedure: 2.01007s
Running propositional reduction
Solving with CaDiCaL 2.0.0
1035210 variables, 3470256 clauses
SAT checker: instance is SATISFIABLE
Runtime Solver: 0.746852s
Runtime decision procedure: 0.759387s
Running propositional reduction
Solving with CaDiCaL 2.0.0
1035211 variables, 3470257 clauses
SAT checker: instance is SATISFIABLE
Runtime Solver: 0.0871683s
Runtime decision procedure: 0.0985938s
Running propositional reduction
Solving with CaDiCaL 2.0.0
1035212 variables, 3470258 clauses
SAT checker: instance is UNSATISFIABLE
Runtime Solver: 0.0018766s
Runtime decision procedure: 0.00359458s

RESULTS:
Check 1: std::result::Result::<(tlv::Tlv<'_>, usize), tlv::TlvError>::map_err::<sequence::SequenceError, {closure@der-verified/src/sequence.rs:157:49: 157:52}>.unreachable.1
	 - Status: SUCCESS
	 - Description: "unreachable code"
	 - Location: ../../../runner/.rustup/toolchains/nightly-2025-11-21-x86_64-unknown-linux-gnu/lib/rustlib/src/rust/library/core/src/result.rs:966:15 in function std::result::Result::<(tlv::Tlv<'_>, usize), tlv::TlvError>::map_err::<sequence::SequenceError, {closure@der-verified/src/sequence.rs:157:49: 157:52}>

Check 2: std::result::Result::<(), x509_name::NameError>::map_err::<x509_tbs_certificate::TbsCertificateError, fn(x509_name::NameError) -> x509_tbs_certificate::TbsCertificateError {x509_tbs_certificate::TbsCertificateError::BadSubject}>.unreachable.1
	 - Status: SUCCESS
	 - Description: "unreachable code"
	 - Location: ../../../runner/.rustup/toolchains/nightly-2025-11-21-x86_64-unknown-linux-gnu/lib/rustlib/src/rust/library/core/src/result.rs:966:15 in function std::result::Result::<(), x509_name::NameError>::map_err::<x509_tbs_certificate::TbsCertificateError, fn(x509_name::NameError) -> x509_tbs_certificate::TbsCertificateError {x509_tbs_certificate::TbsCertificateError::BadSubject}>

Check 3: x509_tbs_certificate::proofs::parse_tbs_certificate_never_panics.cover.1
	 - Status: UNSATISFIABLE
	 - Description: "parse_tbs_certificate reaches its Ok tail: the real outer-SEQUENCE walk, version peek, both INTEGER decodes, AlgId/Validity/SPKI parses, and strict tiling all ran to completion over the two stubbed callees' Ok outcomes"
	 - Location: der-verified/src/x509_tbs_certificate.rs:594:9 in function x509_tbs_certificate::proofs::parse_tbs_certificate_never_panics

Check 4: generalized_time::two_digits.assertion.1
	 - Status: UNREACHABLE
	 - Description: "index out of bounds: the length is less than or equal to the given index"
	 - Location: der-verified/src/generalized_time.rs:117:6 in function generalized_time::two_digits

Check 5: generalized_time::two_digits.assertion.2
	 - Status: UNREACHABLE
	 - Description: "attempt to subtract with overflow"
	 - Location: der-verified/src/generalized_time.rs:117:5 in function generalized_time::two_digits

Check 6: generalized_time::two_digits.assertion.3
	 - Status: UNREACHABLE
	 - Description: "attempt to multiply with overflow"
	 - Location: der-verified/src/generalized_time.rs:117:5 in function generalized_time::two_digits

Check 7: generalized_time::two_digits.assertion.4
	 - Status: UNREACHABLE
	 - Description: "attempt to add with overflow"
	 - Location: der-verified/src/generalized_time.rs:117:29 in function generalized_time::two_digits

Check 8: generalized_time::two_digits.assertion.5
	 - Status: UNREACHABLE
	 - Description: "index out of bounds: the length is less than or equal to the given index"
	 - Location: der-verified/src/generalized_time.rs:117:27 in function generalized_time::two_digits

Check 9: generalized_time::two_digits.assertion.6
	 - Status: UNREACHABLE
	 - Description: "attempt to subtract with overflow"
	 - Location: der-verified/src/generalized_time.rs:117:26 in function generalized_time::two_digits

Check 10: generalized_time::two_digits.assertion.7
	 - Status: UNREACHABLE
	 - Description: "attempt to add with overflow"
	 - Location: der-verified/src/generalized_time.rs:117:5 in function generalized_time::two_digits

Check 11: std::result::Result::<(x509_validity::Time<'_>, usize), x509_validity::TimeError>::map_err::<x509_validity::ValidityError, fn(x509_validity::TimeError) -> x509_validity::ValidityError {x509_validity::ValidityError::NotAfter}>.unreachable.1
	 - Status: SUCCESS
	 - Description: "unreachable code"
	 - Location: ../../../runner/.rustup/toolchains/nightly-2025-11-21-x86_64-unknown-linux-gnu/lib/rustlib/src/rust/library/core/src/result.rs:966:15 in function std::result::Result::<(x509_validity::Time<'_>, usize), x509_validity::TimeError>::map_err::<x509_validity::ValidityError, fn(x509_validity::TimeError) -> x509_validity::ValidityError {x509_validity::ValidityError::NotAfter}>

Check 12: <std::result::Result<&[u8], x509_validity::ValidityError> as std::ops::Try>::branch.unreachable.1
	 - Status: SUCCESS
	 - Description: "unreachable code"
	 - Location: ../../../runner/.rustup/toolchains/nightly-2025-11-21-x86_64-unknown-linux-gnu/lib/rustlib/src/rust/library/core/src/result.rs:2173:15 in function <std::result::Result<&[u8], x509_validity::ValidityError> as std::ops::Try>::branch

Check 13: std::result::Result::<&[u8], sequence::SequenceError>::map_err::<x509_tbs_certificate::TbsCertificateError, fn(sequence::SequenceError) -> x509_tbs_certificate::TbsCertificateError {x509_tbs_certificate::TbsCertificateError::BadOuterSeq}>.unreachable.1
	 - Status: SUCCESS
	 - Description: "unreachable code"
	 - Location: ../../../runner/.rustup/toolchains/nightly-2025-11-21-x86_64-unknown-linux-gnu/lib/rustlib/src/rust/library/core/src/result.rs:966:15 in function std::result::Result::<&[u8], sequence::SequenceError>::map_err::<x509_tbs_certificate::TbsCertificateError, fn(sequence::SequenceError) -> x509_tbs_certificate::TbsCertificateError {x509_tbs_certificate::TbsCertificateError::BadOuterSeq}>

Check 14: <std::result::Result<&[u8], x509_tbs_certificate::TbsCertificateError> as std::ops::Try>::branch.unreachable.1
	 - Status: SUCCESS
	 - Description: "unreachable code"
	 - Location: ../../../runner/.rustup/toolchains/nightly-2025-11-21-x86_64-unknown-linux-gnu/lib/rustlib/src/rust/library/core/src/result.rs:2173:15 in function <std::result::Result<&[u8], x509_tbs_certificate::TbsCertificateError> as std::ops::Try>::branch

Check 15: <std::result::Result<(tlv::Tlv<'_>, usize), sequence::SequenceError> as std::ops::Try>::branch.unreachable.1
	 - Status: SUCCESS
	 - Description: "unreachable code"
	 - Location: ../../../runner/.rustup/toolchains/nightly-2025-11-21-x86_64-unknown-linux-gnu/lib/rustlib/src/rust/library/core/src/result.rs:2173:15 in function <std::result::Result<(tlv::Tlv<'_>, usize), sequence::SequenceError> as std::ops::Try>::branch

Check 16: std::result::Result::<(tlv::Tlv<'_>, usize), tlv::TlvError>::map_err::<x509_algorithm_identifier::AlgIdError, fn(tlv::TlvError) -> x509_algorithm_identifier::AlgIdError {x509_algorithm_identifier::AlgIdError::BadOidTlv}>.unreachable.1
	 - Status: SUCCESS
	 - Description: "unreachable code"
	 - Location: ../../../runner/.rustup/toolchains/nightly-2025-11-21-x86_64-unknown-linux-gnu/lib/rustlib/src/rust/library/core/src/result.rs:966:15 in function std::result::Result::<(tlv::Tlv<'_>, usize), tlv::TlvError>::map_err::<x509_algorithm_identifier::AlgIdError, fn(tlv::TlvError) -> x509_algorithm_identifier::AlgIdError {x509_algorithm_identifier::AlgIdError::BadOidTlv}>

Check 17: std::result::Result::<(tag::Tag, usize), tag::TagError>::map_err::<tlv::TlvError, {closure@der-verified/src/tlv.rs:71:51: 71:54}>.unreachable.1
	 - Status: SUCCESS
	 - Description: "unreachable code"
	 - Location: ../../../runner/.rustup/toolchains/nightly-2025-11-21-x86_64-unknown-linux-gnu/lib/rustlib/src/rust/library/core/src/result.rs:966:15 in function std::result::Result::<(tag::Tag, usize), tag::TagError>::map_err::<tlv::TlvError, {closure@der-verified/src/tlv.rs:71:51: 71:54}>

Check 18: <std::result::Result<(&[u8], usize), x509_algorithm_identifier::AlgIdError> as std::ops::Try>::branch.unreachable.1
	 - Status: SUCCESS
	 - Description: "unreachable code"
	 - Location: ../../../runner/.rustup/toolchains/nightly-2025-11-21-x86_64-unknown-linux-gnu/lib/rustlib/src/rust/library/core/src/result.rs:2173:15 in function <std::result::Result<(&[u8], usize), x509_algorithm_identifier::AlgIdError> as std::ops::Try>::branch

Check 19: std::result::Result::<(), oid::OidError>::map_err::<x509_algorithm_identifier::AlgIdError, fn(oid::OidError) -> x509_algorithm_identifier::AlgIdError {x509_algorithm_identifier::AlgIdError::BadOid}>.unreachable.1
	 - Status: SUCCESS
	 - Description: "unreachable code"
	 - Location: ../../../runner/.rustup/toolchains/nightly-2025-11-21-x86_64-unknown-linux-gnu/lib/rustlib/src/rust/library/core/src/result.rs:966:15 in function std::result::Result::<(), oid::OidError>::map_err::<x509_algorithm_identifier::AlgIdError, fn(oid::OidError) -> x509_algorithm_identifier::AlgIdError {x509_algorithm_identifier::AlgIdError::BadOid}>

Check 20: x509_validity::decode_time_tlv.unreachable.1
	 - Status: SUCCESS
	 - Description: "unreachable code"
	 - Location: der-verified/src/lib.rs:0:0 in function x509_validity::decode_time_tlv

Check 21: x509_validity::parse_validity.unreachable.1
	 - Status: SUCCESS
	 - Description: "unreachable code"
	 - Location: der-verified/src/lib.rs:0:0 in function x509_validity::parse_validity

Check 22: x509_spki::map_algid_error.unreachable.1
	 - Status: SUCCESS
	 - Description: "unreachable code"
	 - Location: der-verified/src/x509_spki.rs:132:11 in function x509_spki::map_algid_error

Check 23: std::result::Result::<(tlv::Tlv<'_>, usize), tlv::TlvError>::map_err::<x509_validity::TimeError, fn(tlv::TlvError) -> x509_validity::TimeError {x509_validity::TimeError::BadTlv}>.unreachable.1
	 - Status: SUCCESS
	 - Description: "unreachable code"
	 - Location: ../../../runner/.rustup/toolchains/nightly-2025-11-21-x86_64-unknown-linux-gnu/lib/rustlib/src/rust/library/core/src/result.rs:966:15 in function std::result::Result::<(tlv::Tlv<'_>, usize), tlv::TlvError>::map_err::<x509_validity::TimeError, fn(tlv::TlvError) -> x509_validity::TimeError {x509_validity::TimeError::BadTlv}>

Check 24: <std::result::Result<x509_spki::SubjectPublicKeyInfo<'_>, x509_tbs_certificate::TbsCertificateError> as std::ops::Try>::branch.unreachable.1
	 - Status: SUCCESS
	 - Description: "unreachable code"
	 - Location: ../../../runner/.rustup/toolchains/nightly-2025-11-21-x86_64-unknown-linux-gnu/lib/rustlib/src/rust/library/core/src/result.rs:2173:15 in function <std::result::Result<x509_spki::SubjectPublicKeyInfo<'_>, x509_tbs_certificate::TbsCertificateError> as std::ops::Try>::branch

Check 25: std::result::Result::<generalized_time::GeneralizedTime<'_>, generalized_time::GeneralizedTimeError>::map_err::<x509_validity::TimeError, fn(generalized_time::GeneralizedTimeError) -> x509_validity::TimeError {x509_validity::TimeError::BadGeneralized}>.unreachable.1
	 - Status: SUCCESS
	 - Description: "unreachable code"
	 - Location: ../../../runner/.rustup/toolchains/nightly-2025-11-21-x86_64-unknown-linux-gnu/lib/rustlib/src/rust/library/core/src/result.rs:966:15 in function std::result::Result::<generalized_time::GeneralizedTime<'_>, generalized_time::GeneralizedTimeError>::map_err::<x509_validity::TimeError, fn(generalized_time::GeneralizedTimeError) -> x509_validity::TimeError {x509_validity::TimeError::BadGeneralized}>

Check 26: kani::mem::cbmc::same_allocation.unsupported_construct.1
	 - Status: SUCCESS
	 - Description: "Kani does not support reasoning about pointer to unallocated memory"
	 - Location: ../../../runner/work/kani/kani/library/kani/src/lib.rs:57:1 in function kani::mem::cbmc::same_allocation

Check 27: <std::result::Result<(tlv::Tlv<'_>, usize), context_tag::ContextTagError> as std::ops::Try>::branch.unreachable.1
	 - Status: SUCCESS
	 - Description: "unreachable code"
	 - Location: ../../../runner/.rustup/toolchains/nightly-2025-11-21-x86_64-unknown-linux-gnu/lib/rustlib/src/rust/library/core/src/result.rs:2173:15 in function <std::result::Result<(tlv::Tlv<'_>, usize), context_tag::ContextTagError> as std::ops::Try>::branch

Check 28: <std::result::Result<(tlv::Tlv<'_>, usize), x509_validity::TimeError> as std::ops::Try>::branch.unreachable.1
	 - Status: SUCCESS
	 - Description: "unreachable code"
	 - Location: ../../../runner/.rustup/toolchains/nightly-2025-11-21-x86_64-unknown-linux-gnu/lib/rustlib/src/rust/library/core/src/result.rs:2173:15 in function <std::result::Result<(tlv::Tlv<'_>, usize), x509_validity::TimeError> as std::ops::Try>::branch

Check 29: <std::result::Result<(tlv::Tlv<'_>, usize), x509_algorithm_identifier::AlgIdError> as std::ops::Try>::branch.unreachable.1
	 - Status: SUCCESS
	 - Description: "unreachable code"
	 - Location: ../../../runner/.rustup/toolchains/nightly-2025-11-21-x86_64-unknown-linux-gnu/lib/rustlib/src/rust/library/core/src/result.rs:2173:15 in function <std::result::Result<(tlv::Tlv<'_>, usize), x509_algorithm_identifier::AlgIdError> as std::ops::Try>::branch

Check 30: std::result::Result::<x509_validity::Validity<'_>, x509_validity::ValidityError>::map_err::<x509_tbs_certificate::TbsCertificateError, fn(x509_validity::ValidityError) -> x509_tbs_certificate::TbsCertificateError {x509_tbs_certificate::TbsCertificateError::BadValidity}>.unreachable.1
	 - Status: SUCCESS
	 - Description: "unreachable code"
	 - Location: ../../../runner/.rustup/toolchains/nightly-2025-11-21-x86_64-unknown-linux-gnu/lib/rustlib/src/rust/library/core/src/result.rs:966:15 in function std::result::Result::<x509_validity::Validity<'_>, x509_validity::ValidityError>::map_err::<x509_tbs_certificate::TbsCertificateError, fn(x509_validity::ValidityError) -> x509_tbs_certificate::TbsCertificateError {x509_tbs_certificate::TbsCertificateError::BadValidity}>

Check 31: <std::result::Result<(x509_validity::Time<'_>, usize), x509_validity::ValidityError> as std::ops::Try>::branch.unreachable.1
	 - Status: SUCCESS
	 - Description: "unreachable code"
	 - Location: ../../../runner/.rustup/toolchains/nightly-2025-11-21-x86_64-unknown-linux-gnu/lib/rustlib/src/rust/library/core/src/result.rs:2173:15 in function <std::result::Result<(x509_validity::Time<'_>, usize), x509_validity::ValidityError> as std::ops::Try>::branch

Check 32: std::result::Result::<&[u8], sequence::SequenceError>::map_err::<x509_validity::ValidityError, fn(sequence::SequenceError) -> x509_validity::ValidityError {x509_validity::ValidityError::BadOuterSeq}>.unreachable.1
	 - Status: SUCCESS
	 - Description: "unreachable code"
	 - Location: ../../../runner/.rustup/toolchains/nightly-2025-11-21-x86_64-unknown-linux-gnu/lib/rustlib/src/rust/library/core/src/result.rs:966:15 in function std::result::Result::<&[u8], sequence::SequenceError>::map_err::<x509_validity::ValidityError, fn(sequence::SequenceError) -> x509_validity::ValidityError {x509_validity::ValidityError::BadOuterSeq}>

Check 33: std::result::Result::<(tlv::Tlv<'_>, usize), tlv::TlvError>::map_err::<x509_tbs_certificate::TbsCertificateError, fn(tlv::TlvError) -> x509_tbs_certificate::TbsCertificateError {x509_tbs_certificate::TbsCertificateError::BadSerialTlv}>.unreachable.1
	 - Status: SUCCESS
	 - Description: "unreachable code"
	 - Location: ../../../runner/.rustup/toolchains/nightly-2025-11-21-x86_64-unknown-linux-gnu/lib/rustlib/src/rust/library/core/src/result.rs:966:15 in function std::result::Result::<(tlv::Tlv<'_>, usize), tlv::TlvError>::map_err::<x509_tbs_certificate::TbsCertificateError, fn(tlv::TlvError) -> x509_tbs_certificate::TbsCertificateError {x509_tbs_certificate::TbsCertificateError::BadSerialTlv}>

Check 34: <std::result::Result<bit_string::BitString<'_>, x509_spki::SpkiError> as std::ops::Try>::branch.unreachable.1
	 - Status: SUCCESS
	 - Description: "unreachable code"
	 - Location: ../../../runner/.rustup/toolchains/nightly-2025-11-21-x86_64-unknown-linux-gnu/lib/rustlib/src/rust/library/core/src/result.rs:2173:15 in function <std::result::Result<bit_string::BitString<'_>, x509_spki::SpkiError> as std::ops::Try>::branch

Check 35: <std::result::Result<(u32, usize), tag::TagError> as std::ops::Try>::branch.unreachable.1
	 - Status: SUCCESS
	 - Description: "unreachable code"
	 - Location: ../../../runner/.rustup/toolchains/nightly-2025-11-21-x86_64-unknown-linux-gnu/lib/rustlib/src/rust/library/core/src/result.rs:2173:15 in function <std::result::Result<(u32, usize), tag::TagError> as std::ops::Try>::branch

Check 36: core::num::<impl usize>::checked_add.arithmetic_overflow.1
	 - Status: SUCCESS
	 - Description: "attempt to compute `unchecked_add` which would overflow"
	 - Location: ../../../runner/.rustup/toolchains/nightly-2025-11-21-x86_64-unknown-linux-gnu/lib/rustlib/src/rust/library/core/src/num/uint_macros.rs:658:31 in function core::num::<impl usize>::checked_add

Check 37: std::result::Result::<utc_time::UtcTime, utc_time::UtcTimeError>::map_err::<x509_validity::TimeError, fn(utc_time::UtcTimeError) -> x509_validity::TimeError {x509_validity::TimeError::BadUtc}>.unreachable.1
	 - Status: SUCCESS
	 - Description: "unreachable code"
	 - Location: ../../../runner/.rustup/toolchains/nightly-2025-11-21-x86_64-unknown-linux-gnu/lib/rustlib/src/rust/library/core/src/result.rs:966:15 in function std::result::Result::<utc_time::UtcTime, utc_time::UtcTimeError>::map_err::<x509_validity::TimeError, fn(utc_time::UtcTimeError) -> x509_validity::TimeError {x509_validity::TimeError::BadUtc}>

Check 38: core::slice::index::slice_index_fail::do_panic::runtime.assertion.1
	 - Status: SUCCESS
	 - Description: "This is a placeholder message; Kani doesn't support message formatted at runtime"
	 - Location: ../../../runner/.rustup/toolchains/nightly-2025-11-21-x86_64-unknown-linux-gnu/lib/rustlib/src/rust/library/core/src/slice/index.rs:68:5 in function core::slice::index::slice_index_fail::do_panic::runtime

Check 39: std::result::Result::<(tlv::Tlv<'_>, usize), tlv::TlvError>::map_err::<x509_tbs_certificate::TbsCertificateError, fn(tlv::TlvError) -> x509_tbs_certificate::TbsCertificateError {x509_tbs_certificate::TbsCertificateError::BadVersionInnerTlv}>.unreachable.1
	 - Status: SUCCESS
	 - Description: "unreachable code"
	 - Location: ../../../runner/.rustup/toolchains/nightly-2025-11-21-x86_64-unknown-linux-gnu/lib/rustlib/src/rust/library/core/src/result.rs:966:15 in function std::result::Result::<(tlv::Tlv<'_>, usize), tlv::TlvError>::map_err::<x509_tbs_certificate::TbsCertificateError, fn(tlv::TlvError) -> x509_tbs_certificate::TbsCertificateError {x509_tbs_certificate::TbsCertificateError::BadVersionInnerTlv}>

Check 40: <std::result::Result<generalized_time::GeneralizedTime<'_>, x509_validity::TimeError> as std::ops::Try>::branch.unreachable.1
	 - Status: SUCCESS
	 - Description: "unreachable code"
	 - Location: ../../../runner/.rustup/toolchains/nightly-2025-11-21-x86_64-unknown-linux-gnu/lib/rustlib/src/rust/library/core/src/result.rs:2173:15 in function <std::result::Result<generalized_time::GeneralizedTime<'_>, x509_validity::TimeError> as std::ops::Try>::branch

Check 41: utc_time::decode_utc_time.assertion.1
	 - Status: UNREACHABLE
	 - Description: "index out of bounds: the length is less than or equal to the given index"
	 - Location: der-verified/src/utc_time.rs:148:13 in function utc_time::decode_utc_time

Check 42: utc_time::decode_utc_time.assertion.2
	 - Status: UNREACHABLE
	 - Description: "attempt to add with overflow"
	 - Location: der-verified/src/utc_time.rs:151:9 in function utc_time::decode_utc_time

Check 43: utc_time::decode_utc_time.assertion.3
	 - Status: UNREACHABLE
	 - Description: "index out of bounds: the length is less than or equal to the given index"
	 - Location: der-verified/src/utc_time.rs:153:8 in function utc_time::decode_utc_time

Check 44: std::result::Result::<(x509_algorithm_identifier::AlgorithmIdentifier<'_>, usize), x509_algorithm_identifier::AlgIdError>::map_err::<x509_spki::SpkiError, fn(x509_algorithm_identifier::AlgIdError) -> x509_spki::SpkiError {x509_spki::map_algid_error}>.unreachable.1
	 - Status: SUCCESS
	 - Description: "unreachable code"
	 - Location: ../../../runner/.rustup/toolchains/nightly-2025-11-21-x86_64-unknown-linux-gnu/lib/rustlib/src/rust/library/core/src/result.rs:966:15 in function std::result::Result::<(x509_algorithm_identifier::AlgorithmIdentifier<'_>, usize), x509_algorithm_identifier::AlgIdError>::map_err::<x509_spki::SpkiError, fn(x509_algorithm_identifier::AlgIdError) -> x509_spki::SpkiError {x509_spki::map_algid_error}>

Check 45: tag::decode_tag.assertion.1
	 - Status: SUCCESS
	 - Description: "attempt to shift right with overflow"
	 - Location: der-verified/src/tag.rs:111:23 in function tag::decode_tag

Check 46: tag::decode_tag.assertion.2
	 - Status: SUCCESS
	 - Description: "attempt to shift right with overflow"
	 - Location: der-verified/src/tag.rs:145:21 in function tag::decode_tag

Check 47: tag::decode_tag.assertion.3
	 - Status: SUCCESS
	 - Description: "attempt to shift left with overflow"
	 - Location: der-verified/src/tag.rs:148:18 in function tag::decode_tag

Check 48: tag::decode_tag.assertion.4
	 - Status: SUCCESS
	 - Description: "attempt to add with overflow"
	 - Location: der-verified/src/tag.rs:149:9 in function tag::decode_tag

Check 49: tag::decode_tag.assertion.5
	 - Status: SUCCESS
	 - Description: "attempt to add with overflow"
	 - Location: der-verified/src/tag.rs:150:9 in function tag::decode_tag

Check 50: tag::decode_tag.unreachable.1
	 - Status: SUCCESS
	 - Description: "unreachable code"
	 - Location: der-verified/src/lib.rs:0:0 in function tag::decode_tag

Check 51: std::result::Result::<(), x509_extension::ExtensionsError>::map_err::<x509_tbs_certificate::TbsCertificateError, fn(x509_extension::ExtensionsError) -> x509_tbs_certificate::TbsCertificateError {x509_tbs_certificate::TbsCertificateError::BadExtensions}>.unreachable.1
	 - Status: SUCCESS
	 - Description: "unreachable code"
	 - Location: ../../../runner/.rustup/toolchains/nightly-2025-11-21-x86_64-unknown-linux-gnu/lib/rustlib/src/rust/library/core/src/result.rs:966:15 in function std::result::Result::<(), x509_extension::ExtensionsError>::map_err::<x509_tbs_certificate::TbsCertificateError, fn(x509_extension::ExtensionsError) -> x509_tbs_certificate::TbsCertificateError {x509_tbs_certificate::TbsCertificateError::BadExtensions}>

Check 52: std::result::Result::<(), big_integer::BigIntError>::map_err::<x509_tbs_certificate::TbsCertificateError, fn(big_integer::BigIntError) -> x509_tbs_certificate::TbsCertificateError {x509_tbs_certificate::TbsCertificateError::BadSerial}>.unreachable.1
	 - Status: SUCCESS
	 - Description: "unreachable code"
	 - Location: ../../../runner/.rustup/toolchains/nightly-2025-11-21-x86_64-unknown-linux-gnu/lib/rustlib/src/rust/library/core/src/result.rs:966:15 in function std::result::Result::<(), big_integer::BigIntError>::map_err::<x509_tbs_certificate::TbsCertificateError, fn(big_integer::BigIntError) -> x509_tbs_certificate::TbsCertificateError {x509_tbs_certificate::TbsCertificateError::BadSerial}>

Check 53: core::slice::index::slice_index_fail::do_panic::runtime.assertion.2
	 - Status: SUCCESS
	 - Description: "This is a placeholder message; Kani doesn't support message formatted at runtime"
	 - Location: ../../../runner/.rustup/toolchains/nightly-2025-11-21-x86_64-unknown-linux-gnu/lib/rustlib/src/rust/library/core/src/slice/index.rs:40:9 in function core::slice::index::slice_index_fail::do_panic::runtime

Check 54: <std::result::Result<(tlv::Tlv<'_>, usize), x509_tbs_certificate::TbsCertificateError> as std::ops::Try>::branch.unreachable.1
	 - Status: SUCCESS
	 - Description: "unreachable code"
	 - Location: ../../../runner/.rustup/toolchains/nightly-2025-11-21-x86_64-unknown-linux-gnu/lib/rustlib/src/rust/library/core/src/result.rs:2173:15 in function <std::result::Result<(tlv::Tlv<'_>, usize), x509_tbs_certificate::TbsCertificateError> as std::ops::Try>::branch

Check 55: <std::result::Result<(x509_algorithm_identifier::AlgorithmIdentifier<'_>, usize), x509_tbs_certificate::TbsCertificateError> as std::ops::Try>::branch.unreachable.1
	 - Status: SUCCESS
	 - Description: "unreachable code"
	 - Location: ../../../runner/.rustup/toolchains/nightly-2025-11-21-x86_64-unknown-linux-gnu/lib/rustlib/src/rust/library/core/src/result.rs:2173:15 in function <std::result::Result<(x509_algorithm_identifier::AlgorithmIdentifier<'_>, usize), x509_tbs_certificate::TbsCertificateError> as std::ops::Try>::branch

Check 56: <std::result::Result<(bit_string::BitString<'_>, usize), x509_spki::SpkiError> as std::ops::Try>::branch.unreachable.1
	 - Status: SUCCESS
	 - Description: "unreachable code"
	 - Location: ../../../runner/.rustup/toolchains/nightly-2025-11-21-x86_64-unknown-linux-gnu/lib/rustlib/src/rust/library/core/src/result.rs:2173:15 in function <std::result::Result<(bit_string::BitString<'_>, usize), x509_spki::SpkiError> as std::ops::Try>::branch

Check 57: <std::result::Result<(), x509_algorithm_identifier::AlgIdError> as std::ops::Try>::branch.unreachable.1
	 - Status: SUCCESS
	 - Description: "unreachable code"
	 - Location: ../../../runner/.rustup/toolchains/nightly-2025-11-21-x86_64-unknown-linux-gnu/lib/rustlib/src/rust/library/core/src/result.rs:2173:15 in function <std::result::Result<(), x509_algorithm_identifier::AlgIdError> as std::ops::Try>::branch

Check 58: <std::result::Result<&[u8], x509_spki::SpkiError> as std::ops::Try>::branch.unreachable.1
	 - Status: SUCCESS
	 - Description: "unreachable code"
	 - Location: ../../../runner/.rustup/toolchains/nightly-2025-11-21-x86_64-unknown-linux-gnu/lib/rustlib/src/rust/library/core/src/result.rs:2173:15 in function <std::result::Result<&[u8], x509_spki::SpkiError> as std::ops::Try>::branch

Check 59: sequence::decode_sequence_tlv_strict.unreachable.1
	 - Status: SUCCESS
	 - Description: "unreachable code"
	 - Location: der-verified/src/sequence.rs:174:27 in function sequence::decode_sequence_tlv_strict

Check 60: std::result::Result::<(tlv::Tlv<'_>, usize), tlv::TlvError>::map_err::<x509_tbs_certificate::TbsCertificateError, fn(tlv::TlvError) -> x509_tbs_certificate::TbsCertificateError {x509_tbs_certificate::TbsCertificateError::BadSubjectTlv}>.unreachable.1
	 - Status: SUCCESS
	 - Description: "unreachable code"
	 - Location: ../../../runner/.rustup/toolchains/nightly-2025-11-21-x86_64-unknown-linux-gnu/lib/rustlib/src/rust/library/core/src/result.rs:966:15 in function std::result::Result::<(tlv::Tlv<'_>, usize), tlv::TlvError>::map_err::<x509_tbs_certificate::TbsCertificateError, fn(tlv::TlvError) -> x509_tbs_certificate::TbsCertificateError {x509_tbs_certificate::TbsCertificateError::BadSubjectTlv}>

Check 61: std::result::Result::<x509_spki::SubjectPublicKeyInfo<'_>, x509_spki::SpkiError>::map_err::<x509_tbs_certificate::TbsCertificateError, fn(x509_spki::SpkiError) -> x509_tbs_certificate::TbsCertificateError {x509_tbs_certificate::TbsCertificateError::BadSpki}>.unreachable.1
	 - Status: SUCCESS
	 - Description: "unreachable code"
	 - Location: ../../../runner/.rustup/toolchains/nightly-2025-11-21-x86_64-unknown-linux-gnu/lib/rustlib/src/rust/library/core/src/result.rs:966:15 in function std::result::Result::<x509_spki::SubjectPublicKeyInfo<'_>, x509_spki::SpkiError>::map_err::<x509_tbs_certificate::TbsCertificateError, fn(x509_spki::SpkiError) -> x509_tbs_certificate::TbsCertificateError {x509_tbs_certificate::TbsCertificateError::BadSpki}>

Check 62: integer::decode_integer.assertion.1
	 - Status: SUCCESS
	 - Description: "index out of bounds: the length is less than or equal to the given index"
	 - Location: der-verified/src/integer.rs:73:18 in function integer::decode_integer

Check 63: integer::decode_integer.assertion.2
	 - Status: SUCCESS
	 - Description: "index out of bounds: the length is less than or equal to the given index"
	 - Location: der-verified/src/integer.rs:74:18 in function integer::decode_integer

Check 64: integer::decode_integer.assertion.3
	 - Status: SUCCESS
	 - Description: "index out of bounds: the length is less than or equal to the given index"
	 - Location: der-verified/src/integer.rs:83:16 in function integer::decode_integer

Check 65: integer::decode_integer.assertion.4
	 - Status: SUCCESS
	 - Description: "attempt to shift left with overflow"
	 - Location: der-verified/src/integer.rs:89:15 in function integer::decode_integer

Check 66: integer::decode_integer.assertion.5
	 - Status: SUCCESS
	 - Description: "index out of bounds: the length is less than or equal to the given index"
	 - Location: der-verified/src/integer.rs:89:28 in function integer::decode_integer

Check 67: integer::decode_integer.assertion.6
	 - Status: SUCCESS
	 - Description: "attempt to add with overflow"
	 - Location: der-verified/src/integer.rs:90:9 in function integer::decode_integer

Check 68: std::result::Result::<(&[u8], usize), sequence::SequenceError>::map_err::<x509_algorithm_identifier::AlgIdError, fn(sequence::SequenceError) -> x509_algorithm_identifier::AlgIdError {x509_algorithm_identifier::AlgIdError::BadSeq}>.unreachable.1
	 - Status: SUCCESS
	 - Description: "unreachable code"
	 - Location: ../../../runner/.rustup/toolchains/nightly-2025-11-21-x86_64-unknown-linux-gnu/lib/rustlib/src/rust/library/core/src/result.rs:966:15 in function std::result::Result::<(&[u8], usize), sequence::SequenceError>::map_err::<x509_algorithm_identifier::AlgIdError, fn(sequence::SequenceError) -> x509_algorithm_identifier::AlgIdError {x509_algorithm_identifier::AlgIdError::BadSeq}>

Check 69: std::result::Result::<(tlv::Tlv<'_>, usize), tlv::TlvError>::map_err::<x509_tbs_certificate::TbsCertificateError, fn(tlv::TlvError) -> x509_tbs_certificate::TbsCertificateError {x509_tbs_certificate::TbsCertificateError::BadIssuerTlv}>.unreachable.1
	 - Status: SUCCESS
	 - Description: "unreachable code"
	 - Location: ../../../runner/.rustup/toolchains/nightly-2025-11-21-x86_64-unknown-linux-gnu/lib/rustlib/src/rust/library/core/src/result.rs:966:15 in function std::result::Result::<(tlv::Tlv<'_>, usize), tlv::TlvError>::map_err::<x509_tbs_certificate::TbsCertificateError, fn(tlv::TlvError) -> x509_tbs_certificate::TbsCertificateError {x509_tbs_certificate::TbsCertificateError::BadIssuerTlv}>

Check 70: <std::result::Result<(tag::Tag, usize), tlv::TlvError> as std::ops::Try>::branch.unreachable.1
	 - Status: SUCCESS
	 - Description: "unreachable code"
	 - Location: ../../../runner/.rustup/toolchains/nightly-2025-11-21-x86_64-unknown-linux-gnu/lib/rustlib/src/rust/library/core/src/result.rs:2173:15 in function <std::result::Result<(tag::Tag, usize), tlv::TlvError> as std::ops::Try>::branch

Check 71: <usize as kani::rustc_intrinsics::ToISize>::to_isize.unreachable.1
	 - Status: SUCCESS
	 - Description: "unreachable code"
	 - Location: ../../../runner/work/kani/kani/library/kani_core/src/models.rs:176:17 in function <usize as kani::rustc_intrinsics::ToISize>::to_isize

Check 72: <usize as kani::rustc_intrinsics::ToISize>::to_isize.safety_check.1
	 - Status: SUCCESS
	 - Description: "Offset value overflows isize"
	 - Location: ../../../runner/work/kani/kani/library/kani/src/lib.rs:57:1 in function <usize as kani::rustc_intrinsics::ToISize>::to_isize

Check 73: <usize as kani::rustc_intrinsics::ToISize>::to_isize.assertion.1
	 - Status: SUCCESS
	 - Description: "internal error: entered unreachable code"
	 - Location: ../../../runner/work/kani/kani/library/kani/src/lib.rs:57:1 in function <usize as kani::rustc_intrinsics::ToISize>::to_isize

Check 74: generalized_time::decode_generalized_time.assertion.1
	 - Status: UNREACHABLE
	 - Description: "index out of bounds: the length is less than or equal to the given index"
	 - Location: der-verified/src/generalized_time.rs:192:13 in function generalized_time::decode_generalized_time

Check 75: generalized_time::decode_generalized_time.assertion.2
	 - Status: UNREACHABLE
	 - Description: "attempt to add with overflow"
	 - Location: der-verified/src/generalized_time.rs:195:9 in function generalized_time::decode_generalized_time

Check 76: generalized_time::decode_generalized_time.assertion.3
	 - Status: UNREACHABLE
	 - Description: "attempt to subtract with overflow"
	 - Location: der-verified/src/generalized_time.rs:198:16 in function generalized_time::decode_generalized_time

Check 77: generalized_time::decode_generalized_time.assertion.4
	 - Status: UNREACHABLE
	 - Description: "index out of bounds: the length is less than or equal to the given index"
	 - Location: der-verified/src/generalized_time.rs:199:8 in function generalized_time::decode_generalized_time

Check 78: generalized_time::decode_generalized_time.assertion.5
	 - Status: UNREACHABLE
	 - Description: "attempt to multiply with overflow"
	 - Location: der-verified/src/generalized_time.rs:202:16 in function generalized_time::decode_generalized_time

Check 79: generalized_time::decode_generalized_time.assertion.6
	 - Status: UNREACHABLE
	 - Description: "attempt to add with overflow"
	 - Location: der-verified/src/generalized_time.rs:202:16 in function generalized_time::decode_generalized_time

Check 80: generalized_time::decode_generalized_time.assertion.7
	 - Status: UNREACHABLE
	 - Description: "index out of bounds: the length is less than or equal to the given index"
	 - Location: der-verified/src/generalized_time.rs:229:12 in function generalized_time::decode_generalized_time

Check 81: generalized_time::decode_generalized_time.assertion.8
	 - Status: UNREACHABLE
	 - Description: "index out of bounds: the length is less than or equal to the given index"
	 - Location: der-verified/src/generalized_time.rs:238:17 in function generalized_time::decode_generalized_time

Check 82: generalized_time::decode_generalized_time.assertion.9
	 - Status: UNREACHABLE
	 - Description: "attempt to add with overflow"
	 - Location: der-verified/src/generalized_time.rs:241:13 in function generalized_time::decode_generalized_time

Check 83: generalized_time::decode_generalized_time.assertion.10
	 - Status: UNREACHABLE
	 - Description: "attempt to subtract with overflow"
	 - Location: der-verified/src/generalized_time.rs:244:17 in function generalized_time::decode_generalized_time

Check 84: generalized_time::decode_generalized_time.assertion.11
	 - Status: UNREACHABLE
	 - Description: "index out of bounds: the length is less than or equal to the given index"
	 - Location: der-verified/src/generalized_time.rs:244:12 in function generalized_time::decode_generalized_time

Check 85: big_integer::validate_integer_content.assertion.1
	 - Status: SUCCESS
	 - Description: "index out of bounds: the length is less than or equal to the given index"
	 - Location: der-verified/src/big_integer.rs:65:18 in function big_integer::validate_integer_content

Check 86: big_integer::validate_integer_content.assertion.2
	 - Status: SUCCESS
	 - Description: "index out of bounds: the length is less than or equal to the given index"
	 - Location: der-verified/src/big_integer.rs:66:18 in function big_integer::validate_integer_content

Check 87: std::result::Result::<(u32, usize), length::LengthError>::map_err::<tlv::TlvError, {closure@der-verified/src/tlv.rs:73:69: 73:72}>.unreachable.1
	 - Status: SUCCESS
	 - Description: "unreachable code"
	 - Location: ../../../runner/.rustup/toolchains/nightly-2025-11-21-x86_64-unknown-linux-gnu/lib/rustlib/src/rust/library/core/src/result.rs:966:15 in function std::result::Result::<(u32, usize), length::LengthError>::map_err::<tlv::TlvError, {closure@der-verified/src/tlv.rs:73:69: 73:72}>

Check 88: core::slice::index::slice_index_fail::do_panic::runtime.assertion.3
	 - Status: SUCCESS
	 - Description: "This is a placeholder message; Kani doesn't support message formatted at runtime"
	 - Location: ../../../runner/.rustup/toolchains/nightly-2025-11-21-x86_64-unknown-linux-gnu/lib/rustlib/src/rust/library/core/src/slice/index.rs:58:9 in function core::slice::index::slice_index_fail::do_panic::runtime

Check 89: <std::result::Result<i64, x509_tbs_certificate::TbsCertificateError> as std::ops::Try>::branch.unreachable.1
	 - Status: SUCCESS
	 - Description: "unreachable code"
	 - Location: ../../../runner/.rustup/toolchains/nightly-2025-11-21-x86_64-unknown-linux-gnu/lib/rustlib/src/rust/library/core/src/result.rs:2173:15 in function <std::result::Result<i64, x509_tbs_certificate::TbsCertificateError> as std::ops::Try>::branch

Check 90: std::result::Result::<(x509_algorithm_identifier::AlgorithmIdentifier<'_>, usize), x509_algorithm_identifier::AlgIdError>::map_err::<x509_tbs_certificate::TbsCertificateError, fn(x509_algorithm_identifier::AlgIdError) -> x509_tbs_certificate::TbsCertificateError {x509_tbs_certificate::TbsCertificateError::BadSignature}>.unreachable.1
	 - Status: SUCCESS
	 - Description: "unreachable code"
	 - Location: ../../../runner/.rustup/toolchains/nightly-2025-11-21-x86_64-unknown-linux-gnu/lib/rustlib/src/rust/library/core/src/result.rs:966:15 in function std::result::Result::<(x509_algorithm_identifier::AlgorithmIdentifier<'_>, usize), x509_algorithm_identifier::AlgIdError>::map_err::<x509_tbs_certificate::TbsCertificateError, fn(x509_algorithm_identifier::AlgIdError) -> x509_tbs_certificate::TbsCertificateError {x509_tbs_certificate::TbsCertificateError::BadSignature}>

Check 91: <std::result::Result<x509_validity::Validity<'_>, x509_tbs_certificate::TbsCertificateError> as std::ops::Try>::branch.unreachable.1
	 - Status: SUCCESS
	 - Description: "unreachable code"
	 - Location: ../../../runner/.rustup/toolchains/nightly-2025-11-21-x86_64-unknown-linux-gnu/lib/rustlib/src/rust/library/core/src/result.rs:2173:15 in function <std::result::Result<x509_validity::Validity<'_>, x509_tbs_certificate::TbsCertificateError> as std::ops::Try>::branch

Check 92: <std::result::Result<(&[u8], usize), sequence::SequenceError> as std::ops::Try>::branch.unreachable.1
	 - Status: SUCCESS
	 - Description: "unreachable code"
	 - Location: ../../../runner/.rustup/toolchains/nightly-2025-11-21-x86_64-unknown-linux-gnu/lib/rustlib/src/rust/library/core/src/result.rs:2173:15 in function <std::result::Result<(&[u8], usize), sequence::SequenceError> as std::ops::Try>::branch

Check 93: length::decode_length.unreachable.1
	 - Status: SUCCESS
	 - Description: "unreachable code"
	 - Location: der-verified/src/length.rs:75:23 in function length::decode_length

Check 94: length::decode_length.assertion.1
	 - Status: SUCCESS
	 - Description: "attempt to add with overflow"
	 - Location: der-verified/src/length.rs:89:22 in function length::decode_length

Check 95: length::decode_length.assertion.2
	 - Status: SUCCESS
	 - Description: "attempt to add with overflow"
	 - Location: der-verified/src/length.rs:92:28 in function length::decode_length

Check 96: length::decode_length.assertion.3
	 - Status: SUCCESS
	 - Description: "index out of bounds: the length is less than or equal to the given index"
	 - Location: der-verified/src/length.rs:93:8 in function length::decode_length

Check 97: length::decode_length.assertion.4
	 - Status: SUCCESS
	 - Description: "attempt to shift left with overflow"
	 - Location: der-verified/src/length.rs:102:15 in function length::decode_length

Check 98: length::decode_length.assertion.5
	 - Status: SUCCESS
	 - Description: "index out of bounds: the length is less than or equal to the given index"
	 - Location: der-verified/src/length.rs:102:28 in function length::decode_length

Check 99: length::decode_length.assertion.6
	 - Status: SUCCESS
	 - Description: "attempt to add with overflow"
	 - Location: der-verified/src/length.rs:103:9 in function length::decode_length

Check 100: length::decode_length.assertion.7
	 - Status: SUCCESS
	 - Description: "attempt to add with overflow"
	 - Location: der-verified/src/length.rs:108:14 in function length::decode_length

Check 101: tlv::decode_tlv.assertion.1
	 - Status: SUCCESS
	 - Description: "attempt to add with overflow"
	 - Location: der-verified/src/tlv.rs:74:18 in function tlv::decode_tlv

Check 102: tlv::decode_tlv.unreachable.1
	 - Status: SUCCESS
	 - Description: "unreachable code"
	 - Location: der-verified/src/lib.rs:0:0 in function tlv::decode_tlv

Check 103: <std::ops::RangeFrom<usize> as std::slice::SliceIndex<[u8]>>::index.arithmetic_overflow.1
	 - Status: SUCCESS
	 - Description: "attempt to compute `unchecked_sub` which would overflow"
	 - Location: ../../../runner/.rustup/toolchains/nightly-2025-11-21-x86_64-unknown-linux-gnu/lib/rustlib/src/rust/library/core/src/slice/index.rs:573:27 in function <std::ops::RangeFrom<usize> as std::slice::SliceIndex<[u8]>>::index

Check 104: <std::ops::RangeFrom<usize> as std::slice::SliceIndex<[u8]>>::index.safety_check.1
	 - Status: SUCCESS
	 - Description: "misaligned pointer to reference cast: address must be a multiple of its type's alignment"
	 - Location: ../../../runner/.rustup/toolchains/nightly-2025-11-21-x86_64-unknown-linux-gnu/lib/rustlib/src/rust/library/core/src/slice/index.rs:574:13 in function <std::ops::RangeFrom<usize> as std::slice::SliceIndex<[u8]>>::index

Check 105: <std::ops::RangeFrom<usize> as std::slice::SliceIndex<[u8]>>::index.safety_check.2
	 - Status: SUCCESS
	 - Description: "dereference failure: pointer invalid"
	 - Location: ../../../runner/.rustup/toolchains/nightly-2025-11-21-x86_64-unknown-linux-gnu/lib/rustlib/src/rust/library/core/src/slice/index.rs:574:13 in function <std::ops::RangeFrom<usize> as std::slice::SliceIndex<[u8]>>::index

Check 106: std::result::Result::<bit_string::BitString<'_>, bit_string::BitStringError>::map_err::<x509_spki::SpkiError, fn(bit_string::BitStringError) -> x509_spki::SpkiError {x509_spki::SpkiError::BadPublicKey}>.unreachable.1
	 - Status: SUCCESS
	 - Description: "unreachable code"
	 - Location: ../../../runner/.rustup/toolchains/nightly-2025-11-21-x86_64-unknown-linux-gnu/lib/rustlib/src/rust/library/core/src/result.rs:966:15 in function std::result::Result::<bit_string::BitString<'_>, bit_string::BitStringError>::map_err::<x509_spki::SpkiError, fn(bit_string::BitStringError) -> x509_spki::SpkiError {x509_spki::SpkiError::BadPublicKey}>

Check 107: std::result::Result::<(tlv::Tlv<'_>, usize), tlv::TlvError>::map_err::<x509_tbs_certificate::TbsCertificateError, fn(tlv::TlvError) -> x509_tbs_certificate::TbsCertificateError {x509_tbs_certificate::TbsCertificateError::BadValidityTlv}>.unreachable.1
	 - Status: SUCCESS
	 - Description: "unreachable code"
	 - Location: ../../../runner/.rustup/toolchains/nightly-2025-11-21-x86_64-unknown-linux-gnu/lib/rustlib/src/rust/library/core/src/result.rs:966:15 in function std::result::Result::<(tlv::Tlv<'_>, usize), tlv::TlvError>::map_err::<x509_tbs_certificate::TbsCertificateError, fn(tlv::TlvError) -> x509_tbs_certificate::TbsCertificateError {x509_tbs_certificate::TbsCertificateError::BadValidityTlv}>

Check 108: core::slice::index::slice_index_fail::do_panic::runtime.assertion.4
	 - Status: SUCCESS
	 - Description: "This is a placeholder message; Kani doesn't support message formatted at runtime"
	 - Location: ../../../runner/.rustup/toolchains/nightly-2025-11-21-x86_64-unknown-linux-gnu/lib/rustlib/src/rust/library/core/src/slice/index.rs:49:9 in function core::slice::index::slice_index_fail::do_panic::runtime

Check 109: std::result::Result::<&[u8], sequence::SequenceError>::map_err::<x509_spki::SpkiError, fn(sequence::SequenceError) -> x509_spki::SpkiError {x509_spki::SpkiError::BadOuterSeq}>.unreachable.1
	 - Status: SUCCESS
	 - Description: "unreachable code"
	 - Location: ../../../runner/.rustup/toolchains/nightly-2025-11-21-x86_64-unknown-linux-gnu/lib/rustlib/src/rust/library/core/src/result.rs:966:15 in function std::result::Result::<&[u8], sequence::SequenceError>::map_err::<x509_spki::SpkiError, fn(sequence::SequenceError) -> x509_spki::SpkiError {x509_spki::SpkiError::BadOuterSeq}>

Check 110: context_tag::decode_explicit_context.unreachable.1
	 - Status: SUCCESS
	 - Description: "unreachable code"
	 - Location: der-verified/src/context_tag.rs:76:23 in function context_tag::decode_explicit_context

Check 111: std::result::Result::<(&[u8], usize), context_tag::ContextTagError>::map_err::<x509_tbs_certificate::TbsCertificateError, fn(context_tag::ContextTagError) -> x509_tbs_certificate::TbsCertificateError {x509_tbs_certificate::TbsCertificateError::BadVersionTag}>.unreachable.1
	 - Status: SUCCESS
	 - Description: "unreachable code"
	 - Location: ../../../runner/.rustup/toolchains/nightly-2025-11-21-x86_64-unknown-linux-gnu/lib/rustlib/src/rust/library/core/src/result.rs:966:15 in function std::result::Result::<(&[u8], usize), context_tag::ContextTagError>::map_err::<x509_tbs_certificate::TbsCertificateError, fn(context_tag::ContextTagError) -> x509_tbs_certificate::TbsCertificateError {x509_tbs_certificate::TbsCertificateError::BadVersionTag}>

Check 112: <std::result::Result<(&[u8], usize), x509_tbs_certificate::TbsCertificateError> as std::ops::Try>::branch.unreachable.1
	 - Status: SUCCESS
	 - Description: "unreachable code"
	 - Location: ../../../runner/.rustup/toolchains/nightly-2025-11-21-x86_64-unknown-linux-gnu/lib/rustlib/src/rust/library/core/src/result.rs:2173:15 in function <std::result::Result<(&[u8], usize), x509_tbs_certificate::TbsCertificateError> as std::ops::Try>::branch

Check 113: <std::result::Result<(), x509_tbs_certificate::TbsCertificateError> as std::ops::Try>::branch.unreachable.1
	 - Status: SUCCESS
	 - Description: "unreachable code"
	 - Location: ../../../runner/.rustup/toolchains/nightly-2025-11-21-x86_64-unknown-linux-gnu/lib/rustlib/src/rust/library/core/src/result.rs:2173:15 in function <std::result::Result<(), x509_tbs_certificate::TbsCertificateError> as std::ops::Try>::branch

Check 114: x509_algorithm_identifier::parse_algorithm_identifier.unreachable.1
	 - Status: SUCCESS
	 - Description: "unreachable code"
	 - Location: der-verified/src/lib.rs:0:0 in function x509_algorithm_identifier::parse_algorithm_identifier

Check 115: std::result::Result::<(&[u8], usize), context_tag::ContextTagError>::map_err::<x509_tbs_certificate::TbsCertificateError, fn(context_tag::ContextTagError) -> x509_tbs_certificate::TbsCertificateError {x509_tbs_certificate::TbsCertificateError::BadExtensionsTag}>.unreachable.1
	 - Status: SUCCESS
	 - Description: "unreachable code"
	 - Location: ../../../runner/.rustup/toolchains/nightly-2025-11-21-x86_64-unknown-linux-gnu/lib/rustlib/src/rust/library/core/src/result.rs:966:15 in function std::result::Result::<(&[u8], usize), context_tag::ContextTagError>::map_err::<x509_tbs_certificate::TbsCertificateError, fn(context_tag::ContextTagError) -> x509_tbs_certificate::TbsCertificateError {x509_tbs_certificate::TbsCertificateError::BadExtensionsTag}>

Check 116: core::num::<impl usize>::checked_sub.arithmetic_overflow.1
	 - Status: SUCCESS
	 - Description: "attempt to compute `unchecked_sub` which would overflow"
	 - Location: ../../../runner/.rustup/toolchains/nightly-2025-11-21-x86_64-unknown-linux-gnu/lib/rustlib/src/rust/library/core/src/num/uint_macros.rs:812:31 in function core::num::<impl usize>::checked_sub

Check 117: <std::result::Result<utc_time::UtcTime, x509_validity::TimeError> as std::ops::Try>::branch.unreachable.1
	 - Status: SUCCESS
	 - Description: "unreachable code"
	 - Location: ../../../runner/.rustup/toolchains/nightly-2025-11-21-x86_64-unknown-linux-gnu/lib/rustlib/src/rust/library/core/src/result.rs:2173:15 in function <std::result::Result<utc_time::UtcTime, x509_validity::TimeError> as std::ops::Try>::branch

Check 118: std::result::Result::<(tlv::Tlv<'_>, usize), tlv::TlvError>::map_err::<x509_algorithm_identifier::AlgIdError, fn(tlv::TlvError) -> x509_algorithm_identifier::AlgIdError {x509_algorithm_identifier::AlgIdError::BadParametersTlv}>.unreachable.1
	 - Status: SUCCESS
	 - Description: "unreachable code"
	 - Location: ../../../runner/.rustup/toolchains/nightly-2025-11-21-x86_64-unknown-linux-gnu/lib/rustlib/src/rust/library/core/src/result.rs:966:15 in function std::result::Result::<(tlv::Tlv<'_>, usize), tlv::TlvError>::map_err::<x509_algorithm_identifier::AlgIdError, fn(tlv::TlvError) -> x509_algorithm_identifier::AlgIdError {x509_algorithm_identifier::AlgIdError::BadParametersTlv}>

Check 119: <std::ops::Range<usize> as std::slice::SliceIndex<[u8]>>::index.unreachable.1
	 - Status: SUCCESS
	 - Description: "unreachable code"
	 - Location: ../../../runner/.rustup/toolchains/nightly-2025-11-21-x86_64-unknown-linux-gnu/lib/rustlib/src/rust/library/core/src/slice/index.rs:435:5 in function <std::ops::Range<usize> as std::slice::SliceIndex<[u8]>>::index

Check 120: <std::ops::Range<usize> as std::slice::SliceIndex<[u8]>>::index.safety_check.1
	 - Status: SUCCESS
	 - Description: "misaligned pointer to reference cast: address must be a multiple of its type's alignment"
	 - Location: ../../../runner/.rustup/toolchains/nightly-2025-11-21-x86_64-unknown-linux-gnu/lib/rustlib/src/rust/library/core/src/slice/index.rs:441:22 in function <std::ops::Range<usize> as std::slice::SliceIndex<[u8]>>::index

Check 121: <std::ops::Range<usize> as std::slice::SliceIndex<[u8]>>::index.safety_check.2
	 - Status: SUCCESS
	 - Description: "dereference failure: pointer invalid"
	 - Location: ../../../runner/.rustup/toolchains/nightly-2025-11-21-x86_64-unknown-linux-gnu/lib/rustlib/src/rust/library/core/src/slice/index.rs:441:22 in function <std::ops::Range<usize> as std::slice::SliceIndex<[u8]>>::index

Check 122: x509_algorithm_identifier::decode_oid_tlv.unreachable.1
	 - Status: SUCCESS
	 - Description: "unreachable code"
	 - Location: der-verified/src/lib.rs:0:0 in function x509_algorithm_identifier::decode_oid_tlv

Check 123: oid::validate_oid.assertion.1
	 - Status: SUCCESS
	 - Description: "index out of bounds: the length is less than or equal to the given index"
	 - Location: der-verified/src/oid.rs:62:17 in function oid::validate_oid

Check 124: oid::validate_oid.assertion.2
	 - Status: SUCCESS
	 - Description: "attempt to add with overflow"
	 - Location: der-verified/src/oid.rs:69:9 in function oid::validate_oid

Check 125: std::result::Result::<(tlv::Tlv<'_>, usize), tlv::TlvError>::map_err::<x509_tbs_certificate::TbsCertificateError, fn(tlv::TlvError) -> x509_tbs_certificate::TbsCertificateError {x509_tbs_certificate::TbsCertificateError::BadSpkiTlv}>.unreachable.1
	 - Status: SUCCESS
	 - Description: "unreachable code"
	 - Location: ../../../runner/.rustup/toolchains/nightly-2025-11-21-x86_64-unknown-linux-gnu/lib/rustlib/src/rust/library/core/src/result.rs:966:15 in function std::result::Result::<(tlv::Tlv<'_>, usize), tlv::TlvError>::map_err::<x509_tbs_certificate::TbsCertificateError, fn(tlv::TlvError) -> x509_tbs_certificate::TbsCertificateError {x509_tbs_certificate::TbsCertificateError::BadSpkiTlv}>

Check 126: x509_spki::parse_subject_public_key_info.unreachable.1
	 - Status: SUCCESS
	 - Description: "unreachable code"
	 - Location: der-verified/src/lib.rs:0:0 in function x509_spki::parse_subject_public_key_info

Check 127: <std::result::Result<(tlv::Tlv<'_>, usize), x509_spki::SpkiError> as std::ops::Try>::branch.unreachable.1
	 - Status: SUCCESS
	 - Description: "unreachable code"
	 - Location: ../../../runner/.rustup/toolchains/nightly-2025-11-21-x86_64-unknown-linux-gnu/lib/rustlib/src/rust/library/core/src/result.rs:2173:15 in function <std::result::Result<(tlv::Tlv<'_>, usize), x509_spki::SpkiError> as std::ops::Try>::branch

Check 128: <std::result::Result<(x509_algorithm_identifier::AlgorithmIdentifier<'_>, usize), x509_spki::SpkiError> as std::ops::Try>::branch.unreachable.1
	 - Status: SUCCESS
	 - Description: "unreachable code"
	 - Location: ../../../runner/.rustup/toolchains/nightly-2025-11-21-x86_64-unknown-linux-gnu/lib/rustlib/src/rust/library/core/src/result.rs:2173:15 in function <std::result::Result<(x509_algorithm_identifier::AlgorithmIdentifier<'_>, usize), x509_spki::SpkiError> as std::ops::Try>::branch

Check 129: utc_time::two_digits.assertion.1
	 - Status: UNREACHABLE
	 - Description: "index out of bounds: the length is less than or equal to the given index"
	 - Location: der-verified/src/utc_time.rs:102:6 in function utc_time::two_digits

Check 130: utc_time::two_digits.assertion.2
	 - Status: UNREACHABLE
	 - Description: "attempt to subtract with overflow"
	 - Location: der-verified/src/utc_time.rs:102:5 in function utc_time::two_digits

Check 131: utc_time::two_digits.assertion.3
	 - Status: UNREACHABLE
	 - Description: "attempt to multiply with overflow"
	 - Location: der-verified/src/utc_time.rs:102:5 in function utc_time::two_digits

Check 132: utc_time::two_digits.assertion.4
	 - Status: UNREACHABLE
	 - Description: "attempt to add with overflow"
	 - Location: der-verified/src/utc_time.rs:102:29 in function utc_time::two_digits

Check 133: utc_time::two_digits.assertion.5
	 - Status: UNREACHABLE
	 - Description: "index out of bounds: the length is less than or equal to the given index"
	 - Location: der-verified/src/utc_time.rs:102:27 in function utc_time::two_digits

Check 134: utc_time::two_digits.assertion.6
	 - Status: UNREACHABLE
	 - Description: "attempt to subtract with overflow"
	 - Location: der-verified/src/utc_time.rs:102:26 in function utc_time::two_digits

Check 135: utc_time::two_digits.assertion.7
	 - Status: UNREACHABLE
	 - Description: "attempt to add with overflow"
	 - Location: der-verified/src/utc_time.rs:102:5 in function utc_time::two_digits

Check 136: x509_spki::decode_public_key_tlv.unreachable.1
	 - Status: SUCCESS
	 - Description: "unreachable code"
	 - Location: der-verified/src/lib.rs:0:0 in function x509_spki::decode_public_key_tlv

Check 137: std::result::Result::<(x509_validity::Time<'_>, usize), x509_validity::TimeError>::map_err::<x509_validity::ValidityError, fn(x509_validity::TimeError) -> x509_validity::ValidityError {x509_validity::ValidityError::NotBefore}>.unreachable.1
	 - Status: SUCCESS
	 - Description: "unreachable code"
	 - Location: ../../../runner/.rustup/toolchains/nightly-2025-11-21-x86_64-unknown-linux-gnu/lib/rustlib/src/rust/library/core/src/result.rs:966:15 in function std::result::Result::<(x509_validity::Time<'_>, usize), x509_validity::TimeError>::map_err::<x509_validity::ValidityError, fn(x509_validity::TimeError) -> x509_validity::ValidityError {x509_validity::ValidityError::NotBefore}>

Check 138: std::result::Result::<(tlv::Tlv<'_>, usize), tlv::TlvError>::map_err::<context_tag::ContextTagError, fn(tlv::TlvError) -> context_tag::ContextTagError {context_tag::ContextTagError::BadTlv}>.unreachable.1
	 - Status: SUCCESS
	 - Description: "unreachable code"
	 - Location: ../../../runner/.rustup/toolchains/nightly-2025-11-21-x86_64-unknown-linux-gnu/lib/rustlib/src/rust/library/core/src/result.rs:966:15 in function std::result::Result::<(tlv::Tlv<'_>, usize), tlv::TlvError>::map_err::<context_tag::ContextTagError, fn(tlv::TlvError) -> context_tag::ContextTagError {context_tag::ContextTagError::BadTlv}>

Check 139: kani::rustc_intrinsics::offset::<u8, *const u8, usize>.safety_check.1
	 - Status: SUCCESS
	 - Description: "Offset in bytes overflows isize"
	 - Location: ../../../runner/work/kani/kani/library/kani/src/lib.rs:57:1 in function kani::rustc_intrinsics::offset::<u8, *const u8, usize>

Check 140: kani::rustc_intrinsics::offset::<u8, *const u8, usize>.safety_check.2
	 - Status: SUCCESS
	 - Description: "Offset result and original pointer must point to the same allocation"
	 - Location: ../../../runner/work/kani/kani/library/kani/src/lib.rs:57:1 in function kani::rustc_intrinsics::offset::<u8, *const u8, usize>

Check 141: sequence::decode_sequence_tlv.unreachable.1
	 - Status: SUCCESS
	 - Description: "unreachable code"
	 - Location: der-verified/src/sequence.rs:157:23 in function sequence::decode_sequence_tlv

Check 142: std::result::Result::<(tlv::Tlv<'_>, usize), tlv::TlvError>::map_err::<x509_spki::SpkiError, fn(tlv::TlvError) -> x509_spki::SpkiError {x509_spki::SpkiError::BadPublicKeyTlv}>.unreachable.1
	 - Status: SUCCESS
	 - Description: "unreachable code"
	 - Location: ../../../runner/.rustup/toolchains/nightly-2025-11-21-x86_64-unknown-linux-gnu/lib/rustlib/src/rust/library/core/src/result.rs:966:15 in function std::result::Result::<(tlv::Tlv<'_>, usize), tlv::TlvError>::map_err::<x509_spki::SpkiError, fn(tlv::TlvError) -> x509_spki::SpkiError {x509_spki::SpkiError::BadPublicKeyTlv}>

Check 143: std::result::Result::<i64, integer::IntError>::map_err::<x509_tbs_certificate::TbsCertificateError, fn(integer::IntError) -> x509_tbs_certificate::TbsCertificateError {x509_tbs_certificate::TbsCertificateError::BadVersionInt}>.unreachable.1
	 - Status: SUCCESS
	 - Description: "unreachable code"
	 - Location: ../../../runner/.rustup/toolchains/nightly-2025-11-21-x86_64-unknown-linux-gnu/lib/rustlib/src/rust/library/core/src/result.rs:966:15 in function std::result::Result::<i64, integer::IntError>::map_err::<x509_tbs_certificate::TbsCertificateError, fn(integer::IntError) -> x509_tbs_certificate::TbsCertificateError {x509_tbs_certificate::TbsCertificateError::BadVersionInt}>

Check 144: bit_string::decode_bit_string.unreachable.1
	 - Status: SUCCESS
	 - Description: "unreachable code"
	 - Location: der-verified/src/bit_string.rs:106:33 in function bit_string::decode_bit_string

Check 145: bit_string::decode_bit_string.assertion.1
	 - Status: UNREACHABLE
	 - Description: "attempt to shift left with overflow"
	 - Location: der-verified/src/bit_string.rs:121:16 in function bit_string::decode_bit_string

Check 146: bit_string::decode_bit_string.assertion.2
	 - Status: UNREACHABLE
	 - Description: "attempt to subtract with overflow"
	 - Location: der-verified/src/bit_string.rs:121:16 in function bit_string::decode_bit_string

Check 147: bit_string::decode_bit_string.assertion.3
	 - Status: UNREACHABLE
	 - Description: "attempt to subtract with overflow"
	 - Location: der-verified/src/bit_string.rs:122:13 in function bit_string::decode_bit_string

Check 148: bit_string::decode_bit_string.assertion.4
	 - Status: UNREACHABLE
	 - Description: "index out of bounds: the length is less than or equal to the given index"
	 - Location: der-verified/src/bit_string.rs:122:8 in function bit_string::decode_bit_string

Check 149: std::result::Result::<(), x509_name::NameError>::map_err::<x509_tbs_certificate::TbsCertificateError, fn(x509_name::NameError) -> x509_tbs_certificate::TbsCertificateError {x509_tbs_certificate::TbsCertificateError::BadIssuer}>.unreachable.1
	 - Status: SUCCESS
	 - Description: "unreachable code"
	 - Location: ../../../runner/.rustup/toolchains/nightly-2025-11-21-x86_64-unknown-linux-gnu/lib/rustlib/src/rust/library/core/src/result.rs:966:15 in function std::result::Result::<(), x509_name::NameError>::map_err::<x509_tbs_certificate::TbsCertificateError, fn(x509_name::NameError) -> x509_tbs_certificate::TbsCertificateError {x509_tbs_certificate::TbsCertificateError::BadIssuer}>

Check 150: x509_tbs_certificate::parse_tbs_certificate.assertion.1
	 - Status: SUCCESS
	 - Description: "attempt to add with overflow"
	 - Location: der-verified/src/x509_tbs_certificate.rs:327:13 in function x509_tbs_certificate::parse_tbs_certificate

Check 151: x509_tbs_certificate::parse_tbs_certificate.assertion.2
	 - Status: SUCCESS
	 - Description: "attempt to add with overflow"
	 - Location: der-verified/src/x509_tbs_certificate.rs:351:5 in function x509_tbs_certificate::parse_tbs_certificate

Check 152: x509_tbs_certificate::parse_tbs_certificate.assertion.3
	 - Status: SUCCESS
	 - Description: "attempt to add with overflow"
	 - Location: der-verified/src/x509_tbs_certificate.rs:359:5 in function x509_tbs_certificate::parse_tbs_certificate

Check 153: x509_tbs_certificate::parse_tbs_certificate.assertion.4
	 - Status: UNREACHABLE
	 - Description: "attempt to add with overflow"
	 - Location: der-verified/src/x509_tbs_certificate.rs:367:32 in function x509_tbs_certificate::parse_tbs_certificate

Check 154: x509_tbs_certificate::parse_tbs_certificate.assertion.5
	 - Status: UNREACHABLE
	 - Description: "attempt to add with overflow"
	 - Location: der-verified/src/x509_tbs_certificate.rs:369:5 in function x509_tbs_certificate::parse_tbs_certificate

Check 155: x509_tbs_certificate::parse_tbs_certificate.assertion.6
	 - Status: UNREACHABLE
	 - Description: "attempt to add with overflow"
	 - Location: der-verified/src/x509_tbs_certificate.rs:377:39 in function x509_tbs_certificate::parse_tbs_certificate

Check 156: x509_tbs_certificate::parse_tbs_certificate.assertion.7
	 - Status: UNREACHABLE
	 - Description: "attempt to add with overflow"
	 - Location: der-verified/src/x509_tbs_certificate.rs:379:5 in function x509_tbs_certificate::parse_tbs_certificate

Check 157: x509_tbs_certificate::parse_tbs_certificate.assertion.8
	 - Status: UNREACHABLE
	 - Description: "attempt to add with overflow"
	 - Location: der-verified/src/x509_tbs_certificate.rs:387:33 in function x509_tbs_certificate::parse_tbs_certificate

Check 158: x509_tbs_certificate::parse_tbs_certificate.assertion.9
	 - Status: UNREACHABLE
	 - Description: "attempt to add with overflow"
	 - Location: der-verified/src/x509_tbs_certificate.rs:389:5 in function x509_tbs_certificate::parse_tbs_certificate

Check 159: x509_tbs_certificate::parse_tbs_certificate.assertion.10
	 - Status: UNREACHABLE
	 - Description: "attempt to add with overflow"
	 - Location: der-verified/src/x509_tbs_certificate.rs:397:35 in function x509_tbs_certificate::parse_tbs_certificate

Check 160: x509_tbs_certificate::parse_tbs_certificate.assertion.11
	 - Status: UNREACHABLE
	 - Description: "attempt to add with overflow"
	 - Location: der-verified/src/x509_tbs_certificate.rs:400:5 in function x509_tbs_certificate::parse_tbs_certificate

Check 161: x509_tbs_certificate::parse_tbs_certificate.unreachable.1
	 - Status: SUCCESS
	 - Description: "unreachable code"
	 - Location: der-verified/src/lib.rs:0:0 in function x509_tbs_certificate::parse_tbs_certificate

Check 162: x509_tbs_certificate::parse_tbs_certificate.assertion.12
	 - Status: UNREACHABLE
	 - Description: "attempt to add with overflow"
	 - Location: der-verified/src/x509_tbs_certificate.rs:423:17 in function x509_tbs_certificate::parse_tbs_certificate

Check 163: <std::result::Result<(u32, usize), tlv::TlvError> as std::ops::Try>::branch.unreachable.1
	 - Status: SUCCESS
	 - Description: "unreachable code"
	 - Location: ../../../runner/.rustup/toolchains/nightly-2025-11-21-x86_64-unknown-linux-gnu/lib/rustlib/src/rust/library/core/src/result.rs:2173:15 in function <std::result::Result<(u32, usize), tlv::TlvError> as std::ops::Try>::branch

Check 164: <std::result::Result<(tlv::Tlv<'_>, usize), tlv::TlvError> as std::ops::FromResidual<std::result::Result<std::convert::Infallible, tlv::TlvError>>>::from_residual.pointer_dereference.1
	 - Status: SUCCESS
	 - Description: "dereference failure: dead object"
	 - Location: ../../../runner/.rustup/toolchains/nightly-2025-11-21-x86_64-unknown-linux-gnu/lib/rustlib/src/rust/library/core/src/result.rs:2189:23 in function <std::result::Result<(tlv::Tlv<'_>, usize), tlv::TlvError> as std::ops::FromResidual<std::result::Result<std::convert::Infallible, tlv::TlvError>>>::from_residual

Check 165: bit_string::decode_bit_string.pointer_dereference.1
	 - Status: SUCCESS
	 - Description: "dereference failure: dead object"
	 - Location: der-verified/src/bit_string.rs:106:33 in function bit_string::decode_bit_string

Check 166: bit_string::decode_bit_string.pointer_dereference.2
	 - Status: SUCCESS
	 - Description: "dereference failure: pointer NULL"
	 - Location: der-verified/src/bit_string.rs:106:11 in function bit_string::decode_bit_string

Check 167: bit_string::decode_bit_string.pointer_dereference.3
	 - Status: SUCCESS
	 - Description: "dereference failure: pointer invalid"
	 - Location: der-verified/src/bit_string.rs:106:11 in function bit_string::decode_bit_string

Check 168: bit_string::decode_bit_string.pointer_dereference.4
	 - Status: SUCCESS
	 - Description: "dereference failure: deallocated dynamic object"
	 - Location: der-verified/src/bit_string.rs:106:11 in function bit_string::decode_bit_string

Check 169: bit_string::decode_bit_string.pointer_dereference.5
	 - Status: SUCCESS
	 - Description: "dereference failure: dead object"
	 - Location: der-verified/src/bit_string.rs:106:11 in function bit_string::decode_bit_string

Check 170: bit_string::decode_bit_string.pointer_dereference.6
	 - Status: SUCCESS
	 - Description: "dereference failure: pointer outside object bounds"
	 - Location: der-verified/src/bit_string.rs:106:11 in function bit_string::decode_bit_string

Check 171: bit_string::decode_bit_string.pointer_dereference.7
	 - Status: SUCCESS
	 - Description: "dereference failure: invalid integer address"
	 - Location: der-verified/src/bit_string.rs:106:11 in function bit_string::decode_bit_string

Check 172: bit_string::decode_bit_string.pointer_dereference.8
	 - Status: SUCCESS
	 - Description: "dereference failure: dead object"
	 - Location: der-verified/src/bit_string.rs:111:16 in function bit_string::decode_bit_string

Check 173: bit_string::decode_bit_string.pointer_dereference.9
	 - Status: SUCCESS
	 - Description: "dereference failure: dead object"
	 - Location: der-verified/src/bit_string.rs:116:20 in function bit_string::decode_bit_string

Check 174: bit_string::decode_bit_string.pointer_dereference.10
	 - Status: SUCCESS
	 - Description: "dereference failure: pointer NULL"
	 - Location: der-verified/src/bit_string.rs:122:8 in function bit_string::decode_bit_string

Check 175: bit_string::decode_bit_string.pointer_dereference.11
	 - Status: SUCCESS
	 - Description: "dereference failure: pointer invalid"
	 - Location: der-verified/src/bit_string.rs:122:8 in function bit_string::decode_bit_string

Check 176: bit_string::decode_bit_string.pointer_dereference.12
	 - Status: SUCCESS
	 - Description: "dereference failure: deallocated dynamic object"
	 - Location: der-verified/src/bit_string.rs:122:8 in function bit_string::decode_bit_string

Check 177: bit_string::decode_bit_string.pointer_dereference.13
	 - Status: SUCCESS
	 - Description: "dereference failure: dead object"
	 - Location: der-verified/src/bit_string.rs:122:8 in function bit_string::decode_bit_string

Check 178: bit_string::decode_bit_string.pointer_dereference.14
	 - Status: SUCCESS
	 - Description: "dereference failure: pointer outside object bounds"
	 - Location: der-verified/src/bit_string.rs:122:8 in function bit_string::decode_bit_string

Check 179: bit_string::decode_bit_string.pointer_dereference.15
	 - Status: SUCCESS
	 - Description: "dereference failure: invalid integer address"
	 - Location: der-verified/src/bit_string.rs:122:8 in function bit_string::decode_bit_string

Check 180: bit_string::decode_bit_string.pointer_dereference.16
	 - Status: SUCCESS
	 - Description: "dereference failure: dead object"
	 - Location: der-verified/src/bit_string.rs:123:16 in function bit_string::decode_bit_string

Check 181: bit_string::decode_bit_string.pointer_dereference.17
	 - Status: SUCCESS
	 - Description: "dereference failure: dead object"
	 - Location: der-verified/src/bit_string.rs:108:24 in function bit_string::decode_bit_string

Check 182: std::result::Result::<i64, integer::IntError>::map_err::<x509_tbs_certificate::TbsCertificateError, fn(integer::IntError) -> x509_tbs_certificate::TbsCertificateError {x509_tbs_certificate::TbsCertificateError::BadVersionInt}>.pointer_dereference.1
	 - Status: SUCCESS
	 - Description: "dereference failure: dead object"
	 - Location: ../../../runner/.rustup/toolchains/nightly-2025-11-21-x86_64-unknown-linux-gnu/lib/rustlib/src/rust/library/core/src/result.rs:967:22 in function std::result::Result::<i64, integer::IntError>::map_err::<x509_tbs_certificate::TbsCertificateError, fn(integer::IntError) -> x509_tbs_certificate::TbsCertificateError {x509_tbs_certificate::TbsCertificateError::BadVersionInt}>

Check 183: x509_spki::decode_public_key_tlv.pointer_dereference.1
	 - Status: SUCCESS
	 - Description: "dereference failure: dead object"
	 - Location: der-verified/src/x509_spki.rs:146:23 in function x509_spki::decode_public_key_tlv

Check 184: x509_spki::decode_public_key_tlv.pointer_dereference.2
	 - Status: SUCCESS
	 - Description: "dereference failure: dead object"
	 - Location: der-verified/src/x509_spki.rs:148:16 in function x509_spki::decode_public_key_tlv

Check 185: x509_spki::decode_public_key_tlv.pointer_dereference.3
	 - Status: SUCCESS
	 - Description: "dereference failure: dead object"
	 - Location: der-verified/src/x509_spki.rs:151:16 in function x509_spki::decode_public_key_tlv

Check 186: x509_spki::decode_public_key_tlv.pointer_dereference.4
	 - Status: SUCCESS
	 - Description: "dereference failure: dead object"
	 - Location: der-verified/src/x509_spki.rs:153:14 in function x509_spki::decode_public_key_tlv

Check 187: <std::result::Result<(x509_algorithm_identifier::AlgorithmIdentifier<'_>, usize), x509_spki::SpkiError> as std::ops::Try>::branch.pointer_dereference.1
	 - Status: SUCCESS
	 - Description: "dereference failure: dead object"
	 - Location: ../../../runner/.rustup/toolchains/nightly-2025-11-21-x86_64-unknown-linux-gnu/lib/rustlib/src/rust/library/core/src/result.rs:2173:15 in function <std::result::Result<(x509_algorithm_identifier::AlgorithmIdentifier<'_>, usize), x509_spki::SpkiError> as std::ops::Try>::branch

Check 188: <std::result::Result<(x509_algorithm_identifier::AlgorithmIdentifier<'_>, usize), x509_spki::SpkiError> as std::ops::Try>::branch.pointer_dereference.2
	 - Status: SUCCESS
	 - Description: "dereference failure: dead object"
	 - Location: ../../../runner/.rustup/toolchains/nightly-2025-11-21-x86_64-unknown-linux-gnu/lib/rustlib/src/rust/library/core/src/result.rs:2175:23 in function <std::result::Result<(x509_algorithm_identifier::AlgorithmIdentifier<'_>, usize), x509_spki::SpkiError> as std::ops::Try>::branch

Check 189: <std::result::Result<(tlv::Tlv<'_>, usize), x509_spki::SpkiError> as std::ops::Try>::branch.pointer_dereference.1
	 - Status: SUCCESS
	 - Description: "dereference failure: dead object"
	 - Location: ../../../runner/.rustup/toolchains/nightly-2025-11-21-x86_64-unknown-linux-gnu/lib/rustlib/src/rust/library/core/src/result.rs:2173:15 in function <std::result::Result<(tlv::Tlv<'_>, usize), x509_spki::SpkiError> as std::ops::Try>::branch

Check 190: <std::result::Result<(tlv::Tlv<'_>, usize), x509_spki::SpkiError> as std::ops::Try>::branch.pointer_dereference.2
	 - Status: SUCCESS
	 - Description: "dereference failure: dead object"
	 - Location: ../../../runner/.rustup/toolchains/nightly-2025-11-21-x86_64-unknown-linux-gnu/lib/rustlib/src/rust/library/core/src/result.rs:2175:23 in function <std::result::Result<(tlv::Tlv<'_>, usize), x509_spki::SpkiError> as std::ops::Try>::branch

Check 191: x509_spki::parse_subject_public_key_info.pointer_dereference.1
	 - Status: SUCCESS
	 - Description: "dereference failure: dead object"
	 - Location: der-verified/src/x509_spki.rs:174:25 in function x509_spki::parse_subject_public_key_info

Check 192: x509_spki::parse_subject_public_key_info.pointer_dereference.2
	 - Status: SUCCESS
	 - Description: "dereference failure: dead object"
	 - Location: der-verified/src/x509_spki.rs:179:9 in function x509_spki::parse_subject_public_key_info

Check 193: x509_spki::parse_subject_public_key_info.pointer_dereference.3
	 - Status: SUCCESS
	 - Description: "dereference failure: dead object"
	 - Location: der-verified/src/x509_spki.rs:185:16 in function x509_spki::parse_subject_public_key_info

Check 194: x509_spki::parse_subject_public_key_info.pointer_dereference.4
	 - Status: SUCCESS
	 - Description: "dereference failure: dead object"
	 - Location: der-verified/src/x509_spki.rs:187:41 in function x509_spki::parse_subject_public_key_info

Check 195: x509_spki::parse_subject_public_key_info.pointer_dereference.5
	 - Status: SUCCESS
	 - Description: "dereference failure: dead object"
	 - Location: der-verified/src/x509_spki.rs:189:16 in function x509_spki::parse_subject_public_key_info

Check 196: x509_algorithm_identifier::decode_oid_tlv.pointer_dereference.1
	 - Status: SUCCESS
	 - Description: "dereference failure: dead object"
	 - Location: der-verified/src/x509_algorithm_identifier.rs:98:23 in function x509_algorithm_identifier::decode_oid_tlv

Check 197: x509_algorithm_identifier::decode_oid_tlv.pointer_dereference.2
	 - Status: SUCCESS
	 - Description: "dereference failure: dead object"
	 - Location: der-verified/src/x509_algorithm_identifier.rs:100:20 in function x509_algorithm_identifier::decode_oid_tlv

Check 198: x509_algorithm_identifier::decode_oid_tlv.pointer_dereference.3
	 - Status: SUCCESS
	 - Description: "dereference failure: dead object"
	 - Location: der-verified/src/x509_algorithm_identifier.rs:100:16 in function x509_algorithm_identifier::decode_oid_tlv

Check 199: x509_algorithm_identifier::decode_oid_tlv.pointer_dereference.4
	 - Status: SUCCESS
	 - Description: "dereference failure: dead object"
	 - Location: der-verified/src/x509_algorithm_identifier.rs:103:20 in function x509_algorithm_identifier::decode_oid_tlv

Check 200: x509_algorithm_identifier::decode_oid_tlv.pointer_dereference.5
	 - Status: SUCCESS
	 - Description: "dereference failure: dead object"
	 - Location: der-verified/src/x509_algorithm_identifier.rs:103:16 in function x509_algorithm_identifier::decode_oid_tlv

Check 201: x509_algorithm_identifier::decode_oid_tlv.pointer_dereference.6
	 - Status: SUCCESS
	 - Description: "dereference failure: dead object"
	 - Location: der-verified/src/x509_algorithm_identifier.rs:105:5 in function x509_algorithm_identifier::decode_oid_tlv

Check 202: x509_validity::TimeError::BadUtc.pointer_dereference.1
	 - Status: SUCCESS
	 - Description: "dereference failure: dead object"
	 - Location: der-verified/src/x509_validity.rs:111:5 in function x509_validity::TimeError::BadUtc

Check 203: std::result::Result::<(&[u8], usize), context_tag::ContextTagError>::map_err::<x509_tbs_certificate::TbsCertificateError, fn(context_tag::ContextTagError) -> x509_tbs_certificate::TbsCertificateError {x509_tbs_certificate::TbsCertificateError::BadExtensionsTag}>.pointer_dereference.1
	 - Status: SUCCESS
	 - Description: "dereference failure: dead object"
	 - Location: ../../../runner/.rustup/toolchains/nightly-2025-11-21-x86_64-unknown-linux-gnu/lib/rustlib/src/rust/library/core/src/result.rs:966:15 in function std::result::Result::<(&[u8], usize), context_tag::ContextTagError>::map_err::<x509_tbs_certificate::TbsCertificateError, fn(context_tag::ContextTagError) -> x509_tbs_certificate::TbsCertificateError {x509_tbs_certificate::TbsCertificateError::BadExtensionsTag}>

Check 204: x509_algorithm_identifier::parse_algorithm_identifier.pointer_dereference.1
	 - Status: SUCCESS
	 - Description: "dereference failure: dead object"
	 - Location: der-verified/src/x509_algorithm_identifier.rs:127:32 in function x509_algorithm_identifier::parse_algorithm_identifier

Check 205: x509_algorithm_identifier::parse_algorithm_identifier.pointer_dereference.2
	 - Status: SUCCESS
	 - Description: "dereference failure: dead object"
	 - Location: der-verified/src/x509_algorithm_identifier.rs:130:37 in function x509_algorithm_identifier::parse_algorithm_identifier

Check 206: x509_algorithm_identifier::parse_algorithm_identifier.pointer_dereference.3
	 - Status: SUCCESS
	 - Description: "dereference failure: dead object"
	 - Location: der-verified/src/x509_algorithm_identifier.rs:133:9 in function x509_algorithm_identifier::parse_algorithm_identifier

Check 207: x509_algorithm_identifier::parse_algorithm_identifier.pointer_dereference.4
	 - Status: SUCCESS
	 - Description: "dereference failure: dead object"
	 - Location: der-verified/src/x509_algorithm_identifier.rs:135:42 in function x509_algorithm_identifier::parse_algorithm_identifier

Check 208: x509_algorithm_identifier::parse_algorithm_identifier.pointer_dereference.5
	 - Status: SUCCESS
	 - Description: "dereference failure: dead object"
	 - Location: der-verified/src/x509_algorithm_identifier.rs:137:24 in function x509_algorithm_identifier::parse_algorithm_identifier

Check 209: x509_algorithm_identifier::parse_algorithm_identifier.pointer_dereference.6
	 - Status: SUCCESS
	 - Description: "dereference failure: dead object"
	 - Location: der-verified/src/x509_algorithm_identifier.rs:137:20 in function x509_algorithm_identifier::parse_algorithm_identifier

Check 210: std::result::Result::<(&[u8], usize), context_tag::ContextTagError>::map_err::<x509_tbs_certificate::TbsCertificateError, fn(context_tag::ContextTagError) -> x509_tbs_certificate::TbsCertificateError {x509_tbs_certificate::TbsCertificateError::BadVersionTag}>.pointer_dereference.1
	 - Status: SUCCESS
	 - Description: "dereference failure: dead object"
	 - Location: ../../../runner/.rustup/toolchains/nightly-2025-11-21-x86_64-unknown-linux-gnu/lib/rustlib/src/rust/library/core/src/result.rs:966:15 in function std::result::Result::<(&[u8], usize), context_tag::ContextTagError>::map_err::<x509_tbs_certificate::TbsCertificateError, fn(context_tag::ContextTagError) -> x509_tbs_certificate::TbsCertificateError {x509_tbs_certificate::TbsCertificateError::BadVersionTag}>

Check 211: context_tag::decode_explicit_context.pointer_dereference.1
	 - Status: SUCCESS
	 - Description: "dereference failure: dead object"
	 - Location: der-verified/src/context_tag.rs:76:23 in function context_tag::decode_explicit_context

Check 212: context_tag::decode_explicit_context.pointer_dereference.2
	 - Status: SUCCESS
	 - Description: "dereference failure: dead object"
	 - Location: der-verified/src/context_tag.rs:78:20 in function context_tag::decode_explicit_context

Check 213: context_tag::decode_explicit_context.pointer_dereference.3
	 - Status: SUCCESS
	 - Description: "dereference failure: dead object"
	 - Location: der-verified/src/context_tag.rs:78:16 in function context_tag::decode_explicit_context

Check 214: context_tag::decode_explicit_context.pointer_dereference.4
	 - Status: SUCCESS
	 - Description: "dereference failure: dead object"
	 - Location: der-verified/src/context_tag.rs:81:20 in function context_tag::decode_explicit_context

Check 215: context_tag::decode_explicit_context.pointer_dereference.5
	 - Status: SUCCESS
	 - Description: "dereference failure: dead object"
	 - Location: der-verified/src/context_tag.rs:81:16 in function context_tag::decode_explicit_context

Check 216: context_tag::decode_explicit_context.pointer_dereference.6
	 - Status: SUCCESS
	 - Description: "dereference failure: dead object"
	 - Location: der-verified/src/context_tag.rs:84:20 in function context_tag::decode_explicit_context

Check 217: context_tag::decode_explicit_context.pointer_dereference.7
	 - Status: SUCCESS
	 - Description: "dereference failure: dead object"
	 - Location: der-verified/src/context_tag.rs:84:16 in function context_tag::decode_explicit_context

Check 218: <std::result::Result<x509_spki::SubjectPublicKeyInfo<'_>, x509_spki::SpkiError> as std::ops::FromResidual<std::result::Result<std::convert::Infallible, x509_spki::SpkiError>>>::from_residual.pointer_dereference.1
	 - Status: SUCCESS
	 - Description: "dereference failure: dead object"
	 - Location: ../../../runner/.rustup/toolchains/nightly-2025-11-21-x86_64-unknown-linux-gnu/lib/rustlib/src/rust/library/core/src/result.rs:2189:23 in function <std::result::Result<x509_spki::SubjectPublicKeyInfo<'_>, x509_spki::SpkiError> as std::ops::FromResidual<std::result::Result<std::convert::Infallible, x509_spki::SpkiError>>>::from_residual

Check 219: std::result::Result::<&[u8], sequence::SequenceError>::map_err::<x509_spki::SpkiError, fn(sequence::SequenceError) -> x509_spki::SpkiError {x509_spki::SpkiError::BadOuterSeq}>.pointer_dereference.1
	 - Status: SUCCESS
	 - Description: "dereference failure: dead object"
	 - Location: ../../../runner/.rustup/toolchains/nightly-2025-11-21-x86_64-unknown-linux-gnu/lib/rustlib/src/rust/library/core/src/result.rs:966:15 in function std::result::Result::<&[u8], sequence::SequenceError>::map_err::<x509_spki::SpkiError, fn(sequence::SequenceError) -> x509_spki::SpkiError {x509_spki::SpkiError::BadOuterSeq}>

Check 220: std::result::Result::<&[u8], sequence::SequenceError>::map_err::<x509_spki::SpkiError, fn(sequence::SequenceError) -> x509_spki::SpkiError {x509_spki::SpkiError::BadOuterSeq}>.pointer_dereference.2
	 - Status: SUCCESS
	 - Description: "dereference failure: dead object"
	 - Location: ../../../runner/.rustup/toolchains/nightly-2025-11-21-x86_64-unknown-linux-gnu/lib/rustlib/src/rust/library/core/src/result.rs:968:23 in function std::result::Result::<&[u8], sequence::SequenceError>::map_err::<x509_spki::SpkiError, fn(sequence::SequenceError) -> x509_spki::SpkiError {x509_spki::SpkiError::BadOuterSeq}>

Check 221: std::result::Result::<bit_string::BitString<'_>, bit_string::BitStringError>::map_err::<x509_spki::SpkiError, fn(bit_string::BitStringError) -> x509_spki::SpkiError {x509_spki::SpkiError::BadPublicKey}>.pointer_dereference.1
	 - Status: SUCCESS
	 - Description: "dereference failure: dead object"
	 - Location: ../../../runner/.rustup/toolchains/nightly-2025-11-21-x86_64-unknown-linux-gnu/lib/rustlib/src/rust/library/core/src/result.rs:966:15 in function std::result::Result::<bit_string::BitString<'_>, bit_string::BitStringError>::map_err::<x509_spki::SpkiError, fn(bit_string::BitStringError) -> x509_spki::SpkiError {x509_spki::SpkiError::BadPublicKey}>

Check 222: std::result::Result::<bit_string::BitString<'_>, bit_string::BitStringError>::map_err::<x509_spki::SpkiError, fn(bit_string::BitStringError) -> x509_spki::SpkiError {x509_spki::SpkiError::BadPublicKey}>.pointer_dereference.2
	 - Status: SUCCESS
	 - Description: "dereference failure: dead object"
	 - Location: ../../../runner/.rustup/toolchains/nightly-2025-11-21-x86_64-unknown-linux-gnu/lib/rustlib/src/rust/library/core/src/result.rs:968:23 in function std::result::Result::<bit_string::BitString<'_>, bit_string::BitStringError>::map_err::<x509_spki::SpkiError, fn(bit_string::BitStringError) -> x509_spki::SpkiError {x509_spki::SpkiError::BadPublicKey}>

Check 223: tlv::decode_tlv.pointer_dereference.1
	 - Status: SUCCESS
	 - Description: "dereference failure: dead object"
	 - Location: der-verified/src/tlv.rs:71:25 in function tlv::decode_tlv

Check 224: tlv::decode_tlv.pointer_dereference.2
	 - Status: SUCCESS
	 - Description: "dereference failure: dead object"
	 - Location: der-verified/src/tlv.rs:79:26 in function tlv::decode_tlv

Check 225: tlv::decode_tlv.pointer_dereference.3
	 - Status: SUCCESS
	 - Description: "dereference failure: dead object"
	 - Location: der-verified/src/tlv.rs:87:16 in function tlv::decode_tlv

Check 226: tlv::decode_tlv.pointer_dereference.4
	 - Status: SUCCESS
	 - Description: "dereference failure: dead object"
	 - Location: der-verified/src/tlv.rs:84:24 in function tlv::decode_tlv

Check 227: length::decode_length.pointer_dereference.1
	 - Status: SUCCESS
	 - Description: "dereference failure: dead object"
	 - Location: der-verified/src/length.rs:75:23 in function length::decode_length

Check 228: length::decode_length.pointer_dereference.2
	 - Status: SUCCESS
	 - Description: "dereference failure: pointer NULL"
	 - Location: der-verified/src/length.rs:76:15 in function length::decode_length

Check 229: length::decode_length.pointer_dereference.3
	 - Status: SUCCESS
	 - Description: "dereference failure: pointer invalid"
	 - Location: der-verified/src/length.rs:76:15 in function length::decode_length

Check 230: length::decode_length.pointer_dereference.4
	 - Status: SUCCESS
	 - Description: "dereference failure: deallocated dynamic object"
	 - Location: der-verified/src/length.rs:76:15 in function length::decode_length

Check 231: length::decode_length.pointer_dereference.5
	 - Status: SUCCESS
	 - Description: "dereference failure: dead object"
	 - Location: der-verified/src/length.rs:76:15 in function length::decode_length

Check 232: length::decode_length.pointer_dereference.6
	 - Status: SUCCESS
	 - Description: "dereference failure: pointer outside object bounds"
	 - Location: der-verified/src/length.rs:76:15 in function length::decode_length

Check 233: length::decode_length.pointer_dereference.7
	 - Status: SUCCESS
	 - Description: "dereference failure: invalid integer address"
	 - Location: der-verified/src/length.rs:76:15 in function length::decode_length

Check 234: length::decode_length.pointer_dereference.8
	 - Status: SUCCESS
	 - Description: "dereference failure: pointer NULL"
	 - Location: der-verified/src/length.rs:93:8 in function length::decode_length

Check 235: length::decode_length.pointer_dereference.9
	 - Status: SUCCESS
	 - Description: "dereference failure: pointer invalid"
	 - Location: der-verified/src/length.rs:93:8 in function length::decode_length

Check 236: length::decode_length.pointer_dereference.10
	 - Status: SUCCESS
	 - Description: "dereference failure: deallocated dynamic object"
	 - Location: der-verified/src/length.rs:93:8 in function length::decode_length

Check 237: length::decode_length.pointer_dereference.11
	 - Status: SUCCESS
	 - Description: "dereference failure: dead object"
	 - Location: der-verified/src/length.rs:93:8 in function length::decode_length

Check 238: length::decode_length.pointer_dereference.12
	 - Status: SUCCESS
	 - Description: "dereference failure: pointer outside object bounds"
	 - Location: der-verified/src/length.rs:93:8 in function length::decode_length

Check 239: length::decode_length.pointer_dereference.13
	 - Status: SUCCESS
	 - Description: "dereference failure: invalid integer address"
	 - Location: der-verified/src/length.rs:93:8 in function length::decode_length

Check 240: length::decode_length.pointer_dereference.14
	 - Status: SUCCESS
	 - Description: "dereference failure: pointer NULL"
	 - Location: der-verified/src/length.rs:102:28 in function length::decode_length

Check 241: length::decode_length.pointer_dereference.15
	 - Status: SUCCESS
	 - Description: "dereference failure: pointer invalid"
	 - Location: der-verified/src/length.rs:102:28 in function length::decode_length

Check 242: length::decode_length.pointer_dereference.16
	 - Status: SUCCESS
	 - Description: "dereference failure: deallocated dynamic object"
	 - Location: der-verified/src/length.rs:102:28 in function length::decode_length

Check 243: length::decode_length.pointer_dereference.17
	 - Status: SUCCESS
	 - Description: "dereference failure: dead object"
	 - Location: der-verified/src/length.rs:102:28 in function length::decode_length

Check 244: length::decode_length.pointer_dereference.18
	 - Status: SUCCESS
	 - Description: "dereference failure: pointer outside object bounds"
	 - Location: der-verified/src/length.rs:102:28 in function length::decode_length

Check 245: length::decode_length.pointer_dereference.19
	 - Status: SUCCESS
	 - Description: "dereference failure: invalid integer address"
	 - Location: der-verified/src/length.rs:102:28 in function length::decode_length

Check 246: <std::result::Result<(&[u8], usize), sequence::SequenceError> as std::ops::Try>::branch.pointer_dereference.1
	 - Status: SUCCESS
	 - Description: "dereference failure: dead object"
	 - Location: ../../../runner/.rustup/toolchains/nightly-2025-11-21-x86_64-unknown-linux-gnu/lib/rustlib/src/rust/library/core/src/result.rs:2173:15 in function <std::result::Result<(&[u8], usize), sequence::SequenceError> as std::ops::Try>::branch

Check 247: <std::result::Result<(&[u8], usize), sequence::SequenceError> as std::ops::Try>::branch.pointer_dereference.2
	 - Status: SUCCESS
	 - Description: "dereference failure: dead object"
	 - Location: ../../../runner/.rustup/toolchains/nightly-2025-11-21-x86_64-unknown-linux-gnu/lib/rustlib/src/rust/library/core/src/result.rs:2175:23 in function <std::result::Result<(&[u8], usize), sequence::SequenceError> as std::ops::Try>::branch

Check 248: std::result::Result::<(x509_algorithm_identifier::AlgorithmIdentifier<'_>, usize), x509_algorithm_identifier::AlgIdError>::map_err::<x509_tbs_certificate::TbsCertificateError, fn(x509_algorithm_identifier::AlgIdError) -> x509_tbs_certificate::TbsCertificateError {x509_tbs_certificate::TbsCertificateError::BadSignature}>.pointer_dereference.1
	 - Status: SUCCESS
	 - Description: "dereference failure: dead object"
	 - Location: ../../../runner/.rustup/toolchains/nightly-2025-11-21-x86_64-unknown-linux-gnu/lib/rustlib/src/rust/library/core/src/result.rs:966:15 in function std::result::Result::<(x509_algorithm_identifier::AlgorithmIdentifier<'_>, usize), x509_algorithm_identifier::AlgIdError>::map_err::<x509_tbs_certificate::TbsCertificateError, fn(x509_algorithm_identifier::AlgIdError) -> x509_tbs_certificate::TbsCertificateError {x509_tbs_certificate::TbsCertificateError::BadSignature}>

Check 249: std::result::Result::<(x509_algorithm_identifier::AlgorithmIdentifier<'_>, usize), x509_algorithm_identifier::AlgIdError>::map_err::<x509_tbs_certificate::TbsCertificateError, fn(x509_algorithm_identifier::AlgIdError) -> x509_tbs_certificate::TbsCertificateError {x509_tbs_certificate::TbsCertificateError::BadSignature}>.pointer_dereference.2
	 - Status: SUCCESS
	 - Description: "dereference failure: dead object"
	 - Location: ../../../runner/.rustup/toolchains/nightly-2025-11-21-x86_64-unknown-linux-gnu/lib/rustlib/src/rust/library/core/src/result.rs:968:23 in function std::result::Result::<(x509_algorithm_identifier::AlgorithmIdentifier<'_>, usize), x509_algorithm_identifier::AlgIdError>::map_err::<x509_tbs_certificate::TbsCertificateError, fn(x509_algorithm_identifier::AlgIdError) -> x509_tbs_certificate::TbsCertificateError {x509_tbs_certificate::TbsCertificateError::BadSignature}>

Check 250: <std::result::Result<i64, x509_tbs_certificate::TbsCertificateError> as std::ops::Try>::branch.pointer_dereference.1
	 - Status: SUCCESS
	 - Description: "dereference failure: dead object"
	 - Location: ../../../runner/.rustup/toolchains/nightly-2025-11-21-x86_64-unknown-linux-gnu/lib/rustlib/src/rust/library/core/src/result.rs:2173:15 in function <std::result::Result<i64, x509_tbs_certificate::TbsCertificateError> as std::ops::Try>::branch

Check 251: <std::result::Result<i64, x509_tbs_certificate::TbsCertificateError> as std::ops::Try>::branch.pointer_dereference.2
	 - Status: SUCCESS
	 - Description: "dereference failure: dead object"
	 - Location: ../../../runner/.rustup/toolchains/nightly-2025-11-21-x86_64-unknown-linux-gnu/lib/rustlib/src/rust/library/core/src/result.rs:2174:22 in function <std::result::Result<i64, x509_tbs_certificate::TbsCertificateError> as std::ops::Try>::branch

Check 252: big_integer::validate_integer_content.pointer_dereference.1
	 - Status: SUCCESS
	 - Description: "dereference failure: pointer NULL"
	 - Location: der-verified/src/big_integer.rs:65:18 in function big_integer::validate_integer_content

Check 253: big_integer::validate_integer_content.pointer_dereference.2
	 - Status: SUCCESS
	 - Description: "dereference failure: pointer invalid"
	 - Location: der-verified/src/big_integer.rs:65:18 in function big_integer::validate_integer_content

Check 254: big_integer::validate_integer_content.pointer_dereference.3
	 - Status: SUCCESS
	 - Description: "dereference failure: deallocated dynamic object"
	 - Location: der-verified/src/big_integer.rs:65:18 in function big_integer::validate_integer_content

Check 255: big_integer::validate_integer_content.pointer_dereference.4
	 - Status: SUCCESS
	 - Description: "dereference failure: dead object"
	 - Location: der-verified/src/big_integer.rs:65:18 in function big_integer::validate_integer_content

Check 256: big_integer::validate_integer_content.pointer_dereference.5
	 - Status: SUCCESS
	 - Description: "dereference failure: pointer outside object bounds"
	 - Location: der-verified/src/big_integer.rs:65:18 in function big_integer::validate_integer_content

Check 257: big_integer::validate_integer_content.pointer_dereference.6
	 - Status: SUCCESS
	 - Description: "dereference failure: invalid integer address"
	 - Location: der-verified/src/big_integer.rs:65:18 in function big_integer::validate_integer_content

Check 258: big_integer::validate_integer_content.pointer_dereference.7
	 - Status: SUCCESS
	 - Description: "dereference failure: pointer NULL"
	 - Location: der-verified/src/big_integer.rs:66:18 in function big_integer::validate_integer_content

Check 259: big_integer::validate_integer_content.pointer_dereference.8
	 - Status: SUCCESS
	 - Description: "dereference failure: pointer invalid"
	 - Location: der-verified/src/big_integer.rs:66:18 in function big_integer::validate_integer_content

Check 260: big_integer::validate_integer_content.pointer_dereference.9
	 - Status: SUCCESS
	 - Description: "dereference failure: deallocated dynamic object"
	 - Location: der-verified/src/big_integer.rs:66:18 in function big_integer::validate_integer_content

Check 261: big_integer::validate_integer_content.pointer_dereference.10
	 - Status: SUCCESS
	 - Description: "dereference failure: dead object"
	 - Location: der-verified/src/big_integer.rs:66:18 in function big_integer::validate_integer_content

Check 262: big_integer::validate_integer_content.pointer_dereference.11
	 - Status: SUCCESS
	 - Description: "dereference failure: pointer outside object bounds"
	 - Location: der-verified/src/big_integer.rs:66:18 in function big_integer::validate_integer_content

Check 263: big_integer::validate_integer_content.pointer_dereference.12
	 - Status: SUCCESS
	 - Description: "dereference failure: invalid integer address"
	 - Location: der-verified/src/big_integer.rs:66:18 in function big_integer::validate_integer_content

Check 264: big_integer::validate_integer_content.pointer_dereference.13
	 - Status: SUCCESS
	 - Description: "dereference failure: dead object"
	 - Location: der-verified/src/big_integer.rs:71:5 in function big_integer::validate_integer_content

Check 265: generalized_time::decode_generalized_time.pointer_dereference.1
	 - Status: SUCCESS
	 - Description: "dereference failure: dead object"
	 - Location: der-verified/src/generalized_time.rs:187:16 in function generalized_time::decode_generalized_time

Check 266: generalized_time::decode_generalized_time.pointer_dereference.2
	 - Status: SUCCESS
	 - Description: "dereference failure: dead object"
	 - Location: der-verified/src/generalized_time.rs:193:20 in function generalized_time::decode_generalized_time

Check 267: generalized_time::decode_generalized_time.pointer_dereference.3
	 - Status: SUCCESS
	 - Description: "dereference failure: pointer NULL"
	 - Location: der-verified/src/generalized_time.rs:199:8 in function generalized_time::decode_generalized_time

Check 268: generalized_time::decode_generalized_time.pointer_dereference.4
	 - Status: SUCCESS
	 - Description: "dereference failure: pointer invalid"
	 - Location: der-verified/src/generalized_time.rs:199:8 in function generalized_time::decode_generalized_time

Check 269: generalized_time::decode_generalized_time.pointer_dereference.5
	 - Status: SUCCESS
	 - Description: "dereference failure: deallocated dynamic object"
	 - Location: der-verified/src/generalized_time.rs:199:8 in function generalized_time::decode_generalized_time

Check 270: generalized_time::decode_generalized_time.pointer_dereference.6
	 - Status: SUCCESS
	 - Description: "dereference failure: dead object"
	 - Location: der-verified/src/generalized_time.rs:199:8 in function generalized_time::decode_generalized_time

Check 271: generalized_time::decode_generalized_time.pointer_dereference.7
	 - Status: SUCCESS
	 - Description: "dereference failure: pointer outside object bounds"
	 - Location: der-verified/src/generalized_time.rs:199:8 in function generalized_time::decode_generalized_time

Check 272: generalized_time::decode_generalized_time.pointer_dereference.8
	 - Status: SUCCESS
	 - Description: "dereference failure: invalid integer address"
	 - Location: der-verified/src/generalized_time.rs:199:8 in function generalized_time::decode_generalized_time

Check 273: generalized_time::decode_generalized_time.pointer_dereference.9
	 - Status: SUCCESS
	 - Description: "dereference failure: dead object"
	 - Location: der-verified/src/generalized_time.rs:200:16 in function generalized_time::decode_generalized_time

Check 274: generalized_time::decode_generalized_time.pointer_dereference.10
	 - Status: SUCCESS
	 - Description: "dereference failure: dead object"
	 - Location: der-verified/src/generalized_time.rs:209:16 in function generalized_time::decode_generalized_time

Check 275: generalized_time::decode_generalized_time.pointer_dereference.11
	 - Status: SUCCESS
	 - Description: "dereference failure: dead object"
	 - Location: der-verified/src/generalized_time.rs:212:16 in function generalized_time::decode_generalized_time

Check 276: generalized_time::decode_generalized_time.pointer_dereference.12
	 - Status: SUCCESS
	 - Description: "dereference failure: dead object"
	 - Location: der-verified/src/generalized_time.rs:215:16 in function generalized_time::decode_generalized_time

Check 277: generalized_time::decode_generalized_time.pointer_dereference.13
	 - Status: SUCCESS
	 - Description: "dereference failure: dead object"
	 - Location: der-verified/src/generalized_time.rs:218:16 in function generalized_time::decode_generalized_time

Check 278: generalized_time::decode_generalized_time.pointer_dereference.14
	 - Status: SUCCESS
	 - Description: "dereference failure: dead object"
	 - Location: der-verified/src/generalized_time.rs:221:16 in function generalized_time::decode_generalized_time

Check 279: generalized_time::decode_generalized_time.pointer_dereference.15
	 - Status: SUCCESS
	 - Description: "dereference failure: pointer NULL"
	 - Location: der-verified/src/generalized_time.rs:229:12 in function generalized_time::decode_generalized_time

Check 280: generalized_time::decode_generalized_time.pointer_dereference.16
	 - Status: SUCCESS
	 - Description: "dereference failure: pointer invalid"
	 - Location: der-verified/src/generalized_time.rs:229:12 in function generalized_time::decode_generalized_time

Check 281: generalized_time::decode_generalized_time.pointer_dereference.17
	 - Status: SUCCESS
	 - Description: "dereference failure: deallocated dynamic object"
	 - Location: der-verified/src/generalized_time.rs:229:12 in function generalized_time::decode_generalized_time

Check 282: generalized_time::decode_generalized_time.pointer_dereference.18
	 - Status: SUCCESS
	 - Description: "dereference failure: dead object"
	 - Location: der-verified/src/generalized_time.rs:229:12 in function generalized_time::decode_generalized_time

Check 283: generalized_time::decode_generalized_time.pointer_dereference.19
	 - Status: SUCCESS
	 - Description: "dereference failure: pointer outside object bounds"
	 - Location: der-verified/src/generalized_time.rs:229:12 in function generalized_time::decode_generalized_time

Check 284: generalized_time::decode_generalized_time.pointer_dereference.20
	 - Status: SUCCESS
	 - Description: "dereference failure: invalid integer address"
	 - Location: der-verified/src/generalized_time.rs:229:12 in function generalized_time::decode_generalized_time

Check 285: generalized_time::decode_generalized_time.pointer_dereference.21
	 - Status: SUCCESS
	 - Description: "dereference failure: dead object"
	 - Location: der-verified/src/generalized_time.rs:230:20 in function generalized_time::decode_generalized_time

Check 286: generalized_time::decode_generalized_time.pointer_dereference.22
	 - Status: SUCCESS
	 - Description: "dereference failure: dead object"
	 - Location: der-verified/src/generalized_time.rs:234:20 in function generalized_time::decode_generalized_time

Check 287: generalized_time::decode_generalized_time.pointer_dereference.23
	 - Status: SUCCESS
	 - Description: "dereference failure: dead object"
	 - Location: der-verified/src/generalized_time.rs:239:24 in function generalized_time::decode_generalized_time

Check 288: generalized_time::decode_generalized_time.pointer_dereference.24
	 - Status: SUCCESS
	 - Description: "dereference failure: pointer NULL"
	 - Location: der-verified/src/generalized_time.rs:244:12 in function generalized_time::decode_generalized_time

Check 289: generalized_time::decode_generalized_time.pointer_dereference.25
	 - Status: SUCCESS
	 - Description: "dereference failure: pointer invalid"
	 - Location: der-verified/src/generalized_time.rs:244:12 in function generalized_time::decode_generalized_time

Check 290: generalized_time::decode_generalized_time.pointer_dereference.26
	 - Status: SUCCESS
	 - Description: "dereference failure: deallocated dynamic object"
	 - Location: der-verified/src/generalized_time.rs:244:12 in function generalized_time::decode_generalized_time

Check 291: generalized_time::decode_generalized_time.pointer_dereference.27
	 - Status: SUCCESS
	 - Description: "dereference failure: dead object"
	 - Location: der-verified/src/generalized_time.rs:244:12 in function generalized_time::decode_generalized_time

Check 292: generalized_time::decode_generalized_time.pointer_dereference.28
	 - Status: SUCCESS
	 - Description: "dereference failure: pointer outside object bounds"
	 - Location: der-verified/src/generalized_time.rs:244:12 in function generalized_time::decode_generalized_time

Check 293: generalized_time::decode_generalized_time.pointer_dereference.29
	 - Status: SUCCESS
	 - Description: "dereference failure: invalid integer address"
	 - Location: der-verified/src/generalized_time.rs:244:12 in function generalized_time::decode_generalized_time

Check 294: generalized_time::decode_generalized_time.pointer_dereference.30
	 - Status: SUCCESS
	 - Description: "dereference failure: dead object"
	 - Location: der-verified/src/generalized_time.rs:245:20 in function generalized_time::decode_generalized_time

Check 295: <std::result::Result<(tag::Tag, usize), tlv::TlvError> as std::ops::Try>::branch.pointer_dereference.1
	 - Status: SUCCESS
	 - Description: "dereference failure: dead object"
	 - Location: ../../../runner/.rustup/toolchains/nightly-2025-11-21-x86_64-unknown-linux-gnu/lib/rustlib/src/rust/library/core/src/result.rs:2173:15 in function <std::result::Result<(tag::Tag, usize), tlv::TlvError> as std::ops::Try>::branch

Check 296: <std::result::Result<(tag::Tag, usize), tlv::TlvError> as std::ops::Try>::branch.pointer_dereference.2
	 - Status: SUCCESS
	 - Description: "dereference failure: dead object"
	 - Location: ../../../runner/.rustup/toolchains/nightly-2025-11-21-x86_64-unknown-linux-gnu/lib/rustlib/src/rust/library/core/src/result.rs:2175:23 in function <std::result::Result<(tag::Tag, usize), tlv::TlvError> as std::ops::Try>::branch

Check 297: std::result::Result::<(tlv::Tlv<'_>, usize), tlv::TlvError>::map_err::<x509_tbs_certificate::TbsCertificateError, fn(tlv::TlvError) -> x509_tbs_certificate::TbsCertificateError {x509_tbs_certificate::TbsCertificateError::BadIssuerTlv}>.pointer_dereference.1
	 - Status: SUCCESS
	 - Description: "dereference failure: dead object"
	 - Location: ../../../runner/.rustup/toolchains/nightly-2025-11-21-x86_64-unknown-linux-gnu/lib/rustlib/src/rust/library/core/src/result.rs:966:15 in function std::result::Result::<(tlv::Tlv<'_>, usize), tlv::TlvError>::map_err::<x509_tbs_certificate::TbsCertificateError, fn(tlv::TlvError) -> x509_tbs_certificate::TbsCertificateError {x509_tbs_certificate::TbsCertificateError::BadIssuerTlv}>

Check 298: x509_algorithm_identifier::AlgIdError::BadParametersTlv.pointer_dereference.1
	 - Status: SUCCESS
	 - Description: "dereference failure: dead object"
	 - Location: der-verified/src/x509_algorithm_identifier.rs:89:5 in function x509_algorithm_identifier::AlgIdError::BadParametersTlv

Check 299: std::result::Result::<(&[u8], usize), sequence::SequenceError>::map_err::<x509_algorithm_identifier::AlgIdError, fn(sequence::SequenceError) -> x509_algorithm_identifier::AlgIdError {x509_algorithm_identifier::AlgIdError::BadSeq}>.pointer_dereference.1
	 - Status: SUCCESS
	 - Description: "dereference failure: dead object"
	 - Location: ../../../runner/.rustup/toolchains/nightly-2025-11-21-x86_64-unknown-linux-gnu/lib/rustlib/src/rust/library/core/src/result.rs:966:15 in function std::result::Result::<(&[u8], usize), sequence::SequenceError>::map_err::<x509_algorithm_identifier::AlgIdError, fn(sequence::SequenceError) -> x509_algorithm_identifier::AlgIdError {x509_algorithm_identifier::AlgIdError::BadSeq}>

Check 300: std::result::Result::<(&[u8], usize), sequence::SequenceError>::map_err::<x509_algorithm_identifier::AlgIdError, fn(sequence::SequenceError) -> x509_algorithm_identifier::AlgIdError {x509_algorithm_identifier::AlgIdError::BadSeq}>.pointer_dereference.2
	 - Status: SUCCESS
	 - Description: "dereference failure: dead object"
	 - Location: ../../../runner/.rustup/toolchains/nightly-2025-11-21-x86_64-unknown-linux-gnu/lib/rustlib/src/rust/library/core/src/result.rs:968:23 in function std::result::Result::<(&[u8], usize), sequence::SequenceError>::map_err::<x509_algorithm_identifier::AlgIdError, fn(sequence::SequenceError) -> x509_algorithm_identifier::AlgIdError {x509_algorithm_identifier::AlgIdError::BadSeq}>

Check 301: integer::decode_integer.pointer_dereference.1
	 - Status: SUCCESS
	 - Description: "dereference failure: pointer NULL"
	 - Location: der-verified/src/integer.rs:73:18 in function integer::decode_integer

Check 302: integer::decode_integer.pointer_dereference.2
	 - Status: SUCCESS
	 - Description: "dereference failure: pointer invalid"
	 - Location: der-verified/src/integer.rs:73:18 in function integer::decode_integer

Check 303: integer::decode_integer.pointer_dereference.3
	 - Status: SUCCESS
	 - Description: "dereference failure: deallocated dynamic object"
	 - Location: der-verified/src/integer.rs:73:18 in function integer::decode_integer

Check 304: integer::decode_integer.pointer_dereference.4
	 - Status: SUCCESS
	 - Description: "dereference failure: dead object"
	 - Location: der-verified/src/integer.rs:73:18 in function integer::decode_integer

Check 305: integer::decode_integer.pointer_dereference.5
	 - Status: SUCCESS
	 - Description: "dereference failure: pointer outside object bounds"
	 - Location: der-verified/src/integer.rs:73:18 in function integer::decode_integer

Check 306: integer::decode_integer.pointer_dereference.6
	 - Status: SUCCESS
	 - Description: "dereference failure: invalid integer address"
	 - Location: der-verified/src/integer.rs:73:18 in function integer::decode_integer

Check 307: integer::decode_integer.pointer_dereference.7
	 - Status: SUCCESS
	 - Description: "dereference failure: pointer NULL"
	 - Location: der-verified/src/integer.rs:74:18 in function integer::decode_integer

Check 308: integer::decode_integer.pointer_dereference.8
	 - Status: SUCCESS
	 - Description: "dereference failure: pointer invalid"
	 - Location: der-verified/src/integer.rs:74:18 in function integer::decode_integer

Check 309: integer::decode_integer.pointer_dereference.9
	 - Status: SUCCESS
	 - Description: "dereference failure: deallocated dynamic object"
	 - Location: der-verified/src/integer.rs:74:18 in function integer::decode_integer

Check 310: integer::decode_integer.pointer_dereference.10
	 - Status: SUCCESS
	 - Description: "dereference failure: dead object"
	 - Location: der-verified/src/integer.rs:74:18 in function integer::decode_integer

Check 311: integer::decode_integer.pointer_dereference.11
	 - Status: SUCCESS
	 - Description: "dereference failure: pointer outside object bounds"
	 - Location: der-verified/src/integer.rs:74:18 in function integer::decode_integer

Check 312: integer::decode_integer.pointer_dereference.12
	 - Status: SUCCESS
	 - Description: "dereference failure: invalid integer address"
	 - Location: der-verified/src/integer.rs:74:18 in function integer::decode_integer

Check 313: integer::decode_integer.pointer_dereference.13
	 - Status: SUCCESS
	 - Description: "dereference failure: pointer NULL"
	 - Location: der-verified/src/integer.rs:83:16 in function integer::decode_integer

Check 314: integer::decode_integer.pointer_dereference.14
	 - Status: SUCCESS
	 - Description: "dereference failure: pointer invalid"
	 - Location: der-verified/src/integer.rs:83:16 in function integer::decode_integer

Check 315: integer::decode_integer.pointer_dereference.15
	 - Status: SUCCESS
	 - Description: "dereference failure: deallocated dynamic object"
	 - Location: der-verified/src/integer.rs:83:16 in function integer::decode_integer

Check 316: integer::decode_integer.pointer_dereference.16
	 - Status: SUCCESS
	 - Description: "dereference failure: dead object"
	 - Location: der-verified/src/integer.rs:83:16 in function integer::decode_integer

Check 317: integer::decode_integer.pointer_dereference.17
	 - Status: SUCCESS
	 - Description: "dereference failure: pointer outside object bounds"
	 - Location: der-verified/src/integer.rs:83:16 in function integer::decode_integer

Check 318: integer::decode_integer.pointer_dereference.18
	 - Status: SUCCESS
	 - Description: "dereference failure: invalid integer address"
	 - Location: der-verified/src/integer.rs:83:16 in function integer::decode_integer

Check 319: integer::decode_integer.pointer_dereference.19
	 - Status: SUCCESS
	 - Description: "dereference failure: pointer NULL"
	 - Location: der-verified/src/integer.rs:89:28 in function integer::decode_integer

Check 320: integer::decode_integer.pointer_dereference.20
	 - Status: SUCCESS
	 - Description: "dereference failure: pointer invalid"
	 - Location: der-verified/src/integer.rs:89:28 in function integer::decode_integer

Check 321: integer::decode_integer.pointer_dereference.21
	 - Status: SUCCESS
	 - Description: "dereference failure: deallocated dynamic object"
	 - Location: der-verified/src/integer.rs:89:28 in function integer::decode_integer

Check 322: integer::decode_integer.pointer_dereference.22
	 - Status: SUCCESS
	 - Description: "dereference failure: dead object"
	 - Location: der-verified/src/integer.rs:89:28 in function integer::decode_integer

Check 323: integer::decode_integer.pointer_dereference.23
	 - Status: SUCCESS
	 - Description: "dereference failure: pointer outside object bounds"
	 - Location: der-verified/src/integer.rs:89:28 in function integer::decode_integer

Check 324: integer::decode_integer.pointer_dereference.24
	 - Status: SUCCESS
	 - Description: "dereference failure: invalid integer address"
	 - Location: der-verified/src/integer.rs:89:28 in function integer::decode_integer

Check 325: <std::result::Result<&[u8], sequence::SequenceError> as std::ops::FromResidual<std::result::Result<std::convert::Infallible, sequence::SequenceError>>>::from_residual.pointer_dereference.1
	 - Status: SUCCESS
	 - Description: "dereference failure: dead object"
	 - Location: ../../../runner/.rustup/toolchains/nightly-2025-11-21-x86_64-unknown-linux-gnu/lib/rustlib/src/rust/library/core/src/result.rs:2189:23 in function <std::result::Result<&[u8], sequence::SequenceError> as std::ops::FromResidual<std::result::Result<std::convert::Infallible, sequence::SequenceError>>>::from_residual

Check 326: x509_validity::ValidityError::NotAfter.pointer_dereference.1
	 - Status: SUCCESS
	 - Description: "dereference failure: dead object"
	 - Location: der-verified/src/x509_validity.rs:131:5 in function x509_validity::ValidityError::NotAfter

Check 327: x509_validity::decode_time_tlv.pointer_dereference.1
	 - Status: SUCCESS
	 - Description: "dereference failure: dead object"
	 - Location: der-verified/src/x509_validity.rs:142:23 in function x509_validity::decode_time_tlv

Check 328: x509_validity::decode_time_tlv.pointer_dereference.2
	 - Status: SUCCESS
	 - Description: "dereference failure: dead object"
	 - Location: der-verified/src/x509_validity.rs:144:20 in function x509_validity::decode_time_tlv

Check 329: x509_validity::decode_time_tlv.pointer_dereference.3
	 - Status: SUCCESS
	 - Description: "dereference failure: dead object"
	 - Location: der-verified/src/x509_validity.rs:161:18 in function x509_validity::decode_time_tlv

Check 330: x509_validity::decode_time_tlv.pointer_dereference.4
	 - Status: SUCCESS
	 - Description: "dereference failure: dead object"
	 - Location: der-verified/src/x509_validity.rs:156:28 in function x509_validity::decode_time_tlv

Check 331: x509_validity::decode_time_tlv.pointer_dereference.5
	 - Status: SUCCESS
	 - Description: "dereference failure: dead object"
	 - Location: der-verified/src/x509_validity.rs:158:21 in function x509_validity::decode_time_tlv

Check 332: x509_validity::decode_time_tlv.pointer_dereference.6
	 - Status: SUCCESS
	 - Description: "dereference failure: dead object"
	 - Location: der-verified/src/x509_validity.rs:149:28 in function x509_validity::decode_time_tlv

Check 333: x509_validity::decode_time_tlv.pointer_dereference.7
	 - Status: SUCCESS
	 - Description: "dereference failure: dead object"
	 - Location: der-verified/src/x509_validity.rs:152:17 in function x509_validity::decode_time_tlv

Check 334: <tag::Class as std::cmp::PartialEq>::eq.pointer_dereference.1
	 - Status: SUCCESS
	 - Description: "dereference failure: pointer NULL"
	 - Location: der-verified/src/tag.rs:26:17 in function <tag::Class as std::cmp::PartialEq>::eq

Check 335: <tag::Class as std::cmp::PartialEq>::eq.pointer_dereference.2
	 - Status: SUCCESS
	 - Description: "dereference failure: pointer invalid"
	 - Location: der-verified/src/tag.rs:26:17 in function <tag::Class as std::cmp::PartialEq>::eq

Check 336: <tag::Class as std::cmp::PartialEq>::eq.pointer_dereference.3
	 - Status: SUCCESS
	 - Description: "dereference failure: deallocated dynamic object"
	 - Location: der-verified/src/tag.rs:26:17 in function <tag::Class as std::cmp::PartialEq>::eq

Check 337: <tag::Class as std::cmp::PartialEq>::eq.pointer_dereference.4
	 - Status: SUCCESS
	 - Description: "dereference failure: dead object"
	 - Location: der-verified/src/tag.rs:26:17 in function <tag::Class as std::cmp::PartialEq>::eq

Check 338: <tag::Class as std::cmp::PartialEq>::eq.pointer_dereference.5
	 - Status: SUCCESS
	 - Description: "dereference failure: pointer outside object bounds"
	 - Location: der-verified/src/tag.rs:26:17 in function <tag::Class as std::cmp::PartialEq>::eq

Check 339: <tag::Class as std::cmp::PartialEq>::eq.pointer_dereference.6
	 - Status: SUCCESS
	 - Description: "dereference failure: invalid integer address"
	 - Location: der-verified/src/tag.rs:26:17 in function <tag::Class as std::cmp::PartialEq>::eq

Check 340: <tag::Class as std::cmp::PartialEq>::eq.pointer_dereference.7
	 - Status: SUCCESS
	 - Description: "dereference failure: pointer NULL"
	 - Location: der-verified/src/tag.rs:26:17 in function <tag::Class as std::cmp::PartialEq>::eq

Check 341: <tag::Class as std::cmp::PartialEq>::eq.pointer_dereference.8
	 - Status: SUCCESS
	 - Description: "dereference failure: pointer invalid"
	 - Location: der-verified/src/tag.rs:26:17 in function <tag::Class as std::cmp::PartialEq>::eq

Check 342: <tag::Class as std::cmp::PartialEq>::eq.pointer_dereference.9
	 - Status: SUCCESS
	 - Description: "dereference failure: deallocated dynamic object"
	 - Location: der-verified/src/tag.rs:26:17 in function <tag::Class as std::cmp::PartialEq>::eq

Check 343: <tag::Class as std::cmp::PartialEq>::eq.pointer_dereference.10
	 - Status: SUCCESS
	 - Description: "dereference failure: dead object"
	 - Location: der-verified/src/tag.rs:26:17 in function <tag::Class as std::cmp::PartialEq>::eq

Check 344: <tag::Class as std::cmp::PartialEq>::eq.pointer_dereference.11
	 - Status: SUCCESS
	 - Description: "dereference failure: pointer outside object bounds"
	 - Location: der-verified/src/tag.rs:26:17 in function <tag::Class as std::cmp::PartialEq>::eq

Check 345: <tag::Class as std::cmp::PartialEq>::eq.pointer_dereference.12
	 - Status: SUCCESS
	 - Description: "dereference failure: invalid integer address"
	 - Location: der-verified/src/tag.rs:26:17 in function <tag::Class as std::cmp::PartialEq>::eq

Check 346: std::result::Result::<(), oid::OidError>::map_err::<x509_algorithm_identifier::AlgIdError, fn(oid::OidError) -> x509_algorithm_identifier::AlgIdError {x509_algorithm_identifier::AlgIdError::BadOid}>.pointer_dereference.1
	 - Status: SUCCESS
	 - Description: "dereference failure: dead object"
	 - Location: ../../../runner/.rustup/toolchains/nightly-2025-11-21-x86_64-unknown-linux-gnu/lib/rustlib/src/rust/library/core/src/result.rs:966:15 in function std::result::Result::<(), oid::OidError>::map_err::<x509_algorithm_identifier::AlgIdError, fn(oid::OidError) -> x509_algorithm_identifier::AlgIdError {x509_algorithm_identifier::AlgIdError::BadOid}>

Check 347: std::result::Result::<(), oid::OidError>::map_err::<x509_algorithm_identifier::AlgIdError, fn(oid::OidError) -> x509_algorithm_identifier::AlgIdError {x509_algorithm_identifier::AlgIdError::BadOid}>.pointer_dereference.2
	 - Status: SUCCESS
	 - Description: "dereference failure: dead object"
	 - Location: ../../../runner/.rustup/toolchains/nightly-2025-11-21-x86_64-unknown-linux-gnu/lib/rustlib/src/rust/library/core/src/result.rs:967:22 in function std::result::Result::<(), oid::OidError>::map_err::<x509_algorithm_identifier::AlgIdError, fn(oid::OidError) -> x509_algorithm_identifier::AlgIdError {x509_algorithm_identifier::AlgIdError::BadOid}>

Check 348: <std::result::Result<(&[u8], usize), x509_algorithm_identifier::AlgIdError> as std::ops::Try>::branch.pointer_dereference.1
	 - Status: SUCCESS
	 - Description: "dereference failure: dead object"
	 - Location: ../../../runner/.rustup/toolchains/nightly-2025-11-21-x86_64-unknown-linux-gnu/lib/rustlib/src/rust/library/core/src/result.rs:2173:15 in function <std::result::Result<(&[u8], usize), x509_algorithm_identifier::AlgIdError> as std::ops::Try>::branch

Check 349: <std::result::Result<(&[u8], usize), x509_algorithm_identifier::AlgIdError> as std::ops::Try>::branch.pointer_dereference.2
	 - Status: SUCCESS
	 - Description: "dereference failure: dead object"
	 - Location: ../../../runner/.rustup/toolchains/nightly-2025-11-21-x86_64-unknown-linux-gnu/lib/rustlib/src/rust/library/core/src/result.rs:2175:23 in function <std::result::Result<(&[u8], usize), x509_algorithm_identifier::AlgIdError> as std::ops::Try>::branch

Check 350: <std::result::Result<(tlv::Tlv<'_>, usize), sequence::SequenceError> as std::ops::Try>::branch.pointer_dereference.1
	 - Status: SUCCESS
	 - Description: "dereference failure: dead object"
	 - Location: ../../../runner/.rustup/toolchains/nightly-2025-11-21-x86_64-unknown-linux-gnu/lib/rustlib/src/rust/library/core/src/result.rs:2173:15 in function <std::result::Result<(tlv::Tlv<'_>, usize), sequence::SequenceError> as std::ops::Try>::branch

Check 351: <std::result::Result<(tlv::Tlv<'_>, usize), sequence::SequenceError> as std::ops::Try>::branch.pointer_dereference.2
	 - Status: SUCCESS
	 - Description: "dereference failure: dead object"
	 - Location: ../../../runner/.rustup/toolchains/nightly-2025-11-21-x86_64-unknown-linux-gnu/lib/rustlib/src/rust/library/core/src/result.rs:2175:23 in function <std::result::Result<(tlv::Tlv<'_>, usize), sequence::SequenceError> as std::ops::Try>::branch

Check 352: std::result::Result::<x509_tbs_certificate::TbsCertificate<'_>, x509_tbs_certificate::TbsCertificateError>::is_ok.pointer_dereference.1
	 - Status: SUCCESS
	 - Description: "dereference failure: pointer NULL"
	 - Location: ../../../runner/.rustup/toolchains/nightly-2025-11-21-x86_64-unknown-linux-gnu/lib/rustlib/src/rust/library/core/src/result.rs:594:18 in function std::result::Result::<x509_tbs_certificate::TbsCertificate<'_>, x509_tbs_certificate::TbsCertificateError>::is_ok

Check 353: std::result::Result::<x509_tbs_certificate::TbsCertificate<'_>, x509_tbs_certificate::TbsCertificateError>::is_ok.pointer_dereference.2
	 - Status: SUCCESS
	 - Description: "dereference failure: pointer invalid"
	 - Location: ../../../runner/.rustup/toolchains/nightly-2025-11-21-x86_64-unknown-linux-gnu/lib/rustlib/src/rust/library/core/src/result.rs:594:18 in function std::result::Result::<x509_tbs_certificate::TbsCertificate<'_>, x509_tbs_certificate::TbsCertificateError>::is_ok

Check 354: std::result::Result::<x509_tbs_certificate::TbsCertificate<'_>, x509_tbs_certificate::TbsCertificateError>::is_ok.pointer_dereference.3
	 - Status: SUCCESS
	 - Description: "dereference failure: deallocated dynamic object"
	 - Location: ../../../runner/.rustup/toolchains/nightly-2025-11-21-x86_64-unknown-linux-gnu/lib/rustlib/src/rust/library/core/src/result.rs:594:18 in function std::result::Result::<x509_tbs_certificate::TbsCertificate<'_>, x509_tbs_certificate::TbsCertificateError>::is_ok

Check 355: std::result::Result::<x509_tbs_certificate::TbsCertificate<'_>, x509_tbs_certificate::TbsCertificateError>::is_ok.pointer_dereference.4
	 - Status: SUCCESS
	 - Description: "dereference failure: dead object"
	 - Location: ../../../runner/.rustup/toolchains/nightly-2025-11-21-x86_64-unknown-linux-gnu/lib/rustlib/src/rust/library/core/src/result.rs:594:18 in function std::result::Result::<x509_tbs_certificate::TbsCertificate<'_>, x509_tbs_certificate::TbsCertificateError>::is_ok

Check 356: std::result::Result::<x509_tbs_certificate::TbsCertificate<'_>, x509_tbs_certificate::TbsCertificateError>::is_ok.pointer_dereference.5
	 - Status: SUCCESS
	 - Description: "dereference failure: pointer outside object bounds"
	 - Location: ../../../runner/.rustup/toolchains/nightly-2025-11-21-x86_64-unknown-linux-gnu/lib/rustlib/src/rust/library/core/src/result.rs:594:18 in function std::result::Result::<x509_tbs_certificate::TbsCertificate<'_>, x509_tbs_certificate::TbsCertificateError>::is_ok

Check 357: std::result::Result::<x509_tbs_certificate::TbsCertificate<'_>, x509_tbs_certificate::TbsCertificateError>::is_ok.pointer_dereference.6
	 - Status: SUCCESS
	 - Description: "dereference failure: invalid integer address"
	 - Location: ../../../runner/.rustup/toolchains/nightly-2025-11-21-x86_64-unknown-linux-gnu/lib/rustlib/src/rust/library/core/src/result.rs:594:18 in function std::result::Result::<x509_tbs_certificate::TbsCertificate<'_>, x509_tbs_certificate::TbsCertificateError>::is_ok

Check 358: <std::result::Result<&[u8], x509_tbs_certificate::TbsCertificateError> as std::ops::Try>::branch.pointer_dereference.1
	 - Status: SUCCESS
	 - Description: "dereference failure: dead object"
	 - Location: ../../../runner/.rustup/toolchains/nightly-2025-11-21-x86_64-unknown-linux-gnu/lib/rustlib/src/rust/library/core/src/result.rs:2173:15 in function <std::result::Result<&[u8], x509_tbs_certificate::TbsCertificateError> as std::ops::Try>::branch

Check 359: <std::result::Result<&[u8], x509_tbs_certificate::TbsCertificateError> as std::ops::Try>::branch.pointer_dereference.2
	 - Status: SUCCESS
	 - Description: "dereference failure: dead object"
	 - Location: ../../../runner/.rustup/toolchains/nightly-2025-11-21-x86_64-unknown-linux-gnu/lib/rustlib/src/rust/library/core/src/result.rs:2174:22 in function <std::result::Result<&[u8], x509_tbs_certificate::TbsCertificateError> as std::ops::Try>::branch

Check 360: std::result::Result::<(), big_integer::BigIntError>::map_err::<x509_tbs_certificate::TbsCertificateError, fn(big_integer::BigIntError) -> x509_tbs_certificate::TbsCertificateError {x509_tbs_certificate::TbsCertificateError::BadSerial}>.pointer_dereference.1
	 - Status: SUCCESS
	 - Description: "dereference failure: dead object"
	 - Location: ../../../runner/.rustup/toolchains/nightly-2025-11-21-x86_64-unknown-linux-gnu/lib/rustlib/src/rust/library/core/src/result.rs:966:15 in function std::result::Result::<(), big_integer::BigIntError>::map_err::<x509_tbs_certificate::TbsCertificateError, fn(big_integer::BigIntError) -> x509_tbs_certificate::TbsCertificateError {x509_tbs_certificate::TbsCertificateError::BadSerial}>

Check 361: std::result::Result::<(), big_integer::BigIntError>::map_err::<x509_tbs_certificate::TbsCertificateError, fn(big_integer::BigIntError) -> x509_tbs_certificate::TbsCertificateError {x509_tbs_certificate::TbsCertificateError::BadSerial}>.pointer_dereference.2
	 - Status: SUCCESS
	 - Description: "dereference failure: dead object"
	 - Location: ../../../runner/.rustup/toolchains/nightly-2025-11-21-x86_64-unknown-linux-gnu/lib/rustlib/src/rust/library/core/src/result.rs:967:22 in function std::result::Result::<(), big_integer::BigIntError>::map_err::<x509_tbs_certificate::TbsCertificateError, fn(big_integer::BigIntError) -> x509_tbs_certificate::TbsCertificateError {x509_tbs_certificate::TbsCertificateError::BadSerial}>

Check 362: <std::result::Result<&[u8], x509_validity::ValidityError> as std::ops::Try>::branch.pointer_dereference.1
	 - Status: SUCCESS
	 - Description: "dereference failure: dead object"
	 - Location: ../../../runner/.rustup/toolchains/nightly-2025-11-21-x86_64-unknown-linux-gnu/lib/rustlib/src/rust/library/core/src/result.rs:2173:15 in function <std::result::Result<&[u8], x509_validity::ValidityError> as std::ops::Try>::branch

Check 363: <std::result::Result<&[u8], x509_validity::ValidityError> as std::ops::Try>::branch.pointer_dereference.2
	 - Status: SUCCESS
	 - Description: "dereference failure: dead object"
	 - Location: ../../../runner/.rustup/toolchains/nightly-2025-11-21-x86_64-unknown-linux-gnu/lib/rustlib/src/rust/library/core/src/result.rs:2175:23 in function <std::result::Result<&[u8], x509_validity::ValidityError> as std::ops::Try>::branch

Check 364: <std::result::Result<(&[u8], usize), sequence::SequenceError> as std::ops::FromResidual<std::result::Result<std::convert::Infallible, sequence::SequenceError>>>::from_residual.pointer_dereference.1
	 - Status: SUCCESS
	 - Description: "dereference failure: dead object"
	 - Location: ../../../runner/.rustup/toolchains/nightly-2025-11-21-x86_64-unknown-linux-gnu/lib/rustlib/src/rust/library/core/src/result.rs:2189:23 in function <std::result::Result<(&[u8], usize), sequence::SequenceError> as std::ops::FromResidual<std::result::Result<std::convert::Infallible, sequence::SequenceError>>>::from_residual

Check 365: std::result::Result::<(tlv::Tlv<'_>, usize), tlv::TlvError>::map_err::<x509_tbs_certificate::TbsCertificateError, fn(tlv::TlvError) -> x509_tbs_certificate::TbsCertificateError {x509_tbs_certificate::TbsCertificateError::BadSubjectTlv}>.pointer_dereference.1
	 - Status: SUCCESS
	 - Description: "dereference failure: dead object"
	 - Location: ../../../runner/.rustup/toolchains/nightly-2025-11-21-x86_64-unknown-linux-gnu/lib/rustlib/src/rust/library/core/src/result.rs:966:15 in function std::result::Result::<(tlv::Tlv<'_>, usize), tlv::TlvError>::map_err::<x509_tbs_certificate::TbsCertificateError, fn(tlv::TlvError) -> x509_tbs_certificate::TbsCertificateError {x509_tbs_certificate::TbsCertificateError::BadSubjectTlv}>

Check 366: core::num::<impl u8>::is_ascii_digit.pointer_dereference.1
	 - Status: SUCCESS
	 - Description: "dereference failure: pointer NULL"
	 - Location: ../../../runner/.rustup/toolchains/nightly-2025-11-21-x86_64-unknown-linux-gnu/lib/rustlib/src/rust/library/core/src/num/mod.rs:818:25 in function core::num::<impl u8>::is_ascii_digit

Check 367: core::num::<impl u8>::is_ascii_digit.pointer_dereference.2
	 - Status: SUCCESS
	 - Description: "dereference failure: pointer invalid"
	 - Location: ../../../runner/.rustup/toolchains/nightly-2025-11-21-x86_64-unknown-linux-gnu/lib/rustlib/src/rust/library/core/src/num/mod.rs:818:25 in function core::num::<impl u8>::is_ascii_digit

Check 368: core::num::<impl u8>::is_ascii_digit.pointer_dereference.3
	 - Status: SUCCESS
	 - Description: "dereference failure: deallocated dynamic object"
	 - Location: ../../../runner/.rustup/toolchains/nightly-2025-11-21-x86_64-unknown-linux-gnu/lib/rustlib/src/rust/library/core/src/num/mod.rs:818:25 in function core::num::<impl u8>::is_ascii_digit

Check 369: core::num::<impl u8>::is_ascii_digit.pointer_dereference.4
	 - Status: SUCCESS
	 - Description: "dereference failure: dead object"
	 - Location: ../../../runner/.rustup/toolchains/nightly-2025-11-21-x86_64-unknown-linux-gnu/lib/rustlib/src/rust/library/core/src/num/mod.rs:818:25 in function core::num::<impl u8>::is_ascii_digit

Check 370: core::num::<impl u8>::is_ascii_digit.pointer_dereference.5
	 - Status: SUCCESS
	 - Description: "dereference failure: pointer outside object bounds"
	 - Location: ../../../runner/.rustup/toolchains/nightly-2025-11-21-x86_64-unknown-linux-gnu/lib/rustlib/src/rust/library/core/src/num/mod.rs:818:25 in function core::num::<impl u8>::is_ascii_digit

Check 371: core::num::<impl u8>::is_ascii_digit.pointer_dereference.6
	 - Status: SUCCESS
	 - Description: "dereference failure: invalid integer address"
	 - Location: ../../../runner/.rustup/toolchains/nightly-2025-11-21-x86_64-unknown-linux-gnu/lib/rustlib/src/rust/library/core/src/num/mod.rs:818:25 in function core::num::<impl u8>::is_ascii_digit

Check 372: core::num::<impl u8>::is_ascii_digit.pointer_dereference.7
	 - Status: SUCCESS
	 - Description: "dereference failure: pointer NULL"
	 - Location: ../../../runner/.rustup/toolchains/nightly-2025-11-21-x86_64-unknown-linux-gnu/lib/rustlib/src/rust/library/core/src/num/mod.rs:818:25 in function core::num::<impl u8>::is_ascii_digit

Check 373: core::num::<impl u8>::is_ascii_digit.pointer_dereference.8
	 - Status: SUCCESS
	 - Description: "dereference failure: pointer invalid"
	 - Location: ../../../runner/.rustup/toolchains/nightly-2025-11-21-x86_64-unknown-linux-gnu/lib/rustlib/src/rust/library/core/src/num/mod.rs:818:25 in function core::num::<impl u8>::is_ascii_digit

Check 374: core::num::<impl u8>::is_ascii_digit.pointer_dereference.9
	 - Status: SUCCESS
	 - Description: "dereference failure: deallocated dynamic object"
	 - Location: ../../../runner/.rustup/toolchains/nightly-2025-11-21-x86_64-unknown-linux-gnu/lib/rustlib/src/rust/library/core/src/num/mod.rs:818:25 in function core::num::<impl u8>::is_ascii_digit

Check 375: core::num::<impl u8>::is_ascii_digit.pointer_dereference.10
	 - Status: SUCCESS
	 - Description: "dereference failure: dead object"
	 - Location: ../../../runner/.rustup/toolchains/nightly-2025-11-21-x86_64-unknown-linux-gnu/lib/rustlib/src/rust/library/core/src/num/mod.rs:818:25 in function core::num::<impl u8>::is_ascii_digit

Check 376: core::num::<impl u8>::is_ascii_digit.pointer_dereference.11
	 - Status: SUCCESS
	 - Description: "dereference failure: pointer outside object bounds"
	 - Location: ../../../runner/.rustup/toolchains/nightly-2025-11-21-x86_64-unknown-linux-gnu/lib/rustlib/src/rust/library/core/src/num/mod.rs:818:25 in function core::num::<impl u8>::is_ascii_digit

Check 377: core::num::<impl u8>::is_ascii_digit.pointer_dereference.12
	 - Status: SUCCESS
	 - Description: "dereference failure: invalid integer address"
	 - Location: ../../../runner/.rustup/toolchains/nightly-2025-11-21-x86_64-unknown-linux-gnu/lib/rustlib/src/rust/library/core/src/num/mod.rs:818:25 in function core::num::<impl u8>::is_ascii_digit

Check 378: <std::result::Result<(bit_string::BitString<'_>, usize), x509_spki::SpkiError> as std::ops::FromResidual<std::result::Result<std::convert::Infallible, x509_spki::SpkiError>>>::from_residual.pointer_dereference.1
	 - Status: SUCCESS
	 - Description: "dereference failure: dead object"
	 - Location: ../../../runner/.rustup/toolchains/nightly-2025-11-21-x86_64-unknown-linux-gnu/lib/rustlib/src/rust/library/core/src/result.rs:2189:23 in function <std::result::Result<(bit_string::BitString<'_>, usize), x509_spki::SpkiError> as std::ops::FromResidual<std::result::Result<std::convert::Infallible, x509_spki::SpkiError>>>::from_residual

Check 379: <usize as std::slice::SliceIndex<[u8]>>::get.pointer_dereference.1
	 - Status: SUCCESS
	 - Description: "dereference failure: dead object"
	 - Location: ../../../runner/.rustup/toolchains/nightly-2025-11-21-x86_64-unknown-linux-gnu/lib/rustlib/src/rust/library/core/src/slice/index.rs:223:13 in function <usize as std::slice::SliceIndex<[u8]>>::get

Check 380: <std::result::Result<(), x509_algorithm_identifier::AlgIdError> as std::ops::Try>::branch.pointer_dereference.1
	 - Status: SUCCESS
	 - Description: "dereference failure: dead object"
	 - Location: ../../../runner/.rustup/toolchains/nightly-2025-11-21-x86_64-unknown-linux-gnu/lib/rustlib/src/rust/library/core/src/result.rs:2173:15 in function <std::result::Result<(), x509_algorithm_identifier::AlgIdError> as std::ops::Try>::branch

Check 381: <std::result::Result<(), x509_algorithm_identifier::AlgIdError> as std::ops::Try>::branch.pointer_dereference.2
	 - Status: SUCCESS
	 - Description: "dereference failure: dead object"
	 - Location: ../../../runner/.rustup/toolchains/nightly-2025-11-21-x86_64-unknown-linux-gnu/lib/rustlib/src/rust/library/core/src/result.rs:2174:22 in function <std::result::Result<(), x509_algorithm_identifier::AlgIdError> as std::ops::Try>::branch

Check 382: <std::result::Result<(bit_string::BitString<'_>, usize), x509_spki::SpkiError> as std::ops::Try>::branch.pointer_dereference.1
	 - Status: SUCCESS
	 - Description: "dereference failure: dead object"
	 - Location: ../../../runner/.rustup/toolchains/nightly-2025-11-21-x86_64-unknown-linux-gnu/lib/rustlib/src/rust/library/core/src/result.rs:2173:15 in function <std::result::Result<(bit_string::BitString<'_>, usize), x509_spki::SpkiError> as std::ops::Try>::branch

Check 383: <std::result::Result<(bit_string::BitString<'_>, usize), x509_spki::SpkiError> as std::ops::Try>::branch.pointer_dereference.2
	 - Status: SUCCESS
	 - Description: "dereference failure: dead object"
	 - Location: ../../../runner/.rustup/toolchains/nightly-2025-11-21-x86_64-unknown-linux-gnu/lib/rustlib/src/rust/library/core/src/result.rs:2175:23 in function <std::result::Result<(bit_string::BitString<'_>, usize), x509_spki::SpkiError> as std::ops::Try>::branch

Check 384: <std::result::Result<(tlv::Tlv<'_>, usize), context_tag::ContextTagError> as std::ops::Try>::branch.pointer_dereference.1
	 - Status: SUCCESS
	 - Description: "dereference failure: dead object"
	 - Location: ../../../runner/.rustup/toolchains/nightly-2025-11-21-x86_64-unknown-linux-gnu/lib/rustlib/src/rust/library/core/src/result.rs:2173:15 in function <std::result::Result<(tlv::Tlv<'_>, usize), context_tag::ContextTagError> as std::ops::Try>::branch

Check 385: <std::result::Result<(tlv::Tlv<'_>, usize), context_tag::ContextTagError> as std::ops::Try>::branch.pointer_dereference.2
	 - Status: SUCCESS
	 - Description: "dereference failure: dead object"
	 - Location: ../../../runner/.rustup/toolchains/nightly-2025-11-21-x86_64-unknown-linux-gnu/lib/rustlib/src/rust/library/core/src/result.rs:2175:23 in function <std::result::Result<(tlv::Tlv<'_>, usize), context_tag::ContextTagError> as std::ops::Try>::branch

Check 386: std::result::Result::<(tlv::Tlv<'_>, usize), tlv::TlvError>::map_err::<x509_validity::TimeError, fn(tlv::TlvError) -> x509_validity::TimeError {x509_validity::TimeError::BadTlv}>.pointer_dereference.1
	 - Status: SUCCESS
	 - Description: "dereference failure: dead object"
	 - Location: ../../../runner/.rustup/toolchains/nightly-2025-11-21-x86_64-unknown-linux-gnu/lib/rustlib/src/rust/library/core/src/result.rs:966:15 in function std::result::Result::<(tlv::Tlv<'_>, usize), tlv::TlvError>::map_err::<x509_validity::TimeError, fn(tlv::TlvError) -> x509_validity::TimeError {x509_validity::TimeError::BadTlv}>

Check 387: std::result::Result::<(tlv::Tlv<'_>, usize), tlv::TlvError>::map_err::<x509_validity::TimeError, fn(tlv::TlvError) -> x509_validity::TimeError {x509_validity::TimeError::BadTlv}>.pointer_dereference.2
	 - Status: SUCCESS
	 - Description: "dereference failure: dead object"
	 - Location: ../../../runner/.rustup/toolchains/nightly-2025-11-21-x86_64-unknown-linux-gnu/lib/rustlib/src/rust/library/core/src/result.rs:968:23 in function std::result::Result::<(tlv::Tlv<'_>, usize), tlv::TlvError>::map_err::<x509_validity::TimeError, fn(tlv::TlvError) -> x509_validity::TimeError {x509_validity::TimeError::BadTlv}>

Check 388: std::result::Result::<(tlv::Tlv<'_>, usize), tlv::TlvError>::map_err::<x509_tbs_certificate::TbsCertificateError, fn(tlv::TlvError) -> x509_tbs_certificate::TbsCertificateError {x509_tbs_certificate::TbsCertificateError::BadSpkiTlv}>.pointer_dereference.1
	 - Status: SUCCESS
	 - Description: "dereference failure: dead object"
	 - Location: ../../../runner/.rustup/toolchains/nightly-2025-11-21-x86_64-unknown-linux-gnu/lib/rustlib/src/rust/library/core/src/result.rs:966:15 in function std::result::Result::<(tlv::Tlv<'_>, usize), tlv::TlvError>::map_err::<x509_tbs_certificate::TbsCertificateError, fn(tlv::TlvError) -> x509_tbs_certificate::TbsCertificateError {x509_tbs_certificate::TbsCertificateError::BadSpkiTlv}>

Check 389: x509_tbs_certificate::parse_tbs_certificate.pointer_dereference.1
	 - Status: SUCCESS
	 - Description: "dereference failure: dead object"
	 - Location: der-verified/src/x509_tbs_certificate.rs:296:19 in function x509_tbs_certificate::parse_tbs_certificate

Check 390: x509_tbs_certificate::parse_tbs_certificate.pointer_dereference.2
	 - Status: SUCCESS
	 - Description: "dereference failure: dead object"
	 - Location: der-verified/src/x509_tbs_certificate.rs:302:11 in function x509_tbs_certificate::parse_tbs_certificate

Check 391: x509_tbs_certificate::parse_tbs_certificate.pointer_dereference.3
	 - Status: SUCCESS
	 - Description: "dereference failure: pointer NULL"
	 - Location: der-verified/src/x509_tbs_certificate.rs:303:70 in function x509_tbs_certificate::parse_tbs_certificate

Check 392: x509_tbs_certificate::parse_tbs_certificate.pointer_dereference.4
	 - Status: SUCCESS
	 - Description: "dereference failure: pointer invalid"
	 - Location: der-verified/src/x509_tbs_certificate.rs:303:70 in function x509_tbs_certificate::parse_tbs_certificate

Check 393: x509_tbs_certificate::parse_tbs_certificate.pointer_dereference.5
	 - Status: SUCCESS
	 - Description: "dereference failure: deallocated dynamic object"
	 - Location: der-verified/src/x509_tbs_certificate.rs:303:70 in function x509_tbs_certificate::parse_tbs_certificate

Check 394: x509_tbs_certificate::parse_tbs_certificate.pointer_dereference.6
	 - Status: SUCCESS
	 - Description: "dereference failure: dead object"
	 - Location: der-verified/src/x509_tbs_certificate.rs:303:70 in function x509_tbs_certificate::parse_tbs_certificate

Check 395: x509_tbs_certificate::parse_tbs_certificate.pointer_dereference.7
	 - Status: SUCCESS
	 - Description: "dereference failure: pointer outside object bounds"
	 - Location: der-verified/src/x509_tbs_certificate.rs:303:70 in function x509_tbs_certificate::parse_tbs_certificate

Check 396: x509_tbs_certificate::parse_tbs_certificate.pointer_dereference.8
	 - Status: SUCCESS
	 - Description: "dereference failure: invalid integer address"
	 - Location: der-verified/src/x509_tbs_certificate.rs:303:70 in function x509_tbs_certificate::parse_tbs_certificate

Check 397: x509_tbs_certificate::parse_tbs_certificate.pointer_dereference.9
	 - Status: SUCCESS
	 - Description: "dereference failure: dead object"
	 - Location: der-verified/src/x509_tbs_certificate.rs:310:24 in function x509_tbs_certificate::parse_tbs_certificate

Check 398: x509_tbs_certificate::parse_tbs_certificate.pointer_dereference.10
	 - Status: SUCCESS
	 - Description: "dereference failure: dead object"
	 - Location: der-verified/src/x509_tbs_certificate.rs:313:24 in function x509_tbs_certificate::parse_tbs_certificate

Check 399: x509_tbs_certificate::parse_tbs_certificate.pointer_dereference.11
	 - Status: SUCCESS
	 - Description: "dereference failure: dead object"
	 - Location: der-verified/src/x509_tbs_certificate.rs:316:24 in function x509_tbs_certificate::parse_tbs_certificate

Check 400: x509_tbs_certificate::parse_tbs_certificate.pointer_dereference.12
	 - Status: SUCCESS
	 - Description: "dereference failure: dead object"
	 - Location: der-verified/src/x509_tbs_certificate.rs:318:21 in function x509_tbs_certificate::parse_tbs_certificate

Check 401: x509_tbs_certificate::parse_tbs_certificate.pointer_dereference.13
	 - Status: SUCCESS
	 - Description: "dereference failure: dead object"
	 - Location: der-verified/src/x509_tbs_certificate.rs:324:24 in function x509_tbs_certificate::parse_tbs_certificate

Check 402: x509_tbs_certificate::parse_tbs_certificate.pointer_dereference.14
	 - Status: SUCCESS
	 - Description: "dereference failure: dead object"
	 - Location: der-verified/src/x509_tbs_certificate.rs:321:24 in function x509_tbs_certificate::parse_tbs_certificate

Check 403: x509_tbs_certificate::parse_tbs_certificate.pointer_dereference.15
	 - Status: SUCCESS
	 - Description: "dereference failure: dead object"
	 - Location: der-verified/src/x509_tbs_certificate.rs:339:16 in function x509_tbs_certificate::parse_tbs_certificate

Check 404: x509_tbs_certificate::parse_tbs_certificate.pointer_dereference.16
	 - Status: SUCCESS
	 - Description: "dereference failure: dead object"
	 - Location: der-verified/src/x509_tbs_certificate.rs:347:16 in function x509_tbs_certificate::parse_tbs_certificate

Check 405: x509_tbs_certificate::parse_tbs_certificate.pointer_dereference.17
	 - Status: SUCCESS
	 - Description: "dereference failure: dead object"
	 - Location: der-verified/src/x509_tbs_certificate.rs:349:5 in function x509_tbs_certificate::parse_tbs_certificate

Check 406: x509_tbs_certificate::parse_tbs_certificate.pointer_dereference.18
	 - Status: SUCCESS
	 - Description: "dereference failure: dead object"
	 - Location: der-verified/src/x509_tbs_certificate.rs:355:16 in function x509_tbs_certificate::parse_tbs_certificate

Check 407: x509_tbs_certificate::parse_tbs_certificate.pointer_dereference.19
	 - Status: SUCCESS
	 - Description: "dereference failure: dead object"
	 - Location: der-verified/src/x509_tbs_certificate.rs:358:9 in function x509_tbs_certificate::parse_tbs_certificate

Check 408: x509_tbs_certificate::parse_tbs_certificate.pointer_dereference.20
	 - Status: SUCCESS
	 - Description: "dereference failure: dead object"
	 - Location: der-verified/src/x509_tbs_certificate.rs:363:16 in function x509_tbs_certificate::parse_tbs_certificate

Check 409: x509_tbs_certificate::parse_tbs_certificate.pointer_dereference.21
	 - Status: SUCCESS
	 - Description: "dereference failure: dead object"
	 - Location: der-verified/src/x509_tbs_certificate.rs:368:5 in function x509_tbs_certificate::parse_tbs_certificate

Check 410: x509_tbs_certificate::parse_tbs_certificate.pointer_dereference.22
	 - Status: SUCCESS
	 - Description: "dereference failure: dead object"
	 - Location: der-verified/src/x509_tbs_certificate.rs:373:16 in function x509_tbs_certificate::parse_tbs_certificate

Check 411: x509_tbs_certificate::parse_tbs_certificate.pointer_dereference.23
	 - Status: SUCCESS
	 - Description: "dereference failure: dead object"
	 - Location: der-verified/src/x509_tbs_certificate.rs:383:16 in function x509_tbs_certificate::parse_tbs_certificate

Check 412: x509_tbs_certificate::parse_tbs_certificate.pointer_dereference.24
	 - Status: SUCCESS
	 - Description: "dereference failure: dead object"
	 - Location: der-verified/src/x509_tbs_certificate.rs:388:5 in function x509_tbs_certificate::parse_tbs_certificate

Check 413: x509_tbs_certificate::parse_tbs_certificate.pointer_dereference.25
	 - Status: SUCCESS
	 - Description: "dereference failure: dead object"
	 - Location: der-verified/src/x509_tbs_certificate.rs:393:16 in function x509_tbs_certificate::parse_tbs_certificate

Check 414: x509_tbs_certificate::parse_tbs_certificate.pointer_dereference.26
	 - Status: SUCCESS
	 - Description: "dereference failure: dead object"
	 - Location: der-verified/src/x509_tbs_certificate.rs:399:9 in function x509_tbs_certificate::parse_tbs_certificate

Check 415: x509_tbs_certificate::parse_tbs_certificate.pointer_dereference.27
	 - Status: SUCCESS
	 - Description: "dereference failure: dead object"
	 - Location: der-verified/src/x509_tbs_certificate.rs:406:32 in function x509_tbs_certificate::parse_tbs_certificate

Check 416: x509_tbs_certificate::parse_tbs_certificate.pointer_dereference.28
	 - Status: SUCCESS
	 - Description: "dereference failure: dead object"
	 - Location: der-verified/src/x509_tbs_certificate.rs:409:24 in function x509_tbs_certificate::parse_tbs_certificate

Check 417: x509_tbs_certificate::parse_tbs_certificate.pointer_dereference.29
	 - Status: SUCCESS
	 - Description: "dereference failure: dead object"
	 - Location: der-verified/src/x509_tbs_certificate.rs:415:26 in function x509_tbs_certificate::parse_tbs_certificate

Check 418: x509_tbs_certificate::parse_tbs_certificate.pointer_dereference.30
	 - Status: SUCCESS
	 - Description: "dereference failure: dead object"
	 - Location: der-verified/src/x509_tbs_certificate.rs:417:32 in function x509_tbs_certificate::parse_tbs_certificate

Check 419: x509_tbs_certificate::parse_tbs_certificate.pointer_dereference.31
	 - Status: SUCCESS
	 - Description: "dereference failure: dead object"
	 - Location: der-verified/src/x509_tbs_certificate.rs:421:17 in function x509_tbs_certificate::parse_tbs_certificate

Check 420: x509_tbs_certificate::parse_tbs_certificate.pointer_dereference.32
	 - Status: SUCCESS
	 - Description: "dereference failure: dead object"
	 - Location: der-verified/src/x509_tbs_certificate.rs:431:16 in function x509_tbs_certificate::parse_tbs_certificate

Check 421: <std::result::Result<(&[u8], usize), context_tag::ContextTagError> as std::ops::FromResidual<std::result::Result<std::convert::Infallible, context_tag::ContextTagError>>>::from_residual.pointer_dereference.1
	 - Status: SUCCESS
	 - Description: "dereference failure: dead object"
	 - Location: ../../../runner/.rustup/toolchains/nightly-2025-11-21-x86_64-unknown-linux-gnu/lib/rustlib/src/rust/library/core/src/result.rs:2189:23 in function <std::result::Result<(&[u8], usize), context_tag::ContextTagError> as std::ops::FromResidual<std::result::Result<std::convert::Infallible, context_tag::ContextTagError>>>::from_residual

Check 422: std::result::Result::<(tag::Tag, usize), tag::TagError>::map_err::<tlv::TlvError, {closure@der-verified/src/tlv.rs:71:51: 71:54}>.pointer_dereference.1
	 - Status: SUCCESS
	 - Description: "dereference failure: dead object"
	 - Location: ../../../runner/.rustup/toolchains/nightly-2025-11-21-x86_64-unknown-linux-gnu/lib/rustlib/src/rust/library/core/src/result.rs:966:15 in function std::result::Result::<(tag::Tag, usize), tag::TagError>::map_err::<tlv::TlvError, {closure@der-verified/src/tlv.rs:71:51: 71:54}>

Check 423: std::result::Result::<(tag::Tag, usize), tag::TagError>::map_err::<tlv::TlvError, {closure@der-verified/src/tlv.rs:71:51: 71:54}>.pointer_dereference.2
	 - Status: SUCCESS
	 - Description: "dereference failure: dead object"
	 - Location: ../../../runner/.rustup/toolchains/nightly-2025-11-21-x86_64-unknown-linux-gnu/lib/rustlib/src/rust/library/core/src/result.rs:968:23 in function std::result::Result::<(tag::Tag, usize), tag::TagError>::map_err::<tlv::TlvError, {closure@der-verified/src/tlv.rs:71:51: 71:54}>

Check 424: <std::result::Result<bit_string::BitString<'_>, x509_spki::SpkiError> as std::ops::Try>::branch.pointer_dereference.1
	 - Status: SUCCESS
	 - Description: "dereference failure: dead object"
	 - Location: ../../../runner/.rustup/toolchains/nightly-2025-11-21-x86_64-unknown-linux-gnu/lib/rustlib/src/rust/library/core/src/result.rs:2173:15 in function <std::result::Result<bit_string::BitString<'_>, x509_spki::SpkiError> as std::ops::Try>::branch

Check 425: <std::result::Result<bit_string::BitString<'_>, x509_spki::SpkiError> as std::ops::Try>::branch.pointer_dereference.2
	 - Status: SUCCESS
	 - Description: "dereference failure: dead object"
	 - Location: ../../../runner/.rustup/toolchains/nightly-2025-11-21-x86_64-unknown-linux-gnu/lib/rustlib/src/rust/library/core/src/result.rs:2175:23 in function <std::result::Result<bit_string::BitString<'_>, x509_spki::SpkiError> as std::ops::Try>::branch

Check 426: <std::result::Result<&[u8], x509_spki::SpkiError> as std::ops::Try>::branch.pointer_dereference.1
	 - Status: SUCCESS
	 - Description: "dereference failure: dead object"
	 - Location: ../../../runner/.rustup/toolchains/nightly-2025-11-21-x86_64-unknown-linux-gnu/lib/rustlib/src/rust/library/core/src/result.rs:2173:15 in function <std::result::Result<&[u8], x509_spki::SpkiError> as std::ops::Try>::branch

Check 427: <std::result::Result<&[u8], x509_spki::SpkiError> as std::ops::Try>::branch.pointer_dereference.2
	 - Status: SUCCESS
	 - Description: "dereference failure: dead object"
	 - Location: ../../../runner/.rustup/toolchains/nightly-2025-11-21-x86_64-unknown-linux-gnu/lib/rustlib/src/rust/library/core/src/result.rs:2175:23 in function <std::result::Result<&[u8], x509_spki::SpkiError> as std::ops::Try>::branch

Check 428: std::result::Result::<(x509_algorithm_identifier::AlgorithmIdentifier<'_>, usize), x509_algorithm_identifier::AlgIdError>::map_err::<x509_spki::SpkiError, fn(x509_algorithm_identifier::AlgIdError) -> x509_spki::SpkiError {x509_spki::map_algid_error}>.pointer_dereference.1
	 - Status: SUCCESS
	 - Description: "dereference failure: dead object"
	 - Location: ../../../runner/.rustup/toolchains/nightly-2025-11-21-x86_64-unknown-linux-gnu/lib/rustlib/src/rust/library/core/src/result.rs:966:15 in function std::result::Result::<(x509_algorithm_identifier::AlgorithmIdentifier<'_>, usize), x509_algorithm_identifier::AlgIdError>::map_err::<x509_spki::SpkiError, fn(x509_algorithm_identifier::AlgIdError) -> x509_spki::SpkiError {x509_spki::map_algid_error}>

Check 429: std::result::Result::<(x509_algorithm_identifier::AlgorithmIdentifier<'_>, usize), x509_algorithm_identifier::AlgIdError>::map_err::<x509_spki::SpkiError, fn(x509_algorithm_identifier::AlgIdError) -> x509_spki::SpkiError {x509_spki::map_algid_error}>.pointer_dereference.2
	 - Status: SUCCESS
	 - Description: "dereference failure: dead object"
	 - Location: ../../../runner/.rustup/toolchains/nightly-2025-11-21-x86_64-unknown-linux-gnu/lib/rustlib/src/rust/library/core/src/result.rs:968:23 in function std::result::Result::<(x509_algorithm_identifier::AlgorithmIdentifier<'_>, usize), x509_algorithm_identifier::AlgIdError>::map_err::<x509_spki::SpkiError, fn(x509_algorithm_identifier::AlgIdError) -> x509_spki::SpkiError {x509_spki::map_algid_error}>

Check 430: core::slice::<impl [u8]>::first.pointer_dereference.1
	 - Status: SUCCESS
	 - Description: "dereference failure: dead object"
	 - Location: ../../../runner/.rustup/toolchains/nightly-2025-11-21-x86_64-unknown-linux-gnu/lib/rustlib/src/rust/library/core/src/slice/mod.rs:155:58 in function core::slice::<impl [u8]>::first

Check 431: <std::result::Result<(tlv::Tlv<'_>, usize), x509_algorithm_identifier::AlgIdError> as std::ops::Try>::branch.pointer_dereference.1
	 - Status: SUCCESS
	 - Description: "dereference failure: dead object"
	 - Location: ../../../runner/.rustup/toolchains/nightly-2025-11-21-x86_64-unknown-linux-gnu/lib/rustlib/src/rust/library/core/src/result.rs:2173:15 in function <std::result::Result<(tlv::Tlv<'_>, usize), x509_algorithm_identifier::AlgIdError> as std::ops::Try>::branch

Check 432: <std::result::Result<(tlv::Tlv<'_>, usize), x509_algorithm_identifier::AlgIdError> as std::ops::Try>::branch.pointer_dereference.2
	 - Status: SUCCESS
	 - Description: "dereference failure: dead object"
	 - Location: ../../../runner/.rustup/toolchains/nightly-2025-11-21-x86_64-unknown-linux-gnu/lib/rustlib/src/rust/library/core/src/result.rs:2175:23 in function <std::result::Result<(tlv::Tlv<'_>, usize), x509_algorithm_identifier::AlgIdError> as std::ops::Try>::branch

Check 433: <std::result::Result<(tlv::Tlv<'_>, usize), x509_validity::TimeError> as std::ops::Try>::branch.pointer_dereference.1
	 - Status: SUCCESS
	 - Description: "dereference failure: dead object"
	 - Location: ../../../runner/.rustup/toolchains/nightly-2025-11-21-x86_64-unknown-linux-gnu/lib/rustlib/src/rust/library/core/src/result.rs:2173:15 in function <std::result::Result<(tlv::Tlv<'_>, usize), x509_validity::TimeError> as std::ops::Try>::branch

Check 434: <std::result::Result<(tlv::Tlv<'_>, usize), x509_validity::TimeError> as std::ops::Try>::branch.pointer_dereference.2
	 - Status: SUCCESS
	 - Description: "dereference failure: dead object"
	 - Location: ../../../runner/.rustup/toolchains/nightly-2025-11-21-x86_64-unknown-linux-gnu/lib/rustlib/src/rust/library/core/src/result.rs:2175:23 in function <std::result::Result<(tlv::Tlv<'_>, usize), x509_validity::TimeError> as std::ops::Try>::branch

Check 435: std::result::Result::<(tlv::Tlv<'_>, usize), tlv::TlvError>::map_err::<sequence::SequenceError, {closure@der-verified/src/sequence.rs:157:49: 157:52}>.pointer_dereference.1
	 - Status: SUCCESS
	 - Description: "dereference failure: dead object"
	 - Location: ../../../runner/.rustup/toolchains/nightly-2025-11-21-x86_64-unknown-linux-gnu/lib/rustlib/src/rust/library/core/src/result.rs:966:15 in function std::result::Result::<(tlv::Tlv<'_>, usize), tlv::TlvError>::map_err::<sequence::SequenceError, {closure@der-verified/src/sequence.rs:157:49: 157:52}>

Check 436: std::result::Result::<(tlv::Tlv<'_>, usize), tlv::TlvError>::map_err::<sequence::SequenceError, {closure@der-verified/src/sequence.rs:157:49: 157:52}>.pointer_dereference.2
	 - Status: SUCCESS
	 - Description: "dereference failure: dead object"
	 - Location: ../../../runner/.rustup/toolchains/nightly-2025-11-21-x86_64-unknown-linux-gnu/lib/rustlib/src/rust/library/core/src/result.rs:968:23 in function std::result::Result::<(tlv::Tlv<'_>, usize), tlv::TlvError>::map_err::<sequence::SequenceError, {closure@der-verified/src/sequence.rs:157:49: 157:52}>

Check 437: x509_name::validate_name.pointer_dereference.1
	 - Status: SUCCESS
	 - Description: "dereference failure: dead object"
	 - Location: der-verified/src/x509_tbs_certificate.rs:501:26 in function x509_name::validate_name

Check 438: x509_name::validate_name.pointer_dereference.2
	 - Status: SUCCESS
	 - Description: "dereference failure: dead object"
	 - Location: der-verified/src/x509_tbs_certificate.rs:501:46 in function x509_name::validate_name

Check 439: x509_validity::TimeError::BadGeneralized.pointer_dereference.1
	 - Status: SUCCESS
	 - Description: "dereference failure: dead object"
	 - Location: der-verified/src/x509_validity.rs:113:5 in function x509_validity::TimeError::BadGeneralized

Check 440: std::result::Result::<(tlv::Tlv<'_>, usize), tlv::TlvError>::map_err::<x509_algorithm_identifier::AlgIdError, fn(tlv::TlvError) -> x509_algorithm_identifier::AlgIdError {x509_algorithm_identifier::AlgIdError::BadParametersTlv}>.pointer_dereference.1
	 - Status: SUCCESS
	 - Description: "dereference failure: dead object"
	 - Location: ../../../runner/.rustup/toolchains/nightly-2025-11-21-x86_64-unknown-linux-gnu/lib/rustlib/src/rust/library/core/src/result.rs:966:15 in function std::result::Result::<(tlv::Tlv<'_>, usize), tlv::TlvError>::map_err::<x509_algorithm_identifier::AlgIdError, fn(tlv::TlvError) -> x509_algorithm_identifier::AlgIdError {x509_algorithm_identifier::AlgIdError::BadParametersTlv}>

Check 441: std::result::Result::<(tlv::Tlv<'_>, usize), tlv::TlvError>::map_err::<x509_algorithm_identifier::AlgIdError, fn(tlv::TlvError) -> x509_algorithm_identifier::AlgIdError {x509_algorithm_identifier::AlgIdError::BadParametersTlv}>.pointer_dereference.2
	 - Status: SUCCESS
	 - Description: "dereference failure: dead object"
	 - Location: ../../../runner/.rustup/toolchains/nightly-2025-11-21-x86_64-unknown-linux-gnu/lib/rustlib/src/rust/library/core/src/result.rs:968:23 in function std::result::Result::<(tlv::Tlv<'_>, usize), tlv::TlvError>::map_err::<x509_algorithm_identifier::AlgIdError, fn(tlv::TlvError) -> x509_algorithm_identifier::AlgIdError {x509_algorithm_identifier::AlgIdError::BadParametersTlv}>

Check 442: <std::result::Result<(tag::Tag, usize), tag::TagError> as std::ops::FromResidual<std::result::Result<std::convert::Infallible, tag::TagError>>>::from_residual.pointer_dereference.1
	 - Status: SUCCESS
	 - Description: "dereference failure: dead object"
	 - Location: ../../../runner/.rustup/toolchains/nightly-2025-11-21-x86_64-unknown-linux-gnu/lib/rustlib/src/rust/library/core/src/result.rs:2189:23 in function <std::result::Result<(tag::Tag, usize), tag::TagError> as std::ops::FromResidual<std::result::Result<std::convert::Infallible, tag::TagError>>>::from_residual

Check 443: <std::result::Result<(), x509_tbs_certificate::TbsCertificateError> as std::ops::Try>::branch.pointer_dereference.1
	 - Status: SUCCESS
	 - Description: "dereference failure: dead object"
	 - Location: ../../../runner/.rustup/toolchains/nightly-2025-11-21-x86_64-unknown-linux-gnu/lib/rustlib/src/rust/library/core/src/result.rs:2173:15 in function <std::result::Result<(), x509_tbs_certificate::TbsCertificateError> as std::ops::Try>::branch

Check 444: <std::result::Result<(), x509_tbs_certificate::TbsCertificateError> as std::ops::Try>::branch.pointer_dereference.2
	 - Status: SUCCESS
	 - Description: "dereference failure: dead object"
	 - Location: ../../../runner/.rustup/toolchains/nightly-2025-11-21-x86_64-unknown-linux-gnu/lib/rustlib/src/rust/library/core/src/result.rs:2174:22 in function <std::result::Result<(), x509_tbs_certificate::TbsCertificateError> as std::ops::Try>::branch

Check 445: std::result::Result::<&[u8], sequence::SequenceError>::map_err::<x509_tbs_certificate::TbsCertificateError, fn(sequence::SequenceError) -> x509_tbs_certificate::TbsCertificateError {x509_tbs_certificate::TbsCertificateError::BadOuterSeq}>.pointer_dereference.1
	 - Status: SUCCESS
	 - Description: "dereference failure: dead object"
	 - Location: ../../../runner/.rustup/toolchains/nightly-2025-11-21-x86_64-unknown-linux-gnu/lib/rustlib/src/rust/library/core/src/result.rs:966:15 in function std::result::Result::<&[u8], sequence::SequenceError>::map_err::<x509_tbs_certificate::TbsCertificateError, fn(sequence::SequenceError) -> x509_tbs_certificate::TbsCertificateError {x509_tbs_certificate::TbsCertificateError::BadOuterSeq}>

Check 446: std::result::Result::<&[u8], sequence::SequenceError>::map_err::<x509_tbs_certificate::TbsCertificateError, fn(sequence::SequenceError) -> x509_tbs_certificate::TbsCertificateError {x509_tbs_certificate::TbsCertificateError::BadOuterSeq}>.pointer_dereference.2
	 - Status: SUCCESS
	 - Description: "dereference failure: dead object"
	 - Location: ../../../runner/.rustup/toolchains/nightly-2025-11-21-x86_64-unknown-linux-gnu/lib/rustlib/src/rust/library/core/src/result.rs:967:22 in function std::result::Result::<&[u8], sequence::SequenceError>::map_err::<x509_tbs_certificate::TbsCertificateError, fn(sequence::SequenceError) -> x509_tbs_certificate::TbsCertificateError {x509_tbs_certificate::TbsCertificateError::BadOuterSeq}>

Check 447: std::result::Result::<(tlv::Tlv<'_>, usize), tlv::TlvError>::map_err::<x509_tbs_certificate::TbsCertificateError, fn(tlv::TlvError) -> x509_tbs_certificate::TbsCertificateError {x509_tbs_certificate::TbsCertificateError::BadVersionInnerTlv}>.pointer_dereference.1
	 - Status: SUCCESS
	 - Description: "dereference failure: dead object"
	 - Location: ../../../runner/.rustup/toolchains/nightly-2025-11-21-x86_64-unknown-linux-gnu/lib/rustlib/src/rust/library/core/src/result.rs:966:15 in function std::result::Result::<(tlv::Tlv<'_>, usize), tlv::TlvError>::map_err::<x509_tbs_certificate::TbsCertificateError, fn(tlv::TlvError) -> x509_tbs_certificate::TbsCertificateError {x509_tbs_certificate::TbsCertificateError::BadVersionInnerTlv}>

Check 448: oid::validate_oid.pointer_dereference.1
	 - Status: SUCCESS
	 - Description: "dereference failure: pointer NULL"
	 - Location: der-verified/src/oid.rs:62:17 in function oid::validate_oid

Check 449: oid::validate_oid.pointer_dereference.2
	 - Status: SUCCESS
	 - Description: "dereference failure: pointer invalid"
	 - Location: der-verified/src/oid.rs:62:17 in function oid::validate_oid

Check 450: oid::validate_oid.pointer_dereference.3
	 - Status: SUCCESS
	 - Description: "dereference failure: deallocated dynamic object"
	 - Location: der-verified/src/oid.rs:62:17 in function oid::validate_oid

Check 451: oid::validate_oid.pointer_dereference.4
	 - Status: SUCCESS
	 - Description: "dereference failure: dead object"
	 - Location: der-verified/src/oid.rs:62:17 in function oid::validate_oid

Check 452: oid::validate_oid.pointer_dereference.5
	 - Status: SUCCESS
	 - Description: "dereference failure: pointer outside object bounds"
	 - Location: der-verified/src/oid.rs:62:17 in function oid::validate_oid

Check 453: oid::validate_oid.pointer_dereference.6
	 - Status: SUCCESS
	 - Description: "dereference failure: invalid integer address"
	 - Location: der-verified/src/oid.rs:62:17 in function oid::validate_oid

Check 454: oid::validate_oid.pointer_dereference.7
	 - Status: SUCCESS
	 - Description: "dereference failure: dead object"
	 - Location: der-verified/src/oid.rs:76:5 in function oid::validate_oid

Check 455: std::result::Result::<&[u8], sequence::SequenceError>::map_err::<x509_validity::ValidityError, fn(sequence::SequenceError) -> x509_validity::ValidityError {x509_validity::ValidityError::BadOuterSeq}>.pointer_dereference.1
	 - Status: SUCCESS
	 - Description: "dereference failure: dead object"
	 - Location: ../../../runner/.rustup/toolchains/nightly-2025-11-21-x86_64-unknown-linux-gnu/lib/rustlib/src/rust/library/core/src/result.rs:966:15 in function std::result::Result::<&[u8], sequence::SequenceError>::map_err::<x509_validity::ValidityError, fn(sequence::SequenceError) -> x509_validity::ValidityError {x509_validity::ValidityError::BadOuterSeq}>

Check 456: std::result::Result::<&[u8], sequence::SequenceError>::map_err::<x509_validity::ValidityError, fn(sequence::SequenceError) -> x509_validity::ValidityError {x509_validity::ValidityError::BadOuterSeq}>.pointer_dereference.2
	 - Status: SUCCESS
	 - Description: "dereference failure: dead object"
	 - Location: ../../../runner/.rustup/toolchains/nightly-2025-11-21-x86_64-unknown-linux-gnu/lib/rustlib/src/rust/library/core/src/result.rs:968:23 in function std::result::Result::<&[u8], sequence::SequenceError>::map_err::<x509_validity::ValidityError, fn(sequence::SequenceError) -> x509_validity::ValidityError {x509_validity::ValidityError::BadOuterSeq}>

Check 457: x509_validity::ValidityError::NotBefore.pointer_dereference.1
	 - Status: SUCCESS
	 - Description: "dereference failure: dead object"
	 - Location: der-verified/src/x509_validity.rs:127:5 in function x509_validity::ValidityError::NotBefore

Check 458: <std::result::Result<x509_tbs_certificate::TbsCertificate<'_>, x509_tbs_certificate::TbsCertificateError> as std::ops::FromResidual<std::result::Result<std::convert::Infallible, x509_tbs_certificate::TbsCertificateError>>>::from_residual.pointer_dereference.1
	 - Status: SUCCESS
	 - Description: "dereference failure: dead object"
	 - Location: ../../../runner/.rustup/toolchains/nightly-2025-11-21-x86_64-unknown-linux-gnu/lib/rustlib/src/rust/library/core/src/result.rs:2189:23 in function <std::result::Result<x509_tbs_certificate::TbsCertificate<'_>, x509_tbs_certificate::TbsCertificateError> as std::ops::FromResidual<std::result::Result<std::convert::Infallible, x509_tbs_certificate::TbsCertificateError>>>::from_residual

Check 459: std::result::Result::<(tlv::Tlv<'_>, usize), tlv::TlvError>::map_err::<x509_tbs_certificate::TbsCertificateError, fn(tlv::TlvError) -> x509_tbs_certificate::TbsCertificateError {x509_tbs_certificate::TbsCertificateError::BadValidityTlv}>.pointer_dereference.1
	 - Status: SUCCESS
	 - Description: "dereference failure: dead object"
	 - Location: ../../../runner/.rustup/toolchains/nightly-2025-11-21-x86_64-unknown-linux-gnu/lib/rustlib/src/rust/library/core/src/result.rs:966:15 in function std::result::Result::<(tlv::Tlv<'_>, usize), tlv::TlvError>::map_err::<x509_tbs_certificate::TbsCertificateError, fn(tlv::TlvError) -> x509_tbs_certificate::TbsCertificateError {x509_tbs_certificate::TbsCertificateError::BadValidityTlv}>

Check 460: generalized_time::two_digits.pointer_dereference.1
	 - Status: SUCCESS
	 - Description: "dereference failure: pointer NULL"
	 - Location: der-verified/src/generalized_time.rs:117:6 in function generalized_time::two_digits

Check 461: generalized_time::two_digits.pointer_dereference.2
	 - Status: SUCCESS
	 - Description: "dereference failure: pointer invalid"
	 - Location: der-verified/src/generalized_time.rs:117:6 in function generalized_time::two_digits

Check 462: generalized_time::two_digits.pointer_dereference.3
	 - Status: SUCCESS
	 - Description: "dereference failure: deallocated dynamic object"
	 - Location: der-verified/src/generalized_time.rs:117:6 in function generalized_time::two_digits

Check 463: generalized_time::two_digits.pointer_dereference.4
	 - Status: SUCCESS
	 - Description: "dereference failure: dead object"
	 - Location: der-verified/src/generalized_time.rs:117:6 in function generalized_time::two_digits

Check 464: generalized_time::two_digits.pointer_dereference.5
	 - Status: SUCCESS
	 - Description: "dereference failure: pointer outside object bounds"
	 - Location: der-verified/src/generalized_time.rs:117:6 in function generalized_time::two_digits

Check 465: generalized_time::two_digits.pointer_dereference.6
	 - Status: SUCCESS
	 - Description: "dereference failure: invalid integer address"
	 - Location: der-verified/src/generalized_time.rs:117:6 in function generalized_time::two_digits

Check 466: generalized_time::two_digits.pointer_dereference.7
	 - Status: SUCCESS
	 - Description: "dereference failure: pointer NULL"
	 - Location: der-verified/src/generalized_time.rs:117:27 in function generalized_time::two_digits

Check 467: generalized_time::two_digits.pointer_dereference.8
	 - Status: SUCCESS
	 - Description: "dereference failure: pointer invalid"
	 - Location: der-verified/src/generalized_time.rs:117:27 in function generalized_time::two_digits

Check 468: generalized_time::two_digits.pointer_dereference.9
	 - Status: SUCCESS
	 - Description: "dereference failure: deallocated dynamic object"
	 - Location: der-verified/src/generalized_time.rs:117:27 in function generalized_time::two_digits

Check 469: generalized_time::two_digits.pointer_dereference.10
	 - Status: SUCCESS
	 - Description: "dereference failure: dead object"
	 - Location: der-verified/src/generalized_time.rs:117:27 in function generalized_time::two_digits

Check 470: generalized_time::two_digits.pointer_dereference.11
	 - Status: SUCCESS
	 - Description: "dereference failure: pointer outside object bounds"
	 - Location: der-verified/src/generalized_time.rs:117:27 in function generalized_time::two_digits

Check 471: generalized_time::two_digits.pointer_dereference.12
	 - Status: SUCCESS
	 - Description: "dereference failure: invalid integer address"
	 - Location: der-verified/src/generalized_time.rs:117:27 in function generalized_time::two_digits

Check 472: utc_time::two_digits.pointer_dereference.1
	 - Status: SUCCESS
	 - Description: "dereference failure: pointer NULL"
	 - Location: der-verified/src/utc_time.rs:102:6 in function utc_time::two_digits

Check 473: utc_time::two_digits.pointer_dereference.2
	 - Status: SUCCESS
	 - Description: "dereference failure: pointer invalid"
	 - Location: der-verified/src/utc_time.rs:102:6 in function utc_time::two_digits

Check 474: utc_time::two_digits.pointer_dereference.3
	 - Status: SUCCESS
	 - Description: "dereference failure: deallocated dynamic object"
	 - Location: der-verified/src/utc_time.rs:102:6 in function utc_time::two_digits

Check 475: utc_time::two_digits.pointer_dereference.4
	 - Status: SUCCESS
	 - Description: "dereference failure: dead object"
	 - Location: der-verified/src/utc_time.rs:102:6 in function utc_time::two_digits

Check 476: utc_time::two_digits.pointer_dereference.5
	 - Status: SUCCESS
	 - Description: "dereference failure: pointer outside object bounds"
	 - Location: der-verified/src/utc_time.rs:102:6 in function utc_time::two_digits

Check 477: utc_time::two_digits.pointer_dereference.6
	 - Status: SUCCESS
	 - Description: "dereference failure: invalid integer address"
	 - Location: der-verified/src/utc_time.rs:102:6 in function utc_time::two_digits

Check 478: utc_time::two_digits.pointer_dereference.7
	 - Status: SUCCESS
	 - Description: "dereference failure: pointer NULL"
	 - Location: der-verified/src/utc_time.rs:102:27 in function utc_time::two_digits

Check 479: utc_time::two_digits.pointer_dereference.8
	 - Status: SUCCESS
	 - Description: "dereference failure: pointer invalid"
	 - Location: der-verified/src/utc_time.rs:102:27 in function utc_time::two_digits

Check 480: utc_time::two_digits.pointer_dereference.9
	 - Status: SUCCESS
	 - Description: "dereference failure: deallocated dynamic object"
	 - Location: der-verified/src/utc_time.rs:102:27 in function utc_time::two_digits

Check 481: utc_time::two_digits.pointer_dereference.10
	 - Status: SUCCESS
	 - Description: "dereference failure: dead object"
	 - Location: der-verified/src/utc_time.rs:102:27 in function utc_time::two_digits

Check 482: utc_time::two_digits.pointer_dereference.11
	 - Status: SUCCESS
	 - Description: "dereference failure: pointer outside object bounds"
	 - Location: der-verified/src/utc_time.rs:102:27 in function utc_time::two_digits

Check 483: utc_time::two_digits.pointer_dereference.12
	 - Status: SUCCESS
	 - Description: "dereference failure: invalid integer address"
	 - Location: der-verified/src/utc_time.rs:102:27 in function utc_time::two_digits

Check 484: <std::result::Result<(&[u8], usize), x509_algorithm_identifier::AlgIdError> as std::ops::FromResidual<std::result::Result<std::convert::Infallible, x509_algorithm_identifier::AlgIdError>>>::from_residual.pointer_dereference.1
	 - Status: SUCCESS
	 - Description: "dereference failure: dead object"
	 - Location: ../../../runner/.rustup/toolchains/nightly-2025-11-21-x86_64-unknown-linux-gnu/lib/rustlib/src/rust/library/core/src/result.rs:2189:23 in function <std::result::Result<(&[u8], usize), x509_algorithm_identifier::AlgIdError> as std::ops::FromResidual<std::result::Result<std::convert::Infallible, x509_algorithm_identifier::AlgIdError>>>::from_residual

Check 485: std::result::Result::<(tlv::Tlv<'_>, usize), tlv::TlvError>::map_err::<x509_algorithm_identifier::AlgIdError, fn(tlv::TlvError) -> x509_algorithm_identifier::AlgIdError {x509_algorithm_identifier::AlgIdError::BadOidTlv}>.pointer_dereference.1
	 - Status: SUCCESS
	 - Description: "dereference failure: dead object"
	 - Location: ../../../runner/.rustup/toolchains/nightly-2025-11-21-x86_64-unknown-linux-gnu/lib/rustlib/src/rust/library/core/src/result.rs:966:15 in function std::result::Result::<(tlv::Tlv<'_>, usize), tlv::TlvError>::map_err::<x509_algorithm_identifier::AlgIdError, fn(tlv::TlvError) -> x509_algorithm_identifier::AlgIdError {x509_algorithm_identifier::AlgIdError::BadOidTlv}>

Check 486: std::result::Result::<(tlv::Tlv<'_>, usize), tlv::TlvError>::map_err::<x509_algorithm_identifier::AlgIdError, fn(tlv::TlvError) -> x509_algorithm_identifier::AlgIdError {x509_algorithm_identifier::AlgIdError::BadOidTlv}>.pointer_dereference.2
	 - Status: SUCCESS
	 - Description: "dereference failure: dead object"
	 - Location: ../../../runner/.rustup/toolchains/nightly-2025-11-21-x86_64-unknown-linux-gnu/lib/rustlib/src/rust/library/core/src/result.rs:968:23 in function std::result::Result::<(tlv::Tlv<'_>, usize), tlv::TlvError>::map_err::<x509_algorithm_identifier::AlgIdError, fn(tlv::TlvError) -> x509_algorithm_identifier::AlgIdError {x509_algorithm_identifier::AlgIdError::BadOidTlv}>

Check 487: core::slice::<impl [u8]>::split_first.pointer_dereference.1
	 - Status: SUCCESS
	 - Description: "dereference failure: dead object"
	 - Location: ../../../runner/.rustup/toolchains/nightly-2025-11-21-x86_64-unknown-linux-gnu/lib/rustlib/src/rust/library/core/src/slice/mod.rs:198:73 in function core::slice::<impl [u8]>::split_first

Check 488: std::result::Result::<(), x509_name::NameError>::map_err::<x509_tbs_certificate::TbsCertificateError, fn(x509_name::NameError) -> x509_tbs_certificate::TbsCertificateError {x509_tbs_certificate::TbsCertificateError::BadSubject}>.pointer_dereference.1
	 - Status: SUCCESS
	 - Description: "dereference failure: dead object"
	 - Location: ../../../runner/.rustup/toolchains/nightly-2025-11-21-x86_64-unknown-linux-gnu/lib/rustlib/src/rust/library/core/src/result.rs:966:15 in function std::result::Result::<(), x509_name::NameError>::map_err::<x509_tbs_certificate::TbsCertificateError, fn(x509_name::NameError) -> x509_tbs_certificate::TbsCertificateError {x509_tbs_certificate::TbsCertificateError::BadSubject}>

Check 489: std::result::Result::<(), x509_name::NameError>::map_err::<x509_tbs_certificate::TbsCertificateError, fn(x509_name::NameError) -> x509_tbs_certificate::TbsCertificateError {x509_tbs_certificate::TbsCertificateError::BadSubject}>.pointer_dereference.2
	 - Status: SUCCESS
	 - Description: "dereference failure: dead object"
	 - Location: ../../../runner/.rustup/toolchains/nightly-2025-11-21-x86_64-unknown-linux-gnu/lib/rustlib/src/rust/library/core/src/result.rs:967:22 in function std::result::Result::<(), x509_name::NameError>::map_err::<x509_tbs_certificate::TbsCertificateError, fn(x509_name::NameError) -> x509_tbs_certificate::TbsCertificateError {x509_tbs_certificate::TbsCertificateError::BadSubject}>

Check 490: std::result::Result::<(tlv::Tlv<'_>, usize), tlv::TlvError>::map_err::<context_tag::ContextTagError, fn(tlv::TlvError) -> context_tag::ContextTagError {context_tag::ContextTagError::BadTlv}>.pointer_dereference.1
	 - Status: SUCCESS
	 - Description: "dereference failure: dead object"
	 - Location: ../../../runner/.rustup/toolchains/nightly-2025-11-21-x86_64-unknown-linux-gnu/lib/rustlib/src/rust/library/core/src/result.rs:966:15 in function std::result::Result::<(tlv::Tlv<'_>, usize), tlv::TlvError>::map_err::<context_tag::ContextTagError, fn(tlv::TlvError) -> context_tag::ContextTagError {context_tag::ContextTagError::BadTlv}>

Check 491: std::result::Result::<(tlv::Tlv<'_>, usize), tlv::TlvError>::map_err::<context_tag::ContextTagError, fn(tlv::TlvError) -> context_tag::ContextTagError {context_tag::ContextTagError::BadTlv}>.pointer_dereference.2
	 - Status: SUCCESS
	 - Description: "dereference failure: dead object"
	 - Location: ../../../runner/.rustup/toolchains/nightly-2025-11-21-x86_64-unknown-linux-gnu/lib/rustlib/src/rust/library/core/src/result.rs:968:23 in function std::result::Result::<(tlv::Tlv<'_>, usize), tlv::TlvError>::map_err::<context_tag::ContextTagError, fn(tlv::TlvError) -> context_tag::ContextTagError {context_tag::ContextTagError::BadTlv}>

Check 492: sequence::decode_sequence_tlv.pointer_dereference.1
	 - Status: SUCCESS
	 - Description: "dereference failure: dead object"
	 - Location: der-verified/src/sequence.rs:157:23 in function sequence::decode_sequence_tlv

Check 493: sequence::decode_sequence_tlv.pointer_dereference.2
	 - Status: SUCCESS
	 - Description: "dereference failure: dead object"
	 - Location: der-verified/src/sequence.rs:159:16 in function sequence::decode_sequence_tlv

Check 494: sequence::decode_sequence_tlv.pointer_dereference.3
	 - Status: SUCCESS
	 - Description: "dereference failure: dead object"
	 - Location: der-verified/src/sequence.rs:162:16 in function sequence::decode_sequence_tlv

Check 495: std::result::Result::<(), x509_extension::ExtensionsError>::map_err::<x509_tbs_certificate::TbsCertificateError, fn(x509_extension::ExtensionsError) -> x509_tbs_certificate::TbsCertificateError {x509_tbs_certificate::TbsCertificateError::BadExtensions}>.pointer_dereference.1
	 - Status: SUCCESS
	 - Description: "dereference failure: dead object"
	 - Location: ../../../runner/.rustup/toolchains/nightly-2025-11-21-x86_64-unknown-linux-gnu/lib/rustlib/src/rust/library/core/src/result.rs:966:15 in function std::result::Result::<(), x509_extension::ExtensionsError>::map_err::<x509_tbs_certificate::TbsCertificateError, fn(x509_extension::ExtensionsError) -> x509_tbs_certificate::TbsCertificateError {x509_tbs_certificate::TbsCertificateError::BadExtensions}>

Check 496: std::result::Result::<(), x509_extension::ExtensionsError>::map_err::<x509_tbs_certificate::TbsCertificateError, fn(x509_extension::ExtensionsError) -> x509_tbs_certificate::TbsCertificateError {x509_tbs_certificate::TbsCertificateError::BadExtensions}>.pointer_dereference.2
	 - Status: SUCCESS
	 - Description: "dereference failure: dead object"
	 - Location: ../../../runner/.rustup/toolchains/nightly-2025-11-21-x86_64-unknown-linux-gnu/lib/rustlib/src/rust/library/core/src/result.rs:967:22 in function std::result::Result::<(), x509_extension::ExtensionsError>::map_err::<x509_tbs_certificate::TbsCertificateError, fn(x509_extension::ExtensionsError) -> x509_tbs_certificate::TbsCertificateError {x509_tbs_certificate::TbsCertificateError::BadExtensions}>

Check 497: x509_validity::parse_validity.pointer_dereference.1
	 - Status: SUCCESS
	 - Description: "dereference failure: dead object"
	 - Location: der-verified/src/x509_validity.rs:183:25 in function x509_validity::parse_validity

Check 498: x509_validity::parse_validity.pointer_dereference.2
	 - Status: SUCCESS
	 - Description: "dereference failure: dead object"
	 - Location: der-verified/src/x509_validity.rs:187:20 in function x509_validity::parse_validity

Check 499: x509_validity::parse_validity.pointer_dereference.3
	 - Status: SUCCESS
	 - Description: "dereference failure: dead object"
	 - Location: der-verified/src/x509_validity.rs:194:20 in function x509_validity::parse_validity

Check 500: x509_validity::parse_validity.pointer_dereference.4
	 - Status: SUCCESS
	 - Description: "dereference failure: dead object"
	 - Location: der-verified/src/x509_validity.rs:198:20 in function x509_validity::parse_validity

Check 501: x509_spki::map_algid_error.pointer_dereference.1
	 - Status: SUCCESS
	 - Description: "dereference failure: dead object"
	 - Location: der-verified/src/x509_spki.rs:132:11 in function x509_spki::map_algid_error

Check 502: x509_spki::map_algid_error.pointer_dereference.2
	 - Status: SUCCESS
	 - Description: "dereference failure: dead object"
	 - Location: der-verified/src/x509_spki.rs:132:11 in function x509_spki::map_algid_error

Check 503: <std::result::Result<x509_spki::SubjectPublicKeyInfo<'_>, x509_tbs_certificate::TbsCertificateError> as std::ops::Try>::branch.pointer_dereference.1
	 - Status: SUCCESS
	 - Description: "dereference failure: dead object"
	 - Location: ../../../runner/.rustup/toolchains/nightly-2025-11-21-x86_64-unknown-linux-gnu/lib/rustlib/src/rust/library/core/src/result.rs:2173:15 in function <std::result::Result<x509_spki::SubjectPublicKeyInfo<'_>, x509_tbs_certificate::TbsCertificateError> as std::ops::Try>::branch

Check 504: <std::result::Result<x509_spki::SubjectPublicKeyInfo<'_>, x509_tbs_certificate::TbsCertificateError> as std::ops::Try>::branch.pointer_dereference.2
	 - Status: SUCCESS
	 - Description: "dereference failure: dead object"
	 - Location: ../../../runner/.rustup/toolchains/nightly-2025-11-21-x86_64-unknown-linux-gnu/lib/rustlib/src/rust/library/core/src/result.rs:2175:23 in function <std::result::Result<x509_spki::SubjectPublicKeyInfo<'_>, x509_tbs_certificate::TbsCertificateError> as std::ops::Try>::branch

Check 505: std::result::Result::<generalized_time::GeneralizedTime<'_>, generalized_time::GeneralizedTimeError>::map_err::<x509_validity::TimeError, fn(generalized_time::GeneralizedTimeError) -> x509_validity::TimeError {x509_validity::TimeError::BadGeneralized}>.pointer_dereference.1
	 - Status: SUCCESS
	 - Description: "dereference failure: dead object"
	 - Location: ../../../runner/.rustup/toolchains/nightly-2025-11-21-x86_64-unknown-linux-gnu/lib/rustlib/src/rust/library/core/src/result.rs:966:15 in function std::result::Result::<generalized_time::GeneralizedTime<'_>, generalized_time::GeneralizedTimeError>::map_err::<x509_validity::TimeError, fn(generalized_time::GeneralizedTimeError) -> x509_validity::TimeError {x509_validity::TimeError::BadGeneralized}>

Check 506: std::result::Result::<generalized_time::GeneralizedTime<'_>, generalized_time::GeneralizedTimeError>::map_err::<x509_validity::TimeError, fn(generalized_time::GeneralizedTimeError) -> x509_validity::TimeError {x509_validity::TimeError::BadGeneralized}>.pointer_dereference.2
	 - Status: SUCCESS
	 - Description: "dereference failure: dead object"
	 - Location: ../../../runner/.rustup/toolchains/nightly-2025-11-21-x86_64-unknown-linux-gnu/lib/rustlib/src/rust/library/core/src/result.rs:968:23 in function std::result::Result::<generalized_time::GeneralizedTime<'_>, generalized_time::GeneralizedTimeError>::map_err::<x509_validity::TimeError, fn(generalized_time::GeneralizedTimeError) -> x509_validity::TimeError {x509_validity::TimeError::BadGeneralized}>

Check 507: <std::result::Result<(x509_algorithm_identifier::AlgorithmIdentifier<'_>, usize), x509_algorithm_identifier::AlgIdError> as std::ops::FromResidual<std::result::Result<std::convert::Infallible, x509_algorithm_identifier::AlgIdError>>>::from_residual.pointer_dereference.1
	 - Status: SUCCESS
	 - Description: "dereference failure: dead object"
	 - Location: ../../../runner/.rustup/toolchains/nightly-2025-11-21-x86_64-unknown-linux-gnu/lib/rustlib/src/rust/library/core/src/result.rs:2189:23 in function <std::result::Result<(x509_algorithm_identifier::AlgorithmIdentifier<'_>, usize), x509_algorithm_identifier::AlgIdError> as std::ops::FromResidual<std::result::Result<std::convert::Infallible, x509_algorithm_identifier::AlgIdError>>>::from_residual

Check 508: std::result::Result::<(tlv::Tlv<'_>, usize), tlv::TlvError>::map_err::<x509_tbs_certificate::TbsCertificateError, fn(tlv::TlvError) -> x509_tbs_certificate::TbsCertificateError {x509_tbs_certificate::TbsCertificateError::BadSerialTlv}>.pointer_dereference.1
	 - Status: SUCCESS
	 - Description: "dereference failure: dead object"
	 - Location: ../../../runner/.rustup/toolchains/nightly-2025-11-21-x86_64-unknown-linux-gnu/lib/rustlib/src/rust/library/core/src/result.rs:966:15 in function std::result::Result::<(tlv::Tlv<'_>, usize), tlv::TlvError>::map_err::<x509_tbs_certificate::TbsCertificateError, fn(tlv::TlvError) -> x509_tbs_certificate::TbsCertificateError {x509_tbs_certificate::TbsCertificateError::BadSerialTlv}>

Check 509: x509_algorithm_identifier::AlgIdError::BadOidTlv.pointer_dereference.1
	 - Status: SUCCESS
	 - Description: "dereference failure: dead object"
	 - Location: der-verified/src/x509_algorithm_identifier.rs:80:5 in function x509_algorithm_identifier::AlgIdError::BadOidTlv

Check 510: std::result::Result::<(), x509_name::NameError>::map_err::<x509_tbs_certificate::TbsCertificateError, fn(x509_name::NameError) -> x509_tbs_certificate::TbsCertificateError {x509_tbs_certificate::TbsCertificateError::BadIssuer}>.pointer_dereference.1
	 - Status: SUCCESS
	 - Description: "dereference failure: dead object"
	 - Location: ../../../runner/.rustup/toolchains/nightly-2025-11-21-x86_64-unknown-linux-gnu/lib/rustlib/src/rust/library/core/src/result.rs:966:15 in function std::result::Result::<(), x509_name::NameError>::map_err::<x509_tbs_certificate::TbsCertificateError, fn(x509_name::NameError) -> x509_tbs_certificate::TbsCertificateError {x509_tbs_certificate::TbsCertificateError::BadIssuer}>

Check 511: std::result::Result::<(), x509_name::NameError>::map_err::<x509_tbs_certificate::TbsCertificateError, fn(x509_name::NameError) -> x509_tbs_certificate::TbsCertificateError {x509_tbs_certificate::TbsCertificateError::BadIssuer}>.pointer_dereference.2
	 - Status: SUCCESS
	 - Description: "dereference failure: dead object"
	 - Location: ../../../runner/.rustup/toolchains/nightly-2025-11-21-x86_64-unknown-linux-gnu/lib/rustlib/src/rust/library/core/src/result.rs:967:22 in function std::result::Result::<(), x509_name::NameError>::map_err::<x509_tbs_certificate::TbsCertificateError, fn(x509_name::NameError) -> x509_tbs_certificate::TbsCertificateError {x509_tbs_certificate::TbsCertificateError::BadIssuer}>

Check 512: x509_extension::validate_extensions.pointer_dereference.1
	 - Status: SUCCESS
	 - Description: "dereference failure: dead object"
	 - Location: der-verified/src/x509_tbs_certificate.rs:505:26 in function x509_extension::validate_extensions

Check 513: <std::result::Result<generalized_time::GeneralizedTime<'_>, x509_validity::TimeError> as std::ops::Try>::branch.pointer_dereference.1
	 - Status: SUCCESS
	 - Description: "dereference failure: dead object"
	 - Location: ../../../runner/.rustup/toolchains/nightly-2025-11-21-x86_64-unknown-linux-gnu/lib/rustlib/src/rust/library/core/src/result.rs:2173:15 in function <std::result::Result<generalized_time::GeneralizedTime<'_>, x509_validity::TimeError> as std::ops::Try>::branch

Check 514: <std::result::Result<generalized_time::GeneralizedTime<'_>, x509_validity::TimeError> as std::ops::Try>::branch.pointer_dereference.2
	 - Status: SUCCESS
	 - Description: "dereference failure: dead object"
	 - Location: ../../../runner/.rustup/toolchains/nightly-2025-11-21-x86_64-unknown-linux-gnu/lib/rustlib/src/rust/library/core/src/result.rs:2175:23 in function <std::result::Result<generalized_time::GeneralizedTime<'_>, x509_validity::TimeError> as std::ops::Try>::branch

Check 515: utc_time::decode_utc_time.pointer_dereference.1
	 - Status: SUCCESS
	 - Description: "dereference failure: pointer NULL"
	 - Location: der-verified/src/utc_time.rs:153:8 in function utc_time::decode_utc_time

Check 516: utc_time::decode_utc_time.pointer_dereference.2
	 - Status: SUCCESS
	 - Description: "dereference failure: pointer invalid"
	 - Location: der-verified/src/utc_time.rs:153:8 in function utc_time::decode_utc_time

Check 517: utc_time::decode_utc_time.pointer_dereference.3
	 - Status: SUCCESS
	 - Description: "dereference failure: deallocated dynamic object"
	 - Location: der-verified/src/utc_time.rs:153:8 in function utc_time::decode_utc_time

Check 518: utc_time::decode_utc_time.pointer_dereference.4
	 - Status: SUCCESS
	 - Description: "dereference failure: dead object"
	 - Location: der-verified/src/utc_time.rs:153:8 in function utc_time::decode_utc_time

Check 519: utc_time::decode_utc_time.pointer_dereference.5
	 - Status: SUCCESS
	 - Description: "dereference failure: pointer outside object bounds"
	 - Location: der-verified/src/utc_time.rs:153:8 in function utc_time::decode_utc_time

Check 520: utc_time::decode_utc_time.pointer_dereference.6
	 - Status: SUCCESS
	 - Description: "dereference failure: invalid integer address"
	 - Location: der-verified/src/utc_time.rs:153:8 in function utc_time::decode_utc_time

Check 521: std::result::Result::<(tlv::Tlv<'_>, usize), tlv::TlvError>::map_err::<x509_spki::SpkiError, fn(tlv::TlvError) -> x509_spki::SpkiError {x509_spki::SpkiError::BadPublicKeyTlv}>.pointer_dereference.1
	 - Status: SUCCESS
	 - Description: "dereference failure: dead object"
	 - Location: ../../../runner/.rustup/toolchains/nightly-2025-11-21-x86_64-unknown-linux-gnu/lib/rustlib/src/rust/library/core/src/result.rs:966:15 in function std::result::Result::<(tlv::Tlv<'_>, usize), tlv::TlvError>::map_err::<x509_spki::SpkiError, fn(tlv::TlvError) -> x509_spki::SpkiError {x509_spki::SpkiError::BadPublicKeyTlv}>

Check 522: std::result::Result::<(tlv::Tlv<'_>, usize), tlv::TlvError>::map_err::<x509_spki::SpkiError, fn(tlv::TlvError) -> x509_spki::SpkiError {x509_spki::SpkiError::BadPublicKeyTlv}>.pointer_dereference.2
	 - Status: SUCCESS
	 - Description: "dereference failure: dead object"
	 - Location: ../../../runner/.rustup/toolchains/nightly-2025-11-21-x86_64-unknown-linux-gnu/lib/rustlib/src/rust/library/core/src/result.rs:968:23 in function std::result::Result::<(tlv::Tlv<'_>, usize), tlv::TlvError>::map_err::<x509_spki::SpkiError, fn(tlv::TlvError) -> x509_spki::SpkiError {x509_spki::SpkiError::BadPublicKeyTlv}>

Check 523: tag::decode_tag.pointer_dereference.1
	 - Status: SUCCESS
	 - Description: "dereference failure: dead object"
	 - Location: der-verified/src/tag.rs:107:23 in function tag::decode_tag

Check 524: tag::decode_tag.pointer_dereference.2
	 - Status: SUCCESS
	 - Description: "dereference failure: pointer NULL"
	 - Location: der-verified/src/tag.rs:108:15 in function tag::decode_tag

Check 525: tag::decode_tag.pointer_dereference.3
	 - Status: SUCCESS
	 - Description: "dereference failure: pointer invalid"
	 - Location: der-verified/src/tag.rs:108:15 in function tag::decode_tag

Check 526: tag::decode_tag.pointer_dereference.4
	 - Status: SUCCESS
	 - Description: "dereference failure: deallocated dynamic object"
	 - Location: der-verified/src/tag.rs:108:15 in function tag::decode_tag

Check 527: tag::decode_tag.pointer_dereference.5
	 - Status: SUCCESS
	 - Description: "dereference failure: dead object"
	 - Location: der-verified/src/tag.rs:108:15 in function tag::decode_tag

Check 528: tag::decode_tag.pointer_dereference.6
	 - Status: SUCCESS
	 - Description: "dereference failure: pointer outside object bounds"
	 - Location: der-verified/src/tag.rs:108:15 in function tag::decode_tag

Check 529: tag::decode_tag.pointer_dereference.7
	 - Status: SUCCESS
	 - Description: "dereference failure: invalid integer address"
	 - Location: der-verified/src/tag.rs:108:15 in function tag::decode_tag

Check 530: tag::decode_tag.pointer_dereference.8
	 - Status: SUCCESS
	 - Description: "dereference failure: dead object"
	 - Location: der-verified/src/tag.rs:138:26 in function tag::decode_tag

Check 531: tag::decode_tag.pointer_dereference.9
	 - Status: SUCCESS
	 - Description: "dereference failure: pointer NULL"
	 - Location: der-verified/src/tag.rs:139:19 in function tag::decode_tag

Check 532: tag::decode_tag.pointer_dereference.10
	 - Status: SUCCESS
	 - Description: "dereference failure: pointer invalid"
	 - Location: der-verified/src/tag.rs:139:19 in function tag::decode_tag

Check 533: tag::decode_tag.pointer_dereference.11
	 - Status: SUCCESS
	 - Description: "dereference failure: deallocated dynamic object"
	 - Location: der-verified/src/tag.rs:139:19 in function tag::decode_tag

Check 534: tag::decode_tag.pointer_dereference.12
	 - Status: SUCCESS
	 - Description: "dereference failure: dead object"
	 - Location: der-verified/src/tag.rs:139:19 in function tag::decode_tag

Check 535: tag::decode_tag.pointer_dereference.13
	 - Status: SUCCESS
	 - Description: "dereference failure: pointer outside object bounds"
	 - Location: der-verified/src/tag.rs:139:19 in function tag::decode_tag

Check 536: tag::decode_tag.pointer_dereference.14
	 - Status: SUCCESS
	 - Description: "dereference failure: invalid integer address"
	 - Location: der-verified/src/tag.rs:139:19 in function tag::decode_tag

Check 537: tag::decode_tag.pointer_dereference.15
	 - Status: SUCCESS
	 - Description: "dereference failure: dead object"
	 - Location: der-verified/src/tag.rs:157:16 in function tag::decode_tag

Check 538: tag::decode_tag.pointer_dereference.16
	 - Status: SUCCESS
	 - Description: "dereference failure: dead object"
	 - Location: der-verified/src/tag.rs:109:24 in function tag::decode_tag

Check 539: <std::result::Result<(x509_algorithm_identifier::AlgorithmIdentifier<'_>, usize), x509_tbs_certificate::TbsCertificateError> as std::ops::Try>::branch.pointer_dereference.1
	 - Status: SUCCESS
	 - Description: "dereference failure: dead object"
	 - Location: ../../../runner/.rustup/toolchains/nightly-2025-11-21-x86_64-unknown-linux-gnu/lib/rustlib/src/rust/library/core/src/result.rs:2173:15 in function <std::result::Result<(x509_algorithm_identifier::AlgorithmIdentifier<'_>, usize), x509_tbs_certificate::TbsCertificateError> as std::ops::Try>::branch

Check 540: <std::result::Result<(x509_algorithm_identifier::AlgorithmIdentifier<'_>, usize), x509_tbs_certificate::TbsCertificateError> as std::ops::Try>::branch.pointer_dereference.2
	 - Status: SUCCESS
	 - Description: "dereference failure: dead object"
	 - Location: ../../../runner/.rustup/toolchains/nightly-2025-11-21-x86_64-unknown-linux-gnu/lib/rustlib/src/rust/library/core/src/result.rs:2175:23 in function <std::result::Result<(x509_algorithm_identifier::AlgorithmIdentifier<'_>, usize), x509_tbs_certificate::TbsCertificateError> as std::ops::Try>::branch

Check 541: x509_algorithm_identifier::AlgIdError::BadOid.pointer_dereference.1
	 - Status: SUCCESS
	 - Description: "dereference failure: dead object"
	 - Location: der-verified/src/x509_algorithm_identifier.rs:87:5 in function x509_algorithm_identifier::AlgIdError::BadOid

Check 542: sequence::decode_sequence_tlv_strict.pointer_dereference.1
	 - Status: SUCCESS
	 - Description: "dereference failure: dead object"
	 - Location: der-verified/src/sequence.rs:174:27 in function sequence::decode_sequence_tlv_strict

Check 543: sequence::decode_sequence_tlv_strict.pointer_dereference.2
	 - Status: SUCCESS
	 - Description: "dereference failure: dead object"
	 - Location: der-verified/src/sequence.rs:176:16 in function sequence::decode_sequence_tlv_strict

Check 544: std::result::Result::<x509_spki::SubjectPublicKeyInfo<'_>, x509_spki::SpkiError>::map_err::<x509_tbs_certificate::TbsCertificateError, fn(x509_spki::SpkiError) -> x509_tbs_certificate::TbsCertificateError {x509_tbs_certificate::TbsCertificateError::BadSpki}>.pointer_dereference.1
	 - Status: SUCCESS
	 - Description: "dereference failure: dead object"
	 - Location: ../../../runner/.rustup/toolchains/nightly-2025-11-21-x86_64-unknown-linux-gnu/lib/rustlib/src/rust/library/core/src/result.rs:966:15 in function std::result::Result::<x509_spki::SubjectPublicKeyInfo<'_>, x509_spki::SpkiError>::map_err::<x509_tbs_certificate::TbsCertificateError, fn(x509_spki::SpkiError) -> x509_tbs_certificate::TbsCertificateError {x509_tbs_certificate::TbsCertificateError::BadSpki}>

Check 545: std::result::Result::<x509_spki::SubjectPublicKeyInfo<'_>, x509_spki::SpkiError>::map_err::<x509_tbs_certificate::TbsCertificateError, fn(x509_spki::SpkiError) -> x509_tbs_certificate::TbsCertificateError {x509_tbs_certificate::TbsCertificateError::BadSpki}>.pointer_dereference.2
	 - Status: SUCCESS
	 - Description: "dereference failure: dead object"
	 - Location: ../../../runner/.rustup/toolchains/nightly-2025-11-21-x86_64-unknown-linux-gnu/lib/rustlib/src/rust/library/core/src/result.rs:968:23 in function std::result::Result::<x509_spki::SubjectPublicKeyInfo<'_>, x509_spki::SpkiError>::map_err::<x509_tbs_certificate::TbsCertificateError, fn(x509_spki::SpkiError) -> x509_tbs_certificate::TbsCertificateError {x509_tbs_certificate::TbsCertificateError::BadSpki}>

Check 546: tag::decode_tag.unwind.0
	 - Status: SUCCESS
	 - Description: "unwinding assertion loop 0"
	 - Location: der-verified/src/tag.rs:137:49 in function tag::decode_tag

Check 547: length::decode_length.unwind.0
	 - Status: SUCCESS
	 - Description: "unwinding assertion loop 0"
	 - Location: der-verified/src/length.rs:101:5 in function length::decode_length

Check 548: integer::decode_integer.unwind.0
	 - Status: SUCCESS
	 - Description: "unwinding assertion loop 0"
	 - Location: der-verified/src/integer.rs:86:5 in function integer::decode_integer

Check 549: oid::validate_oid.unwind.0
	 - Status: SUCCESS
	 - Description: "unwinding assertion loop 0"
	 - Location: der-verified/src/oid.rs:61:5 in function oid::validate_oid

Check 550: generalized_time::decode_generalized_time.unwind.0
	 - Status: SUCCESS
	 - Description: "unwinding assertion loop 0"
	 - Location: der-verified/src/generalized_time.rs:191:5 in function generalized_time::decode_generalized_time

Check 551: utc_time::decode_utc_time.unwind.0
	 - Status: SUCCESS
	 - Description: "unwinding assertion loop 0"
	 - Location: der-verified/src/utc_time.rs:147:5 in function utc_time::decode_utc_time


SUMMARY:
 ** 0 of 550 failed (41 unreachable)

 ** 0 of 1 cover properties satisfied


VERIFICATION:- SUCCESSFUL
Verification Time: 100.04191s

Manual Harness Summary:
Complete - 1 successfully verified harnesses, 0 failures, 1 total.
