Kani Rust Verifier 0.67.0 (cargo plugin)
   Compiling der-verified v0.2.0 (/home/ivo/repo_tmp/der-floor-42c8165/der-verified)
warning: Found the following unsupported constructs:
             - caller_location (1)
             - foreign function (1)
         
         Verification will fail if one or more of these constructs is reachable.
         See https://model-checking.github.io/kani/rust-feature-support.html for more details.

    Finished `dev` profile [unoptimized + debuginfo] target(s) in 0.87s
Checking harness x509_tbs_certificate::proofs::parse_tbs_certificate_ok_path_witnessed...
CBMC 6.8.0 (cbmc-6.8.0)
CBMC version 6.8.0 (cbmc-6.8.0) 64-bit x86_64 linux
Reading GOTO program from file /home/ivo/repo_tmp/der-floor-42c8165/target/kani/x86_64-unknown-linux-gnu/debug/deps/der_verified-f5edf8e47aaa8d94__RNvNtNtCsjJ4BRyaQv62_12der_verified20x509_tbs_certificate6proofs39parse_tbs_certificate_ok_path_witnessed.out
Generating GOTO Program
Adding CPROVER library (x86_64)
Removal of function pointers and virtual functions
Generic Property Instrumentation
Running with 16 object bits, 48 offset bits (user-specified)
Starting Bounded Model Checking
aborting path on assume(false) at file /home/runner/.rustup/toolchains/nightly-2025-11-21-x86_64-unknown-linux-gnu/lib/rustlib/src/rust/library/core/src/result.rs line 966 column 15 function std::result::Result::<(tag::Tag, usize), tag::TagError>::map_err::<tlv::TlvError, {closure@der-verified/src/tlv.rs:71:51: 71:54}> thread 0
aborting path on assume(false) at file /home/runner/.rustup/toolchains/nightly-2025-11-21-x86_64-unknown-linux-gnu/lib/rustlib/src/rust/library/core/src/result.rs line 2173 column 15 function <std::result::Result<(tag::Tag, usize), tlv::TlvError> as std::ops::Try>::branch thread 0
aborting path on assume(false) at file /home/runner/.rustup/toolchains/nightly-2025-11-21-x86_64-unknown-linux-gnu/lib/rustlib/src/rust/library/core/src/slice/index.rs line 40 column 9 function core::slice::index::slice_index_fail::do_panic::runtime thread 0
aborting path on assume(false) at file /home/runner/.rustup/toolchains/nightly-2025-11-21-x86_64-unknown-linux-gnu/lib/rustlib/src/rust/library/core/src/intrinsics/mod.rs line 2449 column 9 function core::slice::index::slice_index_fail::do_panic thread 0
aborting path on assume(false) at file /home/runner/.rustup/toolchains/nightly-2025-11-21-x86_64-unknown-linux-gnu/lib/rustlib/src/rust/library/core/src/panic.rs line 178 column 9 function core::slice::index::slice_index_fail thread 0
aborting path on assume(false) at file /home/runner/.rustup/toolchains/nightly-2025-11-21-x86_64-unknown-linux-gnu/lib/rustlib/src/rust/library/core/src/slice/index.rs line 58 column 9 function core::slice::index::slice_index_fail::do_panic::runtime thread 0
aborting path on assume(false) at file /home/runner/.rustup/toolchains/nightly-2025-11-21-x86_64-unknown-linux-gnu/lib/rustlib/src/rust/library/core/src/intrinsics/mod.rs line 2449 column 9 function core::slice::index::slice_index_fail::do_panic thread 0
aborting path on assume(false) at file /home/runner/.rustup/toolchains/nightly-2025-11-21-x86_64-unknown-linux-gnu/lib/rustlib/src/rust/library/core/src/panic.rs line 178 column 9 function core::slice::index::slice_index_fail thread 0
aborting path on assume(false) at file /home/runner/.rustup/toolchains/nightly-2025-11-21-x86_64-unknown-linux-gnu/lib/rustlib/src/rust/library/core/src/slice/index.rs line 68 column 5 function core::slice::index::slice_index_fail::do_panic::runtime thread 0
aborting path on assume(false) at file /home/runner/.rustup/toolchains/nightly-2025-11-21-x86_64-unknown-linux-gnu/lib/rustlib/src/rust/library/core/src/intrinsics/mod.rs line 2449 column 9 function core::slice::index::slice_index_fail::do_panic thread 0
aborting path on assume(false) at file /home/runner/.rustup/toolchains/nightly-2025-11-21-x86_64-unknown-linux-gnu/lib/rustlib/src/rust/library/core/src/panic.rs line 178 column 9 function core::slice::index::slice_index_fail thread 0
aborting path on assume(false) at file /home/runner/.rustup/toolchains/nightly-2025-11-21-x86_64-unknown-linux-gnu/lib/rustlib/src/rust/library/core/src/slice/index.rs line 569 column 13 function <std::ops::RangeFrom<usize> as std::slice::SliceIndex<[u8]>>::index thread 0
aborting path on assume(false) at file /home/runner/work/kani/kani/library/kani_core/src/models.rs line 176 column 17 function <usize as kani::rustc_intrinsics::ToISize>::to_isize thread 0
aborting path on assume(false) at file /home/runner/work/kani/kani/library/kani/src/lib.rs line 57 column 1 function <usize as kani::rustc_intrinsics::ToISize>::to_isize thread 0
aborting path on assume(false) at file /home/runner/work/kani/kani/library/kani/src/lib.rs line 57 column 1 function <usize as kani::rustc_intrinsics::ToISize>::to_isize thread 0
aborting path on assume(false) at file der-verified/src/length.rs line 75 column 23 function length::decode_length thread 0
aborting path on assume(false) at file /home/runner/.rustup/toolchains/nightly-2025-11-21-x86_64-unknown-linux-gnu/lib/rustlib/src/rust/library/core/src/slice/index.rs line 435 column 5 function <std::ops::Range<usize> as std::slice::SliceIndex<[u8]>>::index thread 0
aborting path on assume(false) at file /home/runner/work/kani/kani/library/kani/src/lib.rs line 57 column 1 function kani::mem::cbmc::same_allocation thread 0
aborting path on assume(false) at file /home/runner/.rustup/toolchains/nightly-2025-11-21-x86_64-unknown-linux-gnu/lib/rustlib/src/rust/library/core/src/slice/index.rs line 40 column 9 function core::slice::index::slice_index_fail::do_panic::runtime thread 0
aborting path on assume(false) at file /home/runner/.rustup/toolchains/nightly-2025-11-21-x86_64-unknown-linux-gnu/lib/rustlib/src/rust/library/core/src/intrinsics/mod.rs line 2449 column 9 function core::slice::index::slice_index_fail::do_panic thread 0
aborting path on assume(false) at file /home/runner/.rustup/toolchains/nightly-2025-11-21-x86_64-unknown-linux-gnu/lib/rustlib/src/rust/library/core/src/panic.rs line 178 column 9 function core::slice::index::slice_index_fail thread 0
aborting path on assume(false) at file /home/runner/.rustup/toolchains/nightly-2025-11-21-x86_64-unknown-linux-gnu/lib/rustlib/src/rust/library/core/src/slice/index.rs line 49 column 9 function core::slice::index::slice_index_fail::do_panic::runtime thread 0
aborting path on assume(false) at file /home/runner/.rustup/toolchains/nightly-2025-11-21-x86_64-unknown-linux-gnu/lib/rustlib/src/rust/library/core/src/intrinsics/mod.rs line 2449 column 9 function core::slice::index::slice_index_fail::do_panic thread 0
aborting path on assume(false) at file /home/runner/.rustup/toolchains/nightly-2025-11-21-x86_64-unknown-linux-gnu/lib/rustlib/src/rust/library/core/src/panic.rs line 178 column 9 function core::slice::index::slice_index_fail thread 0
aborting path on assume(false) at file /home/runner/.rustup/toolchains/nightly-2025-11-21-x86_64-unknown-linux-gnu/lib/rustlib/src/rust/library/core/src/slice/index.rs line 58 column 9 function core::slice::index::slice_index_fail::do_panic::runtime thread 0
aborting path on assume(false) at file /home/runner/.rustup/toolchains/nightly-2025-11-21-x86_64-unknown-linux-gnu/lib/rustlib/src/rust/library/core/src/intrinsics/mod.rs line 2449 column 9 function core::slice::index::slice_index_fail::do_panic thread 0
aborting path on assume(false) at file /home/runner/.rustup/toolchains/nightly-2025-11-21-x86_64-unknown-linux-gnu/lib/rustlib/src/rust/library/core/src/panic.rs line 178 column 9 function core::slice::index::slice_index_fail thread 0
aborting path on assume(false) at file /home/runner/.rustup/toolchains/nightly-2025-11-21-x86_64-unknown-linux-gnu/lib/rustlib/src/rust/library/core/src/slice/index.rs line 68 column 5 function core::slice::index::slice_index_fail::do_panic::runtime thread 0
aborting path on assume(false) at file /home/runner/.rustup/toolchains/nightly-2025-11-21-x86_64-unknown-linux-gnu/lib/rustlib/src/rust/library/core/src/intrinsics/mod.rs line 2449 column 9 function core::slice::index::slice_index_fail::do_panic thread 0
aborting path on assume(false) at file /home/runner/.rustup/toolchains/nightly-2025-11-21-x86_64-unknown-linux-gnu/lib/rustlib/src/rust/library/core/src/panic.rs line 178 column 9 function core::slice::index::slice_index_fail thread 0
aborting path on assume(false) at file /home/runner/.rustup/toolchains/nightly-2025-11-21-x86_64-unknown-linux-gnu/lib/rustlib/src/rust/library/core/src/slice/index.rs line 443 column 13 function <std::ops::Range<usize> as std::slice::SliceIndex<[u8]>>::index thread 0
Unwinding loop _RNvNtCsjJ4BRyaQv62_12der_verified6length13decode_length.0 iteration 1 file der-verified/src/length.rs line 101 column 5 function length::decode_length thread 0
Unwinding loop _RNvNtCsjJ4BRyaQv62_12der_verified6length13decode_length.0 iteration 2 file der-verified/src/length.rs line 101 column 5 function length::decode_length thread 0
Unwinding loop _RNvNtCsjJ4BRyaQv62_12der_verified6length13decode_length.0 iteration 3 file der-verified/src/length.rs line 101 column 5 function length::decode_length thread 0
Unwinding loop _RNvNtCsjJ4BRyaQv62_12der_verified6length13decode_length.0 iteration 4 file der-verified/src/length.rs line 101 column 5 function length::decode_length thread 0
Unwinding loop _RNvNtCsjJ4BRyaQv62_12der_verified6length13decode_length.0 iteration 5 file der-verified/src/length.rs line 101 column 5 function length::decode_length thread 0
Unwinding loop _RNvNtCsjJ4BRyaQv62_12der_verified6length13decode_length.0 iteration 6 file der-verified/src/length.rs line 101 column 5 function length::decode_length thread 0
Unwinding loop _RNvNtCsjJ4BRyaQv62_12der_verified6length13decode_length.0 iteration 7 file der-verified/src/length.rs line 101 column 5 function length::decode_length thread 0
Unwinding loop _RNvNtCsjJ4BRyaQv62_12der_verified6length13decode_length.0 iteration 8 file der-verified/src/length.rs line 101 column 5 function length::decode_length thread 0
Unwinding loop _RNvNtCsjJ4BRyaQv62_12der_verified6length13decode_length.0 iteration 9 file der-verified/src/length.rs line 101 column 5 function length::decode_length thread 0
Unwinding loop _RNvNtCsjJ4BRyaQv62_12der_verified6length13decode_length.0 iteration 10 file der-verified/src/length.rs line 101 column 5 function length::decode_length thread 0
Unwinding loop _RNvNtCsjJ4BRyaQv62_12der_verified6length13decode_length.0 iteration 11 file der-verified/src/length.rs line 101 column 5 function length::decode_length thread 0
Not unwinding loop _RNvNtCsjJ4BRyaQv62_12der_verified6length13decode_length.0 iteration 12 file der-verified/src/length.rs line 101 column 5 function length::decode_length thread 0
aborting path on assume(false) at file /home/runner/.rustup/toolchains/nightly-2025-11-21-x86_64-unknown-linux-gnu/lib/rustlib/src/rust/library/core/src/result.rs line 966 column 15 function std::result::Result::<(u32, usize), length::LengthError>::map_err::<tlv::TlvError, {closure@der-verified/src/tlv.rs:73:69: 73:72}> thread 0
aborting path on assume(false) at file /home/runner/.rustup/toolchains/nightly-2025-11-21-x86_64-unknown-linux-gnu/lib/rustlib/src/rust/library/core/src/result.rs line 2173 column 15 function <std::result::Result<(u32, usize), tlv::TlvError> as std::ops::Try>::branch thread 0
aborting path on assume(false) at file der-verified/src/lib.rs line 0 column 0 function tlv::decode_tlv thread 0
aborting path on assume(false) at file /home/runner/.rustup/toolchains/nightly-2025-11-21-x86_64-unknown-linux-gnu/lib/rustlib/src/rust/library/core/src/slice/index.rs line 435 column 5 function <std::ops::Range<usize> as std::slice::SliceIndex<[u8]>>::index thread 0
aborting path on assume(false) at file /home/runner/work/kani/kani/library/kani_core/src/models.rs line 176 column 17 function <usize as kani::rustc_intrinsics::ToISize>::to_isize thread 0
aborting path on assume(false) at file /home/runner/work/kani/kani/library/kani/src/lib.rs line 57 column 1 function <usize as kani::rustc_intrinsics::ToISize>::to_isize thread 0
aborting path on assume(false) at file /home/runner/work/kani/kani/library/kani/src/lib.rs line 57 column 1 function <usize as kani::rustc_intrinsics::ToISize>::to_isize thread 0
aborting path on assume(false) at file /home/runner/.rustup/toolchains/nightly-2025-11-21-x86_64-unknown-linux-gnu/lib/rustlib/src/rust/library/core/src/slice/index.rs line 40 column 9 function core::slice::index::slice_index_fail::do_panic::runtime thread 0
aborting path on assume(false) at file /home/runner/.rustup/toolchains/nightly-2025-11-21-x86_64-unknown-linux-gnu/lib/rustlib/src/rust/library/core/src/intrinsics/mod.rs line 2449 column 9 function core::slice::index::slice_index_fail::do_panic thread 0
aborting path on assume(false) at file /home/runner/.rustup/toolchains/nightly-2025-11-21-x86_64-unknown-linux-gnu/lib/rustlib/src/rust/library/core/src/panic.rs line 178 column 9 function core::slice::index::slice_index_fail thread 0
aborting path on assume(false) at file /home/runner/.rustup/toolchains/nightly-2025-11-21-x86_64-unknown-linux-gnu/lib/rustlib/src/rust/library/core/src/slice/index.rs line 49 column 9 function core::slice::index::slice_index_fail::do_panic::runtime thread 0
aborting path on assume(false) at file /home/runner/.rustup/toolchains/nightly-2025-11-21-x86_64-unknown-linux-gnu/lib/rustlib/src/rust/library/core/src/intrinsics/mod.rs line 2449 column 9 function core::slice::index::slice_index_fail::do_panic thread 0
aborting path on assume(false) at file /home/runner/.rustup/toolchains/nightly-2025-11-21-x86_64-unknown-linux-gnu/lib/rustlib/src/rust/library/core/src/panic.rs line 178 column 9 function core::slice::index::slice_index_fail thread 0
aborting path on assume(false) at file /home/runner/.rustup/toolchains/nightly-2025-11-21-x86_64-unknown-linux-gnu/lib/rustlib/src/rust/library/core/src/slice/index.rs line 58 column 9 function core::slice::index::slice_index_fail::do_panic::runtime thread 0
aborting path on assume(false) at file /home/runner/.rustup/toolchains/nightly-2025-11-21-x86_64-unknown-linux-gnu/lib/rustlib/src/rust/library/core/src/intrinsics/mod.rs line 2449 column 9 function core::slice::index::slice_index_fail::do_panic thread 0
aborting path on assume(false) at file /home/runner/.rustup/toolchains/nightly-2025-11-21-x86_64-unknown-linux-gnu/lib/rustlib/src/rust/library/core/src/panic.rs line 178 column 9 function core::slice::index::slice_index_fail thread 0
aborting path on assume(false) at file /home/runner/.rustup/toolchains/nightly-2025-11-21-x86_64-unknown-linux-gnu/lib/rustlib/src/rust/library/core/src/slice/index.rs line 68 column 5 function core::slice::index::slice_index_fail::do_panic::runtime thread 0
aborting path on assume(false) at file /home/runner/.rustup/toolchains/nightly-2025-11-21-x86_64-unknown-linux-gnu/lib/rustlib/src/rust/library/core/src/intrinsics/mod.rs line 2449 column 9 function core::slice::index::slice_index_fail::do_panic thread 0
aborting path on assume(false) at file /home/runner/.rustup/toolchains/nightly-2025-11-21-x86_64-unknown-linux-gnu/lib/rustlib/src/rust/library/core/src/panic.rs line 178 column 9 function core::slice::index::slice_index_fail thread 0
aborting path on assume(false) at file /home/runner/.rustup/toolchains/nightly-2025-11-21-x86_64-unknown-linux-gnu/lib/rustlib/src/rust/library/core/src/slice/index.rs line 443 column 13 function <std::ops::Range<usize> as std::slice::SliceIndex<[u8]>>::index thread 0
aborting path on assume(false) at file /home/runner/.rustup/toolchains/nightly-2025-11-21-x86_64-unknown-linux-gnu/lib/rustlib/src/rust/library/core/src/result.rs line 966 column 15 function std::result::Result::<(tlv::Tlv<'_>, usize), tlv::TlvError>::map_err::<sequence::SequenceError, {closure@der-verified/src/sequence.rs:157:49: 157:52}> thread 0
aborting path on assume(false) at file /home/runner/.rustup/toolchains/nightly-2025-11-21-x86_64-unknown-linux-gnu/lib/rustlib/src/rust/library/core/src/result.rs line 2173 column 15 function <std::result::Result<(tlv::Tlv<'_>, usize), sequence::SequenceError> as std::ops::Try>::branch thread 0
aborting path on assume(false) at file der-verified/src/sequence.rs line 157 column 23 function sequence::decode_sequence_tlv thread 0
aborting path on assume(false) at file /home/runner/.rustup/toolchains/nightly-2025-11-21-x86_64-unknown-linux-gnu/lib/rustlib/src/rust/library/core/src/result.rs line 2173 column 15 function <std::result::Result<(&[u8], usize), sequence::SequenceError> as std::ops::Try>::branch thread 0
aborting path on assume(false) at file der-verified/src/sequence.rs line 174 column 27 function sequence::decode_sequence_tlv_strict thread 0
aborting path on assume(false) at file /home/runner/.rustup/toolchains/nightly-2025-11-21-x86_64-unknown-linux-gnu/lib/rustlib/src/rust/library/core/src/result.rs line 966 column 15 function std::result::Result::<&[u8], sequence::SequenceError>::map_err::<x509_tbs_certificate::TbsCertificateError, fn(sequence::SequenceError) -> x509_tbs_certificate::TbsCertificateError {x509_tbs_certificate::TbsCertificateError::BadOuterSeq}> thread 0
aborting path on assume(false) at file /home/runner/.rustup/toolchains/nightly-2025-11-21-x86_64-unknown-linux-gnu/lib/rustlib/src/rust/library/core/src/result.rs line 2173 column 15 function <std::result::Result<&[u8], x509_tbs_certificate::TbsCertificateError> as std::ops::Try>::branch thread 0
Unwinding loop _RNvNtCsjJ4BRyaQv62_12der_verified3tag10decode_tag.0 iteration 1 file der-verified/src/tag.rs line 137 column 49 function tag::decode_tag thread 0
Unwinding loop _RNvNtCsjJ4BRyaQv62_12der_verified3tag10decode_tag.0 iteration 2 file der-verified/src/tag.rs line 137 column 49 function tag::decode_tag thread 0
Unwinding loop _RNvNtCsjJ4BRyaQv62_12der_verified3tag10decode_tag.0 iteration 3 file der-verified/src/tag.rs line 137 column 49 function tag::decode_tag thread 0
Unwinding loop _RNvNtCsjJ4BRyaQv62_12der_verified3tag10decode_tag.0 iteration 4 file der-verified/src/tag.rs line 137 column 49 function tag::decode_tag thread 0
Unwinding loop _RNvNtCsjJ4BRyaQv62_12der_verified3tag10decode_tag.0 iteration 5 file der-verified/src/tag.rs line 137 column 49 function tag::decode_tag thread 0
Unwinding loop _RNvNtCsjJ4BRyaQv62_12der_verified3tag10decode_tag.0 iteration 6 file der-verified/src/tag.rs line 137 column 49 function tag::decode_tag thread 0
Unwinding loop _RNvNtCsjJ4BRyaQv62_12der_verified3tag10decode_tag.0 iteration 7 file der-verified/src/tag.rs line 137 column 49 function tag::decode_tag thread 0
Unwinding loop _RNvNtCsjJ4BRyaQv62_12der_verified3tag10decode_tag.0 iteration 8 file der-verified/src/tag.rs line 137 column 49 function tag::decode_tag thread 0
Unwinding loop _RNvNtCsjJ4BRyaQv62_12der_verified3tag10decode_tag.0 iteration 9 file der-verified/src/tag.rs line 137 column 49 function tag::decode_tag thread 0
Unwinding loop _RNvNtCsjJ4BRyaQv62_12der_verified3tag10decode_tag.0 iteration 10 file der-verified/src/tag.rs line 137 column 49 function tag::decode_tag thread 0
Unwinding loop _RNvNtCsjJ4BRyaQv62_12der_verified3tag10decode_tag.0 iteration 11 file der-verified/src/tag.rs line 137 column 49 function tag::decode_tag thread 0
Not unwinding loop _RNvNtCsjJ4BRyaQv62_12der_verified3tag10decode_tag.0 iteration 12 file der-verified/src/tag.rs line 137 column 49 function tag::decode_tag thread 0
aborting path on assume(false) at file /home/runner/.rustup/toolchains/nightly-2025-11-21-x86_64-unknown-linux-gnu/lib/rustlib/src/rust/library/core/src/result.rs line 2173 column 15 function <std::result::Result<(u32, usize), tag::TagError> as std::ops::Try>::branch thread 0
aborting path on assume(false) at file der-verified/src/lib.rs line 0 column 0 function tag::decode_tag thread 0
aborting path on assume(false) at file /home/runner/.rustup/toolchains/nightly-2025-11-21-x86_64-unknown-linux-gnu/lib/rustlib/src/rust/library/core/src/result.rs line 966 column 15 function std::result::Result::<(tag::Tag, usize), tag::TagError>::map_err::<tlv::TlvError, {closure@der-verified/src/tlv.rs:71:51: 71:54}> thread 0
aborting path on assume(false) at file /home/runner/.rustup/toolchains/nightly-2025-11-21-x86_64-unknown-linux-gnu/lib/rustlib/src/rust/library/core/src/result.rs line 2173 column 15 function <std::result::Result<(tag::Tag, usize), tlv::TlvError> as std::ops::Try>::branch thread 0
aborting path on assume(false) at file /home/runner/.rustup/toolchains/nightly-2025-11-21-x86_64-unknown-linux-gnu/lib/rustlib/src/rust/library/core/src/slice/index.rs line 40 column 9 function core::slice::index::slice_index_fail::do_panic::runtime thread 0
aborting path on assume(false) at file /home/runner/.rustup/toolchains/nightly-2025-11-21-x86_64-unknown-linux-gnu/lib/rustlib/src/rust/library/core/src/intrinsics/mod.rs line 2449 column 9 function core::slice::index::slice_index_fail::do_panic thread 0
aborting path on assume(false) at file /home/runner/.rustup/toolchains/nightly-2025-11-21-x86_64-unknown-linux-gnu/lib/rustlib/src/rust/library/core/src/panic.rs line 178 column 9 function core::slice::index::slice_index_fail thread 0
aborting path on assume(false) at file /home/runner/.rustup/toolchains/nightly-2025-11-21-x86_64-unknown-linux-gnu/lib/rustlib/src/rust/library/core/src/slice/index.rs line 49 column 9 function core::slice::index::slice_index_fail::do_panic::runtime thread 0
aborting path on assume(false) at file /home/runner/.rustup/toolchains/nightly-2025-11-21-x86_64-unknown-linux-gnu/lib/rustlib/src/rust/library/core/src/intrinsics/mod.rs line 2449 column 9 function core::slice::index::slice_index_fail::do_panic thread 0
aborting path on assume(false) at file /home/runner/.rustup/toolchains/nightly-2025-11-21-x86_64-unknown-linux-gnu/lib/rustlib/src/rust/library/core/src/panic.rs line 178 column 9 function core::slice::index::slice_index_fail thread 0
aborting path on assume(false) at file /home/runner/.rustup/toolchains/nightly-2025-11-21-x86_64-unknown-linux-gnu/lib/rustlib/src/rust/library/core/src/slice/index.rs line 58 column 9 function core::slice::index::slice_index_fail::do_panic::runtime thread 0
aborting path on assume(false) at file /home/runner/.rustup/toolchains/nightly-2025-11-21-x86_64-unknown-linux-gnu/lib/rustlib/src/rust/library/core/src/intrinsics/mod.rs line 2449 column 9 function core::slice::index::slice_index_fail::do_panic thread 0
aborting path on assume(false) at file /home/runner/.rustup/toolchains/nightly-2025-11-21-x86_64-unknown-linux-gnu/lib/rustlib/src/rust/library/core/src/panic.rs line 178 column 9 function core::slice::index::slice_index_fail thread 0
aborting path on assume(false) at file /home/runner/.rustup/toolchains/nightly-2025-11-21-x86_64-unknown-linux-gnu/lib/rustlib/src/rust/library/core/src/slice/index.rs line 68 column 5 function core::slice::index::slice_index_fail::do_panic::runtime thread 0
aborting path on assume(false) at file /home/runner/.rustup/toolchains/nightly-2025-11-21-x86_64-unknown-linux-gnu/lib/rustlib/src/rust/library/core/src/intrinsics/mod.rs line 2449 column 9 function core::slice::index::slice_index_fail::do_panic thread 0
aborting path on assume(false) at file /home/runner/.rustup/toolchains/nightly-2025-11-21-x86_64-unknown-linux-gnu/lib/rustlib/src/rust/library/core/src/panic.rs line 178 column 9 function core::slice::index::slice_index_fail thread 0
aborting path on assume(false) at file /home/runner/.rustup/toolchains/nightly-2025-11-21-x86_64-unknown-linux-gnu/lib/rustlib/src/rust/library/core/src/slice/index.rs line 569 column 13 function <std::ops::RangeFrom<usize> as std::slice::SliceIndex<[u8]>>::index thread 0
aborting path on assume(false) at file /home/runner/work/kani/kani/library/kani_core/src/models.rs line 176 column 17 function <usize as kani::rustc_intrinsics::ToISize>::to_isize thread 0
aborting path on assume(false) at file /home/runner/work/kani/kani/library/kani/src/lib.rs line 57 column 1 function <usize as kani::rustc_intrinsics::ToISize>::to_isize thread 0
aborting path on assume(false) at file /home/runner/work/kani/kani/library/kani/src/lib.rs line 57 column 1 function <usize as kani::rustc_intrinsics::ToISize>::to_isize thread 0
aborting path on assume(false) at file /home/runner/work/kani/kani/library/kani/src/lib.rs line 57 column 1 function kani::mem::cbmc::same_allocation thread 0
aborting path on assume(false) at file der-verified/src/length.rs line 75 column 23 function length::decode_length thread 0
aborting path on assume(false) at file /home/runner/.rustup/toolchains/nightly-2025-11-21-x86_64-unknown-linux-gnu/lib/rustlib/src/rust/library/core/src/slice/index.rs line 435 column 5 function <std::ops::Range<usize> as std::slice::SliceIndex<[u8]>>::index thread 0
aborting path on assume(false) at file /home/runner/work/kani/kani/library/kani/src/lib.rs line 57 column 1 function kani::mem::cbmc::same_allocation thread 0
aborting path on assume(false) at file /home/runner/.rustup/toolchains/nightly-2025-11-21-x86_64-unknown-linux-gnu/lib/rustlib/src/rust/library/core/src/slice/index.rs line 40 column 9 function core::slice::index::slice_index_fail::do_panic::runtime thread 0
aborting path on assume(false) at file /home/runner/.rustup/toolchains/nightly-2025-11-21-x86_64-unknown-linux-gnu/lib/rustlib/src/rust/library/core/src/intrinsics/mod.rs line 2449 column 9 function core::slice::index::slice_index_fail::do_panic thread 0
aborting path on assume(false) at file /home/runner/.rustup/toolchains/nightly-2025-11-21-x86_64-unknown-linux-gnu/lib/rustlib/src/rust/library/core/src/panic.rs line 178 column 9 function core::slice::index::slice_index_fail thread 0
aborting path on assume(false) at file /home/runner/.rustup/toolchains/nightly-2025-11-21-x86_64-unknown-linux-gnu/lib/rustlib/src/rust/library/core/src/slice/index.rs line 49 column 9 function core::slice::index::slice_index_fail::do_panic::runtime thread 0
aborting path on assume(false) at file /home/runner/.rustup/toolchains/nightly-2025-11-21-x86_64-unknown-linux-gnu/lib/rustlib/src/rust/library/core/src/intrinsics/mod.rs line 2449 column 9 function core::slice::index::slice_index_fail::do_panic thread 0
aborting path on assume(false) at file /home/runner/.rustup/toolchains/nightly-2025-11-21-x86_64-unknown-linux-gnu/lib/rustlib/src/rust/library/core/src/panic.rs line 178 column 9 function core::slice::index::slice_index_fail thread 0
aborting path on assume(false) at file /home/runner/.rustup/toolchains/nightly-2025-11-21-x86_64-unknown-linux-gnu/lib/rustlib/src/rust/library/core/src/slice/index.rs line 58 column 9 function core::slice::index::slice_index_fail::do_panic::runtime thread 0
aborting path on assume(false) at file /home/runner/.rustup/toolchains/nightly-2025-11-21-x86_64-unknown-linux-gnu/lib/rustlib/src/rust/library/core/src/intrinsics/mod.rs line 2449 column 9 function core::slice::index::slice_index_fail::do_panic thread 0
aborting path on assume(false) at file /home/runner/.rustup/toolchains/nightly-2025-11-21-x86_64-unknown-linux-gnu/lib/rustlib/src/rust/library/core/src/panic.rs line 178 column 9 function core::slice::index::slice_index_fail thread 0
aborting path on assume(false) at file /home/runner/.rustup/toolchains/nightly-2025-11-21-x86_64-unknown-linux-gnu/lib/rustlib/src/rust/library/core/src/slice/index.rs line 68 column 5 function core::slice::index::slice_index_fail::do_panic::runtime thread 0
aborting path on assume(false) at file /home/runner/.rustup/toolchains/nightly-2025-11-21-x86_64-unknown-linux-gnu/lib/rustlib/src/rust/library/core/src/intrinsics/mod.rs line 2449 column 9 function core::slice::index::slice_index_fail::do_panic thread 0
aborting path on assume(false) at file /home/runner/.rustup/toolchains/nightly-2025-11-21-x86_64-unknown-linux-gnu/lib/rustlib/src/rust/library/core/src/panic.rs line 178 column 9 function core::slice::index::slice_index_fail thread 0
aborting path on assume(false) at file /home/runner/.rustup/toolchains/nightly-2025-11-21-x86_64-unknown-linux-gnu/lib/rustlib/src/rust/library/core/src/slice/index.rs line 443 column 13 function <std::ops::Range<usize> as std::slice::SliceIndex<[u8]>>::index thread 0
Unwinding loop _RNvNtCsjJ4BRyaQv62_12der_verified6length13decode_length.0 iteration 1 file der-verified/src/length.rs line 101 column 5 function length::decode_length thread 0
Unwinding loop _RNvNtCsjJ4BRyaQv62_12der_verified6length13decode_length.0 iteration 2 file der-verified/src/length.rs line 101 column 5 function length::decode_length thread 0
Unwinding loop _RNvNtCsjJ4BRyaQv62_12der_verified6length13decode_length.0 iteration 3 file der-verified/src/length.rs line 101 column 5 function length::decode_length thread 0
Unwinding loop _RNvNtCsjJ4BRyaQv62_12der_verified6length13decode_length.0 iteration 4 file der-verified/src/length.rs line 101 column 5 function length::decode_length thread 0
Unwinding loop _RNvNtCsjJ4BRyaQv62_12der_verified6length13decode_length.0 iteration 5 file der-verified/src/length.rs line 101 column 5 function length::decode_length thread 0
Unwinding loop _RNvNtCsjJ4BRyaQv62_12der_verified6length13decode_length.0 iteration 6 file der-verified/src/length.rs line 101 column 5 function length::decode_length thread 0
Unwinding loop _RNvNtCsjJ4BRyaQv62_12der_verified6length13decode_length.0 iteration 7 file der-verified/src/length.rs line 101 column 5 function length::decode_length thread 0
Unwinding loop _RNvNtCsjJ4BRyaQv62_12der_verified6length13decode_length.0 iteration 8 file der-verified/src/length.rs line 101 column 5 function length::decode_length thread 0
Unwinding loop _RNvNtCsjJ4BRyaQv62_12der_verified6length13decode_length.0 iteration 9 file der-verified/src/length.rs line 101 column 5 function length::decode_length thread 0
Unwinding loop _RNvNtCsjJ4BRyaQv62_12der_verified6length13decode_length.0 iteration 10 file der-verified/src/length.rs line 101 column 5 function length::decode_length thread 0
Unwinding loop _RNvNtCsjJ4BRyaQv62_12der_verified6length13decode_length.0 iteration 11 file der-verified/src/length.rs line 101 column 5 function length::decode_length thread 0
Not unwinding loop _RNvNtCsjJ4BRyaQv62_12der_verified6length13decode_length.0 iteration 12 file der-verified/src/length.rs line 101 column 5 function length::decode_length thread 0
aborting path on assume(false) at file /home/runner/.rustup/toolchains/nightly-2025-11-21-x86_64-unknown-linux-gnu/lib/rustlib/src/rust/library/core/src/result.rs line 966 column 15 function std::result::Result::<(u32, usize), length::LengthError>::map_err::<tlv::TlvError, {closure@der-verified/src/tlv.rs:73:69: 73:72}> thread 0
aborting path on assume(false) at file /home/runner/.rustup/toolchains/nightly-2025-11-21-x86_64-unknown-linux-gnu/lib/rustlib/src/rust/library/core/src/result.rs line 2173 column 15 function <std::result::Result<(u32, usize), tlv::TlvError> as std::ops::Try>::branch thread 0
aborting path on assume(false) at file der-verified/src/lib.rs line 0 column 0 function tlv::decode_tlv thread 0
aborting path on assume(false) at file /home/runner/.rustup/toolchains/nightly-2025-11-21-x86_64-unknown-linux-gnu/lib/rustlib/src/rust/library/core/src/slice/index.rs line 435 column 5 function <std::ops::Range<usize> as std::slice::SliceIndex<[u8]>>::index thread 0
aborting path on assume(false) at file /home/runner/work/kani/kani/library/kani_core/src/models.rs line 176 column 17 function <usize as kani::rustc_intrinsics::ToISize>::to_isize thread 0
aborting path on assume(false) at file /home/runner/work/kani/kani/library/kani/src/lib.rs line 57 column 1 function <usize as kani::rustc_intrinsics::ToISize>::to_isize thread 0
aborting path on assume(false) at file /home/runner/work/kani/kani/library/kani/src/lib.rs line 57 column 1 function <usize as kani::rustc_intrinsics::ToISize>::to_isize thread 0
aborting path on assume(false) at file /home/runner/work/kani/kani/library/kani/src/lib.rs line 57 column 1 function kani::mem::cbmc::same_allocation thread 0
aborting path on assume(false) at file /home/runner/.rustup/toolchains/nightly-2025-11-21-x86_64-unknown-linux-gnu/lib/rustlib/src/rust/library/core/src/slice/index.rs line 40 column 9 function core::slice::index::slice_index_fail::do_panic::runtime thread 0
aborting path on assume(false) at file /home/runner/.rustup/toolchains/nightly-2025-11-21-x86_64-unknown-linux-gnu/lib/rustlib/src/rust/library/core/src/intrinsics/mod.rs line 2449 column 9 function core::slice::index::slice_index_fail::do_panic thread 0
aborting path on assume(false) at file /home/runner/.rustup/toolchains/nightly-2025-11-21-x86_64-unknown-linux-gnu/lib/rustlib/src/rust/library/core/src/panic.rs line 178 column 9 function core::slice::index::slice_index_fail thread 0
aborting path on assume(false) at file /home/runner/.rustup/toolchains/nightly-2025-11-21-x86_64-unknown-linux-gnu/lib/rustlib/src/rust/library/core/src/slice/index.rs line 49 column 9 function core::slice::index::slice_index_fail::do_panic::runtime thread 0
aborting path on assume(false) at file /home/runner/.rustup/toolchains/nightly-2025-11-21-x86_64-unknown-linux-gnu/lib/rustlib/src/rust/library/core/src/intrinsics/mod.rs line 2449 column 9 function core::slice::index::slice_index_fail::do_panic thread 0
aborting path on assume(false) at file /home/runner/.rustup/toolchains/nightly-2025-11-21-x86_64-unknown-linux-gnu/lib/rustlib/src/rust/library/core/src/panic.rs line 178 column 9 function core::slice::index::slice_index_fail thread 0
aborting path on assume(false) at file /home/runner/.rustup/toolchains/nightly-2025-11-21-x86_64-unknown-linux-gnu/lib/rustlib/src/rust/library/core/src/slice/index.rs line 58 column 9 function core::slice::index::slice_index_fail::do_panic::runtime thread 0
aborting path on assume(false) at file /home/runner/.rustup/toolchains/nightly-2025-11-21-x86_64-unknown-linux-gnu/lib/rustlib/src/rust/library/core/src/intrinsics/mod.rs line 2449 column 9 function core::slice::index::slice_index_fail::do_panic thread 0
aborting path on assume(false) at file /home/runner/.rustup/toolchains/nightly-2025-11-21-x86_64-unknown-linux-gnu/lib/rustlib/src/rust/library/core/src/panic.rs line 178 column 9 function core::slice::index::slice_index_fail thread 0
aborting path on assume(false) at file /home/runner/.rustup/toolchains/nightly-2025-11-21-x86_64-unknown-linux-gnu/lib/rustlib/src/rust/library/core/src/slice/index.rs line 68 column 5 function core::slice::index::slice_index_fail::do_panic::runtime thread 0
aborting path on assume(false) at file /home/runner/.rustup/toolchains/nightly-2025-11-21-x86_64-unknown-linux-gnu/lib/rustlib/src/rust/library/core/src/intrinsics/mod.rs line 2449 column 9 function core::slice::index::slice_index_fail::do_panic thread 0
aborting path on assume(false) at file /home/runner/.rustup/toolchains/nightly-2025-11-21-x86_64-unknown-linux-gnu/lib/rustlib/src/rust/library/core/src/panic.rs line 178 column 9 function core::slice::index::slice_index_fail thread 0
aborting path on assume(false) at file /home/runner/.rustup/toolchains/nightly-2025-11-21-x86_64-unknown-linux-gnu/lib/rustlib/src/rust/library/core/src/slice/index.rs line 443 column 13 function <std::ops::Range<usize> as std::slice::SliceIndex<[u8]>>::index thread 0
Unwinding loop _RNvNtCsjJ4BRyaQv62_12der_verified3tag10decode_tag.0 iteration 1 file der-verified/src/tag.rs line 137 column 49 function tag::decode_tag thread 0
Unwinding loop _RNvNtCsjJ4BRyaQv62_12der_verified3tag10decode_tag.0 iteration 2 file der-verified/src/tag.rs line 137 column 49 function tag::decode_tag thread 0
Unwinding loop _RNvNtCsjJ4BRyaQv62_12der_verified3tag10decode_tag.0 iteration 3 file der-verified/src/tag.rs line 137 column 49 function tag::decode_tag thread 0
Unwinding loop _RNvNtCsjJ4BRyaQv62_12der_verified3tag10decode_tag.0 iteration 4 file der-verified/src/tag.rs line 137 column 49 function tag::decode_tag thread 0
Unwinding loop _RNvNtCsjJ4BRyaQv62_12der_verified3tag10decode_tag.0 iteration 5 file der-verified/src/tag.rs line 137 column 49 function tag::decode_tag thread 0
Unwinding loop _RNvNtCsjJ4BRyaQv62_12der_verified3tag10decode_tag.0 iteration 6 file der-verified/src/tag.rs line 137 column 49 function tag::decode_tag thread 0
Unwinding loop _RNvNtCsjJ4BRyaQv62_12der_verified3tag10decode_tag.0 iteration 7 file der-verified/src/tag.rs line 137 column 49 function tag::decode_tag thread 0
Unwinding loop _RNvNtCsjJ4BRyaQv62_12der_verified3tag10decode_tag.0 iteration 8 file der-verified/src/tag.rs line 137 column 49 function tag::decode_tag thread 0
Unwinding loop _RNvNtCsjJ4BRyaQv62_12der_verified3tag10decode_tag.0 iteration 9 file der-verified/src/tag.rs line 137 column 49 function tag::decode_tag thread 0
Unwinding loop _RNvNtCsjJ4BRyaQv62_12der_verified3tag10decode_tag.0 iteration 10 file der-verified/src/tag.rs line 137 column 49 function tag::decode_tag thread 0
Unwinding loop _RNvNtCsjJ4BRyaQv62_12der_verified3tag10decode_tag.0 iteration 11 file der-verified/src/tag.rs line 137 column 49 function tag::decode_tag thread 0
Not unwinding loop _RNvNtCsjJ4BRyaQv62_12der_verified3tag10decode_tag.0 iteration 12 file der-verified/src/tag.rs line 137 column 49 function tag::decode_tag thread 0
aborting path on assume(false) at file /home/runner/.rustup/toolchains/nightly-2025-11-21-x86_64-unknown-linux-gnu/lib/rustlib/src/rust/library/core/src/result.rs line 2173 column 15 function <std::result::Result<(u32, usize), tag::TagError> as std::ops::Try>::branch thread 0
aborting path on assume(false) at file der-verified/src/lib.rs line 0 column 0 function tag::decode_tag thread 0
aborting path on assume(false) at file /home/runner/.rustup/toolchains/nightly-2025-11-21-x86_64-unknown-linux-gnu/lib/rustlib/src/rust/library/core/src/result.rs line 966 column 15 function std::result::Result::<(tag::Tag, usize), tag::TagError>::map_err::<tlv::TlvError, {closure@der-verified/src/tlv.rs:71:51: 71:54}> thread 0
aborting path on assume(false) at file /home/runner/.rustup/toolchains/nightly-2025-11-21-x86_64-unknown-linux-gnu/lib/rustlib/src/rust/library/core/src/result.rs line 2173 column 15 function <std::result::Result<(tag::Tag, usize), tlv::TlvError> as std::ops::Try>::branch thread 0
aborting path on assume(false) at file /home/runner/.rustup/toolchains/nightly-2025-11-21-x86_64-unknown-linux-gnu/lib/rustlib/src/rust/library/core/src/slice/index.rs line 40 column 9 function core::slice::index::slice_index_fail::do_panic::runtime thread 0
aborting path on assume(false) at file /home/runner/.rustup/toolchains/nightly-2025-11-21-x86_64-unknown-linux-gnu/lib/rustlib/src/rust/library/core/src/intrinsics/mod.rs line 2449 column 9 function core::slice::index::slice_index_fail::do_panic thread 0
aborting path on assume(false) at file /home/runner/.rustup/toolchains/nightly-2025-11-21-x86_64-unknown-linux-gnu/lib/rustlib/src/rust/library/core/src/panic.rs line 178 column 9 function core::slice::index::slice_index_fail thread 0
aborting path on assume(false) at file /home/runner/.rustup/toolchains/nightly-2025-11-21-x86_64-unknown-linux-gnu/lib/rustlib/src/rust/library/core/src/slice/index.rs line 49 column 9 function core::slice::index::slice_index_fail::do_panic::runtime thread 0
aborting path on assume(false) at file /home/runner/.rustup/toolchains/nightly-2025-11-21-x86_64-unknown-linux-gnu/lib/rustlib/src/rust/library/core/src/intrinsics/mod.rs line 2449 column 9 function core::slice::index::slice_index_fail::do_panic thread 0
aborting path on assume(false) at file /home/runner/.rustup/toolchains/nightly-2025-11-21-x86_64-unknown-linux-gnu/lib/rustlib/src/rust/library/core/src/panic.rs line 178 column 9 function core::slice::index::slice_index_fail thread 0
aborting path on assume(false) at file /home/runner/.rustup/toolchains/nightly-2025-11-21-x86_64-unknown-linux-gnu/lib/rustlib/src/rust/library/core/src/slice/index.rs line 58 column 9 function core::slice::index::slice_index_fail::do_panic::runtime thread 0
aborting path on assume(false) at file /home/runner/.rustup/toolchains/nightly-2025-11-21-x86_64-unknown-linux-gnu/lib/rustlib/src/rust/library/core/src/intrinsics/mod.rs line 2449 column 9 function core::slice::index::slice_index_fail::do_panic thread 0
aborting path on assume(false) at file /home/runner/.rustup/toolchains/nightly-2025-11-21-x86_64-unknown-linux-gnu/lib/rustlib/src/rust/library/core/src/panic.rs line 178 column 9 function core::slice::index::slice_index_fail thread 0
aborting path on assume(false) at file /home/runner/.rustup/toolchains/nightly-2025-11-21-x86_64-unknown-linux-gnu/lib/rustlib/src/rust/library/core/src/slice/index.rs line 68 column 5 function core::slice::index::slice_index_fail::do_panic::runtime thread 0
aborting path on assume(false) at file /home/runner/.rustup/toolchains/nightly-2025-11-21-x86_64-unknown-linux-gnu/lib/rustlib/src/rust/library/core/src/intrinsics/mod.rs line 2449 column 9 function core::slice::index::slice_index_fail::do_panic thread 0
aborting path on assume(false) at file /home/runner/.rustup/toolchains/nightly-2025-11-21-x86_64-unknown-linux-gnu/lib/rustlib/src/rust/library/core/src/panic.rs line 178 column 9 function core::slice::index::slice_index_fail thread 0
aborting path on assume(false) at file /home/runner/.rustup/toolchains/nightly-2025-11-21-x86_64-unknown-linux-gnu/lib/rustlib/src/rust/library/core/src/slice/index.rs line 569 column 13 function <std::ops::RangeFrom<usize> as std::slice::SliceIndex<[u8]>>::index thread 0
aborting path on assume(false) at file /home/runner/work/kani/kani/library/kani_core/src/models.rs line 176 column 17 function <usize as kani::rustc_intrinsics::ToISize>::to_isize thread 0
aborting path on assume(false) at file /home/runner/work/kani/kani/library/kani/src/lib.rs line 57 column 1 function <usize as kani::rustc_intrinsics::ToISize>::to_isize thread 0
aborting path on assume(false) at file /home/runner/work/kani/kani/library/kani/src/lib.rs line 57 column 1 function <usize as kani::rustc_intrinsics::ToISize>::to_isize thread 0
aborting path on assume(false) at file /home/runner/work/kani/kani/library/kani/src/lib.rs line 57 column 1 function kani::mem::cbmc::same_allocation thread 0
aborting path on assume(false) at file der-verified/src/length.rs line 75 column 23 function length::decode_length thread 0
aborting path on assume(false) at file /home/runner/.rustup/toolchains/nightly-2025-11-21-x86_64-unknown-linux-gnu/lib/rustlib/src/rust/library/core/src/slice/index.rs line 435 column 5 function <std::ops::Range<usize> as std::slice::SliceIndex<[u8]>>::index thread 0
aborting path on assume(false) at file /home/runner/work/kani/kani/library/kani/src/lib.rs line 57 column 1 function kani::mem::cbmc::same_allocation thread 0
aborting path on assume(false) at file /home/runner/.rustup/toolchains/nightly-2025-11-21-x86_64-unknown-linux-gnu/lib/rustlib/src/rust/library/core/src/slice/index.rs line 40 column 9 function core::slice::index::slice_index_fail::do_panic::runtime thread 0
aborting path on assume(false) at file /home/runner/.rustup/toolchains/nightly-2025-11-21-x86_64-unknown-linux-gnu/lib/rustlib/src/rust/library/core/src/intrinsics/mod.rs line 2449 column 9 function core::slice::index::slice_index_fail::do_panic thread 0
aborting path on assume(false) at file /home/runner/.rustup/toolchains/nightly-2025-11-21-x86_64-unknown-linux-gnu/lib/rustlib/src/rust/library/core/src/panic.rs line 178 column 9 function core::slice::index::slice_index_fail thread 0
aborting path on assume(false) at file /home/runner/.rustup/toolchains/nightly-2025-11-21-x86_64-unknown-linux-gnu/lib/rustlib/src/rust/library/core/src/slice/index.rs line 49 column 9 function core::slice::index::slice_index_fail::do_panic::runtime thread 0
aborting path on assume(false) at file /home/runner/.rustup/toolchains/nightly-2025-11-21-x86_64-unknown-linux-gnu/lib/rustlib/src/rust/library/core/src/intrinsics/mod.rs line 2449 column 9 function core::slice::index::slice_index_fail::do_panic thread 0
aborting path on assume(false) at file /home/runner/.rustup/toolchains/nightly-2025-11-21-x86_64-unknown-linux-gnu/lib/rustlib/src/rust/library/core/src/panic.rs line 178 column 9 function core::slice::index::slice_index_fail thread 0
aborting path on assume(false) at file /home/runner/.rustup/toolchains/nightly-2025-11-21-x86_64-unknown-linux-gnu/lib/rustlib/src/rust/library/core/src/slice/index.rs line 58 column 9 function core::slice::index::slice_index_fail::do_panic::runtime thread 0
aborting path on assume(false) at file /home/runner/.rustup/toolchains/nightly-2025-11-21-x86_64-unknown-linux-gnu/lib/rustlib/src/rust/library/core/src/intrinsics/mod.rs line 2449 column 9 function core::slice::index::slice_index_fail::do_panic thread 0
aborting path on assume(false) at file /home/runner/.rustup/toolchains/nightly-2025-11-21-x86_64-unknown-linux-gnu/lib/rustlib/src/rust/library/core/src/panic.rs line 178 column 9 function core::slice::index::slice_index_fail thread 0
aborting path on assume(false) at file /home/runner/.rustup/toolchains/nightly-2025-11-21-x86_64-unknown-linux-gnu/lib/rustlib/src/rust/library/core/src/slice/index.rs line 68 column 5 function core::slice::index::slice_index_fail::do_panic::runtime thread 0
aborting path on assume(false) at file /home/runner/.rustup/toolchains/nightly-2025-11-21-x86_64-unknown-linux-gnu/lib/rustlib/src/rust/library/core/src/intrinsics/mod.rs line 2449 column 9 function core::slice::index::slice_index_fail::do_panic thread 0
aborting path on assume(false) at file /home/runner/.rustup/toolchains/nightly-2025-11-21-x86_64-unknown-linux-gnu/lib/rustlib/src/rust/library/core/src/panic.rs line 178 column 9 function core::slice::index::slice_index_fail thread 0
aborting path on assume(false) at file /home/runner/.rustup/toolchains/nightly-2025-11-21-x86_64-unknown-linux-gnu/lib/rustlib/src/rust/library/core/src/slice/index.rs line 443 column 13 function <std::ops::Range<usize> as std::slice::SliceIndex<[u8]>>::index thread 0
Unwinding loop _RNvNtCsjJ4BRyaQv62_12der_verified6length13decode_length.0 iteration 1 file der-verified/src/length.rs line 101 column 5 function length::decode_length thread 0
Unwinding loop _RNvNtCsjJ4BRyaQv62_12der_verified6length13decode_length.0 iteration 2 file der-verified/src/length.rs line 101 column 5 function length::decode_length thread 0
Unwinding loop _RNvNtCsjJ4BRyaQv62_12der_verified6length13decode_length.0 iteration 3 file der-verified/src/length.rs line 101 column 5 function length::decode_length thread 0
Unwinding loop _RNvNtCsjJ4BRyaQv62_12der_verified6length13decode_length.0 iteration 4 file der-verified/src/length.rs line 101 column 5 function length::decode_length thread 0
Unwinding loop _RNvNtCsjJ4BRyaQv62_12der_verified6length13decode_length.0 iteration 5 file der-verified/src/length.rs line 101 column 5 function length::decode_length thread 0
Unwinding loop _RNvNtCsjJ4BRyaQv62_12der_verified6length13decode_length.0 iteration 6 file der-verified/src/length.rs line 101 column 5 function length::decode_length thread 0
Unwinding loop _RNvNtCsjJ4BRyaQv62_12der_verified6length13decode_length.0 iteration 7 file der-verified/src/length.rs line 101 column 5 function length::decode_length thread 0
Unwinding loop _RNvNtCsjJ4BRyaQv62_12der_verified6length13decode_length.0 iteration 8 file der-verified/src/length.rs line 101 column 5 function length::decode_length thread 0
Unwinding loop _RNvNtCsjJ4BRyaQv62_12der_verified6length13decode_length.0 iteration 9 file der-verified/src/length.rs line 101 column 5 function length::decode_length thread 0
Unwinding loop _RNvNtCsjJ4BRyaQv62_12der_verified6length13decode_length.0 iteration 10 file der-verified/src/length.rs line 101 column 5 function length::decode_length thread 0
Unwinding loop _RNvNtCsjJ4BRyaQv62_12der_verified6length13decode_length.0 iteration 11 file der-verified/src/length.rs line 101 column 5 function length::decode_length thread 0
Not unwinding loop _RNvNtCsjJ4BRyaQv62_12der_verified6length13decode_length.0 iteration 12 file der-verified/src/length.rs line 101 column 5 function length::decode_length thread 0
aborting path on assume(false) at file /home/runner/.rustup/toolchains/nightly-2025-11-21-x86_64-unknown-linux-gnu/lib/rustlib/src/rust/library/core/src/result.rs line 966 column 15 function std::result::Result::<(u32, usize), length::LengthError>::map_err::<tlv::TlvError, {closure@der-verified/src/tlv.rs:73:69: 73:72}> thread 0
aborting path on assume(false) at file /home/runner/.rustup/toolchains/nightly-2025-11-21-x86_64-unknown-linux-gnu/lib/rustlib/src/rust/library/core/src/result.rs line 2173 column 15 function <std::result::Result<(u32, usize), tlv::TlvError> as std::ops::Try>::branch thread 0
aborting path on assume(false) at file der-verified/src/lib.rs line 0 column 0 function tlv::decode_tlv thread 0
aborting path on assume(false) at file /home/runner/.rustup/toolchains/nightly-2025-11-21-x86_64-unknown-linux-gnu/lib/rustlib/src/rust/library/core/src/slice/index.rs line 435 column 5 function <std::ops::Range<usize> as std::slice::SliceIndex<[u8]>>::index thread 0
aborting path on assume(false) at file /home/runner/work/kani/kani/library/kani_core/src/models.rs line 176 column 17 function <usize as kani::rustc_intrinsics::ToISize>::to_isize thread 0
aborting path on assume(false) at file /home/runner/work/kani/kani/library/kani/src/lib.rs line 57 column 1 function <usize as kani::rustc_intrinsics::ToISize>::to_isize thread 0
aborting path on assume(false) at file /home/runner/work/kani/kani/library/kani/src/lib.rs line 57 column 1 function <usize as kani::rustc_intrinsics::ToISize>::to_isize thread 0
aborting path on assume(false) at file /home/runner/work/kani/kani/library/kani/src/lib.rs line 57 column 1 function kani::mem::cbmc::same_allocation thread 0
aborting path on assume(false) at file /home/runner/.rustup/toolchains/nightly-2025-11-21-x86_64-unknown-linux-gnu/lib/rustlib/src/rust/library/core/src/slice/index.rs line 40 column 9 function core::slice::index::slice_index_fail::do_panic::runtime thread 0
aborting path on assume(false) at file /home/runner/.rustup/toolchains/nightly-2025-11-21-x86_64-unknown-linux-gnu/lib/rustlib/src/rust/library/core/src/intrinsics/mod.rs line 2449 column 9 function core::slice::index::slice_index_fail::do_panic thread 0
aborting path on assume(false) at file /home/runner/.rustup/toolchains/nightly-2025-11-21-x86_64-unknown-linux-gnu/lib/rustlib/src/rust/library/core/src/panic.rs line 178 column 9 function core::slice::index::slice_index_fail thread 0
aborting path on assume(false) at file /home/runner/.rustup/toolchains/nightly-2025-11-21-x86_64-unknown-linux-gnu/lib/rustlib/src/rust/library/core/src/slice/index.rs line 49 column 9 function core::slice::index::slice_index_fail::do_panic::runtime thread 0
aborting path on assume(false) at file /home/runner/.rustup/toolchains/nightly-2025-11-21-x86_64-unknown-linux-gnu/lib/rustlib/src/rust/library/core/src/intrinsics/mod.rs line 2449 column 9 function core::slice::index::slice_index_fail::do_panic thread 0
aborting path on assume(false) at file /home/runner/.rustup/toolchains/nightly-2025-11-21-x86_64-unknown-linux-gnu/lib/rustlib/src/rust/library/core/src/panic.rs line 178 column 9 function core::slice::index::slice_index_fail thread 0
aborting path on assume(false) at file /home/runner/.rustup/toolchains/nightly-2025-11-21-x86_64-unknown-linux-gnu/lib/rustlib/src/rust/library/core/src/slice/index.rs line 58 column 9 function core::slice::index::slice_index_fail::do_panic::runtime thread 0
aborting path on assume(false) at file /home/runner/.rustup/toolchains/nightly-2025-11-21-x86_64-unknown-linux-gnu/lib/rustlib/src/rust/library/core/src/intrinsics/mod.rs line 2449 column 9 function core::slice::index::slice_index_fail::do_panic thread 0
aborting path on assume(false) at file /home/runner/.rustup/toolchains/nightly-2025-11-21-x86_64-unknown-linux-gnu/lib/rustlib/src/rust/library/core/src/panic.rs line 178 column 9 function core::slice::index::slice_index_fail thread 0
aborting path on assume(false) at file /home/runner/.rustup/toolchains/nightly-2025-11-21-x86_64-unknown-linux-gnu/lib/rustlib/src/rust/library/core/src/slice/index.rs line 68 column 5 function core::slice::index::slice_index_fail::do_panic::runtime thread 0
aborting path on assume(false) at file /home/runner/.rustup/toolchains/nightly-2025-11-21-x86_64-unknown-linux-gnu/lib/rustlib/src/rust/library/core/src/intrinsics/mod.rs line 2449 column 9 function core::slice::index::slice_index_fail::do_panic thread 0
aborting path on assume(false) at file /home/runner/.rustup/toolchains/nightly-2025-11-21-x86_64-unknown-linux-gnu/lib/rustlib/src/rust/library/core/src/panic.rs line 178 column 9 function core::slice::index::slice_index_fail thread 0
aborting path on assume(false) at file /home/runner/.rustup/toolchains/nightly-2025-11-21-x86_64-unknown-linux-gnu/lib/rustlib/src/rust/library/core/src/slice/index.rs line 443 column 13 function <std::ops::Range<usize> as std::slice::SliceIndex<[u8]>>::index thread 0
aborting path on assume(false) at file /home/runner/.rustup/toolchains/nightly-2025-11-21-x86_64-unknown-linux-gnu/lib/rustlib/src/rust/library/core/src/result.rs line 966 column 15 function std::result::Result::<(tlv::Tlv<'_>, usize), tlv::TlvError>::map_err::<context_tag::ContextTagError, fn(tlv::TlvError) -> context_tag::ContextTagError {context_tag::ContextTagError::BadTlv}> thread 0
aborting path on assume(false) at file /home/runner/.rustup/toolchains/nightly-2025-11-21-x86_64-unknown-linux-gnu/lib/rustlib/src/rust/library/core/src/result.rs line 2173 column 15 function <std::result::Result<(tlv::Tlv<'_>, usize), context_tag::ContextTagError> as std::ops::Try>::branch thread 0
aborting path on assume(false) at file der-verified/src/context_tag.rs line 76 column 23 function context_tag::decode_explicit_context thread 0
aborting path on assume(false) at file /home/runner/.rustup/toolchains/nightly-2025-11-21-x86_64-unknown-linux-gnu/lib/rustlib/src/rust/library/core/src/result.rs line 966 column 15 function std::result::Result::<(&[u8], usize), context_tag::ContextTagError>::map_err::<x509_tbs_certificate::TbsCertificateError, fn(context_tag::ContextTagError) -> x509_tbs_certificate::TbsCertificateError {x509_tbs_certificate::TbsCertificateError::BadVersionTag}> thread 0
aborting path on assume(false) at file /home/runner/.rustup/toolchains/nightly-2025-11-21-x86_64-unknown-linux-gnu/lib/rustlib/src/rust/library/core/src/result.rs line 2173 column 15 function <std::result::Result<(&[u8], usize), x509_tbs_certificate::TbsCertificateError> as std::ops::Try>::branch thread 0
Unwinding loop _RNvNtCsjJ4BRyaQv62_12der_verified3tag10decode_tag.0 iteration 1 file der-verified/src/tag.rs line 137 column 49 function tag::decode_tag thread 0
Unwinding loop _RNvNtCsjJ4BRyaQv62_12der_verified3tag10decode_tag.0 iteration 2 file der-verified/src/tag.rs line 137 column 49 function tag::decode_tag thread 0
Unwinding loop _RNvNtCsjJ4BRyaQv62_12der_verified3tag10decode_tag.0 iteration 3 file der-verified/src/tag.rs line 137 column 49 function tag::decode_tag thread 0
Unwinding loop _RNvNtCsjJ4BRyaQv62_12der_verified3tag10decode_tag.0 iteration 4 file der-verified/src/tag.rs line 137 column 49 function tag::decode_tag thread 0
Unwinding loop _RNvNtCsjJ4BRyaQv62_12der_verified3tag10decode_tag.0 iteration 5 file der-verified/src/tag.rs line 137 column 49 function tag::decode_tag thread 0
Unwinding loop _RNvNtCsjJ4BRyaQv62_12der_verified3tag10decode_tag.0 iteration 6 file der-verified/src/tag.rs line 137 column 49 function tag::decode_tag thread 0
Unwinding loop _RNvNtCsjJ4BRyaQv62_12der_verified3tag10decode_tag.0 iteration 7 file der-verified/src/tag.rs line 137 column 49 function tag::decode_tag thread 0
Unwinding loop _RNvNtCsjJ4BRyaQv62_12der_verified3tag10decode_tag.0 iteration 8 file der-verified/src/tag.rs line 137 column 49 function tag::decode_tag thread 0
Unwinding loop _RNvNtCsjJ4BRyaQv62_12der_verified3tag10decode_tag.0 iteration 9 file der-verified/src/tag.rs line 137 column 49 function tag::decode_tag thread 0
Unwinding loop _RNvNtCsjJ4BRyaQv62_12der_verified3tag10decode_tag.0 iteration 10 file der-verified/src/tag.rs line 137 column 49 function tag::decode_tag thread 0
Unwinding loop _RNvNtCsjJ4BRyaQv62_12der_verified3tag10decode_tag.0 iteration 11 file der-verified/src/tag.rs line 137 column 49 function tag::decode_tag thread 0
Not unwinding loop _RNvNtCsjJ4BRyaQv62_12der_verified3tag10decode_tag.0 iteration 12 file der-verified/src/tag.rs line 137 column 49 function tag::decode_tag thread 0
aborting path on assume(false) at file /home/runner/.rustup/toolchains/nightly-2025-11-21-x86_64-unknown-linux-gnu/lib/rustlib/src/rust/library/core/src/result.rs line 2173 column 15 function <std::result::Result<(u32, usize), tag::TagError> as std::ops::Try>::branch thread 0
aborting path on assume(false) at file der-verified/src/lib.rs line 0 column 0 function tag::decode_tag thread 0
aborting path on assume(false) at file /home/runner/.rustup/toolchains/nightly-2025-11-21-x86_64-unknown-linux-gnu/lib/rustlib/src/rust/library/core/src/result.rs line 966 column 15 function std::result::Result::<(tag::Tag, usize), tag::TagError>::map_err::<tlv::TlvError, {closure@der-verified/src/tlv.rs:71:51: 71:54}> thread 0
aborting path on assume(false) at file /home/runner/.rustup/toolchains/nightly-2025-11-21-x86_64-unknown-linux-gnu/lib/rustlib/src/rust/library/core/src/result.rs line 2173 column 15 function <std::result::Result<(tag::Tag, usize), tlv::TlvError> as std::ops::Try>::branch thread 0
aborting path on assume(false) at file /home/runner/.rustup/toolchains/nightly-2025-11-21-x86_64-unknown-linux-gnu/lib/rustlib/src/rust/library/core/src/slice/index.rs line 40 column 9 function core::slice::index::slice_index_fail::do_panic::runtime thread 0
aborting path on assume(false) at file /home/runner/.rustup/toolchains/nightly-2025-11-21-x86_64-unknown-linux-gnu/lib/rustlib/src/rust/library/core/src/intrinsics/mod.rs line 2449 column 9 function core::slice::index::slice_index_fail::do_panic thread 0
aborting path on assume(false) at file /home/runner/.rustup/toolchains/nightly-2025-11-21-x86_64-unknown-linux-gnu/lib/rustlib/src/rust/library/core/src/panic.rs line 178 column 9 function core::slice::index::slice_index_fail thread 0
aborting path on assume(false) at file /home/runner/.rustup/toolchains/nightly-2025-11-21-x86_64-unknown-linux-gnu/lib/rustlib/src/rust/library/core/src/slice/index.rs line 49 column 9 function core::slice::index::slice_index_fail::do_panic::runtime thread 0
aborting path on assume(false) at file /home/runner/.rustup/toolchains/nightly-2025-11-21-x86_64-unknown-linux-gnu/lib/rustlib/src/rust/library/core/src/intrinsics/mod.rs line 2449 column 9 function core::slice::index::slice_index_fail::do_panic thread 0
aborting path on assume(false) at file /home/runner/.rustup/toolchains/nightly-2025-11-21-x86_64-unknown-linux-gnu/lib/rustlib/src/rust/library/core/src/panic.rs line 178 column 9 function core::slice::index::slice_index_fail thread 0
aborting path on assume(false) at file /home/runner/.rustup/toolchains/nightly-2025-11-21-x86_64-unknown-linux-gnu/lib/rustlib/src/rust/library/core/src/slice/index.rs line 58 column 9 function core::slice::index::slice_index_fail::do_panic::runtime thread 0
aborting path on assume(false) at file /home/runner/.rustup/toolchains/nightly-2025-11-21-x86_64-unknown-linux-gnu/lib/rustlib/src/rust/library/core/src/intrinsics/mod.rs line 2449 column 9 function core::slice::index::slice_index_fail::do_panic thread 0
aborting path on assume(false) at file /home/runner/.rustup/toolchains/nightly-2025-11-21-x86_64-unknown-linux-gnu/lib/rustlib/src/rust/library/core/src/panic.rs line 178 column 9 function core::slice::index::slice_index_fail thread 0
aborting path on assume(false) at file /home/runner/.rustup/toolchains/nightly-2025-11-21-x86_64-unknown-linux-gnu/lib/rustlib/src/rust/library/core/src/slice/index.rs line 68 column 5 function core::slice::index::slice_index_fail::do_panic::runtime thread 0
aborting path on assume(false) at file /home/runner/.rustup/toolchains/nightly-2025-11-21-x86_64-unknown-linux-gnu/lib/rustlib/src/rust/library/core/src/intrinsics/mod.rs line 2449 column 9 function core::slice::index::slice_index_fail::do_panic thread 0
aborting path on assume(false) at file /home/runner/.rustup/toolchains/nightly-2025-11-21-x86_64-unknown-linux-gnu/lib/rustlib/src/rust/library/core/src/panic.rs line 178 column 9 function core::slice::index::slice_index_fail thread 0
aborting path on assume(false) at file /home/runner/.rustup/toolchains/nightly-2025-11-21-x86_64-unknown-linux-gnu/lib/rustlib/src/rust/library/core/src/slice/index.rs line 569 column 13 function <std::ops::RangeFrom<usize> as std::slice::SliceIndex<[u8]>>::index thread 0
aborting path on assume(false) at file /home/runner/work/kani/kani/library/kani_core/src/models.rs line 176 column 17 function <usize as kani::rustc_intrinsics::ToISize>::to_isize thread 0
aborting path on assume(false) at file /home/runner/work/kani/kani/library/kani/src/lib.rs line 57 column 1 function <usize as kani::rustc_intrinsics::ToISize>::to_isize thread 0
aborting path on assume(false) at file /home/runner/work/kani/kani/library/kani/src/lib.rs line 57 column 1 function <usize as kani::rustc_intrinsics::ToISize>::to_isize thread 0
aborting path on assume(false) at file /home/runner/work/kani/kani/library/kani/src/lib.rs line 57 column 1 function kani::mem::cbmc::same_allocation thread 0
aborting path on assume(false) at file der-verified/src/length.rs line 75 column 23 function length::decode_length thread 0
aborting path on assume(false) at file /home/runner/.rustup/toolchains/nightly-2025-11-21-x86_64-unknown-linux-gnu/lib/rustlib/src/rust/library/core/src/slice/index.rs line 435 column 5 function <std::ops::Range<usize> as std::slice::SliceIndex<[u8]>>::index thread 0
aborting path on assume(false) at file /home/runner/work/kani/kani/library/kani/src/lib.rs line 57 column 1 function kani::mem::cbmc::same_allocation thread 0
aborting path on assume(false) at file /home/runner/.rustup/toolchains/nightly-2025-11-21-x86_64-unknown-linux-gnu/lib/rustlib/src/rust/library/core/src/slice/index.rs line 40 column 9 function core::slice::index::slice_index_fail::do_panic::runtime thread 0
aborting path on assume(false) at file /home/runner/.rustup/toolchains/nightly-2025-11-21-x86_64-unknown-linux-gnu/lib/rustlib/src/rust/library/core/src/intrinsics/mod.rs line 2449 column 9 function core::slice::index::slice_index_fail::do_panic thread 0
aborting path on assume(false) at file /home/runner/.rustup/toolchains/nightly-2025-11-21-x86_64-unknown-linux-gnu/lib/rustlib/src/rust/library/core/src/panic.rs line 178 column 9 function core::slice::index::slice_index_fail thread 0
aborting path on assume(false) at file /home/runner/.rustup/toolchains/nightly-2025-11-21-x86_64-unknown-linux-gnu/lib/rustlib/src/rust/library/core/src/slice/index.rs line 49 column 9 function core::slice::index::slice_index_fail::do_panic::runtime thread 0
aborting path on assume(false) at file /home/runner/.rustup/toolchains/nightly-2025-11-21-x86_64-unknown-linux-gnu/lib/rustlib/src/rust/library/core/src/intrinsics/mod.rs line 2449 column 9 function core::slice::index::slice_index_fail::do_panic thread 0
aborting path on assume(false) at file /home/runner/.rustup/toolchains/nightly-2025-11-21-x86_64-unknown-linux-gnu/lib/rustlib/src/rust/library/core/src/panic.rs line 178 column 9 function core::slice::index::slice_index_fail thread 0
aborting path on assume(false) at file /home/runner/.rustup/toolchains/nightly-2025-11-21-x86_64-unknown-linux-gnu/lib/rustlib/src/rust/library/core/src/slice/index.rs line 58 column 9 function core::slice::index::slice_index_fail::do_panic::runtime thread 0
aborting path on assume(false) at file /home/runner/.rustup/toolchains/nightly-2025-11-21-x86_64-unknown-linux-gnu/lib/rustlib/src/rust/library/core/src/intrinsics/mod.rs line 2449 column 9 function core::slice::index::slice_index_fail::do_panic thread 0
aborting path on assume(false) at file /home/runner/.rustup/toolchains/nightly-2025-11-21-x86_64-unknown-linux-gnu/lib/rustlib/src/rust/library/core/src/panic.rs line 178 column 9 function core::slice::index::slice_index_fail thread 0
aborting path on assume(false) at file /home/runner/.rustup/toolchains/nightly-2025-11-21-x86_64-unknown-linux-gnu/lib/rustlib/src/rust/library/core/src/slice/index.rs line 68 column 5 function core::slice::index::slice_index_fail::do_panic::runtime thread 0
aborting path on assume(false) at file /home/runner/.rustup/toolchains/nightly-2025-11-21-x86_64-unknown-linux-gnu/lib/rustlib/src/rust/library/core/src/intrinsics/mod.rs line 2449 column 9 function core::slice::index::slice_index_fail::do_panic thread 0
aborting path on assume(false) at file /home/runner/.rustup/toolchains/nightly-2025-11-21-x86_64-unknown-linux-gnu/lib/rustlib/src/rust/library/core/src/panic.rs line 178 column 9 function core::slice::index::slice_index_fail thread 0
aborting path on assume(false) at file /home/runner/.rustup/toolchains/nightly-2025-11-21-x86_64-unknown-linux-gnu/lib/rustlib/src/rust/library/core/src/slice/index.rs line 443 column 13 function <std::ops::Range<usize> as std::slice::SliceIndex<[u8]>>::index thread 0
Unwinding loop _RNvNtCsjJ4BRyaQv62_12der_verified6length13decode_length.0 iteration 1 file der-verified/src/length.rs line 101 column 5 function length::decode_length thread 0
Unwinding loop _RNvNtCsjJ4BRyaQv62_12der_verified6length13decode_length.0 iteration 2 file der-verified/src/length.rs line 101 column 5 function length::decode_length thread 0
Unwinding loop _RNvNtCsjJ4BRyaQv62_12der_verified6length13decode_length.0 iteration 3 file der-verified/src/length.rs line 101 column 5 function length::decode_length thread 0
Unwinding loop _RNvNtCsjJ4BRyaQv62_12der_verified6length13decode_length.0 iteration 4 file der-verified/src/length.rs line 101 column 5 function length::decode_length thread 0
Unwinding loop _RNvNtCsjJ4BRyaQv62_12der_verified6length13decode_length.0 iteration 5 file der-verified/src/length.rs line 101 column 5 function length::decode_length thread 0
Unwinding loop _RNvNtCsjJ4BRyaQv62_12der_verified6length13decode_length.0 iteration 6 file der-verified/src/length.rs line 101 column 5 function length::decode_length thread 0
Unwinding loop _RNvNtCsjJ4BRyaQv62_12der_verified6length13decode_length.0 iteration 7 file der-verified/src/length.rs line 101 column 5 function length::decode_length thread 0
Unwinding loop _RNvNtCsjJ4BRyaQv62_12der_verified6length13decode_length.0 iteration 8 file der-verified/src/length.rs line 101 column 5 function length::decode_length thread 0
Unwinding loop _RNvNtCsjJ4BRyaQv62_12der_verified6length13decode_length.0 iteration 9 file der-verified/src/length.rs line 101 column 5 function length::decode_length thread 0
Unwinding loop _RNvNtCsjJ4BRyaQv62_12der_verified6length13decode_length.0 iteration 10 file der-verified/src/length.rs line 101 column 5 function length::decode_length thread 0
Unwinding loop _RNvNtCsjJ4BRyaQv62_12der_verified6length13decode_length.0 iteration 11 file der-verified/src/length.rs line 101 column 5 function length::decode_length thread 0
Not unwinding loop _RNvNtCsjJ4BRyaQv62_12der_verified6length13decode_length.0 iteration 12 file der-verified/src/length.rs line 101 column 5 function length::decode_length thread 0
aborting path on assume(false) at file /home/runner/.rustup/toolchains/nightly-2025-11-21-x86_64-unknown-linux-gnu/lib/rustlib/src/rust/library/core/src/result.rs line 966 column 15 function std::result::Result::<(u32, usize), length::LengthError>::map_err::<tlv::TlvError, {closure@der-verified/src/tlv.rs:73:69: 73:72}> thread 0
aborting path on assume(false) at file /home/runner/.rustup/toolchains/nightly-2025-11-21-x86_64-unknown-linux-gnu/lib/rustlib/src/rust/library/core/src/result.rs line 2173 column 15 function <std::result::Result<(u32, usize), tlv::TlvError> as std::ops::Try>::branch thread 0
aborting path on assume(false) at file der-verified/src/lib.rs line 0 column 0 function tlv::decode_tlv thread 0
aborting path on assume(false) at file /home/runner/.rustup/toolchains/nightly-2025-11-21-x86_64-unknown-linux-gnu/lib/rustlib/src/rust/library/core/src/slice/index.rs line 435 column 5 function <std::ops::Range<usize> as std::slice::SliceIndex<[u8]>>::index thread 0
aborting path on assume(false) at file /home/runner/work/kani/kani/library/kani_core/src/models.rs line 176 column 17 function <usize as kani::rustc_intrinsics::ToISize>::to_isize thread 0
aborting path on assume(false) at file /home/runner/work/kani/kani/library/kani/src/lib.rs line 57 column 1 function <usize as kani::rustc_intrinsics::ToISize>::to_isize thread 0
aborting path on assume(false) at file /home/runner/work/kani/kani/library/kani/src/lib.rs line 57 column 1 function <usize as kani::rustc_intrinsics::ToISize>::to_isize thread 0
aborting path on assume(false) at file /home/runner/work/kani/kani/library/kani/src/lib.rs line 57 column 1 function kani::mem::cbmc::same_allocation thread 0
aborting path on assume(false) at file /home/runner/.rustup/toolchains/nightly-2025-11-21-x86_64-unknown-linux-gnu/lib/rustlib/src/rust/library/core/src/slice/index.rs line 40 column 9 function core::slice::index::slice_index_fail::do_panic::runtime thread 0
aborting path on assume(false) at file /home/runner/.rustup/toolchains/nightly-2025-11-21-x86_64-unknown-linux-gnu/lib/rustlib/src/rust/library/core/src/intrinsics/mod.rs line 2449 column 9 function core::slice::index::slice_index_fail::do_panic thread 0
aborting path on assume(false) at file /home/runner/.rustup/toolchains/nightly-2025-11-21-x86_64-unknown-linux-gnu/lib/rustlib/src/rust/library/core/src/panic.rs line 178 column 9 function core::slice::index::slice_index_fail thread 0
aborting path on assume(false) at file /home/runner/.rustup/toolchains/nightly-2025-11-21-x86_64-unknown-linux-gnu/lib/rustlib/src/rust/library/core/src/slice/index.rs line 49 column 9 function core::slice::index::slice_index_fail::do_panic::runtime thread 0
aborting path on assume(false) at file /home/runner/.rustup/toolchains/nightly-2025-11-21-x86_64-unknown-linux-gnu/lib/rustlib/src/rust/library/core/src/intrinsics/mod.rs line 2449 column 9 function core::slice::index::slice_index_fail::do_panic thread 0
aborting path on assume(false) at file /home/runner/.rustup/toolchains/nightly-2025-11-21-x86_64-unknown-linux-gnu/lib/rustlib/src/rust/library/core/src/panic.rs line 178 column 9 function core::slice::index::slice_index_fail thread 0
aborting path on assume(false) at file /home/runner/.rustup/toolchains/nightly-2025-11-21-x86_64-unknown-linux-gnu/lib/rustlib/src/rust/library/core/src/slice/index.rs line 58 column 9 function core::slice::index::slice_index_fail::do_panic::runtime thread 0
aborting path on assume(false) at file /home/runner/.rustup/toolchains/nightly-2025-11-21-x86_64-unknown-linux-gnu/lib/rustlib/src/rust/library/core/src/intrinsics/mod.rs line 2449 column 9 function core::slice::index::slice_index_fail::do_panic thread 0
aborting path on assume(false) at file /home/runner/.rustup/toolchains/nightly-2025-11-21-x86_64-unknown-linux-gnu/lib/rustlib/src/rust/library/core/src/panic.rs line 178 column 9 function core::slice::index::slice_index_fail thread 0
aborting path on assume(false) at file /home/runner/.rustup/toolchains/nightly-2025-11-21-x86_64-unknown-linux-gnu/lib/rustlib/src/rust/library/core/src/slice/index.rs line 68 column 5 function core::slice::index::slice_index_fail::do_panic::runtime thread 0
aborting path on assume(false) at file /home/runner/.rustup/toolchains/nightly-2025-11-21-x86_64-unknown-linux-gnu/lib/rustlib/src/rust/library/core/src/intrinsics/mod.rs line 2449 column 9 function core::slice::index::slice_index_fail::do_panic thread 0
aborting path on assume(false) at file /home/runner/.rustup/toolchains/nightly-2025-11-21-x86_64-unknown-linux-gnu/lib/rustlib/src/rust/library/core/src/panic.rs line 178 column 9 function core::slice::index::slice_index_fail thread 0
aborting path on assume(false) at file /home/runner/.rustup/toolchains/nightly-2025-11-21-x86_64-unknown-linux-gnu/lib/rustlib/src/rust/library/core/src/slice/index.rs line 443 column 13 function <std::ops::Range<usize> as std::slice::SliceIndex<[u8]>>::index thread 0
aborting path on assume(false) at file /home/runner/.rustup/toolchains/nightly-2025-11-21-x86_64-unknown-linux-gnu/lib/rustlib/src/rust/library/core/src/result.rs line 966 column 15 function std::result::Result::<(tlv::Tlv<'_>, usize), tlv::TlvError>::map_err::<x509_tbs_certificate::TbsCertificateError, fn(tlv::TlvError) -> x509_tbs_certificate::TbsCertificateError {x509_tbs_certificate::TbsCertificateError::BadVersionInnerTlv}> thread 0
aborting path on assume(false) at file /home/runner/.rustup/toolchains/nightly-2025-11-21-x86_64-unknown-linux-gnu/lib/rustlib/src/rust/library/core/src/result.rs line 2173 column 15 function <std::result::Result<(tlv::Tlv<'_>, usize), x509_tbs_certificate::TbsCertificateError> as std::ops::Try>::branch thread 0
Unwinding loop _RNvNtCsjJ4BRyaQv62_12der_verified7integer14decode_integer.0 iteration 1 file der-verified/src/integer.rs line 86 column 5 function integer::decode_integer thread 0
Unwinding loop _RNvNtCsjJ4BRyaQv62_12der_verified7integer14decode_integer.0 iteration 2 file der-verified/src/integer.rs line 86 column 5 function integer::decode_integer thread 0
Unwinding loop _RNvNtCsjJ4BRyaQv62_12der_verified7integer14decode_integer.0 iteration 3 file der-verified/src/integer.rs line 86 column 5 function integer::decode_integer thread 0
Unwinding loop _RNvNtCsjJ4BRyaQv62_12der_verified7integer14decode_integer.0 iteration 4 file der-verified/src/integer.rs line 86 column 5 function integer::decode_integer thread 0
Unwinding loop _RNvNtCsjJ4BRyaQv62_12der_verified7integer14decode_integer.0 iteration 5 file der-verified/src/integer.rs line 86 column 5 function integer::decode_integer thread 0
Unwinding loop _RNvNtCsjJ4BRyaQv62_12der_verified7integer14decode_integer.0 iteration 6 file der-verified/src/integer.rs line 86 column 5 function integer::decode_integer thread 0
Unwinding loop _RNvNtCsjJ4BRyaQv62_12der_verified7integer14decode_integer.0 iteration 7 file der-verified/src/integer.rs line 86 column 5 function integer::decode_integer thread 0
Unwinding loop _RNvNtCsjJ4BRyaQv62_12der_verified7integer14decode_integer.0 iteration 8 file der-verified/src/integer.rs line 86 column 5 function integer::decode_integer thread 0
Unwinding loop _RNvNtCsjJ4BRyaQv62_12der_verified7integer14decode_integer.0 iteration 9 file der-verified/src/integer.rs line 86 column 5 function integer::decode_integer thread 0
Unwinding loop _RNvNtCsjJ4BRyaQv62_12der_verified7integer14decode_integer.0 iteration 10 file der-verified/src/integer.rs line 86 column 5 function integer::decode_integer thread 0
Unwinding loop _RNvNtCsjJ4BRyaQv62_12der_verified7integer14decode_integer.0 iteration 11 file der-verified/src/integer.rs line 86 column 5 function integer::decode_integer thread 0
Not unwinding loop _RNvNtCsjJ4BRyaQv62_12der_verified7integer14decode_integer.0 iteration 12 file der-verified/src/integer.rs line 86 column 5 function integer::decode_integer thread 0
aborting path on assume(false) at file /home/runner/.rustup/toolchains/nightly-2025-11-21-x86_64-unknown-linux-gnu/lib/rustlib/src/rust/library/core/src/result.rs line 966 column 15 function std::result::Result::<i64, integer::IntError>::map_err::<x509_tbs_certificate::TbsCertificateError, fn(integer::IntError) -> x509_tbs_certificate::TbsCertificateError {x509_tbs_certificate::TbsCertificateError::BadVersionInt}> thread 0
aborting path on assume(false) at file /home/runner/.rustup/toolchains/nightly-2025-11-21-x86_64-unknown-linux-gnu/lib/rustlib/src/rust/library/core/src/result.rs line 2173 column 15 function <std::result::Result<i64, x509_tbs_certificate::TbsCertificateError> as std::ops::Try>::branch thread 0
aborting path on assume(false) at file /home/runner/.rustup/toolchains/nightly-2025-11-21-x86_64-unknown-linux-gnu/lib/rustlib/src/rust/library/core/src/slice/index.rs line 40 column 9 function core::slice::index::slice_index_fail::do_panic::runtime thread 0
aborting path on assume(false) at file /home/runner/.rustup/toolchains/nightly-2025-11-21-x86_64-unknown-linux-gnu/lib/rustlib/src/rust/library/core/src/intrinsics/mod.rs line 2449 column 9 function core::slice::index::slice_index_fail::do_panic thread 0
aborting path on assume(false) at file /home/runner/.rustup/toolchains/nightly-2025-11-21-x86_64-unknown-linux-gnu/lib/rustlib/src/rust/library/core/src/panic.rs line 178 column 9 function core::slice::index::slice_index_fail thread 0
aborting path on assume(false) at file /home/runner/.rustup/toolchains/nightly-2025-11-21-x86_64-unknown-linux-gnu/lib/rustlib/src/rust/library/core/src/slice/index.rs line 49 column 9 function core::slice::index::slice_index_fail::do_panic::runtime thread 0
aborting path on assume(false) at file /home/runner/.rustup/toolchains/nightly-2025-11-21-x86_64-unknown-linux-gnu/lib/rustlib/src/rust/library/core/src/intrinsics/mod.rs line 2449 column 9 function core::slice::index::slice_index_fail::do_panic thread 0
aborting path on assume(false) at file /home/runner/.rustup/toolchains/nightly-2025-11-21-x86_64-unknown-linux-gnu/lib/rustlib/src/rust/library/core/src/panic.rs line 178 column 9 function core::slice::index::slice_index_fail thread 0
aborting path on assume(false) at file /home/runner/.rustup/toolchains/nightly-2025-11-21-x86_64-unknown-linux-gnu/lib/rustlib/src/rust/library/core/src/slice/index.rs line 58 column 9 function core::slice::index::slice_index_fail::do_panic::runtime thread 0
aborting path on assume(false) at file /home/runner/.rustup/toolchains/nightly-2025-11-21-x86_64-unknown-linux-gnu/lib/rustlib/src/rust/library/core/src/intrinsics/mod.rs line 2449 column 9 function core::slice::index::slice_index_fail::do_panic thread 0
aborting path on assume(false) at file /home/runner/.rustup/toolchains/nightly-2025-11-21-x86_64-unknown-linux-gnu/lib/rustlib/src/rust/library/core/src/panic.rs line 178 column 9 function core::slice::index::slice_index_fail thread 0
aborting path on assume(false) at file /home/runner/.rustup/toolchains/nightly-2025-11-21-x86_64-unknown-linux-gnu/lib/rustlib/src/rust/library/core/src/slice/index.rs line 68 column 5 function core::slice::index::slice_index_fail::do_panic::runtime thread 0
aborting path on assume(false) at file /home/runner/.rustup/toolchains/nightly-2025-11-21-x86_64-unknown-linux-gnu/lib/rustlib/src/rust/library/core/src/intrinsics/mod.rs line 2449 column 9 function core::slice::index::slice_index_fail::do_panic thread 0
aborting path on assume(false) at file /home/runner/.rustup/toolchains/nightly-2025-11-21-x86_64-unknown-linux-gnu/lib/rustlib/src/rust/library/core/src/panic.rs line 178 column 9 function core::slice::index::slice_index_fail thread 0
aborting path on assume(false) at file /home/runner/.rustup/toolchains/nightly-2025-11-21-x86_64-unknown-linux-gnu/lib/rustlib/src/rust/library/core/src/slice/index.rs line 569 column 13 function <std::ops::RangeFrom<usize> as std::slice::SliceIndex<[u8]>>::index thread 0
aborting path on assume(false) at file /home/runner/work/kani/kani/library/kani_core/src/models.rs line 176 column 17 function <usize as kani::rustc_intrinsics::ToISize>::to_isize thread 0
aborting path on assume(false) at file /home/runner/work/kani/kani/library/kani/src/lib.rs line 57 column 1 function <usize as kani::rustc_intrinsics::ToISize>::to_isize thread 0
aborting path on assume(false) at file /home/runner/work/kani/kani/library/kani/src/lib.rs line 57 column 1 function <usize as kani::rustc_intrinsics::ToISize>::to_isize thread 0
aborting path on assume(false) at file /home/runner/work/kani/kani/library/kani/src/lib.rs line 57 column 1 function kani::mem::cbmc::same_allocation thread 0
aborting path on assume(false) at file /home/runner/.rustup/toolchains/nightly-2025-11-21-x86_64-unknown-linux-gnu/lib/rustlib/src/rust/library/core/src/slice/index.rs line 40 column 9 function core::slice::index::slice_index_fail::do_panic::runtime thread 0
aborting path on assume(false) at file /home/runner/.rustup/toolchains/nightly-2025-11-21-x86_64-unknown-linux-gnu/lib/rustlib/src/rust/library/core/src/intrinsics/mod.rs line 2449 column 9 function core::slice::index::slice_index_fail::do_panic thread 0
aborting path on assume(false) at file /home/runner/.rustup/toolchains/nightly-2025-11-21-x86_64-unknown-linux-gnu/lib/rustlib/src/rust/library/core/src/panic.rs line 178 column 9 function core::slice::index::slice_index_fail thread 0
aborting path on assume(false) at file /home/runner/.rustup/toolchains/nightly-2025-11-21-x86_64-unknown-linux-gnu/lib/rustlib/src/rust/library/core/src/slice/index.rs line 49 column 9 function core::slice::index::slice_index_fail::do_panic::runtime thread 0
aborting path on assume(false) at file /home/runner/.rustup/toolchains/nightly-2025-11-21-x86_64-unknown-linux-gnu/lib/rustlib/src/rust/library/core/src/intrinsics/mod.rs line 2449 column 9 function core::slice::index::slice_index_fail::do_panic thread 0
aborting path on assume(false) at file /home/runner/.rustup/toolchains/nightly-2025-11-21-x86_64-unknown-linux-gnu/lib/rustlib/src/rust/library/core/src/panic.rs line 178 column 9 function core::slice::index::slice_index_fail thread 0
aborting path on assume(false) at file /home/runner/.rustup/toolchains/nightly-2025-11-21-x86_64-unknown-linux-gnu/lib/rustlib/src/rust/library/core/src/slice/index.rs line 58 column 9 function core::slice::index::slice_index_fail::do_panic::runtime thread 0
aborting path on assume(false) at file /home/runner/.rustup/toolchains/nightly-2025-11-21-x86_64-unknown-linux-gnu/lib/rustlib/src/rust/library/core/src/intrinsics/mod.rs line 2449 column 9 function core::slice::index::slice_index_fail::do_panic thread 0
aborting path on assume(false) at file /home/runner/.rustup/toolchains/nightly-2025-11-21-x86_64-unknown-linux-gnu/lib/rustlib/src/rust/library/core/src/panic.rs line 178 column 9 function core::slice::index::slice_index_fail thread 0
aborting path on assume(false) at file /home/runner/.rustup/toolchains/nightly-2025-11-21-x86_64-unknown-linux-gnu/lib/rustlib/src/rust/library/core/src/slice/index.rs line 68 column 5 function core::slice::index::slice_index_fail::do_panic::runtime thread 0
aborting path on assume(false) at file /home/runner/.rustup/toolchains/nightly-2025-11-21-x86_64-unknown-linux-gnu/lib/rustlib/src/rust/library/core/src/intrinsics/mod.rs line 2449 column 9 function core::slice::index::slice_index_fail::do_panic thread 0
aborting path on assume(false) at file /home/runner/.rustup/toolchains/nightly-2025-11-21-x86_64-unknown-linux-gnu/lib/rustlib/src/rust/library/core/src/panic.rs line 178 column 9 function core::slice::index::slice_index_fail thread 0
aborting path on assume(false) at file /home/runner/.rustup/toolchains/nightly-2025-11-21-x86_64-unknown-linux-gnu/lib/rustlib/src/rust/library/core/src/slice/index.rs line 569 column 13 function <std::ops::RangeFrom<usize> as std::slice::SliceIndex<[u8]>>::index thread 0
aborting path on assume(false) at file /home/runner/work/kani/kani/library/kani_core/src/models.rs line 176 column 17 function <usize as kani::rustc_intrinsics::ToISize>::to_isize thread 0
aborting path on assume(false) at file /home/runner/work/kani/kani/library/kani/src/lib.rs line 57 column 1 function <usize as kani::rustc_intrinsics::ToISize>::to_isize thread 0
aborting path on assume(false) at file /home/runner/work/kani/kani/library/kani/src/lib.rs line 57 column 1 function <usize as kani::rustc_intrinsics::ToISize>::to_isize thread 0
aborting path on assume(false) at file /home/runner/work/kani/kani/library/kani/src/lib.rs line 57 column 1 function kani::mem::cbmc::same_allocation thread 0
Unwinding loop _RNvNtCsjJ4BRyaQv62_12der_verified3tag10decode_tag.0 iteration 1 file der-verified/src/tag.rs line 137 column 49 function tag::decode_tag thread 0
Unwinding loop _RNvNtCsjJ4BRyaQv62_12der_verified3tag10decode_tag.0 iteration 2 file der-verified/src/tag.rs line 137 column 49 function tag::decode_tag thread 0
Unwinding loop _RNvNtCsjJ4BRyaQv62_12der_verified3tag10decode_tag.0 iteration 3 file der-verified/src/tag.rs line 137 column 49 function tag::decode_tag thread 0
Unwinding loop _RNvNtCsjJ4BRyaQv62_12der_verified3tag10decode_tag.0 iteration 4 file der-verified/src/tag.rs line 137 column 49 function tag::decode_tag thread 0
Unwinding loop _RNvNtCsjJ4BRyaQv62_12der_verified3tag10decode_tag.0 iteration 5 file der-verified/src/tag.rs line 137 column 49 function tag::decode_tag thread 0
Unwinding loop _RNvNtCsjJ4BRyaQv62_12der_verified3tag10decode_tag.0 iteration 6 file der-verified/src/tag.rs line 137 column 49 function tag::decode_tag thread 0
Unwinding loop _RNvNtCsjJ4BRyaQv62_12der_verified3tag10decode_tag.0 iteration 7 file der-verified/src/tag.rs line 137 column 49 function tag::decode_tag thread 0
Unwinding loop _RNvNtCsjJ4BRyaQv62_12der_verified3tag10decode_tag.0 iteration 8 file der-verified/src/tag.rs line 137 column 49 function tag::decode_tag thread 0
Unwinding loop _RNvNtCsjJ4BRyaQv62_12der_verified3tag10decode_tag.0 iteration 9 file der-verified/src/tag.rs line 137 column 49 function tag::decode_tag thread 0
Unwinding loop _RNvNtCsjJ4BRyaQv62_12der_verified3tag10decode_tag.0 iteration 10 file der-verified/src/tag.rs line 137 column 49 function tag::decode_tag thread 0
Unwinding loop _RNvNtCsjJ4BRyaQv62_12der_verified3tag10decode_tag.0 iteration 11 file der-verified/src/tag.rs line 137 column 49 function tag::decode_tag thread 0
Not unwinding loop _RNvNtCsjJ4BRyaQv62_12der_verified3tag10decode_tag.0 iteration 12 file der-verified/src/tag.rs line 137 column 49 function tag::decode_tag thread 0
aborting path on assume(false) at file /home/runner/.rustup/toolchains/nightly-2025-11-21-x86_64-unknown-linux-gnu/lib/rustlib/src/rust/library/core/src/result.rs line 2173 column 15 function <std::result::Result<(u32, usize), tag::TagError> as std::ops::Try>::branch thread 0
aborting path on assume(false) at file der-verified/src/lib.rs line 0 column 0 function tag::decode_tag thread 0
aborting path on assume(false) at file /home/runner/.rustup/toolchains/nightly-2025-11-21-x86_64-unknown-linux-gnu/lib/rustlib/src/rust/library/core/src/result.rs line 966 column 15 function std::result::Result::<(tag::Tag, usize), tag::TagError>::map_err::<tlv::TlvError, {closure@der-verified/src/tlv.rs:71:51: 71:54}> thread 0
aborting path on assume(false) at file /home/runner/.rustup/toolchains/nightly-2025-11-21-x86_64-unknown-linux-gnu/lib/rustlib/src/rust/library/core/src/result.rs line 2173 column 15 function <std::result::Result<(tag::Tag, usize), tlv::TlvError> as std::ops::Try>::branch thread 0
aborting path on assume(false) at file /home/runner/.rustup/toolchains/nightly-2025-11-21-x86_64-unknown-linux-gnu/lib/rustlib/src/rust/library/core/src/slice/index.rs line 40 column 9 function core::slice::index::slice_index_fail::do_panic::runtime thread 0
aborting path on assume(false) at file /home/runner/.rustup/toolchains/nightly-2025-11-21-x86_64-unknown-linux-gnu/lib/rustlib/src/rust/library/core/src/intrinsics/mod.rs line 2449 column 9 function core::slice::index::slice_index_fail::do_panic thread 0
aborting path on assume(false) at file /home/runner/.rustup/toolchains/nightly-2025-11-21-x86_64-unknown-linux-gnu/lib/rustlib/src/rust/library/core/src/panic.rs line 178 column 9 function core::slice::index::slice_index_fail thread 0
aborting path on assume(false) at file /home/runner/.rustup/toolchains/nightly-2025-11-21-x86_64-unknown-linux-gnu/lib/rustlib/src/rust/library/core/src/slice/index.rs line 49 column 9 function core::slice::index::slice_index_fail::do_panic::runtime thread 0
aborting path on assume(false) at file /home/runner/.rustup/toolchains/nightly-2025-11-21-x86_64-unknown-linux-gnu/lib/rustlib/src/rust/library/core/src/intrinsics/mod.rs line 2449 column 9 function core::slice::index::slice_index_fail::do_panic thread 0
aborting path on assume(false) at file /home/runner/.rustup/toolchains/nightly-2025-11-21-x86_64-unknown-linux-gnu/lib/rustlib/src/rust/library/core/src/panic.rs line 178 column 9 function core::slice::index::slice_index_fail thread 0
aborting path on assume(false) at file /home/runner/.rustup/toolchains/nightly-2025-11-21-x86_64-unknown-linux-gnu/lib/rustlib/src/rust/library/core/src/slice/index.rs line 58 column 9 function core::slice::index::slice_index_fail::do_panic::runtime thread 0
aborting path on assume(false) at file /home/runner/.rustup/toolchains/nightly-2025-11-21-x86_64-unknown-linux-gnu/lib/rustlib/src/rust/library/core/src/intrinsics/mod.rs line 2449 column 9 function core::slice::index::slice_index_fail::do_panic thread 0
aborting path on assume(false) at file /home/runner/.rustup/toolchains/nightly-2025-11-21-x86_64-unknown-linux-gnu/lib/rustlib/src/rust/library/core/src/panic.rs line 178 column 9 function core::slice::index::slice_index_fail thread 0
aborting path on assume(false) at file /home/runner/.rustup/toolchains/nightly-2025-11-21-x86_64-unknown-linux-gnu/lib/rustlib/src/rust/library/core/src/slice/index.rs line 68 column 5 function core::slice::index::slice_index_fail::do_panic::runtime thread 0
aborting path on assume(false) at file /home/runner/.rustup/toolchains/nightly-2025-11-21-x86_64-unknown-linux-gnu/lib/rustlib/src/rust/library/core/src/intrinsics/mod.rs line 2449 column 9 function core::slice::index::slice_index_fail::do_panic thread 0
aborting path on assume(false) at file /home/runner/.rustup/toolchains/nightly-2025-11-21-x86_64-unknown-linux-gnu/lib/rustlib/src/rust/library/core/src/panic.rs line 178 column 9 function core::slice::index::slice_index_fail thread 0
aborting path on assume(false) at file /home/runner/.rustup/toolchains/nightly-2025-11-21-x86_64-unknown-linux-gnu/lib/rustlib/src/rust/library/core/src/slice/index.rs line 569 column 13 function <std::ops::RangeFrom<usize> as std::slice::SliceIndex<[u8]>>::index thread 0
aborting path on assume(false) at file /home/runner/work/kani/kani/library/kani_core/src/models.rs line 176 column 17 function <usize as kani::rustc_intrinsics::ToISize>::to_isize thread 0
aborting path on assume(false) at file /home/runner/work/kani/kani/library/kani/src/lib.rs line 57 column 1 function <usize as kani::rustc_intrinsics::ToISize>::to_isize thread 0
aborting path on assume(false) at file /home/runner/work/kani/kani/library/kani/src/lib.rs line 57 column 1 function <usize as kani::rustc_intrinsics::ToISize>::to_isize thread 0
aborting path on assume(false) at file /home/runner/work/kani/kani/library/kani/src/lib.rs line 57 column 1 function kani::mem::cbmc::same_allocation thread 0
aborting path on assume(false) at file der-verified/src/length.rs line 75 column 23 function length::decode_length thread 0
aborting path on assume(false) at file /home/runner/.rustup/toolchains/nightly-2025-11-21-x86_64-unknown-linux-gnu/lib/rustlib/src/rust/library/core/src/slice/index.rs line 435 column 5 function <std::ops::Range<usize> as std::slice::SliceIndex<[u8]>>::index thread 0
aborting path on assume(false) at file /home/runner/work/kani/kani/library/kani/src/lib.rs line 57 column 1 function kani::mem::cbmc::same_allocation thread 0
aborting path on assume(false) at file /home/runner/.rustup/toolchains/nightly-2025-11-21-x86_64-unknown-linux-gnu/lib/rustlib/src/rust/library/core/src/slice/index.rs line 40 column 9 function core::slice::index::slice_index_fail::do_panic::runtime thread 0
aborting path on assume(false) at file /home/runner/.rustup/toolchains/nightly-2025-11-21-x86_64-unknown-linux-gnu/lib/rustlib/src/rust/library/core/src/intrinsics/mod.rs line 2449 column 9 function core::slice::index::slice_index_fail::do_panic thread 0
aborting path on assume(false) at file /home/runner/.rustup/toolchains/nightly-2025-11-21-x86_64-unknown-linux-gnu/lib/rustlib/src/rust/library/core/src/panic.rs line 178 column 9 function core::slice::index::slice_index_fail thread 0
aborting path on assume(false) at file /home/runner/.rustup/toolchains/nightly-2025-11-21-x86_64-unknown-linux-gnu/lib/rustlib/src/rust/library/core/src/slice/index.rs line 49 column 9 function core::slice::index::slice_index_fail::do_panic::runtime thread 0
aborting path on assume(false) at file /home/runner/.rustup/toolchains/nightly-2025-11-21-x86_64-unknown-linux-gnu/lib/rustlib/src/rust/library/core/src/intrinsics/mod.rs line 2449 column 9 function core::slice::index::slice_index_fail::do_panic thread 0
aborting path on assume(false) at file /home/runner/.rustup/toolchains/nightly-2025-11-21-x86_64-unknown-linux-gnu/lib/rustlib/src/rust/library/core/src/panic.rs line 178 column 9 function core::slice::index::slice_index_fail thread 0
aborting path on assume(false) at file /home/runner/.rustup/toolchains/nightly-2025-11-21-x86_64-unknown-linux-gnu/lib/rustlib/src/rust/library/core/src/slice/index.rs line 58 column 9 function core::slice::index::slice_index_fail::do_panic::runtime thread 0
aborting path on assume(false) at file /home/runner/.rustup/toolchains/nightly-2025-11-21-x86_64-unknown-linux-gnu/lib/rustlib/src/rust/library/core/src/intrinsics/mod.rs line 2449 column 9 function core::slice::index::slice_index_fail::do_panic thread 0
aborting path on assume(false) at file /home/runner/.rustup/toolchains/nightly-2025-11-21-x86_64-unknown-linux-gnu/lib/rustlib/src/rust/library/core/src/panic.rs line 178 column 9 function core::slice::index::slice_index_fail thread 0
aborting path on assume(false) at file /home/runner/.rustup/toolchains/nightly-2025-11-21-x86_64-unknown-linux-gnu/lib/rustlib/src/rust/library/core/src/slice/index.rs line 68 column 5 function core::slice::index::slice_index_fail::do_panic::runtime thread 0
aborting path on assume(false) at file /home/runner/.rustup/toolchains/nightly-2025-11-21-x86_64-unknown-linux-gnu/lib/rustlib/src/rust/library/core/src/intrinsics/mod.rs line 2449 column 9 function core::slice::index::slice_index_fail::do_panic thread 0
aborting path on assume(false) at file /home/runner/.rustup/toolchains/nightly-2025-11-21-x86_64-unknown-linux-gnu/lib/rustlib/src/rust/library/core/src/panic.rs line 178 column 9 function core::slice::index::slice_index_fail thread 0
aborting path on assume(false) at file /home/runner/.rustup/toolchains/nightly-2025-11-21-x86_64-unknown-linux-gnu/lib/rustlib/src/rust/library/core/src/slice/index.rs line 443 column 13 function <std::ops::Range<usize> as std::slice::SliceIndex<[u8]>>::index thread 0
Unwinding loop _RNvNtCsjJ4BRyaQv62_12der_verified6length13decode_length.0 iteration 1 file der-verified/src/length.rs line 101 column 5 function length::decode_length thread 0
Unwinding loop _RNvNtCsjJ4BRyaQv62_12der_verified6length13decode_length.0 iteration 2 file der-verified/src/length.rs line 101 column 5 function length::decode_length thread 0
Unwinding loop _RNvNtCsjJ4BRyaQv62_12der_verified6length13decode_length.0 iteration 3 file der-verified/src/length.rs line 101 column 5 function length::decode_length thread 0
Unwinding loop _RNvNtCsjJ4BRyaQv62_12der_verified6length13decode_length.0 iteration 4 file der-verified/src/length.rs line 101 column 5 function length::decode_length thread 0
Unwinding loop _RNvNtCsjJ4BRyaQv62_12der_verified6length13decode_length.0 iteration 5 file der-verified/src/length.rs line 101 column 5 function length::decode_length thread 0
Unwinding loop _RNvNtCsjJ4BRyaQv62_12der_verified6length13decode_length.0 iteration 6 file der-verified/src/length.rs line 101 column 5 function length::decode_length thread 0
Unwinding loop _RNvNtCsjJ4BRyaQv62_12der_verified6length13decode_length.0 iteration 7 file der-verified/src/length.rs line 101 column 5 function length::decode_length thread 0
Unwinding loop _RNvNtCsjJ4BRyaQv62_12der_verified6length13decode_length.0 iteration 8 file der-verified/src/length.rs line 101 column 5 function length::decode_length thread 0
Unwinding loop _RNvNtCsjJ4BRyaQv62_12der_verified6length13decode_length.0 iteration 9 file der-verified/src/length.rs line 101 column 5 function length::decode_length thread 0
Unwinding loop _RNvNtCsjJ4BRyaQv62_12der_verified6length13decode_length.0 iteration 10 file der-verified/src/length.rs line 101 column 5 function length::decode_length thread 0
Unwinding loop _RNvNtCsjJ4BRyaQv62_12der_verified6length13decode_length.0 iteration 11 file der-verified/src/length.rs line 101 column 5 function length::decode_length thread 0
Not unwinding loop _RNvNtCsjJ4BRyaQv62_12der_verified6length13decode_length.0 iteration 12 file der-verified/src/length.rs line 101 column 5 function length::decode_length thread 0
aborting path on assume(false) at file /home/runner/.rustup/toolchains/nightly-2025-11-21-x86_64-unknown-linux-gnu/lib/rustlib/src/rust/library/core/src/result.rs line 966 column 15 function std::result::Result::<(u32, usize), length::LengthError>::map_err::<tlv::TlvError, {closure@der-verified/src/tlv.rs:73:69: 73:72}> thread 0
aborting path on assume(false) at file /home/runner/.rustup/toolchains/nightly-2025-11-21-x86_64-unknown-linux-gnu/lib/rustlib/src/rust/library/core/src/result.rs line 2173 column 15 function <std::result::Result<(u32, usize), tlv::TlvError> as std::ops::Try>::branch thread 0
aborting path on assume(false) at file der-verified/src/lib.rs line 0 column 0 function tlv::decode_tlv thread 0
aborting path on assume(false) at file /home/runner/.rustup/toolchains/nightly-2025-11-21-x86_64-unknown-linux-gnu/lib/rustlib/src/rust/library/core/src/slice/index.rs line 435 column 5 function <std::ops::Range<usize> as std::slice::SliceIndex<[u8]>>::index thread 0
aborting path on assume(false) at file /home/runner/work/kani/kani/library/kani_core/src/models.rs line 176 column 17 function <usize as kani::rustc_intrinsics::ToISize>::to_isize thread 0
aborting path on assume(false) at file /home/runner/work/kani/kani/library/kani/src/lib.rs line 57 column 1 function <usize as kani::rustc_intrinsics::ToISize>::to_isize thread 0
aborting path on assume(false) at file /home/runner/work/kani/kani/library/kani/src/lib.rs line 57 column 1 function <usize as kani::rustc_intrinsics::ToISize>::to_isize thread 0
aborting path on assume(false) at file /home/runner/work/kani/kani/library/kani/src/lib.rs line 57 column 1 function kani::mem::cbmc::same_allocation thread 0
aborting path on assume(false) at file /home/runner/.rustup/toolchains/nightly-2025-11-21-x86_64-unknown-linux-gnu/lib/rustlib/src/rust/library/core/src/slice/index.rs line 40 column 9 function core::slice::index::slice_index_fail::do_panic::runtime thread 0
aborting path on assume(false) at file /home/runner/.rustup/toolchains/nightly-2025-11-21-x86_64-unknown-linux-gnu/lib/rustlib/src/rust/library/core/src/intrinsics/mod.rs line 2449 column 9 function core::slice::index::slice_index_fail::do_panic thread 0
aborting path on assume(false) at file /home/runner/.rustup/toolchains/nightly-2025-11-21-x86_64-unknown-linux-gnu/lib/rustlib/src/rust/library/core/src/panic.rs line 178 column 9 function core::slice::index::slice_index_fail thread 0
aborting path on assume(false) at file /home/runner/.rustup/toolchains/nightly-2025-11-21-x86_64-unknown-linux-gnu/lib/rustlib/src/rust/library/core/src/slice/index.rs line 49 column 9 function core::slice::index::slice_index_fail::do_panic::runtime thread 0
aborting path on assume(false) at file /home/runner/.rustup/toolchains/nightly-2025-11-21-x86_64-unknown-linux-gnu/lib/rustlib/src/rust/library/core/src/intrinsics/mod.rs line 2449 column 9 function core::slice::index::slice_index_fail::do_panic thread 0
aborting path on assume(false) at file /home/runner/.rustup/toolchains/nightly-2025-11-21-x86_64-unknown-linux-gnu/lib/rustlib/src/rust/library/core/src/panic.rs line 178 column 9 function core::slice::index::slice_index_fail thread 0
aborting path on assume(false) at file /home/runner/.rustup/toolchains/nightly-2025-11-21-x86_64-unknown-linux-gnu/lib/rustlib/src/rust/library/core/src/slice/index.rs line 58 column 9 function core::slice::index::slice_index_fail::do_panic::runtime thread 0
aborting path on assume(false) at file /home/runner/.rustup/toolchains/nightly-2025-11-21-x86_64-unknown-linux-gnu/lib/rustlib/src/rust/library/core/src/intrinsics/mod.rs line 2449 column 9 function core::slice::index::slice_index_fail::do_panic thread 0
aborting path on assume(false) at file /home/runner/.rustup/toolchains/nightly-2025-11-21-x86_64-unknown-linux-gnu/lib/rustlib/src/rust/library/core/src/panic.rs line 178 column 9 function core::slice::index::slice_index_fail thread 0
aborting path on assume(false) at file /home/runner/.rustup/toolchains/nightly-2025-11-21-x86_64-unknown-linux-gnu/lib/rustlib/src/rust/library/core/src/slice/index.rs line 68 column 5 function core::slice::index::slice_index_fail::do_panic::runtime thread 0
aborting path on assume(false) at file /home/runner/.rustup/toolchains/nightly-2025-11-21-x86_64-unknown-linux-gnu/lib/rustlib/src/rust/library/core/src/intrinsics/mod.rs line 2449 column 9 function core::slice::index::slice_index_fail::do_panic thread 0
aborting path on assume(false) at file /home/runner/.rustup/toolchains/nightly-2025-11-21-x86_64-unknown-linux-gnu/lib/rustlib/src/rust/library/core/src/panic.rs line 178 column 9 function core::slice::index::slice_index_fail thread 0
aborting path on assume(false) at file /home/runner/.rustup/toolchains/nightly-2025-11-21-x86_64-unknown-linux-gnu/lib/rustlib/src/rust/library/core/src/slice/index.rs line 443 column 13 function <std::ops::Range<usize> as std::slice::SliceIndex<[u8]>>::index thread 0
aborting path on assume(false) at file /home/runner/.rustup/toolchains/nightly-2025-11-21-x86_64-unknown-linux-gnu/lib/rustlib/src/rust/library/core/src/result.rs line 966 column 15 function std::result::Result::<(tlv::Tlv<'_>, usize), tlv::TlvError>::map_err::<x509_tbs_certificate::TbsCertificateError, fn(tlv::TlvError) -> x509_tbs_certificate::TbsCertificateError {x509_tbs_certificate::TbsCertificateError::BadSerialTlv}> thread 0
aborting path on assume(false) at file /home/runner/.rustup/toolchains/nightly-2025-11-21-x86_64-unknown-linux-gnu/lib/rustlib/src/rust/library/core/src/result.rs line 2173 column 15 function <std::result::Result<(tlv::Tlv<'_>, usize), x509_tbs_certificate::TbsCertificateError> as std::ops::Try>::branch thread 0
aborting path on assume(false) at file /home/runner/.rustup/toolchains/nightly-2025-11-21-x86_64-unknown-linux-gnu/lib/rustlib/src/rust/library/core/src/result.rs line 966 column 15 function std::result::Result::<(), big_integer::BigIntError>::map_err::<x509_tbs_certificate::TbsCertificateError, fn(big_integer::BigIntError) -> x509_tbs_certificate::TbsCertificateError {x509_tbs_certificate::TbsCertificateError::BadSerial}> thread 0
aborting path on assume(false) at file /home/runner/.rustup/toolchains/nightly-2025-11-21-x86_64-unknown-linux-gnu/lib/rustlib/src/rust/library/core/src/result.rs line 2173 column 15 function <std::result::Result<(), x509_tbs_certificate::TbsCertificateError> as std::ops::Try>::branch thread 0
aborting path on assume(false) at file /home/runner/.rustup/toolchains/nightly-2025-11-21-x86_64-unknown-linux-gnu/lib/rustlib/src/rust/library/core/src/slice/index.rs line 40 column 9 function core::slice::index::slice_index_fail::do_panic::runtime thread 0
aborting path on assume(false) at file /home/runner/.rustup/toolchains/nightly-2025-11-21-x86_64-unknown-linux-gnu/lib/rustlib/src/rust/library/core/src/intrinsics/mod.rs line 2449 column 9 function core::slice::index::slice_index_fail::do_panic thread 0
aborting path on assume(false) at file /home/runner/.rustup/toolchains/nightly-2025-11-21-x86_64-unknown-linux-gnu/lib/rustlib/src/rust/library/core/src/panic.rs line 178 column 9 function core::slice::index::slice_index_fail thread 0
aborting path on assume(false) at file /home/runner/.rustup/toolchains/nightly-2025-11-21-x86_64-unknown-linux-gnu/lib/rustlib/src/rust/library/core/src/slice/index.rs line 49 column 9 function core::slice::index::slice_index_fail::do_panic::runtime thread 0
aborting path on assume(false) at file /home/runner/.rustup/toolchains/nightly-2025-11-21-x86_64-unknown-linux-gnu/lib/rustlib/src/rust/library/core/src/intrinsics/mod.rs line 2449 column 9 function core::slice::index::slice_index_fail::do_panic thread 0
aborting path on assume(false) at file /home/runner/.rustup/toolchains/nightly-2025-11-21-x86_64-unknown-linux-gnu/lib/rustlib/src/rust/library/core/src/panic.rs line 178 column 9 function core::slice::index::slice_index_fail thread 0
aborting path on assume(false) at file /home/runner/.rustup/toolchains/nightly-2025-11-21-x86_64-unknown-linux-gnu/lib/rustlib/src/rust/library/core/src/slice/index.rs line 58 column 9 function core::slice::index::slice_index_fail::do_panic::runtime thread 0
aborting path on assume(false) at file /home/runner/.rustup/toolchains/nightly-2025-11-21-x86_64-unknown-linux-gnu/lib/rustlib/src/rust/library/core/src/intrinsics/mod.rs line 2449 column 9 function core::slice::index::slice_index_fail::do_panic thread 0
aborting path on assume(false) at file /home/runner/.rustup/toolchains/nightly-2025-11-21-x86_64-unknown-linux-gnu/lib/rustlib/src/rust/library/core/src/panic.rs line 178 column 9 function core::slice::index::slice_index_fail thread 0
aborting path on assume(false) at file /home/runner/.rustup/toolchains/nightly-2025-11-21-x86_64-unknown-linux-gnu/lib/rustlib/src/rust/library/core/src/slice/index.rs line 68 column 5 function core::slice::index::slice_index_fail::do_panic::runtime thread 0
aborting path on assume(false) at file /home/runner/.rustup/toolchains/nightly-2025-11-21-x86_64-unknown-linux-gnu/lib/rustlib/src/rust/library/core/src/intrinsics/mod.rs line 2449 column 9 function core::slice::index::slice_index_fail::do_panic thread 0
aborting path on assume(false) at file /home/runner/.rustup/toolchains/nightly-2025-11-21-x86_64-unknown-linux-gnu/lib/rustlib/src/rust/library/core/src/panic.rs line 178 column 9 function core::slice::index::slice_index_fail thread 0
aborting path on assume(false) at file /home/runner/.rustup/toolchains/nightly-2025-11-21-x86_64-unknown-linux-gnu/lib/rustlib/src/rust/library/core/src/slice/index.rs line 569 column 13 function <std::ops::RangeFrom<usize> as std::slice::SliceIndex<[u8]>>::index thread 0
aborting path on assume(false) at file /home/runner/work/kani/kani/library/kani_core/src/models.rs line 176 column 17 function <usize as kani::rustc_intrinsics::ToISize>::to_isize thread 0
aborting path on assume(false) at file /home/runner/work/kani/kani/library/kani/src/lib.rs line 57 column 1 function <usize as kani::rustc_intrinsics::ToISize>::to_isize thread 0
aborting path on assume(false) at file /home/runner/work/kani/kani/library/kani/src/lib.rs line 57 column 1 function <usize as kani::rustc_intrinsics::ToISize>::to_isize thread 0
aborting path on assume(false) at file /home/runner/work/kani/kani/library/kani/src/lib.rs line 57 column 1 function kani::mem::cbmc::same_allocation thread 0
aborting path on assume(false) at file /home/runner/.rustup/toolchains/nightly-2025-11-21-x86_64-unknown-linux-gnu/lib/rustlib/src/rust/library/core/src/slice/index.rs line 40 column 9 function core::slice::index::slice_index_fail::do_panic::runtime thread 0
aborting path on assume(false) at file /home/runner/.rustup/toolchains/nightly-2025-11-21-x86_64-unknown-linux-gnu/lib/rustlib/src/rust/library/core/src/intrinsics/mod.rs line 2449 column 9 function core::slice::index::slice_index_fail::do_panic thread 0
aborting path on assume(false) at file /home/runner/.rustup/toolchains/nightly-2025-11-21-x86_64-unknown-linux-gnu/lib/rustlib/src/rust/library/core/src/panic.rs line 178 column 9 function core::slice::index::slice_index_fail thread 0
aborting path on assume(false) at file /home/runner/.rustup/toolchains/nightly-2025-11-21-x86_64-unknown-linux-gnu/lib/rustlib/src/rust/library/core/src/slice/index.rs line 49 column 9 function core::slice::index::slice_index_fail::do_panic::runtime thread 0
aborting path on assume(false) at file /home/runner/.rustup/toolchains/nightly-2025-11-21-x86_64-unknown-linux-gnu/lib/rustlib/src/rust/library/core/src/intrinsics/mod.rs line 2449 column 9 function core::slice::index::slice_index_fail::do_panic thread 0
aborting path on assume(false) at file /home/runner/.rustup/toolchains/nightly-2025-11-21-x86_64-unknown-linux-gnu/lib/rustlib/src/rust/library/core/src/panic.rs line 178 column 9 function core::slice::index::slice_index_fail thread 0
aborting path on assume(false) at file /home/runner/.rustup/toolchains/nightly-2025-11-21-x86_64-unknown-linux-gnu/lib/rustlib/src/rust/library/core/src/slice/index.rs line 58 column 9 function core::slice::index::slice_index_fail::do_panic::runtime thread 0
aborting path on assume(false) at file /home/runner/.rustup/toolchains/nightly-2025-11-21-x86_64-unknown-linux-gnu/lib/rustlib/src/rust/library/core/src/intrinsics/mod.rs line 2449 column 9 function core::slice::index::slice_index_fail::do_panic thread 0
aborting path on assume(false) at file /home/runner/.rustup/toolchains/nightly-2025-11-21-x86_64-unknown-linux-gnu/lib/rustlib/src/rust/library/core/src/panic.rs line 178 column 9 function core::slice::index::slice_index_fail thread 0
aborting path on assume(false) at file /home/runner/.rustup/toolchains/nightly-2025-11-21-x86_64-unknown-linux-gnu/lib/rustlib/src/rust/library/core/src/slice/index.rs line 68 column 5 function core::slice::index::slice_index_fail::do_panic::runtime thread 0
aborting path on assume(false) at file /home/runner/.rustup/toolchains/nightly-2025-11-21-x86_64-unknown-linux-gnu/lib/rustlib/src/rust/library/core/src/intrinsics/mod.rs line 2449 column 9 function core::slice::index::slice_index_fail::do_panic thread 0
aborting path on assume(false) at file /home/runner/.rustup/toolchains/nightly-2025-11-21-x86_64-unknown-linux-gnu/lib/rustlib/src/rust/library/core/src/panic.rs line 178 column 9 function core::slice::index::slice_index_fail thread 0
aborting path on assume(false) at file /home/runner/.rustup/toolchains/nightly-2025-11-21-x86_64-unknown-linux-gnu/lib/rustlib/src/rust/library/core/src/slice/index.rs line 569 column 13 function <std::ops::RangeFrom<usize> as std::slice::SliceIndex<[u8]>>::index thread 0
aborting path on assume(false) at file /home/runner/work/kani/kani/library/kani_core/src/models.rs line 176 column 17 function <usize as kani::rustc_intrinsics::ToISize>::to_isize thread 0
aborting path on assume(false) at file /home/runner/work/kani/kani/library/kani/src/lib.rs line 57 column 1 function <usize as kani::rustc_intrinsics::ToISize>::to_isize thread 0
aborting path on assume(false) at file /home/runner/work/kani/kani/library/kani/src/lib.rs line 57 column 1 function <usize as kani::rustc_intrinsics::ToISize>::to_isize thread 0
aborting path on assume(false) at file /home/runner/work/kani/kani/library/kani/src/lib.rs line 57 column 1 function kani::mem::cbmc::same_allocation thread 0
Unwinding loop _RNvNtCsjJ4BRyaQv62_12der_verified3tag10decode_tag.0 iteration 1 file der-verified/src/tag.rs line 137 column 49 function tag::decode_tag thread 0
Unwinding loop _RNvNtCsjJ4BRyaQv62_12der_verified3tag10decode_tag.0 iteration 2 file der-verified/src/tag.rs line 137 column 49 function tag::decode_tag thread 0
Unwinding loop _RNvNtCsjJ4BRyaQv62_12der_verified3tag10decode_tag.0 iteration 3 file der-verified/src/tag.rs line 137 column 49 function tag::decode_tag thread 0
Unwinding loop _RNvNtCsjJ4BRyaQv62_12der_verified3tag10decode_tag.0 iteration 4 file der-verified/src/tag.rs line 137 column 49 function tag::decode_tag thread 0
Unwinding loop _RNvNtCsjJ4BRyaQv62_12der_verified3tag10decode_tag.0 iteration 5 file der-verified/src/tag.rs line 137 column 49 function tag::decode_tag thread 0
Unwinding loop _RNvNtCsjJ4BRyaQv62_12der_verified3tag10decode_tag.0 iteration 6 file der-verified/src/tag.rs line 137 column 49 function tag::decode_tag thread 0
Unwinding loop _RNvNtCsjJ4BRyaQv62_12der_verified3tag10decode_tag.0 iteration 7 file der-verified/src/tag.rs line 137 column 49 function tag::decode_tag thread 0
Unwinding loop _RNvNtCsjJ4BRyaQv62_12der_verified3tag10decode_tag.0 iteration 8 file der-verified/src/tag.rs line 137 column 49 function tag::decode_tag thread 0
Unwinding loop _RNvNtCsjJ4BRyaQv62_12der_verified3tag10decode_tag.0 iteration 9 file der-verified/src/tag.rs line 137 column 49 function tag::decode_tag thread 0
Unwinding loop _RNvNtCsjJ4BRyaQv62_12der_verified3tag10decode_tag.0 iteration 10 file der-verified/src/tag.rs line 137 column 49 function tag::decode_tag thread 0
Unwinding loop _RNvNtCsjJ4BRyaQv62_12der_verified3tag10decode_tag.0 iteration 11 file der-verified/src/tag.rs line 137 column 49 function tag::decode_tag thread 0
Not unwinding loop _RNvNtCsjJ4BRyaQv62_12der_verified3tag10decode_tag.0 iteration 12 file der-verified/src/tag.rs line 137 column 49 function tag::decode_tag thread 0
aborting path on assume(false) at file /home/runner/.rustup/toolchains/nightly-2025-11-21-x86_64-unknown-linux-gnu/lib/rustlib/src/rust/library/core/src/result.rs line 2173 column 15 function <std::result::Result<(u32, usize), tag::TagError> as std::ops::Try>::branch thread 0
aborting path on assume(false) at file der-verified/src/lib.rs line 0 column 0 function tag::decode_tag thread 0
aborting path on assume(false) at file /home/runner/.rustup/toolchains/nightly-2025-11-21-x86_64-unknown-linux-gnu/lib/rustlib/src/rust/library/core/src/result.rs line 966 column 15 function std::result::Result::<(tag::Tag, usize), tag::TagError>::map_err::<tlv::TlvError, {closure@der-verified/src/tlv.rs:71:51: 71:54}> thread 0
aborting path on assume(false) at file /home/runner/.rustup/toolchains/nightly-2025-11-21-x86_64-unknown-linux-gnu/lib/rustlib/src/rust/library/core/src/result.rs line 2173 column 15 function <std::result::Result<(tag::Tag, usize), tlv::TlvError> as std::ops::Try>::branch thread 0
aborting path on assume(false) at file /home/runner/.rustup/toolchains/nightly-2025-11-21-x86_64-unknown-linux-gnu/lib/rustlib/src/rust/library/core/src/slice/index.rs line 40 column 9 function core::slice::index::slice_index_fail::do_panic::runtime thread 0
aborting path on assume(false) at file /home/runner/.rustup/toolchains/nightly-2025-11-21-x86_64-unknown-linux-gnu/lib/rustlib/src/rust/library/core/src/intrinsics/mod.rs line 2449 column 9 function core::slice::index::slice_index_fail::do_panic thread 0
aborting path on assume(false) at file /home/runner/.rustup/toolchains/nightly-2025-11-21-x86_64-unknown-linux-gnu/lib/rustlib/src/rust/library/core/src/panic.rs line 178 column 9 function core::slice::index::slice_index_fail thread 0
aborting path on assume(false) at file /home/runner/.rustup/toolchains/nightly-2025-11-21-x86_64-unknown-linux-gnu/lib/rustlib/src/rust/library/core/src/slice/index.rs line 49 column 9 function core::slice::index::slice_index_fail::do_panic::runtime thread 0
aborting path on assume(false) at file /home/runner/.rustup/toolchains/nightly-2025-11-21-x86_64-unknown-linux-gnu/lib/rustlib/src/rust/library/core/src/intrinsics/mod.rs line 2449 column 9 function core::slice::index::slice_index_fail::do_panic thread 0
aborting path on assume(false) at file /home/runner/.rustup/toolchains/nightly-2025-11-21-x86_64-unknown-linux-gnu/lib/rustlib/src/rust/library/core/src/panic.rs line 178 column 9 function core::slice::index::slice_index_fail thread 0
aborting path on assume(false) at file /home/runner/.rustup/toolchains/nightly-2025-11-21-x86_64-unknown-linux-gnu/lib/rustlib/src/rust/library/core/src/slice/index.rs line 58 column 9 function core::slice::index::slice_index_fail::do_panic::runtime thread 0
aborting path on assume(false) at file /home/runner/.rustup/toolchains/nightly-2025-11-21-x86_64-unknown-linux-gnu/lib/rustlib/src/rust/library/core/src/intrinsics/mod.rs line 2449 column 9 function core::slice::index::slice_index_fail::do_panic thread 0
aborting path on assume(false) at file /home/runner/.rustup/toolchains/nightly-2025-11-21-x86_64-unknown-linux-gnu/lib/rustlib/src/rust/library/core/src/panic.rs line 178 column 9 function core::slice::index::slice_index_fail thread 0
aborting path on assume(false) at file /home/runner/.rustup/toolchains/nightly-2025-11-21-x86_64-unknown-linux-gnu/lib/rustlib/src/rust/library/core/src/slice/index.rs line 68 column 5 function core::slice::index::slice_index_fail::do_panic::runtime thread 0
aborting path on assume(false) at file /home/runner/.rustup/toolchains/nightly-2025-11-21-x86_64-unknown-linux-gnu/lib/rustlib/src/rust/library/core/src/intrinsics/mod.rs line 2449 column 9 function core::slice::index::slice_index_fail::do_panic thread 0
aborting path on assume(false) at file /home/runner/.rustup/toolchains/nightly-2025-11-21-x86_64-unknown-linux-gnu/lib/rustlib/src/rust/library/core/src/panic.rs line 178 column 9 function core::slice::index::slice_index_fail thread 0
aborting path on assume(false) at file /home/runner/.rustup/toolchains/nightly-2025-11-21-x86_64-unknown-linux-gnu/lib/rustlib/src/rust/library/core/src/slice/index.rs line 569 column 13 function <std::ops::RangeFrom<usize> as std::slice::SliceIndex<[u8]>>::index thread 0
aborting path on assume(false) at file /home/runner/work/kani/kani/library/kani_core/src/models.rs line 176 column 17 function <usize as kani::rustc_intrinsics::ToISize>::to_isize thread 0
aborting path on assume(false) at file /home/runner/work/kani/kani/library/kani/src/lib.rs line 57 column 1 function <usize as kani::rustc_intrinsics::ToISize>::to_isize thread 0
aborting path on assume(false) at file /home/runner/work/kani/kani/library/kani/src/lib.rs line 57 column 1 function <usize as kani::rustc_intrinsics::ToISize>::to_isize thread 0
aborting path on assume(false) at file /home/runner/work/kani/kani/library/kani/src/lib.rs line 57 column 1 function kani::mem::cbmc::same_allocation thread 0
aborting path on assume(false) at file der-verified/src/length.rs line 75 column 23 function length::decode_length thread 0
aborting path on assume(false) at file /home/runner/.rustup/toolchains/nightly-2025-11-21-x86_64-unknown-linux-gnu/lib/rustlib/src/rust/library/core/src/slice/index.rs line 435 column 5 function <std::ops::Range<usize> as std::slice::SliceIndex<[u8]>>::index thread 0
aborting path on assume(false) at file /home/runner/work/kani/kani/library/kani/src/lib.rs line 57 column 1 function kani::mem::cbmc::same_allocation thread 0
aborting path on assume(false) at file /home/runner/.rustup/toolchains/nightly-2025-11-21-x86_64-unknown-linux-gnu/lib/rustlib/src/rust/library/core/src/slice/index.rs line 40 column 9 function core::slice::index::slice_index_fail::do_panic::runtime thread 0
aborting path on assume(false) at file /home/runner/.rustup/toolchains/nightly-2025-11-21-x86_64-unknown-linux-gnu/lib/rustlib/src/rust/library/core/src/intrinsics/mod.rs line 2449 column 9 function core::slice::index::slice_index_fail::do_panic thread 0
aborting path on assume(false) at file /home/runner/.rustup/toolchains/nightly-2025-11-21-x86_64-unknown-linux-gnu/lib/rustlib/src/rust/library/core/src/panic.rs line 178 column 9 function core::slice::index::slice_index_fail thread 0
aborting path on assume(false) at file /home/runner/.rustup/toolchains/nightly-2025-11-21-x86_64-unknown-linux-gnu/lib/rustlib/src/rust/library/core/src/slice/index.rs line 49 column 9 function core::slice::index::slice_index_fail::do_panic::runtime thread 0
aborting path on assume(false) at file /home/runner/.rustup/toolchains/nightly-2025-11-21-x86_64-unknown-linux-gnu/lib/rustlib/src/rust/library/core/src/intrinsics/mod.rs line 2449 column 9 function core::slice::index::slice_index_fail::do_panic thread 0
aborting path on assume(false) at file /home/runner/.rustup/toolchains/nightly-2025-11-21-x86_64-unknown-linux-gnu/lib/rustlib/src/rust/library/core/src/panic.rs line 178 column 9 function core::slice::index::slice_index_fail thread 0
aborting path on assume(false) at file /home/runner/.rustup/toolchains/nightly-2025-11-21-x86_64-unknown-linux-gnu/lib/rustlib/src/rust/library/core/src/slice/index.rs line 58 column 9 function core::slice::index::slice_index_fail::do_panic::runtime thread 0
aborting path on assume(false) at file /home/runner/.rustup/toolchains/nightly-2025-11-21-x86_64-unknown-linux-gnu/lib/rustlib/src/rust/library/core/src/intrinsics/mod.rs line 2449 column 9 function core::slice::index::slice_index_fail::do_panic thread 0
aborting path on assume(false) at file /home/runner/.rustup/toolchains/nightly-2025-11-21-x86_64-unknown-linux-gnu/lib/rustlib/src/rust/library/core/src/panic.rs line 178 column 9 function core::slice::index::slice_index_fail thread 0
aborting path on assume(false) at file /home/runner/.rustup/toolchains/nightly-2025-11-21-x86_64-unknown-linux-gnu/lib/rustlib/src/rust/library/core/src/slice/index.rs line 68 column 5 function core::slice::index::slice_index_fail::do_panic::runtime thread 0
aborting path on assume(false) at file /home/runner/.rustup/toolchains/nightly-2025-11-21-x86_64-unknown-linux-gnu/lib/rustlib/src/rust/library/core/src/intrinsics/mod.rs line 2449 column 9 function core::slice::index::slice_index_fail::do_panic thread 0
aborting path on assume(false) at file /home/runner/.rustup/toolchains/nightly-2025-11-21-x86_64-unknown-linux-gnu/lib/rustlib/src/rust/library/core/src/panic.rs line 178 column 9 function core::slice::index::slice_index_fail thread 0
aborting path on assume(false) at file /home/runner/.rustup/toolchains/nightly-2025-11-21-x86_64-unknown-linux-gnu/lib/rustlib/src/rust/library/core/src/slice/index.rs line 443 column 13 function <std::ops::Range<usize> as std::slice::SliceIndex<[u8]>>::index thread 0
Unwinding loop _RNvNtCsjJ4BRyaQv62_12der_verified6length13decode_length.0 iteration 1 file der-verified/src/length.rs line 101 column 5 function length::decode_length thread 0
Unwinding loop _RNvNtCsjJ4BRyaQv62_12der_verified6length13decode_length.0 iteration 2 file der-verified/src/length.rs line 101 column 5 function length::decode_length thread 0
Unwinding loop _RNvNtCsjJ4BRyaQv62_12der_verified6length13decode_length.0 iteration 3 file der-verified/src/length.rs line 101 column 5 function length::decode_length thread 0
Unwinding loop _RNvNtCsjJ4BRyaQv62_12der_verified6length13decode_length.0 iteration 4 file der-verified/src/length.rs line 101 column 5 function length::decode_length thread 0
Unwinding loop _RNvNtCsjJ4BRyaQv62_12der_verified6length13decode_length.0 iteration 5 file der-verified/src/length.rs line 101 column 5 function length::decode_length thread 0
Unwinding loop _RNvNtCsjJ4BRyaQv62_12der_verified6length13decode_length.0 iteration 6 file der-verified/src/length.rs line 101 column 5 function length::decode_length thread 0
Unwinding loop _RNvNtCsjJ4BRyaQv62_12der_verified6length13decode_length.0 iteration 7 file der-verified/src/length.rs line 101 column 5 function length::decode_length thread 0
Unwinding loop _RNvNtCsjJ4BRyaQv62_12der_verified6length13decode_length.0 iteration 8 file der-verified/src/length.rs line 101 column 5 function length::decode_length thread 0
Unwinding loop _RNvNtCsjJ4BRyaQv62_12der_verified6length13decode_length.0 iteration 9 file der-verified/src/length.rs line 101 column 5 function length::decode_length thread 0
Unwinding loop _RNvNtCsjJ4BRyaQv62_12der_verified6length13decode_length.0 iteration 10 file der-verified/src/length.rs line 101 column 5 function length::decode_length thread 0
Unwinding loop _RNvNtCsjJ4BRyaQv62_12der_verified6length13decode_length.0 iteration 11 file der-verified/src/length.rs line 101 column 5 function length::decode_length thread 0
Not unwinding loop _RNvNtCsjJ4BRyaQv62_12der_verified6length13decode_length.0 iteration 12 file der-verified/src/length.rs line 101 column 5 function length::decode_length thread 0
aborting path on assume(false) at file /home/runner/.rustup/toolchains/nightly-2025-11-21-x86_64-unknown-linux-gnu/lib/rustlib/src/rust/library/core/src/result.rs line 966 column 15 function std::result::Result::<(u32, usize), length::LengthError>::map_err::<tlv::TlvError, {closure@der-verified/src/tlv.rs:73:69: 73:72}> thread 0
aborting path on assume(false) at file /home/runner/.rustup/toolchains/nightly-2025-11-21-x86_64-unknown-linux-gnu/lib/rustlib/src/rust/library/core/src/result.rs line 2173 column 15 function <std::result::Result<(u32, usize), tlv::TlvError> as std::ops::Try>::branch thread 0
aborting path on assume(false) at file der-verified/src/lib.rs line 0 column 0 function tlv::decode_tlv thread 0
aborting path on assume(false) at file /home/runner/.rustup/toolchains/nightly-2025-11-21-x86_64-unknown-linux-gnu/lib/rustlib/src/rust/library/core/src/slice/index.rs line 435 column 5 function <std::ops::Range<usize> as std::slice::SliceIndex<[u8]>>::index thread 0
aborting path on assume(false) at file /home/runner/work/kani/kani/library/kani_core/src/models.rs line 176 column 17 function <usize as kani::rustc_intrinsics::ToISize>::to_isize thread 0
aborting path on assume(false) at file /home/runner/work/kani/kani/library/kani/src/lib.rs line 57 column 1 function <usize as kani::rustc_intrinsics::ToISize>::to_isize thread 0
aborting path on assume(false) at file /home/runner/work/kani/kani/library/kani/src/lib.rs line 57 column 1 function <usize as kani::rustc_intrinsics::ToISize>::to_isize thread 0
aborting path on assume(false) at file /home/runner/work/kani/kani/library/kani/src/lib.rs line 57 column 1 function kani::mem::cbmc::same_allocation thread 0
aborting path on assume(false) at file /home/runner/.rustup/toolchains/nightly-2025-11-21-x86_64-unknown-linux-gnu/lib/rustlib/src/rust/library/core/src/slice/index.rs line 40 column 9 function core::slice::index::slice_index_fail::do_panic::runtime thread 0
aborting path on assume(false) at file /home/runner/.rustup/toolchains/nightly-2025-11-21-x86_64-unknown-linux-gnu/lib/rustlib/src/rust/library/core/src/intrinsics/mod.rs line 2449 column 9 function core::slice::index::slice_index_fail::do_panic thread 0
aborting path on assume(false) at file /home/runner/.rustup/toolchains/nightly-2025-11-21-x86_64-unknown-linux-gnu/lib/rustlib/src/rust/library/core/src/panic.rs line 178 column 9 function core::slice::index::slice_index_fail thread 0
aborting path on assume(false) at file /home/runner/.rustup/toolchains/nightly-2025-11-21-x86_64-unknown-linux-gnu/lib/rustlib/src/rust/library/core/src/slice/index.rs line 49 column 9 function core::slice::index::slice_index_fail::do_panic::runtime thread 0
aborting path on assume(false) at file /home/runner/.rustup/toolchains/nightly-2025-11-21-x86_64-unknown-linux-gnu/lib/rustlib/src/rust/library/core/src/intrinsics/mod.rs line 2449 column 9 function core::slice::index::slice_index_fail::do_panic thread 0
aborting path on assume(false) at file /home/runner/.rustup/toolchains/nightly-2025-11-21-x86_64-unknown-linux-gnu/lib/rustlib/src/rust/library/core/src/panic.rs line 178 column 9 function core::slice::index::slice_index_fail thread 0
aborting path on assume(false) at file /home/runner/.rustup/toolchains/nightly-2025-11-21-x86_64-unknown-linux-gnu/lib/rustlib/src/rust/library/core/src/slice/index.rs line 58 column 9 function core::slice::index::slice_index_fail::do_panic::runtime thread 0
aborting path on assume(false) at file /home/runner/.rustup/toolchains/nightly-2025-11-21-x86_64-unknown-linux-gnu/lib/rustlib/src/rust/library/core/src/intrinsics/mod.rs line 2449 column 9 function core::slice::index::slice_index_fail::do_panic thread 0
aborting path on assume(false) at file /home/runner/.rustup/toolchains/nightly-2025-11-21-x86_64-unknown-linux-gnu/lib/rustlib/src/rust/library/core/src/panic.rs line 178 column 9 function core::slice::index::slice_index_fail thread 0
aborting path on assume(false) at file /home/runner/.rustup/toolchains/nightly-2025-11-21-x86_64-unknown-linux-gnu/lib/rustlib/src/rust/library/core/src/slice/index.rs line 68 column 5 function core::slice::index::slice_index_fail::do_panic::runtime thread 0
aborting path on assume(false) at file /home/runner/.rustup/toolchains/nightly-2025-11-21-x86_64-unknown-linux-gnu/lib/rustlib/src/rust/library/core/src/intrinsics/mod.rs line 2449 column 9 function core::slice::index::slice_index_fail::do_panic thread 0
aborting path on assume(false) at file /home/runner/.rustup/toolchains/nightly-2025-11-21-x86_64-unknown-linux-gnu/lib/rustlib/src/rust/library/core/src/panic.rs line 178 column 9 function core::slice::index::slice_index_fail thread 0
aborting path on assume(false) at file /home/runner/.rustup/toolchains/nightly-2025-11-21-x86_64-unknown-linux-gnu/lib/rustlib/src/rust/library/core/src/slice/index.rs line 443 column 13 function <std::ops::Range<usize> as std::slice::SliceIndex<[u8]>>::index thread 0
aborting path on assume(false) at file /home/runner/.rustup/toolchains/nightly-2025-11-21-x86_64-unknown-linux-gnu/lib/rustlib/src/rust/library/core/src/result.rs line 966 column 15 function std::result::Result::<(tlv::Tlv<'_>, usize), tlv::TlvError>::map_err::<sequence::SequenceError, {closure@der-verified/src/sequence.rs:157:49: 157:52}> thread 0
aborting path on assume(false) at file /home/runner/.rustup/toolchains/nightly-2025-11-21-x86_64-unknown-linux-gnu/lib/rustlib/src/rust/library/core/src/result.rs line 2173 column 15 function <std::result::Result<(tlv::Tlv<'_>, usize), sequence::SequenceError> as std::ops::Try>::branch thread 0
aborting path on assume(false) at file der-verified/src/sequence.rs line 157 column 23 function sequence::decode_sequence_tlv thread 0
aborting path on assume(false) at file /home/runner/.rustup/toolchains/nightly-2025-11-21-x86_64-unknown-linux-gnu/lib/rustlib/src/rust/library/core/src/result.rs line 966 column 15 function std::result::Result::<(&[u8], usize), sequence::SequenceError>::map_err::<x509_algorithm_identifier::AlgIdError, fn(sequence::SequenceError) -> x509_algorithm_identifier::AlgIdError {x509_algorithm_identifier::AlgIdError::BadSeq}> thread 0
aborting path on assume(false) at file /home/runner/.rustup/toolchains/nightly-2025-11-21-x86_64-unknown-linux-gnu/lib/rustlib/src/rust/library/core/src/result.rs line 2173 column 15 function <std::result::Result<(&[u8], usize), x509_algorithm_identifier::AlgIdError> as std::ops::Try>::branch thread 0
Unwinding loop _RNvNtCsjJ4BRyaQv62_12der_verified3tag10decode_tag.0 iteration 1 file der-verified/src/tag.rs line 137 column 49 function tag::decode_tag thread 0
Unwinding loop _RNvNtCsjJ4BRyaQv62_12der_verified3tag10decode_tag.0 iteration 2 file der-verified/src/tag.rs line 137 column 49 function tag::decode_tag thread 0
Unwinding loop _RNvNtCsjJ4BRyaQv62_12der_verified3tag10decode_tag.0 iteration 3 file der-verified/src/tag.rs line 137 column 49 function tag::decode_tag thread 0
Unwinding loop _RNvNtCsjJ4BRyaQv62_12der_verified3tag10decode_tag.0 iteration 4 file der-verified/src/tag.rs line 137 column 49 function tag::decode_tag thread 0
Unwinding loop _RNvNtCsjJ4BRyaQv62_12der_verified3tag10decode_tag.0 iteration 5 file der-verified/src/tag.rs line 137 column 49 function tag::decode_tag thread 0
Unwinding loop _RNvNtCsjJ4BRyaQv62_12der_verified3tag10decode_tag.0 iteration 6 file der-verified/src/tag.rs line 137 column 49 function tag::decode_tag thread 0
Unwinding loop _RNvNtCsjJ4BRyaQv62_12der_verified3tag10decode_tag.0 iteration 7 file der-verified/src/tag.rs line 137 column 49 function tag::decode_tag thread 0
Unwinding loop _RNvNtCsjJ4BRyaQv62_12der_verified3tag10decode_tag.0 iteration 8 file der-verified/src/tag.rs line 137 column 49 function tag::decode_tag thread 0
Unwinding loop _RNvNtCsjJ4BRyaQv62_12der_verified3tag10decode_tag.0 iteration 9 file der-verified/src/tag.rs line 137 column 49 function tag::decode_tag thread 0
Unwinding loop _RNvNtCsjJ4BRyaQv62_12der_verified3tag10decode_tag.0 iteration 10 file der-verified/src/tag.rs line 137 column 49 function tag::decode_tag thread 0
Unwinding loop _RNvNtCsjJ4BRyaQv62_12der_verified3tag10decode_tag.0 iteration 11 file der-verified/src/tag.rs line 137 column 49 function tag::decode_tag thread 0
Not unwinding loop _RNvNtCsjJ4BRyaQv62_12der_verified3tag10decode_tag.0 iteration 12 file der-verified/src/tag.rs line 137 column 49 function tag::decode_tag thread 0
aborting path on assume(false) at file /home/runner/.rustup/toolchains/nightly-2025-11-21-x86_64-unknown-linux-gnu/lib/rustlib/src/rust/library/core/src/result.rs line 2173 column 15 function <std::result::Result<(u32, usize), tag::TagError> as std::ops::Try>::branch thread 0
aborting path on assume(false) at file der-verified/src/lib.rs line 0 column 0 function tag::decode_tag thread 0
aborting path on assume(false) at file /home/runner/.rustup/toolchains/nightly-2025-11-21-x86_64-unknown-linux-gnu/lib/rustlib/src/rust/library/core/src/result.rs line 966 column 15 function std::result::Result::<(tag::Tag, usize), tag::TagError>::map_err::<tlv::TlvError, {closure@der-verified/src/tlv.rs:71:51: 71:54}> thread 0
aborting path on assume(false) at file /home/runner/.rustup/toolchains/nightly-2025-11-21-x86_64-unknown-linux-gnu/lib/rustlib/src/rust/library/core/src/result.rs line 2173 column 15 function <std::result::Result<(tag::Tag, usize), tlv::TlvError> as std::ops::Try>::branch thread 0
aborting path on assume(false) at file /home/runner/.rustup/toolchains/nightly-2025-11-21-x86_64-unknown-linux-gnu/lib/rustlib/src/rust/library/core/src/slice/index.rs line 40 column 9 function core::slice::index::slice_index_fail::do_panic::runtime thread 0
aborting path on assume(false) at file /home/runner/.rustup/toolchains/nightly-2025-11-21-x86_64-unknown-linux-gnu/lib/rustlib/src/rust/library/core/src/intrinsics/mod.rs line 2449 column 9 function core::slice::index::slice_index_fail::do_panic thread 0
aborting path on assume(false) at file /home/runner/.rustup/toolchains/nightly-2025-11-21-x86_64-unknown-linux-gnu/lib/rustlib/src/rust/library/core/src/panic.rs line 178 column 9 function core::slice::index::slice_index_fail thread 0
aborting path on assume(false) at file /home/runner/.rustup/toolchains/nightly-2025-11-21-x86_64-unknown-linux-gnu/lib/rustlib/src/rust/library/core/src/slice/index.rs line 49 column 9 function core::slice::index::slice_index_fail::do_panic::runtime thread 0
aborting path on assume(false) at file /home/runner/.rustup/toolchains/nightly-2025-11-21-x86_64-unknown-linux-gnu/lib/rustlib/src/rust/library/core/src/intrinsics/mod.rs line 2449 column 9 function core::slice::index::slice_index_fail::do_panic thread 0
aborting path on assume(false) at file /home/runner/.rustup/toolchains/nightly-2025-11-21-x86_64-unknown-linux-gnu/lib/rustlib/src/rust/library/core/src/panic.rs line 178 column 9 function core::slice::index::slice_index_fail thread 0
aborting path on assume(false) at file /home/runner/.rustup/toolchains/nightly-2025-11-21-x86_64-unknown-linux-gnu/lib/rustlib/src/rust/library/core/src/slice/index.rs line 58 column 9 function core::slice::index::slice_index_fail::do_panic::runtime thread 0
aborting path on assume(false) at file /home/runner/.rustup/toolchains/nightly-2025-11-21-x86_64-unknown-linux-gnu/lib/rustlib/src/rust/library/core/src/intrinsics/mod.rs line 2449 column 9 function core::slice::index::slice_index_fail::do_panic thread 0
aborting path on assume(false) at file /home/runner/.rustup/toolchains/nightly-2025-11-21-x86_64-unknown-linux-gnu/lib/rustlib/src/rust/library/core/src/panic.rs line 178 column 9 function core::slice::index::slice_index_fail thread 0
aborting path on assume(false) at file /home/runner/.rustup/toolchains/nightly-2025-11-21-x86_64-unknown-linux-gnu/lib/rustlib/src/rust/library/core/src/slice/index.rs line 68 column 5 function core::slice::index::slice_index_fail::do_panic::runtime thread 0
aborting path on assume(false) at file /home/runner/.rustup/toolchains/nightly-2025-11-21-x86_64-unknown-linux-gnu/lib/rustlib/src/rust/library/core/src/intrinsics/mod.rs line 2449 column 9 function core::slice::index::slice_index_fail::do_panic thread 0
aborting path on assume(false) at file /home/runner/.rustup/toolchains/nightly-2025-11-21-x86_64-unknown-linux-gnu/lib/rustlib/src/rust/library/core/src/panic.rs line 178 column 9 function core::slice::index::slice_index_fail thread 0
aborting path on assume(false) at file /home/runner/.rustup/toolchains/nightly-2025-11-21-x86_64-unknown-linux-gnu/lib/rustlib/src/rust/library/core/src/slice/index.rs line 569 column 13 function <std::ops::RangeFrom<usize> as std::slice::SliceIndex<[u8]>>::index thread 0
aborting path on assume(false) at file /home/runner/work/kani/kani/library/kani_core/src/models.rs line 176 column 17 function <usize as kani::rustc_intrinsics::ToISize>::to_isize thread 0
aborting path on assume(false) at file /home/runner/work/kani/kani/library/kani/src/lib.rs line 57 column 1 function <usize as kani::rustc_intrinsics::ToISize>::to_isize thread 0
aborting path on assume(false) at file /home/runner/work/kani/kani/library/kani/src/lib.rs line 57 column 1 function <usize as kani::rustc_intrinsics::ToISize>::to_isize thread 0
aborting path on assume(false) at file /home/runner/work/kani/kani/library/kani/src/lib.rs line 57 column 1 function kani::mem::cbmc::same_allocation thread 0
aborting path on assume(false) at file der-verified/src/length.rs line 75 column 23 function length::decode_length thread 0
aborting path on assume(false) at file /home/runner/.rustup/toolchains/nightly-2025-11-21-x86_64-unknown-linux-gnu/lib/rustlib/src/rust/library/core/src/slice/index.rs line 435 column 5 function <std::ops::Range<usize> as std::slice::SliceIndex<[u8]>>::index thread 0
aborting path on assume(false) at file /home/runner/work/kani/kani/library/kani/src/lib.rs line 57 column 1 function kani::mem::cbmc::same_allocation thread 0
aborting path on assume(false) at file /home/runner/.rustup/toolchains/nightly-2025-11-21-x86_64-unknown-linux-gnu/lib/rustlib/src/rust/library/core/src/slice/index.rs line 40 column 9 function core::slice::index::slice_index_fail::do_panic::runtime thread 0
aborting path on assume(false) at file /home/runner/.rustup/toolchains/nightly-2025-11-21-x86_64-unknown-linux-gnu/lib/rustlib/src/rust/library/core/src/intrinsics/mod.rs line 2449 column 9 function core::slice::index::slice_index_fail::do_panic thread 0
aborting path on assume(false) at file /home/runner/.rustup/toolchains/nightly-2025-11-21-x86_64-unknown-linux-gnu/lib/rustlib/src/rust/library/core/src/panic.rs line 178 column 9 function core::slice::index::slice_index_fail thread 0
aborting path on assume(false) at file /home/runner/.rustup/toolchains/nightly-2025-11-21-x86_64-unknown-linux-gnu/lib/rustlib/src/rust/library/core/src/slice/index.rs line 49 column 9 function core::slice::index::slice_index_fail::do_panic::runtime thread 0
aborting path on assume(false) at file /home/runner/.rustup/toolchains/nightly-2025-11-21-x86_64-unknown-linux-gnu/lib/rustlib/src/rust/library/core/src/intrinsics/mod.rs line 2449 column 9 function core::slice::index::slice_index_fail::do_panic thread 0
aborting path on assume(false) at file /home/runner/.rustup/toolchains/nightly-2025-11-21-x86_64-unknown-linux-gnu/lib/rustlib/src/rust/library/core/src/panic.rs line 178 column 9 function core::slice::index::slice_index_fail thread 0
aborting path on assume(false) at file /home/runner/.rustup/toolchains/nightly-2025-11-21-x86_64-unknown-linux-gnu/lib/rustlib/src/rust/library/core/src/slice/index.rs line 58 column 9 function core::slice::index::slice_index_fail::do_panic::runtime thread 0
aborting path on assume(false) at file /home/runner/.rustup/toolchains/nightly-2025-11-21-x86_64-unknown-linux-gnu/lib/rustlib/src/rust/library/core/src/intrinsics/mod.rs line 2449 column 9 function core::slice::index::slice_index_fail::do_panic thread 0
aborting path on assume(false) at file /home/runner/.rustup/toolchains/nightly-2025-11-21-x86_64-unknown-linux-gnu/lib/rustlib/src/rust/library/core/src/panic.rs line 178 column 9 function core::slice::index::slice_index_fail thread 0
aborting path on assume(false) at file /home/runner/.rustup/toolchains/nightly-2025-11-21-x86_64-unknown-linux-gnu/lib/rustlib/src/rust/library/core/src/slice/index.rs line 68 column 5 function core::slice::index::slice_index_fail::do_panic::runtime thread 0
aborting path on assume(false) at file /home/runner/.rustup/toolchains/nightly-2025-11-21-x86_64-unknown-linux-gnu/lib/rustlib/src/rust/library/core/src/intrinsics/mod.rs line 2449 column 9 function core::slice::index::slice_index_fail::do_panic thread 0
aborting path on assume(false) at file /home/runner/.rustup/toolchains/nightly-2025-11-21-x86_64-unknown-linux-gnu/lib/rustlib/src/rust/library/core/src/panic.rs line 178 column 9 function core::slice::index::slice_index_fail thread 0
aborting path on assume(false) at file /home/runner/.rustup/toolchains/nightly-2025-11-21-x86_64-unknown-linux-gnu/lib/rustlib/src/rust/library/core/src/slice/index.rs line 443 column 13 function <std::ops::Range<usize> as std::slice::SliceIndex<[u8]>>::index thread 0
Unwinding loop _RNvNtCsjJ4BRyaQv62_12der_verified6length13decode_length.0 iteration 1 file der-verified/src/length.rs line 101 column 5 function length::decode_length thread 0
Unwinding loop _RNvNtCsjJ4BRyaQv62_12der_verified6length13decode_length.0 iteration 2 file der-verified/src/length.rs line 101 column 5 function length::decode_length thread 0
Unwinding loop _RNvNtCsjJ4BRyaQv62_12der_verified6length13decode_length.0 iteration 3 file der-verified/src/length.rs line 101 column 5 function length::decode_length thread 0
Unwinding loop _RNvNtCsjJ4BRyaQv62_12der_verified6length13decode_length.0 iteration 4 file der-verified/src/length.rs line 101 column 5 function length::decode_length thread 0
Unwinding loop _RNvNtCsjJ4BRyaQv62_12der_verified6length13decode_length.0 iteration 5 file der-verified/src/length.rs line 101 column 5 function length::decode_length thread 0
Unwinding loop _RNvNtCsjJ4BRyaQv62_12der_verified6length13decode_length.0 iteration 6 file der-verified/src/length.rs line 101 column 5 function length::decode_length thread 0
Unwinding loop _RNvNtCsjJ4BRyaQv62_12der_verified6length13decode_length.0 iteration 7 file der-verified/src/length.rs line 101 column 5 function length::decode_length thread 0
Unwinding loop _RNvNtCsjJ4BRyaQv62_12der_verified6length13decode_length.0 iteration 8 file der-verified/src/length.rs line 101 column 5 function length::decode_length thread 0
Unwinding loop _RNvNtCsjJ4BRyaQv62_12der_verified6length13decode_length.0 iteration 9 file der-verified/src/length.rs line 101 column 5 function length::decode_length thread 0
Unwinding loop _RNvNtCsjJ4BRyaQv62_12der_verified6length13decode_length.0 iteration 10 file der-verified/src/length.rs line 101 column 5 function length::decode_length thread 0
Unwinding loop _RNvNtCsjJ4BRyaQv62_12der_verified6length13decode_length.0 iteration 11 file der-verified/src/length.rs line 101 column 5 function length::decode_length thread 0
Not unwinding loop _RNvNtCsjJ4BRyaQv62_12der_verified6length13decode_length.0 iteration 12 file der-verified/src/length.rs line 101 column 5 function length::decode_length thread 0
aborting path on assume(false) at file /home/runner/.rustup/toolchains/nightly-2025-11-21-x86_64-unknown-linux-gnu/lib/rustlib/src/rust/library/core/src/result.rs line 966 column 15 function std::result::Result::<(u32, usize), length::LengthError>::map_err::<tlv::TlvError, {closure@der-verified/src/tlv.rs:73:69: 73:72}> thread 0
aborting path on assume(false) at file /home/runner/.rustup/toolchains/nightly-2025-11-21-x86_64-unknown-linux-gnu/lib/rustlib/src/rust/library/core/src/result.rs line 2173 column 15 function <std::result::Result<(u32, usize), tlv::TlvError> as std::ops::Try>::branch thread 0
aborting path on assume(false) at file der-verified/src/lib.rs line 0 column 0 function tlv::decode_tlv thread 0
aborting path on assume(false) at file /home/runner/.rustup/toolchains/nightly-2025-11-21-x86_64-unknown-linux-gnu/lib/rustlib/src/rust/library/core/src/slice/index.rs line 435 column 5 function <std::ops::Range<usize> as std::slice::SliceIndex<[u8]>>::index thread 0
aborting path on assume(false) at file /home/runner/work/kani/kani/library/kani_core/src/models.rs line 176 column 17 function <usize as kani::rustc_intrinsics::ToISize>::to_isize thread 0
aborting path on assume(false) at file /home/runner/work/kani/kani/library/kani/src/lib.rs line 57 column 1 function <usize as kani::rustc_intrinsics::ToISize>::to_isize thread 0
aborting path on assume(false) at file /home/runner/work/kani/kani/library/kani/src/lib.rs line 57 column 1 function <usize as kani::rustc_intrinsics::ToISize>::to_isize thread 0
aborting path on assume(false) at file /home/runner/work/kani/kani/library/kani/src/lib.rs line 57 column 1 function kani::mem::cbmc::same_allocation thread 0
aborting path on assume(false) at file /home/runner/.rustup/toolchains/nightly-2025-11-21-x86_64-unknown-linux-gnu/lib/rustlib/src/rust/library/core/src/slice/index.rs line 40 column 9 function core::slice::index::slice_index_fail::do_panic::runtime thread 0
aborting path on assume(false) at file /home/runner/.rustup/toolchains/nightly-2025-11-21-x86_64-unknown-linux-gnu/lib/rustlib/src/rust/library/core/src/intrinsics/mod.rs line 2449 column 9 function core::slice::index::slice_index_fail::do_panic thread 0
aborting path on assume(false) at file /home/runner/.rustup/toolchains/nightly-2025-11-21-x86_64-unknown-linux-gnu/lib/rustlib/src/rust/library/core/src/panic.rs line 178 column 9 function core::slice::index::slice_index_fail thread 0
aborting path on assume(false) at file /home/runner/.rustup/toolchains/nightly-2025-11-21-x86_64-unknown-linux-gnu/lib/rustlib/src/rust/library/core/src/slice/index.rs line 49 column 9 function core::slice::index::slice_index_fail::do_panic::runtime thread 0
aborting path on assume(false) at file /home/runner/.rustup/toolchains/nightly-2025-11-21-x86_64-unknown-linux-gnu/lib/rustlib/src/rust/library/core/src/intrinsics/mod.rs line 2449 column 9 function core::slice::index::slice_index_fail::do_panic thread 0
aborting path on assume(false) at file /home/runner/.rustup/toolchains/nightly-2025-11-21-x86_64-unknown-linux-gnu/lib/rustlib/src/rust/library/core/src/panic.rs line 178 column 9 function core::slice::index::slice_index_fail thread 0
aborting path on assume(false) at file /home/runner/.rustup/toolchains/nightly-2025-11-21-x86_64-unknown-linux-gnu/lib/rustlib/src/rust/library/core/src/slice/index.rs line 58 column 9 function core::slice::index::slice_index_fail::do_panic::runtime thread 0
aborting path on assume(false) at file /home/runner/.rustup/toolchains/nightly-2025-11-21-x86_64-unknown-linux-gnu/lib/rustlib/src/rust/library/core/src/intrinsics/mod.rs line 2449 column 9 function core::slice::index::slice_index_fail::do_panic thread 0
aborting path on assume(false) at file /home/runner/.rustup/toolchains/nightly-2025-11-21-x86_64-unknown-linux-gnu/lib/rustlib/src/rust/library/core/src/panic.rs line 178 column 9 function core::slice::index::slice_index_fail thread 0
aborting path on assume(false) at file /home/runner/.rustup/toolchains/nightly-2025-11-21-x86_64-unknown-linux-gnu/lib/rustlib/src/rust/library/core/src/slice/index.rs line 68 column 5 function core::slice::index::slice_index_fail::do_panic::runtime thread 0
aborting path on assume(false) at file /home/runner/.rustup/toolchains/nightly-2025-11-21-x86_64-unknown-linux-gnu/lib/rustlib/src/rust/library/core/src/intrinsics/mod.rs line 2449 column 9 function core::slice::index::slice_index_fail::do_panic thread 0
aborting path on assume(false) at file /home/runner/.rustup/toolchains/nightly-2025-11-21-x86_64-unknown-linux-gnu/lib/rustlib/src/rust/library/core/src/panic.rs line 178 column 9 function core::slice::index::slice_index_fail thread 0
aborting path on assume(false) at file /home/runner/.rustup/toolchains/nightly-2025-11-21-x86_64-unknown-linux-gnu/lib/rustlib/src/rust/library/core/src/slice/index.rs line 443 column 13 function <std::ops::Range<usize> as std::slice::SliceIndex<[u8]>>::index thread 0
aborting path on assume(false) at file /home/runner/.rustup/toolchains/nightly-2025-11-21-x86_64-unknown-linux-gnu/lib/rustlib/src/rust/library/core/src/result.rs line 966 column 15 function std::result::Result::<(tlv::Tlv<'_>, usize), tlv::TlvError>::map_err::<x509_algorithm_identifier::AlgIdError, fn(tlv::TlvError) -> x509_algorithm_identifier::AlgIdError {x509_algorithm_identifier::AlgIdError::BadOidTlv}> thread 0
aborting path on assume(false) at file /home/runner/.rustup/toolchains/nightly-2025-11-21-x86_64-unknown-linux-gnu/lib/rustlib/src/rust/library/core/src/result.rs line 2173 column 15 function <std::result::Result<(tlv::Tlv<'_>, usize), x509_algorithm_identifier::AlgIdError> as std::ops::Try>::branch thread 0
Unwinding loop _RNvNtCsjJ4BRyaQv62_12der_verified3oid12validate_oid.0 iteration 1 file der-verified/src/oid.rs line 61 column 5 function oid::validate_oid thread 0
Unwinding loop _RNvNtCsjJ4BRyaQv62_12der_verified3oid12validate_oid.0 iteration 2 file der-verified/src/oid.rs line 61 column 5 function oid::validate_oid thread 0
Unwinding loop _RNvNtCsjJ4BRyaQv62_12der_verified3oid12validate_oid.0 iteration 3 file der-verified/src/oid.rs line 61 column 5 function oid::validate_oid thread 0
Unwinding loop _RNvNtCsjJ4BRyaQv62_12der_verified3oid12validate_oid.0 iteration 4 file der-verified/src/oid.rs line 61 column 5 function oid::validate_oid thread 0
Unwinding loop _RNvNtCsjJ4BRyaQv62_12der_verified3oid12validate_oid.0 iteration 5 file der-verified/src/oid.rs line 61 column 5 function oid::validate_oid thread 0
Unwinding loop _RNvNtCsjJ4BRyaQv62_12der_verified3oid12validate_oid.0 iteration 6 file der-verified/src/oid.rs line 61 column 5 function oid::validate_oid thread 0
Unwinding loop _RNvNtCsjJ4BRyaQv62_12der_verified3oid12validate_oid.0 iteration 7 file der-verified/src/oid.rs line 61 column 5 function oid::validate_oid thread 0
Unwinding loop _RNvNtCsjJ4BRyaQv62_12der_verified3oid12validate_oid.0 iteration 8 file der-verified/src/oid.rs line 61 column 5 function oid::validate_oid thread 0
Unwinding loop _RNvNtCsjJ4BRyaQv62_12der_verified3oid12validate_oid.0 iteration 9 file der-verified/src/oid.rs line 61 column 5 function oid::validate_oid thread 0
Unwinding loop _RNvNtCsjJ4BRyaQv62_12der_verified3oid12validate_oid.0 iteration 10 file der-verified/src/oid.rs line 61 column 5 function oid::validate_oid thread 0
Unwinding loop _RNvNtCsjJ4BRyaQv62_12der_verified3oid12validate_oid.0 iteration 11 file der-verified/src/oid.rs line 61 column 5 function oid::validate_oid thread 0
Not unwinding loop _RNvNtCsjJ4BRyaQv62_12der_verified3oid12validate_oid.0 iteration 12 file der-verified/src/oid.rs line 61 column 5 function oid::validate_oid thread 0
aborting path on assume(false) at file /home/runner/.rustup/toolchains/nightly-2025-11-21-x86_64-unknown-linux-gnu/lib/rustlib/src/rust/library/core/src/result.rs line 966 column 15 function std::result::Result::<(), oid::OidError>::map_err::<x509_algorithm_identifier::AlgIdError, fn(oid::OidError) -> x509_algorithm_identifier::AlgIdError {x509_algorithm_identifier::AlgIdError::BadOid}> thread 0
aborting path on assume(false) at file /home/runner/.rustup/toolchains/nightly-2025-11-21-x86_64-unknown-linux-gnu/lib/rustlib/src/rust/library/core/src/result.rs line 2173 column 15 function <std::result::Result<(), x509_algorithm_identifier::AlgIdError> as std::ops::Try>::branch thread 0
aborting path on assume(false) at file der-verified/src/lib.rs line 0 column 0 function x509_algorithm_identifier::decode_oid_tlv thread 0
aborting path on assume(false) at file /home/runner/.rustup/toolchains/nightly-2025-11-21-x86_64-unknown-linux-gnu/lib/rustlib/src/rust/library/core/src/result.rs line 2173 column 15 function <std::result::Result<(&[u8], usize), x509_algorithm_identifier::AlgIdError> as std::ops::Try>::branch thread 0
aborting path on assume(false) at file /home/runner/.rustup/toolchains/nightly-2025-11-21-x86_64-unknown-linux-gnu/lib/rustlib/src/rust/library/core/src/slice/index.rs line 40 column 9 function core::slice::index::slice_index_fail::do_panic::runtime thread 0
aborting path on assume(false) at file /home/runner/.rustup/toolchains/nightly-2025-11-21-x86_64-unknown-linux-gnu/lib/rustlib/src/rust/library/core/src/intrinsics/mod.rs line 2449 column 9 function core::slice::index::slice_index_fail::do_panic thread 0
aborting path on assume(false) at file /home/runner/.rustup/toolchains/nightly-2025-11-21-x86_64-unknown-linux-gnu/lib/rustlib/src/rust/library/core/src/panic.rs line 178 column 9 function core::slice::index::slice_index_fail thread 0
aborting path on assume(false) at file /home/runner/.rustup/toolchains/nightly-2025-11-21-x86_64-unknown-linux-gnu/lib/rustlib/src/rust/library/core/src/slice/index.rs line 49 column 9 function core::slice::index::slice_index_fail::do_panic::runtime thread 0
aborting path on assume(false) at file /home/runner/.rustup/toolchains/nightly-2025-11-21-x86_64-unknown-linux-gnu/lib/rustlib/src/rust/library/core/src/intrinsics/mod.rs line 2449 column 9 function core::slice::index::slice_index_fail::do_panic thread 0
aborting path on assume(false) at file /home/runner/.rustup/toolchains/nightly-2025-11-21-x86_64-unknown-linux-gnu/lib/rustlib/src/rust/library/core/src/panic.rs line 178 column 9 function core::slice::index::slice_index_fail thread 0
aborting path on assume(false) at file /home/runner/.rustup/toolchains/nightly-2025-11-21-x86_64-unknown-linux-gnu/lib/rustlib/src/rust/library/core/src/slice/index.rs line 58 column 9 function core::slice::index::slice_index_fail::do_panic::runtime thread 0
aborting path on assume(false) at file /home/runner/.rustup/toolchains/nightly-2025-11-21-x86_64-unknown-linux-gnu/lib/rustlib/src/rust/library/core/src/intrinsics/mod.rs line 2449 column 9 function core::slice::index::slice_index_fail::do_panic thread 0
aborting path on assume(false) at file /home/runner/.rustup/toolchains/nightly-2025-11-21-x86_64-unknown-linux-gnu/lib/rustlib/src/rust/library/core/src/panic.rs line 178 column 9 function core::slice::index::slice_index_fail thread 0
aborting path on assume(false) at file /home/runner/.rustup/toolchains/nightly-2025-11-21-x86_64-unknown-linux-gnu/lib/rustlib/src/rust/library/core/src/slice/index.rs line 68 column 5 function core::slice::index::slice_index_fail::do_panic::runtime thread 0
aborting path on assume(false) at file /home/runner/.rustup/toolchains/nightly-2025-11-21-x86_64-unknown-linux-gnu/lib/rustlib/src/rust/library/core/src/intrinsics/mod.rs line 2449 column 9 function core::slice::index::slice_index_fail::do_panic thread 0
aborting path on assume(false) at file /home/runner/.rustup/toolchains/nightly-2025-11-21-x86_64-unknown-linux-gnu/lib/rustlib/src/rust/library/core/src/panic.rs line 178 column 9 function core::slice::index::slice_index_fail thread 0
aborting path on assume(false) at file /home/runner/.rustup/toolchains/nightly-2025-11-21-x86_64-unknown-linux-gnu/lib/rustlib/src/rust/library/core/src/slice/index.rs line 569 column 13 function <std::ops::RangeFrom<usize> as std::slice::SliceIndex<[u8]>>::index thread 0
aborting path on assume(false) at file /home/runner/work/kani/kani/library/kani_core/src/models.rs line 176 column 17 function <usize as kani::rustc_intrinsics::ToISize>::to_isize thread 0
aborting path on assume(false) at file /home/runner/work/kani/kani/library/kani/src/lib.rs line 57 column 1 function <usize as kani::rustc_intrinsics::ToISize>::to_isize thread 0
aborting path on assume(false) at file /home/runner/work/kani/kani/library/kani/src/lib.rs line 57 column 1 function <usize as kani::rustc_intrinsics::ToISize>::to_isize thread 0
aborting path on assume(false) at file /home/runner/work/kani/kani/library/kani/src/lib.rs line 57 column 1 function kani::mem::cbmc::same_allocation thread 0
Unwinding loop _RNvNtCsjJ4BRyaQv62_12der_verified3tag10decode_tag.0 iteration 1 file der-verified/src/tag.rs line 137 column 49 function tag::decode_tag thread 0
Unwinding loop _RNvNtCsjJ4BRyaQv62_12der_verified3tag10decode_tag.0 iteration 2 file der-verified/src/tag.rs line 137 column 49 function tag::decode_tag thread 0
Unwinding loop _RNvNtCsjJ4BRyaQv62_12der_verified3tag10decode_tag.0 iteration 3 file der-verified/src/tag.rs line 137 column 49 function tag::decode_tag thread 0
Unwinding loop _RNvNtCsjJ4BRyaQv62_12der_verified3tag10decode_tag.0 iteration 4 file der-verified/src/tag.rs line 137 column 49 function tag::decode_tag thread 0
Unwinding loop _RNvNtCsjJ4BRyaQv62_12der_verified3tag10decode_tag.0 iteration 5 file der-verified/src/tag.rs line 137 column 49 function tag::decode_tag thread 0
Unwinding loop _RNvNtCsjJ4BRyaQv62_12der_verified3tag10decode_tag.0 iteration 6 file der-verified/src/tag.rs line 137 column 49 function tag::decode_tag thread 0
Unwinding loop _RNvNtCsjJ4BRyaQv62_12der_verified3tag10decode_tag.0 iteration 7 file der-verified/src/tag.rs line 137 column 49 function tag::decode_tag thread 0
Unwinding loop _RNvNtCsjJ4BRyaQv62_12der_verified3tag10decode_tag.0 iteration 8 file der-verified/src/tag.rs line 137 column 49 function tag::decode_tag thread 0
Unwinding loop _RNvNtCsjJ4BRyaQv62_12der_verified3tag10decode_tag.0 iteration 9 file der-verified/src/tag.rs line 137 column 49 function tag::decode_tag thread 0
Unwinding loop _RNvNtCsjJ4BRyaQv62_12der_verified3tag10decode_tag.0 iteration 10 file der-verified/src/tag.rs line 137 column 49 function tag::decode_tag thread 0
Unwinding loop _RNvNtCsjJ4BRyaQv62_12der_verified3tag10decode_tag.0 iteration 11 file der-verified/src/tag.rs line 137 column 49 function tag::decode_tag thread 0
Not unwinding loop _RNvNtCsjJ4BRyaQv62_12der_verified3tag10decode_tag.0 iteration 12 file der-verified/src/tag.rs line 137 column 49 function tag::decode_tag thread 0
aborting path on assume(false) at file /home/runner/.rustup/toolchains/nightly-2025-11-21-x86_64-unknown-linux-gnu/lib/rustlib/src/rust/library/core/src/result.rs line 2173 column 15 function <std::result::Result<(u32, usize), tag::TagError> as std::ops::Try>::branch thread 0
aborting path on assume(false) at file der-verified/src/lib.rs line 0 column 0 function tag::decode_tag thread 0
aborting path on assume(false) at file /home/runner/.rustup/toolchains/nightly-2025-11-21-x86_64-unknown-linux-gnu/lib/rustlib/src/rust/library/core/src/result.rs line 966 column 15 function std::result::Result::<(tag::Tag, usize), tag::TagError>::map_err::<tlv::TlvError, {closure@der-verified/src/tlv.rs:71:51: 71:54}> thread 0
aborting path on assume(false) at file /home/runner/.rustup/toolchains/nightly-2025-11-21-x86_64-unknown-linux-gnu/lib/rustlib/src/rust/library/core/src/result.rs line 2173 column 15 function <std::result::Result<(tag::Tag, usize), tlv::TlvError> as std::ops::Try>::branch thread 0
aborting path on assume(false) at file /home/runner/.rustup/toolchains/nightly-2025-11-21-x86_64-unknown-linux-gnu/lib/rustlib/src/rust/library/core/src/slice/index.rs line 40 column 9 function core::slice::index::slice_index_fail::do_panic::runtime thread 0
aborting path on assume(false) at file /home/runner/.rustup/toolchains/nightly-2025-11-21-x86_64-unknown-linux-gnu/lib/rustlib/src/rust/library/core/src/intrinsics/mod.rs line 2449 column 9 function core::slice::index::slice_index_fail::do_panic thread 0
aborting path on assume(false) at file /home/runner/.rustup/toolchains/nightly-2025-11-21-x86_64-unknown-linux-gnu/lib/rustlib/src/rust/library/core/src/panic.rs line 178 column 9 function core::slice::index::slice_index_fail thread 0
aborting path on assume(false) at file /home/runner/.rustup/toolchains/nightly-2025-11-21-x86_64-unknown-linux-gnu/lib/rustlib/src/rust/library/core/src/slice/index.rs line 49 column 9 function core::slice::index::slice_index_fail::do_panic::runtime thread 0
aborting path on assume(false) at file /home/runner/.rustup/toolchains/nightly-2025-11-21-x86_64-unknown-linux-gnu/lib/rustlib/src/rust/library/core/src/intrinsics/mod.rs line 2449 column 9 function core::slice::index::slice_index_fail::do_panic thread 0
aborting path on assume(false) at file /home/runner/.rustup/toolchains/nightly-2025-11-21-x86_64-unknown-linux-gnu/lib/rustlib/src/rust/library/core/src/panic.rs line 178 column 9 function core::slice::index::slice_index_fail thread 0
aborting path on assume(false) at file /home/runner/.rustup/toolchains/nightly-2025-11-21-x86_64-unknown-linux-gnu/lib/rustlib/src/rust/library/core/src/slice/index.rs line 58 column 9 function core::slice::index::slice_index_fail::do_panic::runtime thread 0
aborting path on assume(false) at file /home/runner/.rustup/toolchains/nightly-2025-11-21-x86_64-unknown-linux-gnu/lib/rustlib/src/rust/library/core/src/intrinsics/mod.rs line 2449 column 9 function core::slice::index::slice_index_fail::do_panic thread 0
aborting path on assume(false) at file /home/runner/.rustup/toolchains/nightly-2025-11-21-x86_64-unknown-linux-gnu/lib/rustlib/src/rust/library/core/src/panic.rs line 178 column 9 function core::slice::index::slice_index_fail thread 0
aborting path on assume(false) at file /home/runner/.rustup/toolchains/nightly-2025-11-21-x86_64-unknown-linux-gnu/lib/rustlib/src/rust/library/core/src/slice/index.rs line 68 column 5 function core::slice::index::slice_index_fail::do_panic::runtime thread 0
aborting path on assume(false) at file /home/runner/.rustup/toolchains/nightly-2025-11-21-x86_64-unknown-linux-gnu/lib/rustlib/src/rust/library/core/src/intrinsics/mod.rs line 2449 column 9 function core::slice::index::slice_index_fail::do_panic thread 0
aborting path on assume(false) at file /home/runner/.rustup/toolchains/nightly-2025-11-21-x86_64-unknown-linux-gnu/lib/rustlib/src/rust/library/core/src/panic.rs line 178 column 9 function core::slice::index::slice_index_fail thread 0
aborting path on assume(false) at file /home/runner/.rustup/toolchains/nightly-2025-11-21-x86_64-unknown-linux-gnu/lib/rustlib/src/rust/library/core/src/slice/index.rs line 569 column 13 function <std::ops::RangeFrom<usize> as std::slice::SliceIndex<[u8]>>::index thread 0
aborting path on assume(false) at file /home/runner/work/kani/kani/library/kani_core/src/models.rs line 176 column 17 function <usize as kani::rustc_intrinsics::ToISize>::to_isize thread 0
aborting path on assume(false) at file /home/runner/work/kani/kani/library/kani/src/lib.rs line 57 column 1 function <usize as kani::rustc_intrinsics::ToISize>::to_isize thread 0
aborting path on assume(false) at file /home/runner/work/kani/kani/library/kani/src/lib.rs line 57 column 1 function <usize as kani::rustc_intrinsics::ToISize>::to_isize thread 0
aborting path on assume(false) at file /home/runner/work/kani/kani/library/kani/src/lib.rs line 57 column 1 function kani::mem::cbmc::same_allocation thread 0
aborting path on assume(false) at file der-verified/src/length.rs line 75 column 23 function length::decode_length thread 0
aborting path on assume(false) at file /home/runner/.rustup/toolchains/nightly-2025-11-21-x86_64-unknown-linux-gnu/lib/rustlib/src/rust/library/core/src/slice/index.rs line 435 column 5 function <std::ops::Range<usize> as std::slice::SliceIndex<[u8]>>::index thread 0
aborting path on assume(false) at file /home/runner/work/kani/kani/library/kani/src/lib.rs line 57 column 1 function kani::mem::cbmc::same_allocation thread 0
aborting path on assume(false) at file /home/runner/.rustup/toolchains/nightly-2025-11-21-x86_64-unknown-linux-gnu/lib/rustlib/src/rust/library/core/src/slice/index.rs line 40 column 9 function core::slice::index::slice_index_fail::do_panic::runtime thread 0
aborting path on assume(false) at file /home/runner/.rustup/toolchains/nightly-2025-11-21-x86_64-unknown-linux-gnu/lib/rustlib/src/rust/library/core/src/intrinsics/mod.rs line 2449 column 9 function core::slice::index::slice_index_fail::do_panic thread 0
aborting path on assume(false) at file /home/runner/.rustup/toolchains/nightly-2025-11-21-x86_64-unknown-linux-gnu/lib/rustlib/src/rust/library/core/src/panic.rs line 178 column 9 function core::slice::index::slice_index_fail thread 0
aborting path on assume(false) at file /home/runner/.rustup/toolchains/nightly-2025-11-21-x86_64-unknown-linux-gnu/lib/rustlib/src/rust/library/core/src/slice/index.rs line 49 column 9 function core::slice::index::slice_index_fail::do_panic::runtime thread 0
aborting path on assume(false) at file /home/runner/.rustup/toolchains/nightly-2025-11-21-x86_64-unknown-linux-gnu/lib/rustlib/src/rust/library/core/src/intrinsics/mod.rs line 2449 column 9 function core::slice::index::slice_index_fail::do_panic thread 0
aborting path on assume(false) at file /home/runner/.rustup/toolchains/nightly-2025-11-21-x86_64-unknown-linux-gnu/lib/rustlib/src/rust/library/core/src/panic.rs line 178 column 9 function core::slice::index::slice_index_fail thread 0
aborting path on assume(false) at file /home/runner/.rustup/toolchains/nightly-2025-11-21-x86_64-unknown-linux-gnu/lib/rustlib/src/rust/library/core/src/slice/index.rs line 58 column 9 function core::slice::index::slice_index_fail::do_panic::runtime thread 0
aborting path on assume(false) at file /home/runner/.rustup/toolchains/nightly-2025-11-21-x86_64-unknown-linux-gnu/lib/rustlib/src/rust/library/core/src/intrinsics/mod.rs line 2449 column 9 function core::slice::index::slice_index_fail::do_panic thread 0
aborting path on assume(false) at file /home/runner/.rustup/toolchains/nightly-2025-11-21-x86_64-unknown-linux-gnu/lib/rustlib/src/rust/library/core/src/panic.rs line 178 column 9 function core::slice::index::slice_index_fail thread 0
aborting path on assume(false) at file /home/runner/.rustup/toolchains/nightly-2025-11-21-x86_64-unknown-linux-gnu/lib/rustlib/src/rust/library/core/src/slice/index.rs line 68 column 5 function core::slice::index::slice_index_fail::do_panic::runtime thread 0
aborting path on assume(false) at file /home/runner/.rustup/toolchains/nightly-2025-11-21-x86_64-unknown-linux-gnu/lib/rustlib/src/rust/library/core/src/intrinsics/mod.rs line 2449 column 9 function core::slice::index::slice_index_fail::do_panic thread 0
aborting path on assume(false) at file /home/runner/.rustup/toolchains/nightly-2025-11-21-x86_64-unknown-linux-gnu/lib/rustlib/src/rust/library/core/src/panic.rs line 178 column 9 function core::slice::index::slice_index_fail thread 0
aborting path on assume(false) at file /home/runner/.rustup/toolchains/nightly-2025-11-21-x86_64-unknown-linux-gnu/lib/rustlib/src/rust/library/core/src/slice/index.rs line 443 column 13 function <std::ops::Range<usize> as std::slice::SliceIndex<[u8]>>::index thread 0
Unwinding loop _RNvNtCsjJ4BRyaQv62_12der_verified6length13decode_length.0 iteration 1 file der-verified/src/length.rs line 101 column 5 function length::decode_length thread 0
Unwinding loop _RNvNtCsjJ4BRyaQv62_12der_verified6length13decode_length.0 iteration 2 file der-verified/src/length.rs line 101 column 5 function length::decode_length thread 0
Unwinding loop _RNvNtCsjJ4BRyaQv62_12der_verified6length13decode_length.0 iteration 3 file der-verified/src/length.rs line 101 column 5 function length::decode_length thread 0
Unwinding loop _RNvNtCsjJ4BRyaQv62_12der_verified6length13decode_length.0 iteration 4 file der-verified/src/length.rs line 101 column 5 function length::decode_length thread 0
Unwinding loop _RNvNtCsjJ4BRyaQv62_12der_verified6length13decode_length.0 iteration 5 file der-verified/src/length.rs line 101 column 5 function length::decode_length thread 0
Unwinding loop _RNvNtCsjJ4BRyaQv62_12der_verified6length13decode_length.0 iteration 6 file der-verified/src/length.rs line 101 column 5 function length::decode_length thread 0
Unwinding loop _RNvNtCsjJ4BRyaQv62_12der_verified6length13decode_length.0 iteration 7 file der-verified/src/length.rs line 101 column 5 function length::decode_length thread 0
Unwinding loop _RNvNtCsjJ4BRyaQv62_12der_verified6length13decode_length.0 iteration 8 file der-verified/src/length.rs line 101 column 5 function length::decode_length thread 0
Unwinding loop _RNvNtCsjJ4BRyaQv62_12der_verified6length13decode_length.0 iteration 9 file der-verified/src/length.rs line 101 column 5 function length::decode_length thread 0
Unwinding loop _RNvNtCsjJ4BRyaQv62_12der_verified6length13decode_length.0 iteration 10 file der-verified/src/length.rs line 101 column 5 function length::decode_length thread 0
Unwinding loop _RNvNtCsjJ4BRyaQv62_12der_verified6length13decode_length.0 iteration 11 file der-verified/src/length.rs line 101 column 5 function length::decode_length thread 0
Not unwinding loop _RNvNtCsjJ4BRyaQv62_12der_verified6length13decode_length.0 iteration 12 file der-verified/src/length.rs line 101 column 5 function length::decode_length thread 0
aborting path on assume(false) at file /home/runner/.rustup/toolchains/nightly-2025-11-21-x86_64-unknown-linux-gnu/lib/rustlib/src/rust/library/core/src/result.rs line 966 column 15 function std::result::Result::<(u32, usize), length::LengthError>::map_err::<tlv::TlvError, {closure@der-verified/src/tlv.rs:73:69: 73:72}> thread 0
aborting path on assume(false) at file /home/runner/.rustup/toolchains/nightly-2025-11-21-x86_64-unknown-linux-gnu/lib/rustlib/src/rust/library/core/src/result.rs line 2173 column 15 function <std::result::Result<(u32, usize), tlv::TlvError> as std::ops::Try>::branch thread 0
aborting path on assume(false) at file der-verified/src/lib.rs line 0 column 0 function tlv::decode_tlv thread 0
aborting path on assume(false) at file /home/runner/.rustup/toolchains/nightly-2025-11-21-x86_64-unknown-linux-gnu/lib/rustlib/src/rust/library/core/src/slice/index.rs line 435 column 5 function <std::ops::Range<usize> as std::slice::SliceIndex<[u8]>>::index thread 0
aborting path on assume(false) at file /home/runner/work/kani/kani/library/kani_core/src/models.rs line 176 column 17 function <usize as kani::rustc_intrinsics::ToISize>::to_isize thread 0
aborting path on assume(false) at file /home/runner/work/kani/kani/library/kani/src/lib.rs line 57 column 1 function <usize as kani::rustc_intrinsics::ToISize>::to_isize thread 0
aborting path on assume(false) at file /home/runner/work/kani/kani/library/kani/src/lib.rs line 57 column 1 function <usize as kani::rustc_intrinsics::ToISize>::to_isize thread 0
aborting path on assume(false) at file /home/runner/work/kani/kani/library/kani/src/lib.rs line 57 column 1 function kani::mem::cbmc::same_allocation thread 0
aborting path on assume(false) at file /home/runner/.rustup/toolchains/nightly-2025-11-21-x86_64-unknown-linux-gnu/lib/rustlib/src/rust/library/core/src/slice/index.rs line 40 column 9 function core::slice::index::slice_index_fail::do_panic::runtime thread 0
aborting path on assume(false) at file /home/runner/.rustup/toolchains/nightly-2025-11-21-x86_64-unknown-linux-gnu/lib/rustlib/src/rust/library/core/src/intrinsics/mod.rs line 2449 column 9 function core::slice::index::slice_index_fail::do_panic thread 0
aborting path on assume(false) at file /home/runner/.rustup/toolchains/nightly-2025-11-21-x86_64-unknown-linux-gnu/lib/rustlib/src/rust/library/core/src/panic.rs line 178 column 9 function core::slice::index::slice_index_fail thread 0
aborting path on assume(false) at file /home/runner/.rustup/toolchains/nightly-2025-11-21-x86_64-unknown-linux-gnu/lib/rustlib/src/rust/library/core/src/slice/index.rs line 49 column 9 function core::slice::index::slice_index_fail::do_panic::runtime thread 0
aborting path on assume(false) at file /home/runner/.rustup/toolchains/nightly-2025-11-21-x86_64-unknown-linux-gnu/lib/rustlib/src/rust/library/core/src/intrinsics/mod.rs line 2449 column 9 function core::slice::index::slice_index_fail::do_panic thread 0
aborting path on assume(false) at file /home/runner/.rustup/toolchains/nightly-2025-11-21-x86_64-unknown-linux-gnu/lib/rustlib/src/rust/library/core/src/panic.rs line 178 column 9 function core::slice::index::slice_index_fail thread 0
aborting path on assume(false) at file /home/runner/.rustup/toolchains/nightly-2025-11-21-x86_64-unknown-linux-gnu/lib/rustlib/src/rust/library/core/src/slice/index.rs line 58 column 9 function core::slice::index::slice_index_fail::do_panic::runtime thread 0
aborting path on assume(false) at file /home/runner/.rustup/toolchains/nightly-2025-11-21-x86_64-unknown-linux-gnu/lib/rustlib/src/rust/library/core/src/intrinsics/mod.rs line 2449 column 9 function core::slice::index::slice_index_fail::do_panic thread 0
aborting path on assume(false) at file /home/runner/.rustup/toolchains/nightly-2025-11-21-x86_64-unknown-linux-gnu/lib/rustlib/src/rust/library/core/src/panic.rs line 178 column 9 function core::slice::index::slice_index_fail thread 0
aborting path on assume(false) at file /home/runner/.rustup/toolchains/nightly-2025-11-21-x86_64-unknown-linux-gnu/lib/rustlib/src/rust/library/core/src/slice/index.rs line 68 column 5 function core::slice::index::slice_index_fail::do_panic::runtime thread 0
aborting path on assume(false) at file /home/runner/.rustup/toolchains/nightly-2025-11-21-x86_64-unknown-linux-gnu/lib/rustlib/src/rust/library/core/src/intrinsics/mod.rs line 2449 column 9 function core::slice::index::slice_index_fail::do_panic thread 0
aborting path on assume(false) at file /home/runner/.rustup/toolchains/nightly-2025-11-21-x86_64-unknown-linux-gnu/lib/rustlib/src/rust/library/core/src/panic.rs line 178 column 9 function core::slice::index::slice_index_fail thread 0
aborting path on assume(false) at file /home/runner/.rustup/toolchains/nightly-2025-11-21-x86_64-unknown-linux-gnu/lib/rustlib/src/rust/library/core/src/slice/index.rs line 443 column 13 function <std::ops::Range<usize> as std::slice::SliceIndex<[u8]>>::index thread 0
aborting path on assume(false) at file /home/runner/.rustup/toolchains/nightly-2025-11-21-x86_64-unknown-linux-gnu/lib/rustlib/src/rust/library/core/src/result.rs line 966 column 15 function std::result::Result::<(tlv::Tlv<'_>, usize), tlv::TlvError>::map_err::<x509_algorithm_identifier::AlgIdError, fn(tlv::TlvError) -> x509_algorithm_identifier::AlgIdError {x509_algorithm_identifier::AlgIdError::BadParametersTlv}> thread 0
aborting path on assume(false) at file /home/runner/.rustup/toolchains/nightly-2025-11-21-x86_64-unknown-linux-gnu/lib/rustlib/src/rust/library/core/src/result.rs line 2173 column 15 function <std::result::Result<(tlv::Tlv<'_>, usize), x509_algorithm_identifier::AlgIdError> as std::ops::Try>::branch thread 0
aborting path on assume(false) at file der-verified/src/lib.rs line 0 column 0 function x509_algorithm_identifier::parse_algorithm_identifier thread 0
aborting path on assume(false) at file /home/runner/.rustup/toolchains/nightly-2025-11-21-x86_64-unknown-linux-gnu/lib/rustlib/src/rust/library/core/src/slice/index.rs line 49 column 9 function core::slice::index::slice_index_fail::do_panic::runtime thread 0
aborting path on assume(false) at file /home/runner/.rustup/toolchains/nightly-2025-11-21-x86_64-unknown-linux-gnu/lib/rustlib/src/rust/library/core/src/intrinsics/mod.rs line 2449 column 9 function core::slice::index::slice_index_fail::do_panic thread 0
aborting path on assume(false) at file /home/runner/.rustup/toolchains/nightly-2025-11-21-x86_64-unknown-linux-gnu/lib/rustlib/src/rust/library/core/src/panic.rs line 178 column 9 function core::slice::index::slice_index_fail thread 0
aborting path on assume(false) at file /home/runner/.rustup/toolchains/nightly-2025-11-21-x86_64-unknown-linux-gnu/lib/rustlib/src/rust/library/core/src/slice/index.rs line 68 column 5 function core::slice::index::slice_index_fail::do_panic::runtime thread 0
aborting path on assume(false) at file /home/runner/.rustup/toolchains/nightly-2025-11-21-x86_64-unknown-linux-gnu/lib/rustlib/src/rust/library/core/src/intrinsics/mod.rs line 2449 column 9 function core::slice::index::slice_index_fail::do_panic thread 0
aborting path on assume(false) at file /home/runner/.rustup/toolchains/nightly-2025-11-21-x86_64-unknown-linux-gnu/lib/rustlib/src/rust/library/core/src/panic.rs line 178 column 9 function core::slice::index::slice_index_fail thread 0
aborting path on assume(false) at file /home/runner/.rustup/toolchains/nightly-2025-11-21-x86_64-unknown-linux-gnu/lib/rustlib/src/rust/library/core/src/slice/index.rs line 443 column 13 function <std::ops::Range<usize> as std::slice::SliceIndex<[u8]>>::index thread 0
aborting path on assume(false) at file /home/runner/.rustup/toolchains/nightly-2025-11-21-x86_64-unknown-linux-gnu/lib/rustlib/src/rust/library/core/src/result.rs line 966 column 15 function std::result::Result::<(x509_algorithm_identifier::AlgorithmIdentifier<'_>, usize), x509_algorithm_identifier::AlgIdError>::map_err::<x509_tbs_certificate::TbsCertificateError, fn(x509_algorithm_identifier::AlgIdError) -> x509_tbs_certificate::TbsCertificateError {x509_tbs_certificate::TbsCertificateError::BadSignature}> thread 0
aborting path on assume(false) at file /home/runner/.rustup/toolchains/nightly-2025-11-21-x86_64-unknown-linux-gnu/lib/rustlib/src/rust/library/core/src/result.rs line 2173 column 15 function <std::result::Result<(x509_algorithm_identifier::AlgorithmIdentifier<'_>, usize), x509_tbs_certificate::TbsCertificateError> as std::ops::Try>::branch thread 0
aborting path on assume(false) at file /home/runner/.rustup/toolchains/nightly-2025-11-21-x86_64-unknown-linux-gnu/lib/rustlib/src/rust/library/core/src/slice/index.rs line 40 column 9 function core::slice::index::slice_index_fail::do_panic::runtime thread 0
aborting path on assume(false) at file /home/runner/.rustup/toolchains/nightly-2025-11-21-x86_64-unknown-linux-gnu/lib/rustlib/src/rust/library/core/src/intrinsics/mod.rs line 2449 column 9 function core::slice::index::slice_index_fail::do_panic thread 0
aborting path on assume(false) at file /home/runner/.rustup/toolchains/nightly-2025-11-21-x86_64-unknown-linux-gnu/lib/rustlib/src/rust/library/core/src/panic.rs line 178 column 9 function core::slice::index::slice_index_fail thread 0
aborting path on assume(false) at file /home/runner/.rustup/toolchains/nightly-2025-11-21-x86_64-unknown-linux-gnu/lib/rustlib/src/rust/library/core/src/slice/index.rs line 49 column 9 function core::slice::index::slice_index_fail::do_panic::runtime thread 0
aborting path on assume(false) at file /home/runner/.rustup/toolchains/nightly-2025-11-21-x86_64-unknown-linux-gnu/lib/rustlib/src/rust/library/core/src/intrinsics/mod.rs line 2449 column 9 function core::slice::index::slice_index_fail::do_panic thread 0
aborting path on assume(false) at file /home/runner/.rustup/toolchains/nightly-2025-11-21-x86_64-unknown-linux-gnu/lib/rustlib/src/rust/library/core/src/panic.rs line 178 column 9 function core::slice::index::slice_index_fail thread 0
aborting path on assume(false) at file /home/runner/.rustup/toolchains/nightly-2025-11-21-x86_64-unknown-linux-gnu/lib/rustlib/src/rust/library/core/src/slice/index.rs line 58 column 9 function core::slice::index::slice_index_fail::do_panic::runtime thread 0
aborting path on assume(false) at file /home/runner/.rustup/toolchains/nightly-2025-11-21-x86_64-unknown-linux-gnu/lib/rustlib/src/rust/library/core/src/intrinsics/mod.rs line 2449 column 9 function core::slice::index::slice_index_fail::do_panic thread 0
aborting path on assume(false) at file /home/runner/.rustup/toolchains/nightly-2025-11-21-x86_64-unknown-linux-gnu/lib/rustlib/src/rust/library/core/src/panic.rs line 178 column 9 function core::slice::index::slice_index_fail thread 0
aborting path on assume(false) at file /home/runner/.rustup/toolchains/nightly-2025-11-21-x86_64-unknown-linux-gnu/lib/rustlib/src/rust/library/core/src/slice/index.rs line 68 column 5 function core::slice::index::slice_index_fail::do_panic::runtime thread 0
aborting path on assume(false) at file /home/runner/.rustup/toolchains/nightly-2025-11-21-x86_64-unknown-linux-gnu/lib/rustlib/src/rust/library/core/src/intrinsics/mod.rs line 2449 column 9 function core::slice::index::slice_index_fail::do_panic thread 0
aborting path on assume(false) at file /home/runner/.rustup/toolchains/nightly-2025-11-21-x86_64-unknown-linux-gnu/lib/rustlib/src/rust/library/core/src/panic.rs line 178 column 9 function core::slice::index::slice_index_fail thread 0
aborting path on assume(false) at file /home/runner/.rustup/toolchains/nightly-2025-11-21-x86_64-unknown-linux-gnu/lib/rustlib/src/rust/library/core/src/slice/index.rs line 569 column 13 function <std::ops::RangeFrom<usize> as std::slice::SliceIndex<[u8]>>::index thread 0
aborting path on assume(false) at file /home/runner/work/kani/kani/library/kani_core/src/models.rs line 176 column 17 function <usize as kani::rustc_intrinsics::ToISize>::to_isize thread 0
aborting path on assume(false) at file /home/runner/work/kani/kani/library/kani/src/lib.rs line 57 column 1 function <usize as kani::rustc_intrinsics::ToISize>::to_isize thread 0
aborting path on assume(false) at file /home/runner/work/kani/kani/library/kani/src/lib.rs line 57 column 1 function <usize as kani::rustc_intrinsics::ToISize>::to_isize thread 0
aborting path on assume(false) at file /home/runner/work/kani/kani/library/kani/src/lib.rs line 57 column 1 function kani::mem::cbmc::same_allocation thread 0
aborting path on assume(false) at file /home/runner/.rustup/toolchains/nightly-2025-11-21-x86_64-unknown-linux-gnu/lib/rustlib/src/rust/library/core/src/slice/index.rs line 40 column 9 function core::slice::index::slice_index_fail::do_panic::runtime thread 0
aborting path on assume(false) at file /home/runner/.rustup/toolchains/nightly-2025-11-21-x86_64-unknown-linux-gnu/lib/rustlib/src/rust/library/core/src/intrinsics/mod.rs line 2449 column 9 function core::slice::index::slice_index_fail::do_panic thread 0
aborting path on assume(false) at file /home/runner/.rustup/toolchains/nightly-2025-11-21-x86_64-unknown-linux-gnu/lib/rustlib/src/rust/library/core/src/panic.rs line 178 column 9 function core::slice::index::slice_index_fail thread 0
aborting path on assume(false) at file /home/runner/.rustup/toolchains/nightly-2025-11-21-x86_64-unknown-linux-gnu/lib/rustlib/src/rust/library/core/src/slice/index.rs line 49 column 9 function core::slice::index::slice_index_fail::do_panic::runtime thread 0
aborting path on assume(false) at file /home/runner/.rustup/toolchains/nightly-2025-11-21-x86_64-unknown-linux-gnu/lib/rustlib/src/rust/library/core/src/intrinsics/mod.rs line 2449 column 9 function core::slice::index::slice_index_fail::do_panic thread 0
aborting path on assume(false) at file /home/runner/.rustup/toolchains/nightly-2025-11-21-x86_64-unknown-linux-gnu/lib/rustlib/src/rust/library/core/src/panic.rs line 178 column 9 function core::slice::index::slice_index_fail thread 0
aborting path on assume(false) at file /home/runner/.rustup/toolchains/nightly-2025-11-21-x86_64-unknown-linux-gnu/lib/rustlib/src/rust/library/core/src/slice/index.rs line 58 column 9 function core::slice::index::slice_index_fail::do_panic::runtime thread 0
aborting path on assume(false) at file /home/runner/.rustup/toolchains/nightly-2025-11-21-x86_64-unknown-linux-gnu/lib/rustlib/src/rust/library/core/src/intrinsics/mod.rs line 2449 column 9 function core::slice::index::slice_index_fail::do_panic thread 0
aborting path on assume(false) at file /home/runner/.rustup/toolchains/nightly-2025-11-21-x86_64-unknown-linux-gnu/lib/rustlib/src/rust/library/core/src/panic.rs line 178 column 9 function core::slice::index::slice_index_fail thread 0
aborting path on assume(false) at file /home/runner/.rustup/toolchains/nightly-2025-11-21-x86_64-unknown-linux-gnu/lib/rustlib/src/rust/library/core/src/slice/index.rs line 68 column 5 function core::slice::index::slice_index_fail::do_panic::runtime thread 0
aborting path on assume(false) at file /home/runner/.rustup/toolchains/nightly-2025-11-21-x86_64-unknown-linux-gnu/lib/rustlib/src/rust/library/core/src/intrinsics/mod.rs line 2449 column 9 function core::slice::index::slice_index_fail::do_panic thread 0
aborting path on assume(false) at file /home/runner/.rustup/toolchains/nightly-2025-11-21-x86_64-unknown-linux-gnu/lib/rustlib/src/rust/library/core/src/panic.rs line 178 column 9 function core::slice::index::slice_index_fail thread 0
aborting path on assume(false) at file /home/runner/.rustup/toolchains/nightly-2025-11-21-x86_64-unknown-linux-gnu/lib/rustlib/src/rust/library/core/src/slice/index.rs line 569 column 13 function <std::ops::RangeFrom<usize> as std::slice::SliceIndex<[u8]>>::index thread 0
aborting path on assume(false) at file /home/runner/work/kani/kani/library/kani_core/src/models.rs line 176 column 17 function <usize as kani::rustc_intrinsics::ToISize>::to_isize thread 0
aborting path on assume(false) at file /home/runner/work/kani/kani/library/kani/src/lib.rs line 57 column 1 function <usize as kani::rustc_intrinsics::ToISize>::to_isize thread 0
aborting path on assume(false) at file /home/runner/work/kani/kani/library/kani/src/lib.rs line 57 column 1 function <usize as kani::rustc_intrinsics::ToISize>::to_isize thread 0
aborting path on assume(false) at file /home/runner/work/kani/kani/library/kani/src/lib.rs line 57 column 1 function kani::mem::cbmc::same_allocation thread 0
Unwinding loop _RNvNtCsjJ4BRyaQv62_12der_verified3tag10decode_tag.0 iteration 1 file der-verified/src/tag.rs line 137 column 49 function tag::decode_tag thread 0
Unwinding loop _RNvNtCsjJ4BRyaQv62_12der_verified3tag10decode_tag.0 iteration 2 file der-verified/src/tag.rs line 137 column 49 function tag::decode_tag thread 0
Unwinding loop _RNvNtCsjJ4BRyaQv62_12der_verified3tag10decode_tag.0 iteration 3 file der-verified/src/tag.rs line 137 column 49 function tag::decode_tag thread 0
Unwinding loop _RNvNtCsjJ4BRyaQv62_12der_verified3tag10decode_tag.0 iteration 4 file der-verified/src/tag.rs line 137 column 49 function tag::decode_tag thread 0
Unwinding loop _RNvNtCsjJ4BRyaQv62_12der_verified3tag10decode_tag.0 iteration 5 file der-verified/src/tag.rs line 137 column 49 function tag::decode_tag thread 0
Unwinding loop _RNvNtCsjJ4BRyaQv62_12der_verified3tag10decode_tag.0 iteration 6 file der-verified/src/tag.rs line 137 column 49 function tag::decode_tag thread 0
Unwinding loop _RNvNtCsjJ4BRyaQv62_12der_verified3tag10decode_tag.0 iteration 7 file der-verified/src/tag.rs line 137 column 49 function tag::decode_tag thread 0
Unwinding loop _RNvNtCsjJ4BRyaQv62_12der_verified3tag10decode_tag.0 iteration 8 file der-verified/src/tag.rs line 137 column 49 function tag::decode_tag thread 0
Unwinding loop _RNvNtCsjJ4BRyaQv62_12der_verified3tag10decode_tag.0 iteration 9 file der-verified/src/tag.rs line 137 column 49 function tag::decode_tag thread 0
Unwinding loop _RNvNtCsjJ4BRyaQv62_12der_verified3tag10decode_tag.0 iteration 10 file der-verified/src/tag.rs line 137 column 49 function tag::decode_tag thread 0
Unwinding loop _RNvNtCsjJ4BRyaQv62_12der_verified3tag10decode_tag.0 iteration 11 file der-verified/src/tag.rs line 137 column 49 function tag::decode_tag thread 0
Not unwinding loop _RNvNtCsjJ4BRyaQv62_12der_verified3tag10decode_tag.0 iteration 12 file der-verified/src/tag.rs line 137 column 49 function tag::decode_tag thread 0
aborting path on assume(false) at file /home/runner/.rustup/toolchains/nightly-2025-11-21-x86_64-unknown-linux-gnu/lib/rustlib/src/rust/library/core/src/result.rs line 2173 column 15 function <std::result::Result<(u32, usize), tag::TagError> as std::ops::Try>::branch thread 0
aborting path on assume(false) at file der-verified/src/lib.rs line 0 column 0 function tag::decode_tag thread 0
aborting path on assume(false) at file /home/runner/.rustup/toolchains/nightly-2025-11-21-x86_64-unknown-linux-gnu/lib/rustlib/src/rust/library/core/src/result.rs line 966 column 15 function std::result::Result::<(tag::Tag, usize), tag::TagError>::map_err::<tlv::TlvError, {closure@der-verified/src/tlv.rs:71:51: 71:54}> thread 0
aborting path on assume(false) at file /home/runner/.rustup/toolchains/nightly-2025-11-21-x86_64-unknown-linux-gnu/lib/rustlib/src/rust/library/core/src/result.rs line 2173 column 15 function <std::result::Result<(tag::Tag, usize), tlv::TlvError> as std::ops::Try>::branch thread 0
aborting path on assume(false) at file /home/runner/.rustup/toolchains/nightly-2025-11-21-x86_64-unknown-linux-gnu/lib/rustlib/src/rust/library/core/src/slice/index.rs line 40 column 9 function core::slice::index::slice_index_fail::do_panic::runtime thread 0
aborting path on assume(false) at file /home/runner/.rustup/toolchains/nightly-2025-11-21-x86_64-unknown-linux-gnu/lib/rustlib/src/rust/library/core/src/intrinsics/mod.rs line 2449 column 9 function core::slice::index::slice_index_fail::do_panic thread 0
aborting path on assume(false) at file /home/runner/.rustup/toolchains/nightly-2025-11-21-x86_64-unknown-linux-gnu/lib/rustlib/src/rust/library/core/src/panic.rs line 178 column 9 function core::slice::index::slice_index_fail thread 0
aborting path on assume(false) at file /home/runner/.rustup/toolchains/nightly-2025-11-21-x86_64-unknown-linux-gnu/lib/rustlib/src/rust/library/core/src/slice/index.rs line 49 column 9 function core::slice::index::slice_index_fail::do_panic::runtime thread 0
aborting path on assume(false) at file /home/runner/.rustup/toolchains/nightly-2025-11-21-x86_64-unknown-linux-gnu/lib/rustlib/src/rust/library/core/src/intrinsics/mod.rs line 2449 column 9 function core::slice::index::slice_index_fail::do_panic thread 0
aborting path on assume(false) at file /home/runner/.rustup/toolchains/nightly-2025-11-21-x86_64-unknown-linux-gnu/lib/rustlib/src/rust/library/core/src/panic.rs line 178 column 9 function core::slice::index::slice_index_fail thread 0
aborting path on assume(false) at file /home/runner/.rustup/toolchains/nightly-2025-11-21-x86_64-unknown-linux-gnu/lib/rustlib/src/rust/library/core/src/slice/index.rs line 58 column 9 function core::slice::index::slice_index_fail::do_panic::runtime thread 0
aborting path on assume(false) at file /home/runner/.rustup/toolchains/nightly-2025-11-21-x86_64-unknown-linux-gnu/lib/rustlib/src/rust/library/core/src/intrinsics/mod.rs line 2449 column 9 function core::slice::index::slice_index_fail::do_panic thread 0
aborting path on assume(false) at file /home/runner/.rustup/toolchains/nightly-2025-11-21-x86_64-unknown-linux-gnu/lib/rustlib/src/rust/library/core/src/panic.rs line 178 column 9 function core::slice::index::slice_index_fail thread 0
aborting path on assume(false) at file /home/runner/.rustup/toolchains/nightly-2025-11-21-x86_64-unknown-linux-gnu/lib/rustlib/src/rust/library/core/src/slice/index.rs line 68 column 5 function core::slice::index::slice_index_fail::do_panic::runtime thread 0
aborting path on assume(false) at file /home/runner/.rustup/toolchains/nightly-2025-11-21-x86_64-unknown-linux-gnu/lib/rustlib/src/rust/library/core/src/intrinsics/mod.rs line 2449 column 9 function core::slice::index::slice_index_fail::do_panic thread 0
aborting path on assume(false) at file /home/runner/.rustup/toolchains/nightly-2025-11-21-x86_64-unknown-linux-gnu/lib/rustlib/src/rust/library/core/src/panic.rs line 178 column 9 function core::slice::index::slice_index_fail thread 0
aborting path on assume(false) at file /home/runner/.rustup/toolchains/nightly-2025-11-21-x86_64-unknown-linux-gnu/lib/rustlib/src/rust/library/core/src/slice/index.rs line 569 column 13 function <std::ops::RangeFrom<usize> as std::slice::SliceIndex<[u8]>>::index thread 0
aborting path on assume(false) at file /home/runner/work/kani/kani/library/kani_core/src/models.rs line 176 column 17 function <usize as kani::rustc_intrinsics::ToISize>::to_isize thread 0
aborting path on assume(false) at file /home/runner/work/kani/kani/library/kani/src/lib.rs line 57 column 1 function <usize as kani::rustc_intrinsics::ToISize>::to_isize thread 0
aborting path on assume(false) at file /home/runner/work/kani/kani/library/kani/src/lib.rs line 57 column 1 function <usize as kani::rustc_intrinsics::ToISize>::to_isize thread 0
aborting path on assume(false) at file /home/runner/work/kani/kani/library/kani/src/lib.rs line 57 column 1 function kani::mem::cbmc::same_allocation thread 0
aborting path on assume(false) at file der-verified/src/length.rs line 75 column 23 function length::decode_length thread 0
aborting path on assume(false) at file /home/runner/.rustup/toolchains/nightly-2025-11-21-x86_64-unknown-linux-gnu/lib/rustlib/src/rust/library/core/src/slice/index.rs line 435 column 5 function <std::ops::Range<usize> as std::slice::SliceIndex<[u8]>>::index thread 0
aborting path on assume(false) at file /home/runner/work/kani/kani/library/kani/src/lib.rs line 57 column 1 function kani::mem::cbmc::same_allocation thread 0
aborting path on assume(false) at file /home/runner/.rustup/toolchains/nightly-2025-11-21-x86_64-unknown-linux-gnu/lib/rustlib/src/rust/library/core/src/slice/index.rs line 40 column 9 function core::slice::index::slice_index_fail::do_panic::runtime thread 0
aborting path on assume(false) at file /home/runner/.rustup/toolchains/nightly-2025-11-21-x86_64-unknown-linux-gnu/lib/rustlib/src/rust/library/core/src/intrinsics/mod.rs line 2449 column 9 function core::slice::index::slice_index_fail::do_panic thread 0
aborting path on assume(false) at file /home/runner/.rustup/toolchains/nightly-2025-11-21-x86_64-unknown-linux-gnu/lib/rustlib/src/rust/library/core/src/panic.rs line 178 column 9 function core::slice::index::slice_index_fail thread 0
aborting path on assume(false) at file /home/runner/.rustup/toolchains/nightly-2025-11-21-x86_64-unknown-linux-gnu/lib/rustlib/src/rust/library/core/src/slice/index.rs line 49 column 9 function core::slice::index::slice_index_fail::do_panic::runtime thread 0
aborting path on assume(false) at file /home/runner/.rustup/toolchains/nightly-2025-11-21-x86_64-unknown-linux-gnu/lib/rustlib/src/rust/library/core/src/intrinsics/mod.rs line 2449 column 9 function core::slice::index::slice_index_fail::do_panic thread 0
aborting path on assume(false) at file /home/runner/.rustup/toolchains/nightly-2025-11-21-x86_64-unknown-linux-gnu/lib/rustlib/src/rust/library/core/src/panic.rs line 178 column 9 function core::slice::index::slice_index_fail thread 0
aborting path on assume(false) at file /home/runner/.rustup/toolchains/nightly-2025-11-21-x86_64-unknown-linux-gnu/lib/rustlib/src/rust/library/core/src/slice/index.rs line 58 column 9 function core::slice::index::slice_index_fail::do_panic::runtime thread 0
aborting path on assume(false) at file /home/runner/.rustup/toolchains/nightly-2025-11-21-x86_64-unknown-linux-gnu/lib/rustlib/src/rust/library/core/src/intrinsics/mod.rs line 2449 column 9 function core::slice::index::slice_index_fail::do_panic thread 0
aborting path on assume(false) at file /home/runner/.rustup/toolchains/nightly-2025-11-21-x86_64-unknown-linux-gnu/lib/rustlib/src/rust/library/core/src/panic.rs line 178 column 9 function core::slice::index::slice_index_fail thread 0
aborting path on assume(false) at file /home/runner/.rustup/toolchains/nightly-2025-11-21-x86_64-unknown-linux-gnu/lib/rustlib/src/rust/library/core/src/slice/index.rs line 68 column 5 function core::slice::index::slice_index_fail::do_panic::runtime thread 0
aborting path on assume(false) at file /home/runner/.rustup/toolchains/nightly-2025-11-21-x86_64-unknown-linux-gnu/lib/rustlib/src/rust/library/core/src/intrinsics/mod.rs line 2449 column 9 function core::slice::index::slice_index_fail::do_panic thread 0
aborting path on assume(false) at file /home/runner/.rustup/toolchains/nightly-2025-11-21-x86_64-unknown-linux-gnu/lib/rustlib/src/rust/library/core/src/panic.rs line 178 column 9 function core::slice::index::slice_index_fail thread 0
aborting path on assume(false) at file /home/runner/.rustup/toolchains/nightly-2025-11-21-x86_64-unknown-linux-gnu/lib/rustlib/src/rust/library/core/src/slice/index.rs line 443 column 13 function <std::ops::Range<usize> as std::slice::SliceIndex<[u8]>>::index thread 0
Unwinding loop _RNvNtCsjJ4BRyaQv62_12der_verified6length13decode_length.0 iteration 1 file der-verified/src/length.rs line 101 column 5 function length::decode_length thread 0
Unwinding loop _RNvNtCsjJ4BRyaQv62_12der_verified6length13decode_length.0 iteration 2 file der-verified/src/length.rs line 101 column 5 function length::decode_length thread 0
Unwinding loop _RNvNtCsjJ4BRyaQv62_12der_verified6length13decode_length.0 iteration 3 file der-verified/src/length.rs line 101 column 5 function length::decode_length thread 0
Unwinding loop _RNvNtCsjJ4BRyaQv62_12der_verified6length13decode_length.0 iteration 4 file der-verified/src/length.rs line 101 column 5 function length::decode_length thread 0
Unwinding loop _RNvNtCsjJ4BRyaQv62_12der_verified6length13decode_length.0 iteration 5 file der-verified/src/length.rs line 101 column 5 function length::decode_length thread 0
Unwinding loop _RNvNtCsjJ4BRyaQv62_12der_verified6length13decode_length.0 iteration 6 file der-verified/src/length.rs line 101 column 5 function length::decode_length thread 0
Unwinding loop _RNvNtCsjJ4BRyaQv62_12der_verified6length13decode_length.0 iteration 7 file der-verified/src/length.rs line 101 column 5 function length::decode_length thread 0
Unwinding loop _RNvNtCsjJ4BRyaQv62_12der_verified6length13decode_length.0 iteration 8 file der-verified/src/length.rs line 101 column 5 function length::decode_length thread 0
Unwinding loop _RNvNtCsjJ4BRyaQv62_12der_verified6length13decode_length.0 iteration 9 file der-verified/src/length.rs line 101 column 5 function length::decode_length thread 0
Unwinding loop _RNvNtCsjJ4BRyaQv62_12der_verified6length13decode_length.0 iteration 10 file der-verified/src/length.rs line 101 column 5 function length::decode_length thread 0
Unwinding loop _RNvNtCsjJ4BRyaQv62_12der_verified6length13decode_length.0 iteration 11 file der-verified/src/length.rs line 101 column 5 function length::decode_length thread 0
Not unwinding loop _RNvNtCsjJ4BRyaQv62_12der_verified6length13decode_length.0 iteration 12 file der-verified/src/length.rs line 101 column 5 function length::decode_length thread 0
aborting path on assume(false) at file /home/runner/.rustup/toolchains/nightly-2025-11-21-x86_64-unknown-linux-gnu/lib/rustlib/src/rust/library/core/src/result.rs line 966 column 15 function std::result::Result::<(u32, usize), length::LengthError>::map_err::<tlv::TlvError, {closure@der-verified/src/tlv.rs:73:69: 73:72}> thread 0
aborting path on assume(false) at file /home/runner/.rustup/toolchains/nightly-2025-11-21-x86_64-unknown-linux-gnu/lib/rustlib/src/rust/library/core/src/result.rs line 2173 column 15 function <std::result::Result<(u32, usize), tlv::TlvError> as std::ops::Try>::branch thread 0
aborting path on assume(false) at file der-verified/src/lib.rs line 0 column 0 function tlv::decode_tlv thread 0
aborting path on assume(false) at file /home/runner/.rustup/toolchains/nightly-2025-11-21-x86_64-unknown-linux-gnu/lib/rustlib/src/rust/library/core/src/slice/index.rs line 435 column 5 function <std::ops::Range<usize> as std::slice::SliceIndex<[u8]>>::index thread 0
aborting path on assume(false) at file /home/runner/work/kani/kani/library/kani_core/src/models.rs line 176 column 17 function <usize as kani::rustc_intrinsics::ToISize>::to_isize thread 0
aborting path on assume(false) at file /home/runner/work/kani/kani/library/kani/src/lib.rs line 57 column 1 function <usize as kani::rustc_intrinsics::ToISize>::to_isize thread 0
aborting path on assume(false) at file /home/runner/work/kani/kani/library/kani/src/lib.rs line 57 column 1 function <usize as kani::rustc_intrinsics::ToISize>::to_isize thread 0
aborting path on assume(false) at file /home/runner/work/kani/kani/library/kani/src/lib.rs line 57 column 1 function kani::mem::cbmc::same_allocation thread 0
aborting path on assume(false) at file /home/runner/.rustup/toolchains/nightly-2025-11-21-x86_64-unknown-linux-gnu/lib/rustlib/src/rust/library/core/src/slice/index.rs line 40 column 9 function core::slice::index::slice_index_fail::do_panic::runtime thread 0
aborting path on assume(false) at file /home/runner/.rustup/toolchains/nightly-2025-11-21-x86_64-unknown-linux-gnu/lib/rustlib/src/rust/library/core/src/intrinsics/mod.rs line 2449 column 9 function core::slice::index::slice_index_fail::do_panic thread 0
aborting path on assume(false) at file /home/runner/.rustup/toolchains/nightly-2025-11-21-x86_64-unknown-linux-gnu/lib/rustlib/src/rust/library/core/src/panic.rs line 178 column 9 function core::slice::index::slice_index_fail thread 0
aborting path on assume(false) at file /home/runner/.rustup/toolchains/nightly-2025-11-21-x86_64-unknown-linux-gnu/lib/rustlib/src/rust/library/core/src/slice/index.rs line 49 column 9 function core::slice::index::slice_index_fail::do_panic::runtime thread 0
aborting path on assume(false) at file /home/runner/.rustup/toolchains/nightly-2025-11-21-x86_64-unknown-linux-gnu/lib/rustlib/src/rust/library/core/src/intrinsics/mod.rs line 2449 column 9 function core::slice::index::slice_index_fail::do_panic thread 0
aborting path on assume(false) at file /home/runner/.rustup/toolchains/nightly-2025-11-21-x86_64-unknown-linux-gnu/lib/rustlib/src/rust/library/core/src/panic.rs line 178 column 9 function core::slice::index::slice_index_fail thread 0
aborting path on assume(false) at file /home/runner/.rustup/toolchains/nightly-2025-11-21-x86_64-unknown-linux-gnu/lib/rustlib/src/rust/library/core/src/slice/index.rs line 58 column 9 function core::slice::index::slice_index_fail::do_panic::runtime thread 0
aborting path on assume(false) at file /home/runner/.rustup/toolchains/nightly-2025-11-21-x86_64-unknown-linux-gnu/lib/rustlib/src/rust/library/core/src/intrinsics/mod.rs line 2449 column 9 function core::slice::index::slice_index_fail::do_panic thread 0
aborting path on assume(false) at file /home/runner/.rustup/toolchains/nightly-2025-11-21-x86_64-unknown-linux-gnu/lib/rustlib/src/rust/library/core/src/panic.rs line 178 column 9 function core::slice::index::slice_index_fail thread 0
aborting path on assume(false) at file /home/runner/.rustup/toolchains/nightly-2025-11-21-x86_64-unknown-linux-gnu/lib/rustlib/src/rust/library/core/src/slice/index.rs line 68 column 5 function core::slice::index::slice_index_fail::do_panic::runtime thread 0
aborting path on assume(false) at file /home/runner/.rustup/toolchains/nightly-2025-11-21-x86_64-unknown-linux-gnu/lib/rustlib/src/rust/library/core/src/intrinsics/mod.rs line 2449 column 9 function core::slice::index::slice_index_fail::do_panic thread 0
aborting path on assume(false) at file /home/runner/.rustup/toolchains/nightly-2025-11-21-x86_64-unknown-linux-gnu/lib/rustlib/src/rust/library/core/src/panic.rs line 178 column 9 function core::slice::index::slice_index_fail thread 0
aborting path on assume(false) at file /home/runner/.rustup/toolchains/nightly-2025-11-21-x86_64-unknown-linux-gnu/lib/rustlib/src/rust/library/core/src/slice/index.rs line 443 column 13 function <std::ops::Range<usize> as std::slice::SliceIndex<[u8]>>::index thread 0
aborting path on assume(false) at file /home/runner/.rustup/toolchains/nightly-2025-11-21-x86_64-unknown-linux-gnu/lib/rustlib/src/rust/library/core/src/result.rs line 966 column 15 function std::result::Result::<(tlv::Tlv<'_>, usize), tlv::TlvError>::map_err::<x509_tbs_certificate::TbsCertificateError, fn(tlv::TlvError) -> x509_tbs_certificate::TbsCertificateError {x509_tbs_certificate::TbsCertificateError::BadIssuerTlv}> thread 0
aborting path on assume(false) at file /home/runner/.rustup/toolchains/nightly-2025-11-21-x86_64-unknown-linux-gnu/lib/rustlib/src/rust/library/core/src/result.rs line 2173 column 15 function <std::result::Result<(tlv::Tlv<'_>, usize), x509_tbs_certificate::TbsCertificateError> as std::ops::Try>::branch thread 0
aborting path on assume(false) at file /home/runner/.rustup/toolchains/nightly-2025-11-21-x86_64-unknown-linux-gnu/lib/rustlib/src/rust/library/core/src/slice/index.rs line 435 column 5 function <std::ops::Range<usize> as std::slice::SliceIndex<[u8]>>::index thread 0
aborting path on assume(false) at file /home/runner/work/kani/kani/library/kani_core/src/models.rs line 176 column 17 function <usize as kani::rustc_intrinsics::ToISize>::to_isize thread 0
aborting path on assume(false) at file /home/runner/work/kani/kani/library/kani/src/lib.rs line 57 column 1 function <usize as kani::rustc_intrinsics::ToISize>::to_isize thread 0
aborting path on assume(false) at file /home/runner/work/kani/kani/library/kani/src/lib.rs line 57 column 1 function <usize as kani::rustc_intrinsics::ToISize>::to_isize thread 0
aborting path on assume(false) at file /home/runner/work/kani/kani/library/kani/src/lib.rs line 57 column 1 function kani::mem::cbmc::same_allocation thread 0
aborting path on assume(false) at file /home/runner/.rustup/toolchains/nightly-2025-11-21-x86_64-unknown-linux-gnu/lib/rustlib/src/rust/library/core/src/slice/index.rs line 40 column 9 function core::slice::index::slice_index_fail::do_panic::runtime thread 0
aborting path on assume(false) at file /home/runner/.rustup/toolchains/nightly-2025-11-21-x86_64-unknown-linux-gnu/lib/rustlib/src/rust/library/core/src/intrinsics/mod.rs line 2449 column 9 function core::slice::index::slice_index_fail::do_panic thread 0
aborting path on assume(false) at file /home/runner/.rustup/toolchains/nightly-2025-11-21-x86_64-unknown-linux-gnu/lib/rustlib/src/rust/library/core/src/panic.rs line 178 column 9 function core::slice::index::slice_index_fail thread 0
aborting path on assume(false) at file /home/runner/.rustup/toolchains/nightly-2025-11-21-x86_64-unknown-linux-gnu/lib/rustlib/src/rust/library/core/src/slice/index.rs line 49 column 9 function core::slice::index::slice_index_fail::do_panic::runtime thread 0
aborting path on assume(false) at file /home/runner/.rustup/toolchains/nightly-2025-11-21-x86_64-unknown-linux-gnu/lib/rustlib/src/rust/library/core/src/intrinsics/mod.rs line 2449 column 9 function core::slice::index::slice_index_fail::do_panic thread 0
aborting path on assume(false) at file /home/runner/.rustup/toolchains/nightly-2025-11-21-x86_64-unknown-linux-gnu/lib/rustlib/src/rust/library/core/src/panic.rs line 178 column 9 function core::slice::index::slice_index_fail thread 0
aborting path on assume(false) at file /home/runner/.rustup/toolchains/nightly-2025-11-21-x86_64-unknown-linux-gnu/lib/rustlib/src/rust/library/core/src/slice/index.rs line 58 column 9 function core::slice::index::slice_index_fail::do_panic::runtime thread 0
aborting path on assume(false) at file /home/runner/.rustup/toolchains/nightly-2025-11-21-x86_64-unknown-linux-gnu/lib/rustlib/src/rust/library/core/src/intrinsics/mod.rs line 2449 column 9 function core::slice::index::slice_index_fail::do_panic thread 0
aborting path on assume(false) at file /home/runner/.rustup/toolchains/nightly-2025-11-21-x86_64-unknown-linux-gnu/lib/rustlib/src/rust/library/core/src/panic.rs line 178 column 9 function core::slice::index::slice_index_fail thread 0
aborting path on assume(false) at file /home/runner/.rustup/toolchains/nightly-2025-11-21-x86_64-unknown-linux-gnu/lib/rustlib/src/rust/library/core/src/slice/index.rs line 68 column 5 function core::slice::index::slice_index_fail::do_panic::runtime thread 0
aborting path on assume(false) at file /home/runner/.rustup/toolchains/nightly-2025-11-21-x86_64-unknown-linux-gnu/lib/rustlib/src/rust/library/core/src/intrinsics/mod.rs line 2449 column 9 function core::slice::index::slice_index_fail::do_panic thread 0
aborting path on assume(false) at file /home/runner/.rustup/toolchains/nightly-2025-11-21-x86_64-unknown-linux-gnu/lib/rustlib/src/rust/library/core/src/panic.rs line 178 column 9 function core::slice::index::slice_index_fail thread 0
aborting path on assume(false) at file /home/runner/.rustup/toolchains/nightly-2025-11-21-x86_64-unknown-linux-gnu/lib/rustlib/src/rust/library/core/src/slice/index.rs line 443 column 13 function <std::ops::Range<usize> as std::slice::SliceIndex<[u8]>>::index thread 0
aborting path on assume(false) at file /home/runner/.rustup/toolchains/nightly-2025-11-21-x86_64-unknown-linux-gnu/lib/rustlib/src/rust/library/core/src/result.rs line 966 column 15 function std::result::Result::<(), x509_name::NameError>::map_err::<x509_tbs_certificate::TbsCertificateError, fn(x509_name::NameError) -> x509_tbs_certificate::TbsCertificateError {x509_tbs_certificate::TbsCertificateError::BadIssuer}> thread 0
aborting path on assume(false) at file /home/runner/.rustup/toolchains/nightly-2025-11-21-x86_64-unknown-linux-gnu/lib/rustlib/src/rust/library/core/src/result.rs line 2173 column 15 function <std::result::Result<(), x509_tbs_certificate::TbsCertificateError> as std::ops::Try>::branch thread 0
aborting path on assume(false) at file /home/runner/.rustup/toolchains/nightly-2025-11-21-x86_64-unknown-linux-gnu/lib/rustlib/src/rust/library/core/src/slice/index.rs line 40 column 9 function core::slice::index::slice_index_fail::do_panic::runtime thread 0
aborting path on assume(false) at file /home/runner/.rustup/toolchains/nightly-2025-11-21-x86_64-unknown-linux-gnu/lib/rustlib/src/rust/library/core/src/intrinsics/mod.rs line 2449 column 9 function core::slice::index::slice_index_fail::do_panic thread 0
aborting path on assume(false) at file /home/runner/.rustup/toolchains/nightly-2025-11-21-x86_64-unknown-linux-gnu/lib/rustlib/src/rust/library/core/src/panic.rs line 178 column 9 function core::slice::index::slice_index_fail thread 0
aborting path on assume(false) at file /home/runner/.rustup/toolchains/nightly-2025-11-21-x86_64-unknown-linux-gnu/lib/rustlib/src/rust/library/core/src/slice/index.rs line 49 column 9 function core::slice::index::slice_index_fail::do_panic::runtime thread 0
aborting path on assume(false) at file /home/runner/.rustup/toolchains/nightly-2025-11-21-x86_64-unknown-linux-gnu/lib/rustlib/src/rust/library/core/src/intrinsics/mod.rs line 2449 column 9 function core::slice::index::slice_index_fail::do_panic thread 0
aborting path on assume(false) at file /home/runner/.rustup/toolchains/nightly-2025-11-21-x86_64-unknown-linux-gnu/lib/rustlib/src/rust/library/core/src/panic.rs line 178 column 9 function core::slice::index::slice_index_fail thread 0
aborting path on assume(false) at file /home/runner/.rustup/toolchains/nightly-2025-11-21-x86_64-unknown-linux-gnu/lib/rustlib/src/rust/library/core/src/slice/index.rs line 58 column 9 function core::slice::index::slice_index_fail::do_panic::runtime thread 0
aborting path on assume(false) at file /home/runner/.rustup/toolchains/nightly-2025-11-21-x86_64-unknown-linux-gnu/lib/rustlib/src/rust/library/core/src/intrinsics/mod.rs line 2449 column 9 function core::slice::index::slice_index_fail::do_panic thread 0
aborting path on assume(false) at file /home/runner/.rustup/toolchains/nightly-2025-11-21-x86_64-unknown-linux-gnu/lib/rustlib/src/rust/library/core/src/panic.rs line 178 column 9 function core::slice::index::slice_index_fail thread 0
aborting path on assume(false) at file /home/runner/.rustup/toolchains/nightly-2025-11-21-x86_64-unknown-linux-gnu/lib/rustlib/src/rust/library/core/src/slice/index.rs line 68 column 5 function core::slice::index::slice_index_fail::do_panic::runtime thread 0
aborting path on assume(false) at file /home/runner/.rustup/toolchains/nightly-2025-11-21-x86_64-unknown-linux-gnu/lib/rustlib/src/rust/library/core/src/intrinsics/mod.rs line 2449 column 9 function core::slice::index::slice_index_fail::do_panic thread 0
aborting path on assume(false) at file /home/runner/.rustup/toolchains/nightly-2025-11-21-x86_64-unknown-linux-gnu/lib/rustlib/src/rust/library/core/src/panic.rs line 178 column 9 function core::slice::index::slice_index_fail thread 0
aborting path on assume(false) at file /home/runner/.rustup/toolchains/nightly-2025-11-21-x86_64-unknown-linux-gnu/lib/rustlib/src/rust/library/core/src/slice/index.rs line 569 column 13 function <std::ops::RangeFrom<usize> as std::slice::SliceIndex<[u8]>>::index thread 0
aborting path on assume(false) at file /home/runner/work/kani/kani/library/kani_core/src/models.rs line 176 column 17 function <usize as kani::rustc_intrinsics::ToISize>::to_isize thread 0
aborting path on assume(false) at file /home/runner/work/kani/kani/library/kani/src/lib.rs line 57 column 1 function <usize as kani::rustc_intrinsics::ToISize>::to_isize thread 0
aborting path on assume(false) at file /home/runner/work/kani/kani/library/kani/src/lib.rs line 57 column 1 function <usize as kani::rustc_intrinsics::ToISize>::to_isize thread 0
aborting path on assume(false) at file /home/runner/work/kani/kani/library/kani/src/lib.rs line 57 column 1 function kani::mem::cbmc::same_allocation thread 0
aborting path on assume(false) at file /home/runner/.rustup/toolchains/nightly-2025-11-21-x86_64-unknown-linux-gnu/lib/rustlib/src/rust/library/core/src/slice/index.rs line 40 column 9 function core::slice::index::slice_index_fail::do_panic::runtime thread 0
aborting path on assume(false) at file /home/runner/.rustup/toolchains/nightly-2025-11-21-x86_64-unknown-linux-gnu/lib/rustlib/src/rust/library/core/src/intrinsics/mod.rs line 2449 column 9 function core::slice::index::slice_index_fail::do_panic thread 0
aborting path on assume(false) at file /home/runner/.rustup/toolchains/nightly-2025-11-21-x86_64-unknown-linux-gnu/lib/rustlib/src/rust/library/core/src/panic.rs line 178 column 9 function core::slice::index::slice_index_fail thread 0
aborting path on assume(false) at file /home/runner/.rustup/toolchains/nightly-2025-11-21-x86_64-unknown-linux-gnu/lib/rustlib/src/rust/library/core/src/slice/index.rs line 49 column 9 function core::slice::index::slice_index_fail::do_panic::runtime thread 0
aborting path on assume(false) at file /home/runner/.rustup/toolchains/nightly-2025-11-21-x86_64-unknown-linux-gnu/lib/rustlib/src/rust/library/core/src/intrinsics/mod.rs line 2449 column 9 function core::slice::index::slice_index_fail::do_panic thread 0
aborting path on assume(false) at file /home/runner/.rustup/toolchains/nightly-2025-11-21-x86_64-unknown-linux-gnu/lib/rustlib/src/rust/library/core/src/panic.rs line 178 column 9 function core::slice::index::slice_index_fail thread 0
aborting path on assume(false) at file /home/runner/.rustup/toolchains/nightly-2025-11-21-x86_64-unknown-linux-gnu/lib/rustlib/src/rust/library/core/src/slice/index.rs line 58 column 9 function core::slice::index::slice_index_fail::do_panic::runtime thread 0
aborting path on assume(false) at file /home/runner/.rustup/toolchains/nightly-2025-11-21-x86_64-unknown-linux-gnu/lib/rustlib/src/rust/library/core/src/intrinsics/mod.rs line 2449 column 9 function core::slice::index::slice_index_fail::do_panic thread 0
aborting path on assume(false) at file /home/runner/.rustup/toolchains/nightly-2025-11-21-x86_64-unknown-linux-gnu/lib/rustlib/src/rust/library/core/src/panic.rs line 178 column 9 function core::slice::index::slice_index_fail thread 0
aborting path on assume(false) at file /home/runner/.rustup/toolchains/nightly-2025-11-21-x86_64-unknown-linux-gnu/lib/rustlib/src/rust/library/core/src/slice/index.rs line 68 column 5 function core::slice::index::slice_index_fail::do_panic::runtime thread 0
aborting path on assume(false) at file /home/runner/.rustup/toolchains/nightly-2025-11-21-x86_64-unknown-linux-gnu/lib/rustlib/src/rust/library/core/src/intrinsics/mod.rs line 2449 column 9 function core::slice::index::slice_index_fail::do_panic thread 0
aborting path on assume(false) at file /home/runner/.rustup/toolchains/nightly-2025-11-21-x86_64-unknown-linux-gnu/lib/rustlib/src/rust/library/core/src/panic.rs line 178 column 9 function core::slice::index::slice_index_fail thread 0
aborting path on assume(false) at file /home/runner/.rustup/toolchains/nightly-2025-11-21-x86_64-unknown-linux-gnu/lib/rustlib/src/rust/library/core/src/slice/index.rs line 569 column 13 function <std::ops::RangeFrom<usize> as std::slice::SliceIndex<[u8]>>::index thread 0
aborting path on assume(false) at file /home/runner/work/kani/kani/library/kani_core/src/models.rs line 176 column 17 function <usize as kani::rustc_intrinsics::ToISize>::to_isize thread 0
aborting path on assume(false) at file /home/runner/work/kani/kani/library/kani/src/lib.rs line 57 column 1 function <usize as kani::rustc_intrinsics::ToISize>::to_isize thread 0
aborting path on assume(false) at file /home/runner/work/kani/kani/library/kani/src/lib.rs line 57 column 1 function <usize as kani::rustc_intrinsics::ToISize>::to_isize thread 0
aborting path on assume(false) at file /home/runner/work/kani/kani/library/kani/src/lib.rs line 57 column 1 function kani::mem::cbmc::same_allocation thread 0
Unwinding loop _RNvNtCsjJ4BRyaQv62_12der_verified3tag10decode_tag.0 iteration 1 file der-verified/src/tag.rs line 137 column 49 function tag::decode_tag thread 0
Unwinding loop _RNvNtCsjJ4BRyaQv62_12der_verified3tag10decode_tag.0 iteration 2 file der-verified/src/tag.rs line 137 column 49 function tag::decode_tag thread 0
Unwinding loop _RNvNtCsjJ4BRyaQv62_12der_verified3tag10decode_tag.0 iteration 3 file der-verified/src/tag.rs line 137 column 49 function tag::decode_tag thread 0
Unwinding loop _RNvNtCsjJ4BRyaQv62_12der_verified3tag10decode_tag.0 iteration 4 file der-verified/src/tag.rs line 137 column 49 function tag::decode_tag thread 0
Unwinding loop _RNvNtCsjJ4BRyaQv62_12der_verified3tag10decode_tag.0 iteration 5 file der-verified/src/tag.rs line 137 column 49 function tag::decode_tag thread 0
Unwinding loop _RNvNtCsjJ4BRyaQv62_12der_verified3tag10decode_tag.0 iteration 6 file der-verified/src/tag.rs line 137 column 49 function tag::decode_tag thread 0
Unwinding loop _RNvNtCsjJ4BRyaQv62_12der_verified3tag10decode_tag.0 iteration 7 file der-verified/src/tag.rs line 137 column 49 function tag::decode_tag thread 0
Unwinding loop _RNvNtCsjJ4BRyaQv62_12der_verified3tag10decode_tag.0 iteration 8 file der-verified/src/tag.rs line 137 column 49 function tag::decode_tag thread 0
Unwinding loop _RNvNtCsjJ4BRyaQv62_12der_verified3tag10decode_tag.0 iteration 9 file der-verified/src/tag.rs line 137 column 49 function tag::decode_tag thread 0
Unwinding loop _RNvNtCsjJ4BRyaQv62_12der_verified3tag10decode_tag.0 iteration 10 file der-verified/src/tag.rs line 137 column 49 function tag::decode_tag thread 0
Unwinding loop _RNvNtCsjJ4BRyaQv62_12der_verified3tag10decode_tag.0 iteration 11 file der-verified/src/tag.rs line 137 column 49 function tag::decode_tag thread 0
Not unwinding loop _RNvNtCsjJ4BRyaQv62_12der_verified3tag10decode_tag.0 iteration 12 file der-verified/src/tag.rs line 137 column 49 function tag::decode_tag thread 0
aborting path on assume(false) at file /home/runner/.rustup/toolchains/nightly-2025-11-21-x86_64-unknown-linux-gnu/lib/rustlib/src/rust/library/core/src/result.rs line 2173 column 15 function <std::result::Result<(u32, usize), tag::TagError> as std::ops::Try>::branch thread 0
aborting path on assume(false) at file der-verified/src/lib.rs line 0 column 0 function tag::decode_tag thread 0
aborting path on assume(false) at file /home/runner/.rustup/toolchains/nightly-2025-11-21-x86_64-unknown-linux-gnu/lib/rustlib/src/rust/library/core/src/result.rs line 966 column 15 function std::result::Result::<(tag::Tag, usize), tag::TagError>::map_err::<tlv::TlvError, {closure@der-verified/src/tlv.rs:71:51: 71:54}> thread 0
aborting path on assume(false) at file /home/runner/.rustup/toolchains/nightly-2025-11-21-x86_64-unknown-linux-gnu/lib/rustlib/src/rust/library/core/src/result.rs line 2173 column 15 function <std::result::Result<(tag::Tag, usize), tlv::TlvError> as std::ops::Try>::branch thread 0
aborting path on assume(false) at file /home/runner/.rustup/toolchains/nightly-2025-11-21-x86_64-unknown-linux-gnu/lib/rustlib/src/rust/library/core/src/slice/index.rs line 40 column 9 function core::slice::index::slice_index_fail::do_panic::runtime thread 0
aborting path on assume(false) at file /home/runner/.rustup/toolchains/nightly-2025-11-21-x86_64-unknown-linux-gnu/lib/rustlib/src/rust/library/core/src/intrinsics/mod.rs line 2449 column 9 function core::slice::index::slice_index_fail::do_panic thread 0
aborting path on assume(false) at file /home/runner/.rustup/toolchains/nightly-2025-11-21-x86_64-unknown-linux-gnu/lib/rustlib/src/rust/library/core/src/panic.rs line 178 column 9 function core::slice::index::slice_index_fail thread 0
aborting path on assume(false) at file /home/runner/.rustup/toolchains/nightly-2025-11-21-x86_64-unknown-linux-gnu/lib/rustlib/src/rust/library/core/src/slice/index.rs line 49 column 9 function core::slice::index::slice_index_fail::do_panic::runtime thread 0
aborting path on assume(false) at file /home/runner/.rustup/toolchains/nightly-2025-11-21-x86_64-unknown-linux-gnu/lib/rustlib/src/rust/library/core/src/intrinsics/mod.rs line 2449 column 9 function core::slice::index::slice_index_fail::do_panic thread 0
aborting path on assume(false) at file /home/runner/.rustup/toolchains/nightly-2025-11-21-x86_64-unknown-linux-gnu/lib/rustlib/src/rust/library/core/src/panic.rs line 178 column 9 function core::slice::index::slice_index_fail thread 0
aborting path on assume(false) at file /home/runner/.rustup/toolchains/nightly-2025-11-21-x86_64-unknown-linux-gnu/lib/rustlib/src/rust/library/core/src/slice/index.rs line 58 column 9 function core::slice::index::slice_index_fail::do_panic::runtime thread 0
aborting path on assume(false) at file /home/runner/.rustup/toolchains/nightly-2025-11-21-x86_64-unknown-linux-gnu/lib/rustlib/src/rust/library/core/src/intrinsics/mod.rs line 2449 column 9 function core::slice::index::slice_index_fail::do_panic thread 0
aborting path on assume(false) at file /home/runner/.rustup/toolchains/nightly-2025-11-21-x86_64-unknown-linux-gnu/lib/rustlib/src/rust/library/core/src/panic.rs line 178 column 9 function core::slice::index::slice_index_fail thread 0
aborting path on assume(false) at file /home/runner/.rustup/toolchains/nightly-2025-11-21-x86_64-unknown-linux-gnu/lib/rustlib/src/rust/library/core/src/slice/index.rs line 68 column 5 function core::slice::index::slice_index_fail::do_panic::runtime thread 0
aborting path on assume(false) at file /home/runner/.rustup/toolchains/nightly-2025-11-21-x86_64-unknown-linux-gnu/lib/rustlib/src/rust/library/core/src/intrinsics/mod.rs line 2449 column 9 function core::slice::index::slice_index_fail::do_panic thread 0
aborting path on assume(false) at file /home/runner/.rustup/toolchains/nightly-2025-11-21-x86_64-unknown-linux-gnu/lib/rustlib/src/rust/library/core/src/panic.rs line 178 column 9 function core::slice::index::slice_index_fail thread 0
aborting path on assume(false) at file /home/runner/.rustup/toolchains/nightly-2025-11-21-x86_64-unknown-linux-gnu/lib/rustlib/src/rust/library/core/src/slice/index.rs line 569 column 13 function <std::ops::RangeFrom<usize> as std::slice::SliceIndex<[u8]>>::index thread 0
aborting path on assume(false) at file /home/runner/work/kani/kani/library/kani_core/src/models.rs line 176 column 17 function <usize as kani::rustc_intrinsics::ToISize>::to_isize thread 0
aborting path on assume(false) at file /home/runner/work/kani/kani/library/kani/src/lib.rs line 57 column 1 function <usize as kani::rustc_intrinsics::ToISize>::to_isize thread 0
aborting path on assume(false) at file /home/runner/work/kani/kani/library/kani/src/lib.rs line 57 column 1 function <usize as kani::rustc_intrinsics::ToISize>::to_isize thread 0
aborting path on assume(false) at file /home/runner/work/kani/kani/library/kani/src/lib.rs line 57 column 1 function kani::mem::cbmc::same_allocation thread 0
aborting path on assume(false) at file der-verified/src/length.rs line 75 column 23 function length::decode_length thread 0
aborting path on assume(false) at file /home/runner/.rustup/toolchains/nightly-2025-11-21-x86_64-unknown-linux-gnu/lib/rustlib/src/rust/library/core/src/slice/index.rs line 435 column 5 function <std::ops::Range<usize> as std::slice::SliceIndex<[u8]>>::index thread 0
aborting path on assume(false) at file /home/runner/work/kani/kani/library/kani/src/lib.rs line 57 column 1 function kani::mem::cbmc::same_allocation thread 0
aborting path on assume(false) at file /home/runner/.rustup/toolchains/nightly-2025-11-21-x86_64-unknown-linux-gnu/lib/rustlib/src/rust/library/core/src/slice/index.rs line 40 column 9 function core::slice::index::slice_index_fail::do_panic::runtime thread 0
aborting path on assume(false) at file /home/runner/.rustup/toolchains/nightly-2025-11-21-x86_64-unknown-linux-gnu/lib/rustlib/src/rust/library/core/src/intrinsics/mod.rs line 2449 column 9 function core::slice::index::slice_index_fail::do_panic thread 0
aborting path on assume(false) at file /home/runner/.rustup/toolchains/nightly-2025-11-21-x86_64-unknown-linux-gnu/lib/rustlib/src/rust/library/core/src/panic.rs line 178 column 9 function core::slice::index::slice_index_fail thread 0
aborting path on assume(false) at file /home/runner/.rustup/toolchains/nightly-2025-11-21-x86_64-unknown-linux-gnu/lib/rustlib/src/rust/library/core/src/slice/index.rs line 49 column 9 function core::slice::index::slice_index_fail::do_panic::runtime thread 0
aborting path on assume(false) at file /home/runner/.rustup/toolchains/nightly-2025-11-21-x86_64-unknown-linux-gnu/lib/rustlib/src/rust/library/core/src/intrinsics/mod.rs line 2449 column 9 function core::slice::index::slice_index_fail::do_panic thread 0
aborting path on assume(false) at file /home/runner/.rustup/toolchains/nightly-2025-11-21-x86_64-unknown-linux-gnu/lib/rustlib/src/rust/library/core/src/panic.rs line 178 column 9 function core::slice::index::slice_index_fail thread 0
aborting path on assume(false) at file /home/runner/.rustup/toolchains/nightly-2025-11-21-x86_64-unknown-linux-gnu/lib/rustlib/src/rust/library/core/src/slice/index.rs line 58 column 9 function core::slice::index::slice_index_fail::do_panic::runtime thread 0
aborting path on assume(false) at file /home/runner/.rustup/toolchains/nightly-2025-11-21-x86_64-unknown-linux-gnu/lib/rustlib/src/rust/library/core/src/intrinsics/mod.rs line 2449 column 9 function core::slice::index::slice_index_fail::do_panic thread 0
aborting path on assume(false) at file /home/runner/.rustup/toolchains/nightly-2025-11-21-x86_64-unknown-linux-gnu/lib/rustlib/src/rust/library/core/src/panic.rs line 178 column 9 function core::slice::index::slice_index_fail thread 0
aborting path on assume(false) at file /home/runner/.rustup/toolchains/nightly-2025-11-21-x86_64-unknown-linux-gnu/lib/rustlib/src/rust/library/core/src/slice/index.rs line 68 column 5 function core::slice::index::slice_index_fail::do_panic::runtime thread 0
aborting path on assume(false) at file /home/runner/.rustup/toolchains/nightly-2025-11-21-x86_64-unknown-linux-gnu/lib/rustlib/src/rust/library/core/src/intrinsics/mod.rs line 2449 column 9 function core::slice::index::slice_index_fail::do_panic thread 0
aborting path on assume(false) at file /home/runner/.rustup/toolchains/nightly-2025-11-21-x86_64-unknown-linux-gnu/lib/rustlib/src/rust/library/core/src/panic.rs line 178 column 9 function core::slice::index::slice_index_fail thread 0
aborting path on assume(false) at file /home/runner/.rustup/toolchains/nightly-2025-11-21-x86_64-unknown-linux-gnu/lib/rustlib/src/rust/library/core/src/slice/index.rs line 443 column 13 function <std::ops::Range<usize> as std::slice::SliceIndex<[u8]>>::index thread 0
Unwinding loop _RNvNtCsjJ4BRyaQv62_12der_verified6length13decode_length.0 iteration 1 file der-verified/src/length.rs line 101 column 5 function length::decode_length thread 0
Unwinding loop _RNvNtCsjJ4BRyaQv62_12der_verified6length13decode_length.0 iteration 2 file der-verified/src/length.rs line 101 column 5 function length::decode_length thread 0
Unwinding loop _RNvNtCsjJ4BRyaQv62_12der_verified6length13decode_length.0 iteration 3 file der-verified/src/length.rs line 101 column 5 function length::decode_length thread 0
Unwinding loop _RNvNtCsjJ4BRyaQv62_12der_verified6length13decode_length.0 iteration 4 file der-verified/src/length.rs line 101 column 5 function length::decode_length thread 0
Unwinding loop _RNvNtCsjJ4BRyaQv62_12der_verified6length13decode_length.0 iteration 5 file der-verified/src/length.rs line 101 column 5 function length::decode_length thread 0
Unwinding loop _RNvNtCsjJ4BRyaQv62_12der_verified6length13decode_length.0 iteration 6 file der-verified/src/length.rs line 101 column 5 function length::decode_length thread 0
Unwinding loop _RNvNtCsjJ4BRyaQv62_12der_verified6length13decode_length.0 iteration 7 file der-verified/src/length.rs line 101 column 5 function length::decode_length thread 0
Unwinding loop _RNvNtCsjJ4BRyaQv62_12der_verified6length13decode_length.0 iteration 8 file der-verified/src/length.rs line 101 column 5 function length::decode_length thread 0
Unwinding loop _RNvNtCsjJ4BRyaQv62_12der_verified6length13decode_length.0 iteration 9 file der-verified/src/length.rs line 101 column 5 function length::decode_length thread 0
Unwinding loop _RNvNtCsjJ4BRyaQv62_12der_verified6length13decode_length.0 iteration 10 file der-verified/src/length.rs line 101 column 5 function length::decode_length thread 0
Unwinding loop _RNvNtCsjJ4BRyaQv62_12der_verified6length13decode_length.0 iteration 11 file der-verified/src/length.rs line 101 column 5 function length::decode_length thread 0
Not unwinding loop _RNvNtCsjJ4BRyaQv62_12der_verified6length13decode_length.0 iteration 12 file der-verified/src/length.rs line 101 column 5 function length::decode_length thread 0
aborting path on assume(false) at file /home/runner/.rustup/toolchains/nightly-2025-11-21-x86_64-unknown-linux-gnu/lib/rustlib/src/rust/library/core/src/result.rs line 966 column 15 function std::result::Result::<(u32, usize), length::LengthError>::map_err::<tlv::TlvError, {closure@der-verified/src/tlv.rs:73:69: 73:72}> thread 0
aborting path on assume(false) at file /home/runner/.rustup/toolchains/nightly-2025-11-21-x86_64-unknown-linux-gnu/lib/rustlib/src/rust/library/core/src/result.rs line 2173 column 15 function <std::result::Result<(u32, usize), tlv::TlvError> as std::ops::Try>::branch thread 0
aborting path on assume(false) at file der-verified/src/lib.rs line 0 column 0 function tlv::decode_tlv thread 0
aborting path on assume(false) at file /home/runner/.rustup/toolchains/nightly-2025-11-21-x86_64-unknown-linux-gnu/lib/rustlib/src/rust/library/core/src/slice/index.rs line 435 column 5 function <std::ops::Range<usize> as std::slice::SliceIndex<[u8]>>::index thread 0
aborting path on assume(false) at file /home/runner/work/kani/kani/library/kani_core/src/models.rs line 176 column 17 function <usize as kani::rustc_intrinsics::ToISize>::to_isize thread 0
aborting path on assume(false) at file /home/runner/work/kani/kani/library/kani/src/lib.rs line 57 column 1 function <usize as kani::rustc_intrinsics::ToISize>::to_isize thread 0
aborting path on assume(false) at file /home/runner/work/kani/kani/library/kani/src/lib.rs line 57 column 1 function <usize as kani::rustc_intrinsics::ToISize>::to_isize thread 0
aborting path on assume(false) at file /home/runner/work/kani/kani/library/kani/src/lib.rs line 57 column 1 function kani::mem::cbmc::same_allocation thread 0
aborting path on assume(false) at file /home/runner/.rustup/toolchains/nightly-2025-11-21-x86_64-unknown-linux-gnu/lib/rustlib/src/rust/library/core/src/slice/index.rs line 40 column 9 function core::slice::index::slice_index_fail::do_panic::runtime thread 0
aborting path on assume(false) at file /home/runner/.rustup/toolchains/nightly-2025-11-21-x86_64-unknown-linux-gnu/lib/rustlib/src/rust/library/core/src/intrinsics/mod.rs line 2449 column 9 function core::slice::index::slice_index_fail::do_panic thread 0
aborting path on assume(false) at file /home/runner/.rustup/toolchains/nightly-2025-11-21-x86_64-unknown-linux-gnu/lib/rustlib/src/rust/library/core/src/panic.rs line 178 column 9 function core::slice::index::slice_index_fail thread 0
aborting path on assume(false) at file /home/runner/.rustup/toolchains/nightly-2025-11-21-x86_64-unknown-linux-gnu/lib/rustlib/src/rust/library/core/src/slice/index.rs line 49 column 9 function core::slice::index::slice_index_fail::do_panic::runtime thread 0
aborting path on assume(false) at file /home/runner/.rustup/toolchains/nightly-2025-11-21-x86_64-unknown-linux-gnu/lib/rustlib/src/rust/library/core/src/intrinsics/mod.rs line 2449 column 9 function core::slice::index::slice_index_fail::do_panic thread 0
aborting path on assume(false) at file /home/runner/.rustup/toolchains/nightly-2025-11-21-x86_64-unknown-linux-gnu/lib/rustlib/src/rust/library/core/src/panic.rs line 178 column 9 function core::slice::index::slice_index_fail thread 0
aborting path on assume(false) at file /home/runner/.rustup/toolchains/nightly-2025-11-21-x86_64-unknown-linux-gnu/lib/rustlib/src/rust/library/core/src/slice/index.rs line 58 column 9 function core::slice::index::slice_index_fail::do_panic::runtime thread 0
aborting path on assume(false) at file /home/runner/.rustup/toolchains/nightly-2025-11-21-x86_64-unknown-linux-gnu/lib/rustlib/src/rust/library/core/src/intrinsics/mod.rs line 2449 column 9 function core::slice::index::slice_index_fail::do_panic thread 0
aborting path on assume(false) at file /home/runner/.rustup/toolchains/nightly-2025-11-21-x86_64-unknown-linux-gnu/lib/rustlib/src/rust/library/core/src/panic.rs line 178 column 9 function core::slice::index::slice_index_fail thread 0
aborting path on assume(false) at file /home/runner/.rustup/toolchains/nightly-2025-11-21-x86_64-unknown-linux-gnu/lib/rustlib/src/rust/library/core/src/slice/index.rs line 68 column 5 function core::slice::index::slice_index_fail::do_panic::runtime thread 0
aborting path on assume(false) at file /home/runner/.rustup/toolchains/nightly-2025-11-21-x86_64-unknown-linux-gnu/lib/rustlib/src/rust/library/core/src/intrinsics/mod.rs line 2449 column 9 function core::slice::index::slice_index_fail::do_panic thread 0
aborting path on assume(false) at file /home/runner/.rustup/toolchains/nightly-2025-11-21-x86_64-unknown-linux-gnu/lib/rustlib/src/rust/library/core/src/panic.rs line 178 column 9 function core::slice::index::slice_index_fail thread 0
aborting path on assume(false) at file /home/runner/.rustup/toolchains/nightly-2025-11-21-x86_64-unknown-linux-gnu/lib/rustlib/src/rust/library/core/src/slice/index.rs line 443 column 13 function <std::ops::Range<usize> as std::slice::SliceIndex<[u8]>>::index thread 0
aborting path on assume(false) at file /home/runner/.rustup/toolchains/nightly-2025-11-21-x86_64-unknown-linux-gnu/lib/rustlib/src/rust/library/core/src/result.rs line 966 column 15 function std::result::Result::<(tlv::Tlv<'_>, usize), tlv::TlvError>::map_err::<x509_tbs_certificate::TbsCertificateError, fn(tlv::TlvError) -> x509_tbs_certificate::TbsCertificateError {x509_tbs_certificate::TbsCertificateError::BadValidityTlv}> thread 0
aborting path on assume(false) at file /home/runner/.rustup/toolchains/nightly-2025-11-21-x86_64-unknown-linux-gnu/lib/rustlib/src/rust/library/core/src/result.rs line 2173 column 15 function <std::result::Result<(tlv::Tlv<'_>, usize), x509_tbs_certificate::TbsCertificateError> as std::ops::Try>::branch thread 0
aborting path on assume(false) at file /home/runner/.rustup/toolchains/nightly-2025-11-21-x86_64-unknown-linux-gnu/lib/rustlib/src/rust/library/core/src/slice/index.rs line 435 column 5 function <std::ops::Range<usize> as std::slice::SliceIndex<[u8]>>::index thread 0
aborting path on assume(false) at file /home/runner/work/kani/kani/library/kani_core/src/models.rs line 176 column 17 function <usize as kani::rustc_intrinsics::ToISize>::to_isize thread 0
aborting path on assume(false) at file /home/runner/work/kani/kani/library/kani/src/lib.rs line 57 column 1 function <usize as kani::rustc_intrinsics::ToISize>::to_isize thread 0
aborting path on assume(false) at file /home/runner/work/kani/kani/library/kani/src/lib.rs line 57 column 1 function <usize as kani::rustc_intrinsics::ToISize>::to_isize thread 0
aborting path on assume(false) at file /home/runner/work/kani/kani/library/kani/src/lib.rs line 57 column 1 function kani::mem::cbmc::same_allocation thread 0
aborting path on assume(false) at file /home/runner/.rustup/toolchains/nightly-2025-11-21-x86_64-unknown-linux-gnu/lib/rustlib/src/rust/library/core/src/slice/index.rs line 40 column 9 function core::slice::index::slice_index_fail::do_panic::runtime thread 0
aborting path on assume(false) at file /home/runner/.rustup/toolchains/nightly-2025-11-21-x86_64-unknown-linux-gnu/lib/rustlib/src/rust/library/core/src/intrinsics/mod.rs line 2449 column 9 function core::slice::index::slice_index_fail::do_panic thread 0
aborting path on assume(false) at file /home/runner/.rustup/toolchains/nightly-2025-11-21-x86_64-unknown-linux-gnu/lib/rustlib/src/rust/library/core/src/panic.rs line 178 column 9 function core::slice::index::slice_index_fail thread 0
aborting path on assume(false) at file /home/runner/.rustup/toolchains/nightly-2025-11-21-x86_64-unknown-linux-gnu/lib/rustlib/src/rust/library/core/src/slice/index.rs line 49 column 9 function core::slice::index::slice_index_fail::do_panic::runtime thread 0
aborting path on assume(false) at file /home/runner/.rustup/toolchains/nightly-2025-11-21-x86_64-unknown-linux-gnu/lib/rustlib/src/rust/library/core/src/intrinsics/mod.rs line 2449 column 9 function core::slice::index::slice_index_fail::do_panic thread 0
aborting path on assume(false) at file /home/runner/.rustup/toolchains/nightly-2025-11-21-x86_64-unknown-linux-gnu/lib/rustlib/src/rust/library/core/src/panic.rs line 178 column 9 function core::slice::index::slice_index_fail thread 0
aborting path on assume(false) at file /home/runner/.rustup/toolchains/nightly-2025-11-21-x86_64-unknown-linux-gnu/lib/rustlib/src/rust/library/core/src/slice/index.rs line 58 column 9 function core::slice::index::slice_index_fail::do_panic::runtime thread 0
aborting path on assume(false) at file /home/runner/.rustup/toolchains/nightly-2025-11-21-x86_64-unknown-linux-gnu/lib/rustlib/src/rust/library/core/src/intrinsics/mod.rs line 2449 column 9 function core::slice::index::slice_index_fail::do_panic thread 0
aborting path on assume(false) at file /home/runner/.rustup/toolchains/nightly-2025-11-21-x86_64-unknown-linux-gnu/lib/rustlib/src/rust/library/core/src/panic.rs line 178 column 9 function core::slice::index::slice_index_fail thread 0
aborting path on assume(false) at file /home/runner/.rustup/toolchains/nightly-2025-11-21-x86_64-unknown-linux-gnu/lib/rustlib/src/rust/library/core/src/slice/index.rs line 68 column 5 function core::slice::index::slice_index_fail::do_panic::runtime thread 0
aborting path on assume(false) at file /home/runner/.rustup/toolchains/nightly-2025-11-21-x86_64-unknown-linux-gnu/lib/rustlib/src/rust/library/core/src/intrinsics/mod.rs line 2449 column 9 function core::slice::index::slice_index_fail::do_panic thread 0
aborting path on assume(false) at file /home/runner/.rustup/toolchains/nightly-2025-11-21-x86_64-unknown-linux-gnu/lib/rustlib/src/rust/library/core/src/panic.rs line 178 column 9 function core::slice::index::slice_index_fail thread 0
aborting path on assume(false) at file /home/runner/.rustup/toolchains/nightly-2025-11-21-x86_64-unknown-linux-gnu/lib/rustlib/src/rust/library/core/src/slice/index.rs line 443 column 13 function <std::ops::Range<usize> as std::slice::SliceIndex<[u8]>>::index thread 0
aborting path on assume(false) at file /home/runner/.rustup/toolchains/nightly-2025-11-21-x86_64-unknown-linux-gnu/lib/rustlib/src/rust/library/core/src/result.rs line 966 column 15 function std::result::Result::<x509_validity::Validity<'_>, x509_validity::ValidityError>::map_err::<x509_tbs_certificate::TbsCertificateError, fn(x509_validity::ValidityError) -> x509_tbs_certificate::TbsCertificateError {x509_tbs_certificate::TbsCertificateError::BadValidity}> thread 0
aborting path on assume(false) at file /home/runner/.rustup/toolchains/nightly-2025-11-21-x86_64-unknown-linux-gnu/lib/rustlib/src/rust/library/core/src/result.rs line 2173 column 15 function <std::result::Result<x509_validity::Validity<'_>, x509_tbs_certificate::TbsCertificateError> as std::ops::Try>::branch thread 0
aborting path on assume(false) at file /home/runner/.rustup/toolchains/nightly-2025-11-21-x86_64-unknown-linux-gnu/lib/rustlib/src/rust/library/core/src/slice/index.rs line 40 column 9 function core::slice::index::slice_index_fail::do_panic::runtime thread 0
aborting path on assume(false) at file /home/runner/.rustup/toolchains/nightly-2025-11-21-x86_64-unknown-linux-gnu/lib/rustlib/src/rust/library/core/src/intrinsics/mod.rs line 2449 column 9 function core::slice::index::slice_index_fail::do_panic thread 0
aborting path on assume(false) at file /home/runner/.rustup/toolchains/nightly-2025-11-21-x86_64-unknown-linux-gnu/lib/rustlib/src/rust/library/core/src/panic.rs line 178 column 9 function core::slice::index::slice_index_fail thread 0
aborting path on assume(false) at file /home/runner/.rustup/toolchains/nightly-2025-11-21-x86_64-unknown-linux-gnu/lib/rustlib/src/rust/library/core/src/slice/index.rs line 49 column 9 function core::slice::index::slice_index_fail::do_panic::runtime thread 0
aborting path on assume(false) at file /home/runner/.rustup/toolchains/nightly-2025-11-21-x86_64-unknown-linux-gnu/lib/rustlib/src/rust/library/core/src/intrinsics/mod.rs line 2449 column 9 function core::slice::index::slice_index_fail::do_panic thread 0
aborting path on assume(false) at file /home/runner/.rustup/toolchains/nightly-2025-11-21-x86_64-unknown-linux-gnu/lib/rustlib/src/rust/library/core/src/panic.rs line 178 column 9 function core::slice::index::slice_index_fail thread 0
aborting path on assume(false) at file /home/runner/.rustup/toolchains/nightly-2025-11-21-x86_64-unknown-linux-gnu/lib/rustlib/src/rust/library/core/src/slice/index.rs line 58 column 9 function core::slice::index::slice_index_fail::do_panic::runtime thread 0
aborting path on assume(false) at file /home/runner/.rustup/toolchains/nightly-2025-11-21-x86_64-unknown-linux-gnu/lib/rustlib/src/rust/library/core/src/intrinsics/mod.rs line 2449 column 9 function core::slice::index::slice_index_fail::do_panic thread 0
aborting path on assume(false) at file /home/runner/.rustup/toolchains/nightly-2025-11-21-x86_64-unknown-linux-gnu/lib/rustlib/src/rust/library/core/src/panic.rs line 178 column 9 function core::slice::index::slice_index_fail thread 0
aborting path on assume(false) at file /home/runner/.rustup/toolchains/nightly-2025-11-21-x86_64-unknown-linux-gnu/lib/rustlib/src/rust/library/core/src/slice/index.rs line 68 column 5 function core::slice::index::slice_index_fail::do_panic::runtime thread 0
aborting path on assume(false) at file /home/runner/.rustup/toolchains/nightly-2025-11-21-x86_64-unknown-linux-gnu/lib/rustlib/src/rust/library/core/src/intrinsics/mod.rs line 2449 column 9 function core::slice::index::slice_index_fail::do_panic thread 0
aborting path on assume(false) at file /home/runner/.rustup/toolchains/nightly-2025-11-21-x86_64-unknown-linux-gnu/lib/rustlib/src/rust/library/core/src/panic.rs line 178 column 9 function core::slice::index::slice_index_fail thread 0
aborting path on assume(false) at file /home/runner/.rustup/toolchains/nightly-2025-11-21-x86_64-unknown-linux-gnu/lib/rustlib/src/rust/library/core/src/slice/index.rs line 569 column 13 function <std::ops::RangeFrom<usize> as std::slice::SliceIndex<[u8]>>::index thread 0
aborting path on assume(false) at file /home/runner/work/kani/kani/library/kani_core/src/models.rs line 176 column 17 function <usize as kani::rustc_intrinsics::ToISize>::to_isize thread 0
aborting path on assume(false) at file /home/runner/work/kani/kani/library/kani/src/lib.rs line 57 column 1 function <usize as kani::rustc_intrinsics::ToISize>::to_isize thread 0
aborting path on assume(false) at file /home/runner/work/kani/kani/library/kani/src/lib.rs line 57 column 1 function <usize as kani::rustc_intrinsics::ToISize>::to_isize thread 0
aborting path on assume(false) at file /home/runner/work/kani/kani/library/kani/src/lib.rs line 57 column 1 function kani::mem::cbmc::same_allocation thread 0
aborting path on assume(false) at file /home/runner/.rustup/toolchains/nightly-2025-11-21-x86_64-unknown-linux-gnu/lib/rustlib/src/rust/library/core/src/slice/index.rs line 40 column 9 function core::slice::index::slice_index_fail::do_panic::runtime thread 0
aborting path on assume(false) at file /home/runner/.rustup/toolchains/nightly-2025-11-21-x86_64-unknown-linux-gnu/lib/rustlib/src/rust/library/core/src/intrinsics/mod.rs line 2449 column 9 function core::slice::index::slice_index_fail::do_panic thread 0
aborting path on assume(false) at file /home/runner/.rustup/toolchains/nightly-2025-11-21-x86_64-unknown-linux-gnu/lib/rustlib/src/rust/library/core/src/panic.rs line 178 column 9 function core::slice::index::slice_index_fail thread 0
aborting path on assume(false) at file /home/runner/.rustup/toolchains/nightly-2025-11-21-x86_64-unknown-linux-gnu/lib/rustlib/src/rust/library/core/src/slice/index.rs line 49 column 9 function core::slice::index::slice_index_fail::do_panic::runtime thread 0
aborting path on assume(false) at file /home/runner/.rustup/toolchains/nightly-2025-11-21-x86_64-unknown-linux-gnu/lib/rustlib/src/rust/library/core/src/intrinsics/mod.rs line 2449 column 9 function core::slice::index::slice_index_fail::do_panic thread 0
aborting path on assume(false) at file /home/runner/.rustup/toolchains/nightly-2025-11-21-x86_64-unknown-linux-gnu/lib/rustlib/src/rust/library/core/src/panic.rs line 178 column 9 function core::slice::index::slice_index_fail thread 0
aborting path on assume(false) at file /home/runner/.rustup/toolchains/nightly-2025-11-21-x86_64-unknown-linux-gnu/lib/rustlib/src/rust/library/core/src/slice/index.rs line 58 column 9 function core::slice::index::slice_index_fail::do_panic::runtime thread 0
aborting path on assume(false) at file /home/runner/.rustup/toolchains/nightly-2025-11-21-x86_64-unknown-linux-gnu/lib/rustlib/src/rust/library/core/src/intrinsics/mod.rs line 2449 column 9 function core::slice::index::slice_index_fail::do_panic thread 0
aborting path on assume(false) at file /home/runner/.rustup/toolchains/nightly-2025-11-21-x86_64-unknown-linux-gnu/lib/rustlib/src/rust/library/core/src/panic.rs line 178 column 9 function core::slice::index::slice_index_fail thread 0
aborting path on assume(false) at file /home/runner/.rustup/toolchains/nightly-2025-11-21-x86_64-unknown-linux-gnu/lib/rustlib/src/rust/library/core/src/slice/index.rs line 68 column 5 function core::slice::index::slice_index_fail::do_panic::runtime thread 0
aborting path on assume(false) at file /home/runner/.rustup/toolchains/nightly-2025-11-21-x86_64-unknown-linux-gnu/lib/rustlib/src/rust/library/core/src/intrinsics/mod.rs line 2449 column 9 function core::slice::index::slice_index_fail::do_panic thread 0
aborting path on assume(false) at file /home/runner/.rustup/toolchains/nightly-2025-11-21-x86_64-unknown-linux-gnu/lib/rustlib/src/rust/library/core/src/panic.rs line 178 column 9 function core::slice::index::slice_index_fail thread 0
aborting path on assume(false) at file /home/runner/.rustup/toolchains/nightly-2025-11-21-x86_64-unknown-linux-gnu/lib/rustlib/src/rust/library/core/src/slice/index.rs line 569 column 13 function <std::ops::RangeFrom<usize> as std::slice::SliceIndex<[u8]>>::index thread 0
aborting path on assume(false) at file /home/runner/work/kani/kani/library/kani_core/src/models.rs line 176 column 17 function <usize as kani::rustc_intrinsics::ToISize>::to_isize thread 0
aborting path on assume(false) at file /home/runner/work/kani/kani/library/kani/src/lib.rs line 57 column 1 function <usize as kani::rustc_intrinsics::ToISize>::to_isize thread 0
aborting path on assume(false) at file /home/runner/work/kani/kani/library/kani/src/lib.rs line 57 column 1 function <usize as kani::rustc_intrinsics::ToISize>::to_isize thread 0
aborting path on assume(false) at file /home/runner/work/kani/kani/library/kani/src/lib.rs line 57 column 1 function kani::mem::cbmc::same_allocation thread 0
Unwinding loop _RNvNtCsjJ4BRyaQv62_12der_verified3tag10decode_tag.0 iteration 1 file der-verified/src/tag.rs line 137 column 49 function tag::decode_tag thread 0
Unwinding loop _RNvNtCsjJ4BRyaQv62_12der_verified3tag10decode_tag.0 iteration 2 file der-verified/src/tag.rs line 137 column 49 function tag::decode_tag thread 0
Unwinding loop _RNvNtCsjJ4BRyaQv62_12der_verified3tag10decode_tag.0 iteration 3 file der-verified/src/tag.rs line 137 column 49 function tag::decode_tag thread 0
Unwinding loop _RNvNtCsjJ4BRyaQv62_12der_verified3tag10decode_tag.0 iteration 4 file der-verified/src/tag.rs line 137 column 49 function tag::decode_tag thread 0
Unwinding loop _RNvNtCsjJ4BRyaQv62_12der_verified3tag10decode_tag.0 iteration 5 file der-verified/src/tag.rs line 137 column 49 function tag::decode_tag thread 0
Unwinding loop _RNvNtCsjJ4BRyaQv62_12der_verified3tag10decode_tag.0 iteration 6 file der-verified/src/tag.rs line 137 column 49 function tag::decode_tag thread 0
Unwinding loop _RNvNtCsjJ4BRyaQv62_12der_verified3tag10decode_tag.0 iteration 7 file der-verified/src/tag.rs line 137 column 49 function tag::decode_tag thread 0
Unwinding loop _RNvNtCsjJ4BRyaQv62_12der_verified3tag10decode_tag.0 iteration 8 file der-verified/src/tag.rs line 137 column 49 function tag::decode_tag thread 0
Unwinding loop _RNvNtCsjJ4BRyaQv62_12der_verified3tag10decode_tag.0 iteration 9 file der-verified/src/tag.rs line 137 column 49 function tag::decode_tag thread 0
Unwinding loop _RNvNtCsjJ4BRyaQv62_12der_verified3tag10decode_tag.0 iteration 10 file der-verified/src/tag.rs line 137 column 49 function tag::decode_tag thread 0
Unwinding loop _RNvNtCsjJ4BRyaQv62_12der_verified3tag10decode_tag.0 iteration 11 file der-verified/src/tag.rs line 137 column 49 function tag::decode_tag thread 0
Not unwinding loop _RNvNtCsjJ4BRyaQv62_12der_verified3tag10decode_tag.0 iteration 12 file der-verified/src/tag.rs line 137 column 49 function tag::decode_tag thread 0
aborting path on assume(false) at file /home/runner/.rustup/toolchains/nightly-2025-11-21-x86_64-unknown-linux-gnu/lib/rustlib/src/rust/library/core/src/result.rs line 2173 column 15 function <std::result::Result<(u32, usize), tag::TagError> as std::ops::Try>::branch thread 0
aborting path on assume(false) at file der-verified/src/lib.rs line 0 column 0 function tag::decode_tag thread 0
aborting path on assume(false) at file /home/runner/.rustup/toolchains/nightly-2025-11-21-x86_64-unknown-linux-gnu/lib/rustlib/src/rust/library/core/src/result.rs line 966 column 15 function std::result::Result::<(tag::Tag, usize), tag::TagError>::map_err::<tlv::TlvError, {closure@der-verified/src/tlv.rs:71:51: 71:54}> thread 0
aborting path on assume(false) at file /home/runner/.rustup/toolchains/nightly-2025-11-21-x86_64-unknown-linux-gnu/lib/rustlib/src/rust/library/core/src/result.rs line 2173 column 15 function <std::result::Result<(tag::Tag, usize), tlv::TlvError> as std::ops::Try>::branch thread 0
aborting path on assume(false) at file /home/runner/.rustup/toolchains/nightly-2025-11-21-x86_64-unknown-linux-gnu/lib/rustlib/src/rust/library/core/src/slice/index.rs line 40 column 9 function core::slice::index::slice_index_fail::do_panic::runtime thread 0
aborting path on assume(false) at file /home/runner/.rustup/toolchains/nightly-2025-11-21-x86_64-unknown-linux-gnu/lib/rustlib/src/rust/library/core/src/intrinsics/mod.rs line 2449 column 9 function core::slice::index::slice_index_fail::do_panic thread 0
aborting path on assume(false) at file /home/runner/.rustup/toolchains/nightly-2025-11-21-x86_64-unknown-linux-gnu/lib/rustlib/src/rust/library/core/src/panic.rs line 178 column 9 function core::slice::index::slice_index_fail thread 0
aborting path on assume(false) at file /home/runner/.rustup/toolchains/nightly-2025-11-21-x86_64-unknown-linux-gnu/lib/rustlib/src/rust/library/core/src/slice/index.rs line 49 column 9 function core::slice::index::slice_index_fail::do_panic::runtime thread 0
aborting path on assume(false) at file /home/runner/.rustup/toolchains/nightly-2025-11-21-x86_64-unknown-linux-gnu/lib/rustlib/src/rust/library/core/src/intrinsics/mod.rs line 2449 column 9 function core::slice::index::slice_index_fail::do_panic thread 0
aborting path on assume(false) at file /home/runner/.rustup/toolchains/nightly-2025-11-21-x86_64-unknown-linux-gnu/lib/rustlib/src/rust/library/core/src/panic.rs line 178 column 9 function core::slice::index::slice_index_fail thread 0
aborting path on assume(false) at file /home/runner/.rustup/toolchains/nightly-2025-11-21-x86_64-unknown-linux-gnu/lib/rustlib/src/rust/library/core/src/slice/index.rs line 58 column 9 function core::slice::index::slice_index_fail::do_panic::runtime thread 0
aborting path on assume(false) at file /home/runner/.rustup/toolchains/nightly-2025-11-21-x86_64-unknown-linux-gnu/lib/rustlib/src/rust/library/core/src/intrinsics/mod.rs line 2449 column 9 function core::slice::index::slice_index_fail::do_panic thread 0
aborting path on assume(false) at file /home/runner/.rustup/toolchains/nightly-2025-11-21-x86_64-unknown-linux-gnu/lib/rustlib/src/rust/library/core/src/panic.rs line 178 column 9 function core::slice::index::slice_index_fail thread 0
aborting path on assume(false) at file /home/runner/.rustup/toolchains/nightly-2025-11-21-x86_64-unknown-linux-gnu/lib/rustlib/src/rust/library/core/src/slice/index.rs line 68 column 5 function core::slice::index::slice_index_fail::do_panic::runtime thread 0
aborting path on assume(false) at file /home/runner/.rustup/toolchains/nightly-2025-11-21-x86_64-unknown-linux-gnu/lib/rustlib/src/rust/library/core/src/intrinsics/mod.rs line 2449 column 9 function core::slice::index::slice_index_fail::do_panic thread 0
aborting path on assume(false) at file /home/runner/.rustup/toolchains/nightly-2025-11-21-x86_64-unknown-linux-gnu/lib/rustlib/src/rust/library/core/src/panic.rs line 178 column 9 function core::slice::index::slice_index_fail thread 0
aborting path on assume(false) at file /home/runner/.rustup/toolchains/nightly-2025-11-21-x86_64-unknown-linux-gnu/lib/rustlib/src/rust/library/core/src/slice/index.rs line 569 column 13 function <std::ops::RangeFrom<usize> as std::slice::SliceIndex<[u8]>>::index thread 0
aborting path on assume(false) at file /home/runner/work/kani/kani/library/kani_core/src/models.rs line 176 column 17 function <usize as kani::rustc_intrinsics::ToISize>::to_isize thread 0
aborting path on assume(false) at file /home/runner/work/kani/kani/library/kani/src/lib.rs line 57 column 1 function <usize as kani::rustc_intrinsics::ToISize>::to_isize thread 0
aborting path on assume(false) at file /home/runner/work/kani/kani/library/kani/src/lib.rs line 57 column 1 function <usize as kani::rustc_intrinsics::ToISize>::to_isize thread 0
aborting path on assume(false) at file /home/runner/work/kani/kani/library/kani/src/lib.rs line 57 column 1 function kani::mem::cbmc::same_allocation thread 0
aborting path on assume(false) at file der-verified/src/length.rs line 75 column 23 function length::decode_length thread 0
aborting path on assume(false) at file /home/runner/.rustup/toolchains/nightly-2025-11-21-x86_64-unknown-linux-gnu/lib/rustlib/src/rust/library/core/src/slice/index.rs line 435 column 5 function <std::ops::Range<usize> as std::slice::SliceIndex<[u8]>>::index thread 0
aborting path on assume(false) at file /home/runner/work/kani/kani/library/kani/src/lib.rs line 57 column 1 function kani::mem::cbmc::same_allocation thread 0
aborting path on assume(false) at file /home/runner/.rustup/toolchains/nightly-2025-11-21-x86_64-unknown-linux-gnu/lib/rustlib/src/rust/library/core/src/slice/index.rs line 40 column 9 function core::slice::index::slice_index_fail::do_panic::runtime thread 0
aborting path on assume(false) at file /home/runner/.rustup/toolchains/nightly-2025-11-21-x86_64-unknown-linux-gnu/lib/rustlib/src/rust/library/core/src/intrinsics/mod.rs line 2449 column 9 function core::slice::index::slice_index_fail::do_panic thread 0
aborting path on assume(false) at file /home/runner/.rustup/toolchains/nightly-2025-11-21-x86_64-unknown-linux-gnu/lib/rustlib/src/rust/library/core/src/panic.rs line 178 column 9 function core::slice::index::slice_index_fail thread 0
aborting path on assume(false) at file /home/runner/.rustup/toolchains/nightly-2025-11-21-x86_64-unknown-linux-gnu/lib/rustlib/src/rust/library/core/src/slice/index.rs line 49 column 9 function core::slice::index::slice_index_fail::do_panic::runtime thread 0
aborting path on assume(false) at file /home/runner/.rustup/toolchains/nightly-2025-11-21-x86_64-unknown-linux-gnu/lib/rustlib/src/rust/library/core/src/intrinsics/mod.rs line 2449 column 9 function core::slice::index::slice_index_fail::do_panic thread 0
aborting path on assume(false) at file /home/runner/.rustup/toolchains/nightly-2025-11-21-x86_64-unknown-linux-gnu/lib/rustlib/src/rust/library/core/src/panic.rs line 178 column 9 function core::slice::index::slice_index_fail thread 0
aborting path on assume(false) at file /home/runner/.rustup/toolchains/nightly-2025-11-21-x86_64-unknown-linux-gnu/lib/rustlib/src/rust/library/core/src/slice/index.rs line 58 column 9 function core::slice::index::slice_index_fail::do_panic::runtime thread 0
aborting path on assume(false) at file /home/runner/.rustup/toolchains/nightly-2025-11-21-x86_64-unknown-linux-gnu/lib/rustlib/src/rust/library/core/src/intrinsics/mod.rs line 2449 column 9 function core::slice::index::slice_index_fail::do_panic thread 0
aborting path on assume(false) at file /home/runner/.rustup/toolchains/nightly-2025-11-21-x86_64-unknown-linux-gnu/lib/rustlib/src/rust/library/core/src/panic.rs line 178 column 9 function core::slice::index::slice_index_fail thread 0
aborting path on assume(false) at file /home/runner/.rustup/toolchains/nightly-2025-11-21-x86_64-unknown-linux-gnu/lib/rustlib/src/rust/library/core/src/slice/index.rs line 68 column 5 function core::slice::index::slice_index_fail::do_panic::runtime thread 0
aborting path on assume(false) at file /home/runner/.rustup/toolchains/nightly-2025-11-21-x86_64-unknown-linux-gnu/lib/rustlib/src/rust/library/core/src/intrinsics/mod.rs line 2449 column 9 function core::slice::index::slice_index_fail::do_panic thread 0
aborting path on assume(false) at file /home/runner/.rustup/toolchains/nightly-2025-11-21-x86_64-unknown-linux-gnu/lib/rustlib/src/rust/library/core/src/panic.rs line 178 column 9 function core::slice::index::slice_index_fail thread 0
aborting path on assume(false) at file /home/runner/.rustup/toolchains/nightly-2025-11-21-x86_64-unknown-linux-gnu/lib/rustlib/src/rust/library/core/src/slice/index.rs line 443 column 13 function <std::ops::Range<usize> as std::slice::SliceIndex<[u8]>>::index thread 0
Unwinding loop _RNvNtCsjJ4BRyaQv62_12der_verified6length13decode_length.0 iteration 1 file der-verified/src/length.rs line 101 column 5 function length::decode_length thread 0
Unwinding loop _RNvNtCsjJ4BRyaQv62_12der_verified6length13decode_length.0 iteration 2 file der-verified/src/length.rs line 101 column 5 function length::decode_length thread 0
Unwinding loop _RNvNtCsjJ4BRyaQv62_12der_verified6length13decode_length.0 iteration 3 file der-verified/src/length.rs line 101 column 5 function length::decode_length thread 0
Unwinding loop _RNvNtCsjJ4BRyaQv62_12der_verified6length13decode_length.0 iteration 4 file der-verified/src/length.rs line 101 column 5 function length::decode_length thread 0
Unwinding loop _RNvNtCsjJ4BRyaQv62_12der_verified6length13decode_length.0 iteration 5 file der-verified/src/length.rs line 101 column 5 function length::decode_length thread 0
Unwinding loop _RNvNtCsjJ4BRyaQv62_12der_verified6length13decode_length.0 iteration 6 file der-verified/src/length.rs line 101 column 5 function length::decode_length thread 0
Unwinding loop _RNvNtCsjJ4BRyaQv62_12der_verified6length13decode_length.0 iteration 7 file der-verified/src/length.rs line 101 column 5 function length::decode_length thread 0
Unwinding loop _RNvNtCsjJ4BRyaQv62_12der_verified6length13decode_length.0 iteration 8 file der-verified/src/length.rs line 101 column 5 function length::decode_length thread 0
Unwinding loop _RNvNtCsjJ4BRyaQv62_12der_verified6length13decode_length.0 iteration 9 file der-verified/src/length.rs line 101 column 5 function length::decode_length thread 0
Unwinding loop _RNvNtCsjJ4BRyaQv62_12der_verified6length13decode_length.0 iteration 10 file der-verified/src/length.rs line 101 column 5 function length::decode_length thread 0
Unwinding loop _RNvNtCsjJ4BRyaQv62_12der_verified6length13decode_length.0 iteration 11 file der-verified/src/length.rs line 101 column 5 function length::decode_length thread 0
Not unwinding loop _RNvNtCsjJ4BRyaQv62_12der_verified6length13decode_length.0 iteration 12 file der-verified/src/length.rs line 101 column 5 function length::decode_length thread 0
aborting path on assume(false) at file /home/runner/.rustup/toolchains/nightly-2025-11-21-x86_64-unknown-linux-gnu/lib/rustlib/src/rust/library/core/src/result.rs line 966 column 15 function std::result::Result::<(u32, usize), length::LengthError>::map_err::<tlv::TlvError, {closure@der-verified/src/tlv.rs:73:69: 73:72}> thread 0
aborting path on assume(false) at file /home/runner/.rustup/toolchains/nightly-2025-11-21-x86_64-unknown-linux-gnu/lib/rustlib/src/rust/library/core/src/result.rs line 2173 column 15 function <std::result::Result<(u32, usize), tlv::TlvError> as std::ops::Try>::branch thread 0
aborting path on assume(false) at file der-verified/src/lib.rs line 0 column 0 function tlv::decode_tlv thread 0
aborting path on assume(false) at file /home/runner/.rustup/toolchains/nightly-2025-11-21-x86_64-unknown-linux-gnu/lib/rustlib/src/rust/library/core/src/slice/index.rs line 435 column 5 function <std::ops::Range<usize> as std::slice::SliceIndex<[u8]>>::index thread 0
aborting path on assume(false) at file /home/runner/work/kani/kani/library/kani_core/src/models.rs line 176 column 17 function <usize as kani::rustc_intrinsics::ToISize>::to_isize thread 0
aborting path on assume(false) at file /home/runner/work/kani/kani/library/kani/src/lib.rs line 57 column 1 function <usize as kani::rustc_intrinsics::ToISize>::to_isize thread 0
aborting path on assume(false) at file /home/runner/work/kani/kani/library/kani/src/lib.rs line 57 column 1 function <usize as kani::rustc_intrinsics::ToISize>::to_isize thread 0
aborting path on assume(false) at file /home/runner/work/kani/kani/library/kani/src/lib.rs line 57 column 1 function kani::mem::cbmc::same_allocation thread 0
aborting path on assume(false) at file /home/runner/.rustup/toolchains/nightly-2025-11-21-x86_64-unknown-linux-gnu/lib/rustlib/src/rust/library/core/src/slice/index.rs line 40 column 9 function core::slice::index::slice_index_fail::do_panic::runtime thread 0
aborting path on assume(false) at file /home/runner/.rustup/toolchains/nightly-2025-11-21-x86_64-unknown-linux-gnu/lib/rustlib/src/rust/library/core/src/intrinsics/mod.rs line 2449 column 9 function core::slice::index::slice_index_fail::do_panic thread 0
aborting path on assume(false) at file /home/runner/.rustup/toolchains/nightly-2025-11-21-x86_64-unknown-linux-gnu/lib/rustlib/src/rust/library/core/src/panic.rs line 178 column 9 function core::slice::index::slice_index_fail thread 0
aborting path on assume(false) at file /home/runner/.rustup/toolchains/nightly-2025-11-21-x86_64-unknown-linux-gnu/lib/rustlib/src/rust/library/core/src/slice/index.rs line 49 column 9 function core::slice::index::slice_index_fail::do_panic::runtime thread 0
aborting path on assume(false) at file /home/runner/.rustup/toolchains/nightly-2025-11-21-x86_64-unknown-linux-gnu/lib/rustlib/src/rust/library/core/src/intrinsics/mod.rs line 2449 column 9 function core::slice::index::slice_index_fail::do_panic thread 0
aborting path on assume(false) at file /home/runner/.rustup/toolchains/nightly-2025-11-21-x86_64-unknown-linux-gnu/lib/rustlib/src/rust/library/core/src/panic.rs line 178 column 9 function core::slice::index::slice_index_fail thread 0
aborting path on assume(false) at file /home/runner/.rustup/toolchains/nightly-2025-11-21-x86_64-unknown-linux-gnu/lib/rustlib/src/rust/library/core/src/slice/index.rs line 58 column 9 function core::slice::index::slice_index_fail::do_panic::runtime thread 0
aborting path on assume(false) at file /home/runner/.rustup/toolchains/nightly-2025-11-21-x86_64-unknown-linux-gnu/lib/rustlib/src/rust/library/core/src/intrinsics/mod.rs line 2449 column 9 function core::slice::index::slice_index_fail::do_panic thread 0
aborting path on assume(false) at file /home/runner/.rustup/toolchains/nightly-2025-11-21-x86_64-unknown-linux-gnu/lib/rustlib/src/rust/library/core/src/panic.rs line 178 column 9 function core::slice::index::slice_index_fail thread 0
aborting path on assume(false) at file /home/runner/.rustup/toolchains/nightly-2025-11-21-x86_64-unknown-linux-gnu/lib/rustlib/src/rust/library/core/src/slice/index.rs line 68 column 5 function core::slice::index::slice_index_fail::do_panic::runtime thread 0
aborting path on assume(false) at file /home/runner/.rustup/toolchains/nightly-2025-11-21-x86_64-unknown-linux-gnu/lib/rustlib/src/rust/library/core/src/intrinsics/mod.rs line 2449 column 9 function core::slice::index::slice_index_fail::do_panic thread 0
aborting path on assume(false) at file /home/runner/.rustup/toolchains/nightly-2025-11-21-x86_64-unknown-linux-gnu/lib/rustlib/src/rust/library/core/src/panic.rs line 178 column 9 function core::slice::index::slice_index_fail thread 0
aborting path on assume(false) at file /home/runner/.rustup/toolchains/nightly-2025-11-21-x86_64-unknown-linux-gnu/lib/rustlib/src/rust/library/core/src/slice/index.rs line 443 column 13 function <std::ops::Range<usize> as std::slice::SliceIndex<[u8]>>::index thread 0
aborting path on assume(false) at file /home/runner/.rustup/toolchains/nightly-2025-11-21-x86_64-unknown-linux-gnu/lib/rustlib/src/rust/library/core/src/result.rs line 966 column 15 function std::result::Result::<(tlv::Tlv<'_>, usize), tlv::TlvError>::map_err::<x509_tbs_certificate::TbsCertificateError, fn(tlv::TlvError) -> x509_tbs_certificate::TbsCertificateError {x509_tbs_certificate::TbsCertificateError::BadSubjectTlv}> thread 0
aborting path on assume(false) at file /home/runner/.rustup/toolchains/nightly-2025-11-21-x86_64-unknown-linux-gnu/lib/rustlib/src/rust/library/core/src/result.rs line 2173 column 15 function <std::result::Result<(tlv::Tlv<'_>, usize), x509_tbs_certificate::TbsCertificateError> as std::ops::Try>::branch thread 0
aborting path on assume(false) at file /home/runner/.rustup/toolchains/nightly-2025-11-21-x86_64-unknown-linux-gnu/lib/rustlib/src/rust/library/core/src/slice/index.rs line 435 column 5 function <std::ops::Range<usize> as std::slice::SliceIndex<[u8]>>::index thread 0
aborting path on assume(false) at file /home/runner/work/kani/kani/library/kani_core/src/models.rs line 176 column 17 function <usize as kani::rustc_intrinsics::ToISize>::to_isize thread 0
aborting path on assume(false) at file /home/runner/work/kani/kani/library/kani/src/lib.rs line 57 column 1 function <usize as kani::rustc_intrinsics::ToISize>::to_isize thread 0
aborting path on assume(false) at file /home/runner/work/kani/kani/library/kani/src/lib.rs line 57 column 1 function <usize as kani::rustc_intrinsics::ToISize>::to_isize thread 0
aborting path on assume(false) at file /home/runner/work/kani/kani/library/kani/src/lib.rs line 57 column 1 function kani::mem::cbmc::same_allocation thread 0
aborting path on assume(false) at file /home/runner/.rustup/toolchains/nightly-2025-11-21-x86_64-unknown-linux-gnu/lib/rustlib/src/rust/library/core/src/slice/index.rs line 40 column 9 function core::slice::index::slice_index_fail::do_panic::runtime thread 0
aborting path on assume(false) at file /home/runner/.rustup/toolchains/nightly-2025-11-21-x86_64-unknown-linux-gnu/lib/rustlib/src/rust/library/core/src/intrinsics/mod.rs line 2449 column 9 function core::slice::index::slice_index_fail::do_panic thread 0
aborting path on assume(false) at file /home/runner/.rustup/toolchains/nightly-2025-11-21-x86_64-unknown-linux-gnu/lib/rustlib/src/rust/library/core/src/panic.rs line 178 column 9 function core::slice::index::slice_index_fail thread 0
aborting path on assume(false) at file /home/runner/.rustup/toolchains/nightly-2025-11-21-x86_64-unknown-linux-gnu/lib/rustlib/src/rust/library/core/src/slice/index.rs line 49 column 9 function core::slice::index::slice_index_fail::do_panic::runtime thread 0
aborting path on assume(false) at file /home/runner/.rustup/toolchains/nightly-2025-11-21-x86_64-unknown-linux-gnu/lib/rustlib/src/rust/library/core/src/intrinsics/mod.rs line 2449 column 9 function core::slice::index::slice_index_fail::do_panic thread 0
aborting path on assume(false) at file /home/runner/.rustup/toolchains/nightly-2025-11-21-x86_64-unknown-linux-gnu/lib/rustlib/src/rust/library/core/src/panic.rs line 178 column 9 function core::slice::index::slice_index_fail thread 0
aborting path on assume(false) at file /home/runner/.rustup/toolchains/nightly-2025-11-21-x86_64-unknown-linux-gnu/lib/rustlib/src/rust/library/core/src/slice/index.rs line 58 column 9 function core::slice::index::slice_index_fail::do_panic::runtime thread 0
aborting path on assume(false) at file /home/runner/.rustup/toolchains/nightly-2025-11-21-x86_64-unknown-linux-gnu/lib/rustlib/src/rust/library/core/src/intrinsics/mod.rs line 2449 column 9 function core::slice::index::slice_index_fail::do_panic thread 0
aborting path on assume(false) at file /home/runner/.rustup/toolchains/nightly-2025-11-21-x86_64-unknown-linux-gnu/lib/rustlib/src/rust/library/core/src/panic.rs line 178 column 9 function core::slice::index::slice_index_fail thread 0
aborting path on assume(false) at file /home/runner/.rustup/toolchains/nightly-2025-11-21-x86_64-unknown-linux-gnu/lib/rustlib/src/rust/library/core/src/slice/index.rs line 68 column 5 function core::slice::index::slice_index_fail::do_panic::runtime thread 0
aborting path on assume(false) at file /home/runner/.rustup/toolchains/nightly-2025-11-21-x86_64-unknown-linux-gnu/lib/rustlib/src/rust/library/core/src/intrinsics/mod.rs line 2449 column 9 function core::slice::index::slice_index_fail::do_panic thread 0
aborting path on assume(false) at file /home/runner/.rustup/toolchains/nightly-2025-11-21-x86_64-unknown-linux-gnu/lib/rustlib/src/rust/library/core/src/panic.rs line 178 column 9 function core::slice::index::slice_index_fail thread 0
aborting path on assume(false) at file /home/runner/.rustup/toolchains/nightly-2025-11-21-x86_64-unknown-linux-gnu/lib/rustlib/src/rust/library/core/src/slice/index.rs line 443 column 13 function <std::ops::Range<usize> as std::slice::SliceIndex<[u8]>>::index thread 0
aborting path on assume(false) at file /home/runner/.rustup/toolchains/nightly-2025-11-21-x86_64-unknown-linux-gnu/lib/rustlib/src/rust/library/core/src/result.rs line 966 column 15 function std::result::Result::<(), x509_name::NameError>::map_err::<x509_tbs_certificate::TbsCertificateError, fn(x509_name::NameError) -> x509_tbs_certificate::TbsCertificateError {x509_tbs_certificate::TbsCertificateError::BadSubject}> thread 0
aborting path on assume(false) at file /home/runner/.rustup/toolchains/nightly-2025-11-21-x86_64-unknown-linux-gnu/lib/rustlib/src/rust/library/core/src/result.rs line 2173 column 15 function <std::result::Result<(), x509_tbs_certificate::TbsCertificateError> as std::ops::Try>::branch thread 0
aborting path on assume(false) at file /home/runner/.rustup/toolchains/nightly-2025-11-21-x86_64-unknown-linux-gnu/lib/rustlib/src/rust/library/core/src/slice/index.rs line 40 column 9 function core::slice::index::slice_index_fail::do_panic::runtime thread 0
aborting path on assume(false) at file /home/runner/.rustup/toolchains/nightly-2025-11-21-x86_64-unknown-linux-gnu/lib/rustlib/src/rust/library/core/src/intrinsics/mod.rs line 2449 column 9 function core::slice::index::slice_index_fail::do_panic thread 0
aborting path on assume(false) at file /home/runner/.rustup/toolchains/nightly-2025-11-21-x86_64-unknown-linux-gnu/lib/rustlib/src/rust/library/core/src/panic.rs line 178 column 9 function core::slice::index::slice_index_fail thread 0
aborting path on assume(false) at file /home/runner/.rustup/toolchains/nightly-2025-11-21-x86_64-unknown-linux-gnu/lib/rustlib/src/rust/library/core/src/slice/index.rs line 49 column 9 function core::slice::index::slice_index_fail::do_panic::runtime thread 0
aborting path on assume(false) at file /home/runner/.rustup/toolchains/nightly-2025-11-21-x86_64-unknown-linux-gnu/lib/rustlib/src/rust/library/core/src/intrinsics/mod.rs line 2449 column 9 function core::slice::index::slice_index_fail::do_panic thread 0
aborting path on assume(false) at file /home/runner/.rustup/toolchains/nightly-2025-11-21-x86_64-unknown-linux-gnu/lib/rustlib/src/rust/library/core/src/panic.rs line 178 column 9 function core::slice::index::slice_index_fail thread 0
aborting path on assume(false) at file /home/runner/.rustup/toolchains/nightly-2025-11-21-x86_64-unknown-linux-gnu/lib/rustlib/src/rust/library/core/src/slice/index.rs line 58 column 9 function core::slice::index::slice_index_fail::do_panic::runtime thread 0
aborting path on assume(false) at file /home/runner/.rustup/toolchains/nightly-2025-11-21-x86_64-unknown-linux-gnu/lib/rustlib/src/rust/library/core/src/intrinsics/mod.rs line 2449 column 9 function core::slice::index::slice_index_fail::do_panic thread 0
aborting path on assume(false) at file /home/runner/.rustup/toolchains/nightly-2025-11-21-x86_64-unknown-linux-gnu/lib/rustlib/src/rust/library/core/src/panic.rs line 178 column 9 function core::slice::index::slice_index_fail thread 0
aborting path on assume(false) at file /home/runner/.rustup/toolchains/nightly-2025-11-21-x86_64-unknown-linux-gnu/lib/rustlib/src/rust/library/core/src/slice/index.rs line 68 column 5 function core::slice::index::slice_index_fail::do_panic::runtime thread 0
aborting path on assume(false) at file /home/runner/.rustup/toolchains/nightly-2025-11-21-x86_64-unknown-linux-gnu/lib/rustlib/src/rust/library/core/src/intrinsics/mod.rs line 2449 column 9 function core::slice::index::slice_index_fail::do_panic thread 0
aborting path on assume(false) at file /home/runner/.rustup/toolchains/nightly-2025-11-21-x86_64-unknown-linux-gnu/lib/rustlib/src/rust/library/core/src/panic.rs line 178 column 9 function core::slice::index::slice_index_fail thread 0
aborting path on assume(false) at file /home/runner/.rustup/toolchains/nightly-2025-11-21-x86_64-unknown-linux-gnu/lib/rustlib/src/rust/library/core/src/slice/index.rs line 569 column 13 function <std::ops::RangeFrom<usize> as std::slice::SliceIndex<[u8]>>::index thread 0
aborting path on assume(false) at file /home/runner/work/kani/kani/library/kani_core/src/models.rs line 176 column 17 function <usize as kani::rustc_intrinsics::ToISize>::to_isize thread 0
aborting path on assume(false) at file /home/runner/work/kani/kani/library/kani/src/lib.rs line 57 column 1 function <usize as kani::rustc_intrinsics::ToISize>::to_isize thread 0
aborting path on assume(false) at file /home/runner/work/kani/kani/library/kani/src/lib.rs line 57 column 1 function <usize as kani::rustc_intrinsics::ToISize>::to_isize thread 0
aborting path on assume(false) at file /home/runner/work/kani/kani/library/kani/src/lib.rs line 57 column 1 function kani::mem::cbmc::same_allocation thread 0
aborting path on assume(false) at file /home/runner/.rustup/toolchains/nightly-2025-11-21-x86_64-unknown-linux-gnu/lib/rustlib/src/rust/library/core/src/slice/index.rs line 40 column 9 function core::slice::index::slice_index_fail::do_panic::runtime thread 0
aborting path on assume(false) at file /home/runner/.rustup/toolchains/nightly-2025-11-21-x86_64-unknown-linux-gnu/lib/rustlib/src/rust/library/core/src/intrinsics/mod.rs line 2449 column 9 function core::slice::index::slice_index_fail::do_panic thread 0
aborting path on assume(false) at file /home/runner/.rustup/toolchains/nightly-2025-11-21-x86_64-unknown-linux-gnu/lib/rustlib/src/rust/library/core/src/panic.rs line 178 column 9 function core::slice::index::slice_index_fail thread 0
aborting path on assume(false) at file /home/runner/.rustup/toolchains/nightly-2025-11-21-x86_64-unknown-linux-gnu/lib/rustlib/src/rust/library/core/src/slice/index.rs line 49 column 9 function core::slice::index::slice_index_fail::do_panic::runtime thread 0
aborting path on assume(false) at file /home/runner/.rustup/toolchains/nightly-2025-11-21-x86_64-unknown-linux-gnu/lib/rustlib/src/rust/library/core/src/intrinsics/mod.rs line 2449 column 9 function core::slice::index::slice_index_fail::do_panic thread 0
aborting path on assume(false) at file /home/runner/.rustup/toolchains/nightly-2025-11-21-x86_64-unknown-linux-gnu/lib/rustlib/src/rust/library/core/src/panic.rs line 178 column 9 function core::slice::index::slice_index_fail thread 0
aborting path on assume(false) at file /home/runner/.rustup/toolchains/nightly-2025-11-21-x86_64-unknown-linux-gnu/lib/rustlib/src/rust/library/core/src/slice/index.rs line 58 column 9 function core::slice::index::slice_index_fail::do_panic::runtime thread 0
aborting path on assume(false) at file /home/runner/.rustup/toolchains/nightly-2025-11-21-x86_64-unknown-linux-gnu/lib/rustlib/src/rust/library/core/src/intrinsics/mod.rs line 2449 column 9 function core::slice::index::slice_index_fail::do_panic thread 0
aborting path on assume(false) at file /home/runner/.rustup/toolchains/nightly-2025-11-21-x86_64-unknown-linux-gnu/lib/rustlib/src/rust/library/core/src/panic.rs line 178 column 9 function core::slice::index::slice_index_fail thread 0
aborting path on assume(false) at file /home/runner/.rustup/toolchains/nightly-2025-11-21-x86_64-unknown-linux-gnu/lib/rustlib/src/rust/library/core/src/slice/index.rs line 68 column 5 function core::slice::index::slice_index_fail::do_panic::runtime thread 0
aborting path on assume(false) at file /home/runner/.rustup/toolchains/nightly-2025-11-21-x86_64-unknown-linux-gnu/lib/rustlib/src/rust/library/core/src/intrinsics/mod.rs line 2449 column 9 function core::slice::index::slice_index_fail::do_panic thread 0
aborting path on assume(false) at file /home/runner/.rustup/toolchains/nightly-2025-11-21-x86_64-unknown-linux-gnu/lib/rustlib/src/rust/library/core/src/panic.rs line 178 column 9 function core::slice::index::slice_index_fail thread 0
aborting path on assume(false) at file /home/runner/.rustup/toolchains/nightly-2025-11-21-x86_64-unknown-linux-gnu/lib/rustlib/src/rust/library/core/src/slice/index.rs line 569 column 13 function <std::ops::RangeFrom<usize> as std::slice::SliceIndex<[u8]>>::index thread 0
aborting path on assume(false) at file /home/runner/work/kani/kani/library/kani_core/src/models.rs line 176 column 17 function <usize as kani::rustc_intrinsics::ToISize>::to_isize thread 0
aborting path on assume(false) at file /home/runner/work/kani/kani/library/kani/src/lib.rs line 57 column 1 function <usize as kani::rustc_intrinsics::ToISize>::to_isize thread 0
aborting path on assume(false) at file /home/runner/work/kani/kani/library/kani/src/lib.rs line 57 column 1 function <usize as kani::rustc_intrinsics::ToISize>::to_isize thread 0
aborting path on assume(false) at file /home/runner/work/kani/kani/library/kani/src/lib.rs line 57 column 1 function kani::mem::cbmc::same_allocation thread 0
Unwinding loop _RNvNtCsjJ4BRyaQv62_12der_verified3tag10decode_tag.0 iteration 1 file der-verified/src/tag.rs line 137 column 49 function tag::decode_tag thread 0
Unwinding loop _RNvNtCsjJ4BRyaQv62_12der_verified3tag10decode_tag.0 iteration 2 file der-verified/src/tag.rs line 137 column 49 function tag::decode_tag thread 0
Unwinding loop _RNvNtCsjJ4BRyaQv62_12der_verified3tag10decode_tag.0 iteration 3 file der-verified/src/tag.rs line 137 column 49 function tag::decode_tag thread 0
Unwinding loop _RNvNtCsjJ4BRyaQv62_12der_verified3tag10decode_tag.0 iteration 4 file der-verified/src/tag.rs line 137 column 49 function tag::decode_tag thread 0
Unwinding loop _RNvNtCsjJ4BRyaQv62_12der_verified3tag10decode_tag.0 iteration 5 file der-verified/src/tag.rs line 137 column 49 function tag::decode_tag thread 0
Unwinding loop _RNvNtCsjJ4BRyaQv62_12der_verified3tag10decode_tag.0 iteration 6 file der-verified/src/tag.rs line 137 column 49 function tag::decode_tag thread 0
Unwinding loop _RNvNtCsjJ4BRyaQv62_12der_verified3tag10decode_tag.0 iteration 7 file der-verified/src/tag.rs line 137 column 49 function tag::decode_tag thread 0
Unwinding loop _RNvNtCsjJ4BRyaQv62_12der_verified3tag10decode_tag.0 iteration 8 file der-verified/src/tag.rs line 137 column 49 function tag::decode_tag thread 0
Unwinding loop _RNvNtCsjJ4BRyaQv62_12der_verified3tag10decode_tag.0 iteration 9 file der-verified/src/tag.rs line 137 column 49 function tag::decode_tag thread 0
Unwinding loop _RNvNtCsjJ4BRyaQv62_12der_verified3tag10decode_tag.0 iteration 10 file der-verified/src/tag.rs line 137 column 49 function tag::decode_tag thread 0
Unwinding loop _RNvNtCsjJ4BRyaQv62_12der_verified3tag10decode_tag.0 iteration 11 file der-verified/src/tag.rs line 137 column 49 function tag::decode_tag thread 0
Not unwinding loop _RNvNtCsjJ4BRyaQv62_12der_verified3tag10decode_tag.0 iteration 12 file der-verified/src/tag.rs line 137 column 49 function tag::decode_tag thread 0
aborting path on assume(false) at file /home/runner/.rustup/toolchains/nightly-2025-11-21-x86_64-unknown-linux-gnu/lib/rustlib/src/rust/library/core/src/result.rs line 2173 column 15 function <std::result::Result<(u32, usize), tag::TagError> as std::ops::Try>::branch thread 0
aborting path on assume(false) at file der-verified/src/lib.rs line 0 column 0 function tag::decode_tag thread 0
aborting path on assume(false) at file /home/runner/.rustup/toolchains/nightly-2025-11-21-x86_64-unknown-linux-gnu/lib/rustlib/src/rust/library/core/src/result.rs line 966 column 15 function std::result::Result::<(tag::Tag, usize), tag::TagError>::map_err::<tlv::TlvError, {closure@der-verified/src/tlv.rs:71:51: 71:54}> thread 0
aborting path on assume(false) at file /home/runner/.rustup/toolchains/nightly-2025-11-21-x86_64-unknown-linux-gnu/lib/rustlib/src/rust/library/core/src/result.rs line 2173 column 15 function <std::result::Result<(tag::Tag, usize), tlv::TlvError> as std::ops::Try>::branch thread 0
aborting path on assume(false) at file /home/runner/.rustup/toolchains/nightly-2025-11-21-x86_64-unknown-linux-gnu/lib/rustlib/src/rust/library/core/src/slice/index.rs line 40 column 9 function core::slice::index::slice_index_fail::do_panic::runtime thread 0
aborting path on assume(false) at file /home/runner/.rustup/toolchains/nightly-2025-11-21-x86_64-unknown-linux-gnu/lib/rustlib/src/rust/library/core/src/intrinsics/mod.rs line 2449 column 9 function core::slice::index::slice_index_fail::do_panic thread 0
aborting path on assume(false) at file /home/runner/.rustup/toolchains/nightly-2025-11-21-x86_64-unknown-linux-gnu/lib/rustlib/src/rust/library/core/src/panic.rs line 178 column 9 function core::slice::index::slice_index_fail thread 0
aborting path on assume(false) at file /home/runner/.rustup/toolchains/nightly-2025-11-21-x86_64-unknown-linux-gnu/lib/rustlib/src/rust/library/core/src/slice/index.rs line 49 column 9 function core::slice::index::slice_index_fail::do_panic::runtime thread 0
aborting path on assume(false) at file /home/runner/.rustup/toolchains/nightly-2025-11-21-x86_64-unknown-linux-gnu/lib/rustlib/src/rust/library/core/src/intrinsics/mod.rs line 2449 column 9 function core::slice::index::slice_index_fail::do_panic thread 0
aborting path on assume(false) at file /home/runner/.rustup/toolchains/nightly-2025-11-21-x86_64-unknown-linux-gnu/lib/rustlib/src/rust/library/core/src/panic.rs line 178 column 9 function core::slice::index::slice_index_fail thread 0
aborting path on assume(false) at file /home/runner/.rustup/toolchains/nightly-2025-11-21-x86_64-unknown-linux-gnu/lib/rustlib/src/rust/library/core/src/slice/index.rs line 58 column 9 function core::slice::index::slice_index_fail::do_panic::runtime thread 0
aborting path on assume(false) at file /home/runner/.rustup/toolchains/nightly-2025-11-21-x86_64-unknown-linux-gnu/lib/rustlib/src/rust/library/core/src/intrinsics/mod.rs line 2449 column 9 function core::slice::index::slice_index_fail::do_panic thread 0
aborting path on assume(false) at file /home/runner/.rustup/toolchains/nightly-2025-11-21-x86_64-unknown-linux-gnu/lib/rustlib/src/rust/library/core/src/panic.rs line 178 column 9 function core::slice::index::slice_index_fail thread 0
aborting path on assume(false) at file /home/runner/.rustup/toolchains/nightly-2025-11-21-x86_64-unknown-linux-gnu/lib/rustlib/src/rust/library/core/src/slice/index.rs line 68 column 5 function core::slice::index::slice_index_fail::do_panic::runtime thread 0
aborting path on assume(false) at file /home/runner/.rustup/toolchains/nightly-2025-11-21-x86_64-unknown-linux-gnu/lib/rustlib/src/rust/library/core/src/intrinsics/mod.rs line 2449 column 9 function core::slice::index::slice_index_fail::do_panic thread 0
aborting path on assume(false) at file /home/runner/.rustup/toolchains/nightly-2025-11-21-x86_64-unknown-linux-gnu/lib/rustlib/src/rust/library/core/src/panic.rs line 178 column 9 function core::slice::index::slice_index_fail thread 0
aborting path on assume(false) at file /home/runner/.rustup/toolchains/nightly-2025-11-21-x86_64-unknown-linux-gnu/lib/rustlib/src/rust/library/core/src/slice/index.rs line 569 column 13 function <std::ops::RangeFrom<usize> as std::slice::SliceIndex<[u8]>>::index thread 0
aborting path on assume(false) at file /home/runner/work/kani/kani/library/kani_core/src/models.rs line 176 column 17 function <usize as kani::rustc_intrinsics::ToISize>::to_isize thread 0
aborting path on assume(false) at file /home/runner/work/kani/kani/library/kani/src/lib.rs line 57 column 1 function <usize as kani::rustc_intrinsics::ToISize>::to_isize thread 0
aborting path on assume(false) at file /home/runner/work/kani/kani/library/kani/src/lib.rs line 57 column 1 function <usize as kani::rustc_intrinsics::ToISize>::to_isize thread 0
aborting path on assume(false) at file /home/runner/work/kani/kani/library/kani/src/lib.rs line 57 column 1 function kani::mem::cbmc::same_allocation thread 0
aborting path on assume(false) at file der-verified/src/length.rs line 75 column 23 function length::decode_length thread 0
aborting path on assume(false) at file /home/runner/.rustup/toolchains/nightly-2025-11-21-x86_64-unknown-linux-gnu/lib/rustlib/src/rust/library/core/src/slice/index.rs line 435 column 5 function <std::ops::Range<usize> as std::slice::SliceIndex<[u8]>>::index thread 0
aborting path on assume(false) at file /home/runner/work/kani/kani/library/kani/src/lib.rs line 57 column 1 function kani::mem::cbmc::same_allocation thread 0
aborting path on assume(false) at file /home/runner/.rustup/toolchains/nightly-2025-11-21-x86_64-unknown-linux-gnu/lib/rustlib/src/rust/library/core/src/slice/index.rs line 40 column 9 function core::slice::index::slice_index_fail::do_panic::runtime thread 0
aborting path on assume(false) at file /home/runner/.rustup/toolchains/nightly-2025-11-21-x86_64-unknown-linux-gnu/lib/rustlib/src/rust/library/core/src/intrinsics/mod.rs line 2449 column 9 function core::slice::index::slice_index_fail::do_panic thread 0
aborting path on assume(false) at file /home/runner/.rustup/toolchains/nightly-2025-11-21-x86_64-unknown-linux-gnu/lib/rustlib/src/rust/library/core/src/panic.rs line 178 column 9 function core::slice::index::slice_index_fail thread 0
aborting path on assume(false) at file /home/runner/.rustup/toolchains/nightly-2025-11-21-x86_64-unknown-linux-gnu/lib/rustlib/src/rust/library/core/src/slice/index.rs line 49 column 9 function core::slice::index::slice_index_fail::do_panic::runtime thread 0
aborting path on assume(false) at file /home/runner/.rustup/toolchains/nightly-2025-11-21-x86_64-unknown-linux-gnu/lib/rustlib/src/rust/library/core/src/intrinsics/mod.rs line 2449 column 9 function core::slice::index::slice_index_fail::do_panic thread 0
aborting path on assume(false) at file /home/runner/.rustup/toolchains/nightly-2025-11-21-x86_64-unknown-linux-gnu/lib/rustlib/src/rust/library/core/src/panic.rs line 178 column 9 function core::slice::index::slice_index_fail thread 0
aborting path on assume(false) at file /home/runner/.rustup/toolchains/nightly-2025-11-21-x86_64-unknown-linux-gnu/lib/rustlib/src/rust/library/core/src/slice/index.rs line 58 column 9 function core::slice::index::slice_index_fail::do_panic::runtime thread 0
aborting path on assume(false) at file /home/runner/.rustup/toolchains/nightly-2025-11-21-x86_64-unknown-linux-gnu/lib/rustlib/src/rust/library/core/src/intrinsics/mod.rs line 2449 column 9 function core::slice::index::slice_index_fail::do_panic thread 0
aborting path on assume(false) at file /home/runner/.rustup/toolchains/nightly-2025-11-21-x86_64-unknown-linux-gnu/lib/rustlib/src/rust/library/core/src/panic.rs line 178 column 9 function core::slice::index::slice_index_fail thread 0
aborting path on assume(false) at file /home/runner/.rustup/toolchains/nightly-2025-11-21-x86_64-unknown-linux-gnu/lib/rustlib/src/rust/library/core/src/slice/index.rs line 68 column 5 function core::slice::index::slice_index_fail::do_panic::runtime thread 0
aborting path on assume(false) at file /home/runner/.rustup/toolchains/nightly-2025-11-21-x86_64-unknown-linux-gnu/lib/rustlib/src/rust/library/core/src/intrinsics/mod.rs line 2449 column 9 function core::slice::index::slice_index_fail::do_panic thread 0
aborting path on assume(false) at file /home/runner/.rustup/toolchains/nightly-2025-11-21-x86_64-unknown-linux-gnu/lib/rustlib/src/rust/library/core/src/panic.rs line 178 column 9 function core::slice::index::slice_index_fail thread 0
aborting path on assume(false) at file /home/runner/.rustup/toolchains/nightly-2025-11-21-x86_64-unknown-linux-gnu/lib/rustlib/src/rust/library/core/src/slice/index.rs line 443 column 13 function <std::ops::Range<usize> as std::slice::SliceIndex<[u8]>>::index thread 0
Unwinding loop _RNvNtCsjJ4BRyaQv62_12der_verified6length13decode_length.0 iteration 1 file der-verified/src/length.rs line 101 column 5 function length::decode_length thread 0
Unwinding loop _RNvNtCsjJ4BRyaQv62_12der_verified6length13decode_length.0 iteration 2 file der-verified/src/length.rs line 101 column 5 function length::decode_length thread 0
Unwinding loop _RNvNtCsjJ4BRyaQv62_12der_verified6length13decode_length.0 iteration 3 file der-verified/src/length.rs line 101 column 5 function length::decode_length thread 0
Unwinding loop _RNvNtCsjJ4BRyaQv62_12der_verified6length13decode_length.0 iteration 4 file der-verified/src/length.rs line 101 column 5 function length::decode_length thread 0
Unwinding loop _RNvNtCsjJ4BRyaQv62_12der_verified6length13decode_length.0 iteration 5 file der-verified/src/length.rs line 101 column 5 function length::decode_length thread 0
Unwinding loop _RNvNtCsjJ4BRyaQv62_12der_verified6length13decode_length.0 iteration 6 file der-verified/src/length.rs line 101 column 5 function length::decode_length thread 0
Unwinding loop _RNvNtCsjJ4BRyaQv62_12der_verified6length13decode_length.0 iteration 7 file der-verified/src/length.rs line 101 column 5 function length::decode_length thread 0
Unwinding loop _RNvNtCsjJ4BRyaQv62_12der_verified6length13decode_length.0 iteration 8 file der-verified/src/length.rs line 101 column 5 function length::decode_length thread 0
Unwinding loop _RNvNtCsjJ4BRyaQv62_12der_verified6length13decode_length.0 iteration 9 file der-verified/src/length.rs line 101 column 5 function length::decode_length thread 0
Unwinding loop _RNvNtCsjJ4BRyaQv62_12der_verified6length13decode_length.0 iteration 10 file der-verified/src/length.rs line 101 column 5 function length::decode_length thread 0
Unwinding loop _RNvNtCsjJ4BRyaQv62_12der_verified6length13decode_length.0 iteration 11 file der-verified/src/length.rs line 101 column 5 function length::decode_length thread 0
Not unwinding loop _RNvNtCsjJ4BRyaQv62_12der_verified6length13decode_length.0 iteration 12 file der-verified/src/length.rs line 101 column 5 function length::decode_length thread 0
aborting path on assume(false) at file /home/runner/.rustup/toolchains/nightly-2025-11-21-x86_64-unknown-linux-gnu/lib/rustlib/src/rust/library/core/src/result.rs line 966 column 15 function std::result::Result::<(u32, usize), length::LengthError>::map_err::<tlv::TlvError, {closure@der-verified/src/tlv.rs:73:69: 73:72}> thread 0
aborting path on assume(false) at file /home/runner/.rustup/toolchains/nightly-2025-11-21-x86_64-unknown-linux-gnu/lib/rustlib/src/rust/library/core/src/result.rs line 2173 column 15 function <std::result::Result<(u32, usize), tlv::TlvError> as std::ops::Try>::branch thread 0
aborting path on assume(false) at file der-verified/src/lib.rs line 0 column 0 function tlv::decode_tlv thread 0
aborting path on assume(false) at file /home/runner/.rustup/toolchains/nightly-2025-11-21-x86_64-unknown-linux-gnu/lib/rustlib/src/rust/library/core/src/slice/index.rs line 435 column 5 function <std::ops::Range<usize> as std::slice::SliceIndex<[u8]>>::index thread 0
aborting path on assume(false) at file /home/runner/work/kani/kani/library/kani_core/src/models.rs line 176 column 17 function <usize as kani::rustc_intrinsics::ToISize>::to_isize thread 0
aborting path on assume(false) at file /home/runner/work/kani/kani/library/kani/src/lib.rs line 57 column 1 function <usize as kani::rustc_intrinsics::ToISize>::to_isize thread 0
aborting path on assume(false) at file /home/runner/work/kani/kani/library/kani/src/lib.rs line 57 column 1 function <usize as kani::rustc_intrinsics::ToISize>::to_isize thread 0
aborting path on assume(false) at file /home/runner/work/kani/kani/library/kani/src/lib.rs line 57 column 1 function kani::mem::cbmc::same_allocation thread 0
aborting path on assume(false) at file /home/runner/.rustup/toolchains/nightly-2025-11-21-x86_64-unknown-linux-gnu/lib/rustlib/src/rust/library/core/src/slice/index.rs line 40 column 9 function core::slice::index::slice_index_fail::do_panic::runtime thread 0
aborting path on assume(false) at file /home/runner/.rustup/toolchains/nightly-2025-11-21-x86_64-unknown-linux-gnu/lib/rustlib/src/rust/library/core/src/intrinsics/mod.rs line 2449 column 9 function core::slice::index::slice_index_fail::do_panic thread 0
aborting path on assume(false) at file /home/runner/.rustup/toolchains/nightly-2025-11-21-x86_64-unknown-linux-gnu/lib/rustlib/src/rust/library/core/src/panic.rs line 178 column 9 function core::slice::index::slice_index_fail thread 0
aborting path on assume(false) at file /home/runner/.rustup/toolchains/nightly-2025-11-21-x86_64-unknown-linux-gnu/lib/rustlib/src/rust/library/core/src/slice/index.rs line 49 column 9 function core::slice::index::slice_index_fail::do_panic::runtime thread 0
aborting path on assume(false) at file /home/runner/.rustup/toolchains/nightly-2025-11-21-x86_64-unknown-linux-gnu/lib/rustlib/src/rust/library/core/src/intrinsics/mod.rs line 2449 column 9 function core::slice::index::slice_index_fail::do_panic thread 0
aborting path on assume(false) at file /home/runner/.rustup/toolchains/nightly-2025-11-21-x86_64-unknown-linux-gnu/lib/rustlib/src/rust/library/core/src/panic.rs line 178 column 9 function core::slice::index::slice_index_fail thread 0
aborting path on assume(false) at file /home/runner/.rustup/toolchains/nightly-2025-11-21-x86_64-unknown-linux-gnu/lib/rustlib/src/rust/library/core/src/slice/index.rs line 58 column 9 function core::slice::index::slice_index_fail::do_panic::runtime thread 0
aborting path on assume(false) at file /home/runner/.rustup/toolchains/nightly-2025-11-21-x86_64-unknown-linux-gnu/lib/rustlib/src/rust/library/core/src/intrinsics/mod.rs line 2449 column 9 function core::slice::index::slice_index_fail::do_panic thread 0
aborting path on assume(false) at file /home/runner/.rustup/toolchains/nightly-2025-11-21-x86_64-unknown-linux-gnu/lib/rustlib/src/rust/library/core/src/panic.rs line 178 column 9 function core::slice::index::slice_index_fail thread 0
aborting path on assume(false) at file /home/runner/.rustup/toolchains/nightly-2025-11-21-x86_64-unknown-linux-gnu/lib/rustlib/src/rust/library/core/src/slice/index.rs line 68 column 5 function core::slice::index::slice_index_fail::do_panic::runtime thread 0
aborting path on assume(false) at file /home/runner/.rustup/toolchains/nightly-2025-11-21-x86_64-unknown-linux-gnu/lib/rustlib/src/rust/library/core/src/intrinsics/mod.rs line 2449 column 9 function core::slice::index::slice_index_fail::do_panic thread 0
aborting path on assume(false) at file /home/runner/.rustup/toolchains/nightly-2025-11-21-x86_64-unknown-linux-gnu/lib/rustlib/src/rust/library/core/src/panic.rs line 178 column 9 function core::slice::index::slice_index_fail thread 0
aborting path on assume(false) at file /home/runner/.rustup/toolchains/nightly-2025-11-21-x86_64-unknown-linux-gnu/lib/rustlib/src/rust/library/core/src/slice/index.rs line 443 column 13 function <std::ops::Range<usize> as std::slice::SliceIndex<[u8]>>::index thread 0
aborting path on assume(false) at file /home/runner/.rustup/toolchains/nightly-2025-11-21-x86_64-unknown-linux-gnu/lib/rustlib/src/rust/library/core/src/result.rs line 966 column 15 function std::result::Result::<(tlv::Tlv<'_>, usize), tlv::TlvError>::map_err::<x509_tbs_certificate::TbsCertificateError, fn(tlv::TlvError) -> x509_tbs_certificate::TbsCertificateError {x509_tbs_certificate::TbsCertificateError::BadSpkiTlv}> thread 0
aborting path on assume(false) at file /home/runner/.rustup/toolchains/nightly-2025-11-21-x86_64-unknown-linux-gnu/lib/rustlib/src/rust/library/core/src/result.rs line 2173 column 15 function <std::result::Result<(tlv::Tlv<'_>, usize), x509_tbs_certificate::TbsCertificateError> as std::ops::Try>::branch thread 0
aborting path on assume(false) at file /home/runner/.rustup/toolchains/nightly-2025-11-21-x86_64-unknown-linux-gnu/lib/rustlib/src/rust/library/core/src/slice/index.rs line 435 column 5 function <std::ops::Range<usize> as std::slice::SliceIndex<[u8]>>::index thread 0
aborting path on assume(false) at file /home/runner/work/kani/kani/library/kani_core/src/models.rs line 176 column 17 function <usize as kani::rustc_intrinsics::ToISize>::to_isize thread 0
aborting path on assume(false) at file /home/runner/work/kani/kani/library/kani/src/lib.rs line 57 column 1 function <usize as kani::rustc_intrinsics::ToISize>::to_isize thread 0
aborting path on assume(false) at file /home/runner/work/kani/kani/library/kani/src/lib.rs line 57 column 1 function <usize as kani::rustc_intrinsics::ToISize>::to_isize thread 0
aborting path on assume(false) at file /home/runner/work/kani/kani/library/kani/src/lib.rs line 57 column 1 function kani::mem::cbmc::same_allocation thread 0
aborting path on assume(false) at file /home/runner/.rustup/toolchains/nightly-2025-11-21-x86_64-unknown-linux-gnu/lib/rustlib/src/rust/library/core/src/slice/index.rs line 40 column 9 function core::slice::index::slice_index_fail::do_panic::runtime thread 0
aborting path on assume(false) at file /home/runner/.rustup/toolchains/nightly-2025-11-21-x86_64-unknown-linux-gnu/lib/rustlib/src/rust/library/core/src/intrinsics/mod.rs line 2449 column 9 function core::slice::index::slice_index_fail::do_panic thread 0
aborting path on assume(false) at file /home/runner/.rustup/toolchains/nightly-2025-11-21-x86_64-unknown-linux-gnu/lib/rustlib/src/rust/library/core/src/panic.rs line 178 column 9 function core::slice::index::slice_index_fail thread 0
aborting path on assume(false) at file /home/runner/.rustup/toolchains/nightly-2025-11-21-x86_64-unknown-linux-gnu/lib/rustlib/src/rust/library/core/src/slice/index.rs line 49 column 9 function core::slice::index::slice_index_fail::do_panic::runtime thread 0
aborting path on assume(false) at file /home/runner/.rustup/toolchains/nightly-2025-11-21-x86_64-unknown-linux-gnu/lib/rustlib/src/rust/library/core/src/intrinsics/mod.rs line 2449 column 9 function core::slice::index::slice_index_fail::do_panic thread 0
aborting path on assume(false) at file /home/runner/.rustup/toolchains/nightly-2025-11-21-x86_64-unknown-linux-gnu/lib/rustlib/src/rust/library/core/src/panic.rs line 178 column 9 function core::slice::index::slice_index_fail thread 0
aborting path on assume(false) at file /home/runner/.rustup/toolchains/nightly-2025-11-21-x86_64-unknown-linux-gnu/lib/rustlib/src/rust/library/core/src/slice/index.rs line 58 column 9 function core::slice::index::slice_index_fail::do_panic::runtime thread 0
aborting path on assume(false) at file /home/runner/.rustup/toolchains/nightly-2025-11-21-x86_64-unknown-linux-gnu/lib/rustlib/src/rust/library/core/src/intrinsics/mod.rs line 2449 column 9 function core::slice::index::slice_index_fail::do_panic thread 0
aborting path on assume(false) at file /home/runner/.rustup/toolchains/nightly-2025-11-21-x86_64-unknown-linux-gnu/lib/rustlib/src/rust/library/core/src/panic.rs line 178 column 9 function core::slice::index::slice_index_fail thread 0
aborting path on assume(false) at file /home/runner/.rustup/toolchains/nightly-2025-11-21-x86_64-unknown-linux-gnu/lib/rustlib/src/rust/library/core/src/slice/index.rs line 68 column 5 function core::slice::index::slice_index_fail::do_panic::runtime thread 0
aborting path on assume(false) at file /home/runner/.rustup/toolchains/nightly-2025-11-21-x86_64-unknown-linux-gnu/lib/rustlib/src/rust/library/core/src/intrinsics/mod.rs line 2449 column 9 function core::slice::index::slice_index_fail::do_panic thread 0
aborting path on assume(false) at file /home/runner/.rustup/toolchains/nightly-2025-11-21-x86_64-unknown-linux-gnu/lib/rustlib/src/rust/library/core/src/panic.rs line 178 column 9 function core::slice::index::slice_index_fail thread 0
aborting path on assume(false) at file /home/runner/.rustup/toolchains/nightly-2025-11-21-x86_64-unknown-linux-gnu/lib/rustlib/src/rust/library/core/src/slice/index.rs line 443 column 13 function <std::ops::Range<usize> as std::slice::SliceIndex<[u8]>>::index thread 0
Unwinding loop _RNvNtCsjJ4BRyaQv62_12der_verified3tag10decode_tag.0 iteration 1 file der-verified/src/tag.rs line 137 column 49 function tag::decode_tag thread 0
Unwinding loop _RNvNtCsjJ4BRyaQv62_12der_verified3tag10decode_tag.0 iteration 2 file der-verified/src/tag.rs line 137 column 49 function tag::decode_tag thread 0
Unwinding loop _RNvNtCsjJ4BRyaQv62_12der_verified3tag10decode_tag.0 iteration 3 file der-verified/src/tag.rs line 137 column 49 function tag::decode_tag thread 0
Unwinding loop _RNvNtCsjJ4BRyaQv62_12der_verified3tag10decode_tag.0 iteration 4 file der-verified/src/tag.rs line 137 column 49 function tag::decode_tag thread 0
Unwinding loop _RNvNtCsjJ4BRyaQv62_12der_verified3tag10decode_tag.0 iteration 5 file der-verified/src/tag.rs line 137 column 49 function tag::decode_tag thread 0
Unwinding loop _RNvNtCsjJ4BRyaQv62_12der_verified3tag10decode_tag.0 iteration 6 file der-verified/src/tag.rs line 137 column 49 function tag::decode_tag thread 0
Unwinding loop _RNvNtCsjJ4BRyaQv62_12der_verified3tag10decode_tag.0 iteration 7 file der-verified/src/tag.rs line 137 column 49 function tag::decode_tag thread 0
Unwinding loop _RNvNtCsjJ4BRyaQv62_12der_verified3tag10decode_tag.0 iteration 8 file der-verified/src/tag.rs line 137 column 49 function tag::decode_tag thread 0
Unwinding loop _RNvNtCsjJ4BRyaQv62_12der_verified3tag10decode_tag.0 iteration 9 file der-verified/src/tag.rs line 137 column 49 function tag::decode_tag thread 0
Unwinding loop _RNvNtCsjJ4BRyaQv62_12der_verified3tag10decode_tag.0 iteration 10 file der-verified/src/tag.rs line 137 column 49 function tag::decode_tag thread 0
Unwinding loop _RNvNtCsjJ4BRyaQv62_12der_verified3tag10decode_tag.0 iteration 11 file der-verified/src/tag.rs line 137 column 49 function tag::decode_tag thread 0
Not unwinding loop _RNvNtCsjJ4BRyaQv62_12der_verified3tag10decode_tag.0 iteration 12 file der-verified/src/tag.rs line 137 column 49 function tag::decode_tag thread 0
aborting path on assume(false) at file /home/runner/.rustup/toolchains/nightly-2025-11-21-x86_64-unknown-linux-gnu/lib/rustlib/src/rust/library/core/src/result.rs line 2173 column 15 function <std::result::Result<(u32, usize), tag::TagError> as std::ops::Try>::branch thread 0
aborting path on assume(false) at file der-verified/src/lib.rs line 0 column 0 function tag::decode_tag thread 0
aborting path on assume(false) at file /home/runner/.rustup/toolchains/nightly-2025-11-21-x86_64-unknown-linux-gnu/lib/rustlib/src/rust/library/core/src/result.rs line 966 column 15 function std::result::Result::<(tag::Tag, usize), tag::TagError>::map_err::<tlv::TlvError, {closure@der-verified/src/tlv.rs:71:51: 71:54}> thread 0
aborting path on assume(false) at file /home/runner/.rustup/toolchains/nightly-2025-11-21-x86_64-unknown-linux-gnu/lib/rustlib/src/rust/library/core/src/result.rs line 2173 column 15 function <std::result::Result<(tag::Tag, usize), tlv::TlvError> as std::ops::Try>::branch thread 0
aborting path on assume(false) at file /home/runner/.rustup/toolchains/nightly-2025-11-21-x86_64-unknown-linux-gnu/lib/rustlib/src/rust/library/core/src/slice/index.rs line 40 column 9 function core::slice::index::slice_index_fail::do_panic::runtime thread 0
aborting path on assume(false) at file /home/runner/.rustup/toolchains/nightly-2025-11-21-x86_64-unknown-linux-gnu/lib/rustlib/src/rust/library/core/src/intrinsics/mod.rs line 2449 column 9 function core::slice::index::slice_index_fail::do_panic thread 0
aborting path on assume(false) at file /home/runner/.rustup/toolchains/nightly-2025-11-21-x86_64-unknown-linux-gnu/lib/rustlib/src/rust/library/core/src/panic.rs line 178 column 9 function core::slice::index::slice_index_fail thread 0
aborting path on assume(false) at file /home/runner/.rustup/toolchains/nightly-2025-11-21-x86_64-unknown-linux-gnu/lib/rustlib/src/rust/library/core/src/slice/index.rs line 49 column 9 function core::slice::index::slice_index_fail::do_panic::runtime thread 0
aborting path on assume(false) at file /home/runner/.rustup/toolchains/nightly-2025-11-21-x86_64-unknown-linux-gnu/lib/rustlib/src/rust/library/core/src/intrinsics/mod.rs line 2449 column 9 function core::slice::index::slice_index_fail::do_panic thread 0
aborting path on assume(false) at file /home/runner/.rustup/toolchains/nightly-2025-11-21-x86_64-unknown-linux-gnu/lib/rustlib/src/rust/library/core/src/panic.rs line 178 column 9 function core::slice::index::slice_index_fail thread 0
aborting path on assume(false) at file /home/runner/.rustup/toolchains/nightly-2025-11-21-x86_64-unknown-linux-gnu/lib/rustlib/src/rust/library/core/src/slice/index.rs line 58 column 9 function core::slice::index::slice_index_fail::do_panic::runtime thread 0
aborting path on assume(false) at file /home/runner/.rustup/toolchains/nightly-2025-11-21-x86_64-unknown-linux-gnu/lib/rustlib/src/rust/library/core/src/intrinsics/mod.rs line 2449 column 9 function core::slice::index::slice_index_fail::do_panic thread 0
aborting path on assume(false) at file /home/runner/.rustup/toolchains/nightly-2025-11-21-x86_64-unknown-linux-gnu/lib/rustlib/src/rust/library/core/src/panic.rs line 178 column 9 function core::slice::index::slice_index_fail thread 0
aborting path on assume(false) at file /home/runner/.rustup/toolchains/nightly-2025-11-21-x86_64-unknown-linux-gnu/lib/rustlib/src/rust/library/core/src/slice/index.rs line 68 column 5 function core::slice::index::slice_index_fail::do_panic::runtime thread 0
aborting path on assume(false) at file /home/runner/.rustup/toolchains/nightly-2025-11-21-x86_64-unknown-linux-gnu/lib/rustlib/src/rust/library/core/src/intrinsics/mod.rs line 2449 column 9 function core::slice::index::slice_index_fail::do_panic thread 0
aborting path on assume(false) at file /home/runner/.rustup/toolchains/nightly-2025-11-21-x86_64-unknown-linux-gnu/lib/rustlib/src/rust/library/core/src/panic.rs line 178 column 9 function core::slice::index::slice_index_fail thread 0
aborting path on assume(false) at file /home/runner/.rustup/toolchains/nightly-2025-11-21-x86_64-unknown-linux-gnu/lib/rustlib/src/rust/library/core/src/slice/index.rs line 569 column 13 function <std::ops::RangeFrom<usize> as std::slice::SliceIndex<[u8]>>::index thread 0
aborting path on assume(false) at file /home/runner/work/kani/kani/library/kani_core/src/models.rs line 176 column 17 function <usize as kani::rustc_intrinsics::ToISize>::to_isize thread 0
aborting path on assume(false) at file /home/runner/work/kani/kani/library/kani/src/lib.rs line 57 column 1 function <usize as kani::rustc_intrinsics::ToISize>::to_isize thread 0
aborting path on assume(false) at file /home/runner/work/kani/kani/library/kani/src/lib.rs line 57 column 1 function <usize as kani::rustc_intrinsics::ToISize>::to_isize thread 0
aborting path on assume(false) at file /home/runner/work/kani/kani/library/kani/src/lib.rs line 57 column 1 function kani::mem::cbmc::same_allocation thread 0
aborting path on assume(false) at file der-verified/src/length.rs line 75 column 23 function length::decode_length thread 0
aborting path on assume(false) at file /home/runner/.rustup/toolchains/nightly-2025-11-21-x86_64-unknown-linux-gnu/lib/rustlib/src/rust/library/core/src/slice/index.rs line 435 column 5 function <std::ops::Range<usize> as std::slice::SliceIndex<[u8]>>::index thread 0
aborting path on assume(false) at file /home/runner/work/kani/kani/library/kani/src/lib.rs line 57 column 1 function kani::mem::cbmc::same_allocation thread 0
aborting path on assume(false) at file /home/runner/.rustup/toolchains/nightly-2025-11-21-x86_64-unknown-linux-gnu/lib/rustlib/src/rust/library/core/src/slice/index.rs line 40 column 9 function core::slice::index::slice_index_fail::do_panic::runtime thread 0
aborting path on assume(false) at file /home/runner/.rustup/toolchains/nightly-2025-11-21-x86_64-unknown-linux-gnu/lib/rustlib/src/rust/library/core/src/intrinsics/mod.rs line 2449 column 9 function core::slice::index::slice_index_fail::do_panic thread 0
aborting path on assume(false) at file /home/runner/.rustup/toolchains/nightly-2025-11-21-x86_64-unknown-linux-gnu/lib/rustlib/src/rust/library/core/src/panic.rs line 178 column 9 function core::slice::index::slice_index_fail thread 0
aborting path on assume(false) at file /home/runner/.rustup/toolchains/nightly-2025-11-21-x86_64-unknown-linux-gnu/lib/rustlib/src/rust/library/core/src/slice/index.rs line 49 column 9 function core::slice::index::slice_index_fail::do_panic::runtime thread 0
aborting path on assume(false) at file /home/runner/.rustup/toolchains/nightly-2025-11-21-x86_64-unknown-linux-gnu/lib/rustlib/src/rust/library/core/src/intrinsics/mod.rs line 2449 column 9 function core::slice::index::slice_index_fail::do_panic thread 0
aborting path on assume(false) at file /home/runner/.rustup/toolchains/nightly-2025-11-21-x86_64-unknown-linux-gnu/lib/rustlib/src/rust/library/core/src/panic.rs line 178 column 9 function core::slice::index::slice_index_fail thread 0
aborting path on assume(false) at file /home/runner/.rustup/toolchains/nightly-2025-11-21-x86_64-unknown-linux-gnu/lib/rustlib/src/rust/library/core/src/slice/index.rs line 58 column 9 function core::slice::index::slice_index_fail::do_panic::runtime thread 0
aborting path on assume(false) at file /home/runner/.rustup/toolchains/nightly-2025-11-21-x86_64-unknown-linux-gnu/lib/rustlib/src/rust/library/core/src/intrinsics/mod.rs line 2449 column 9 function core::slice::index::slice_index_fail::do_panic thread 0
aborting path on assume(false) at file /home/runner/.rustup/toolchains/nightly-2025-11-21-x86_64-unknown-linux-gnu/lib/rustlib/src/rust/library/core/src/panic.rs line 178 column 9 function core::slice::index::slice_index_fail thread 0
aborting path on assume(false) at file /home/runner/.rustup/toolchains/nightly-2025-11-21-x86_64-unknown-linux-gnu/lib/rustlib/src/rust/library/core/src/slice/index.rs line 68 column 5 function core::slice::index::slice_index_fail::do_panic::runtime thread 0
aborting path on assume(false) at file /home/runner/.rustup/toolchains/nightly-2025-11-21-x86_64-unknown-linux-gnu/lib/rustlib/src/rust/library/core/src/intrinsics/mod.rs line 2449 column 9 function core::slice::index::slice_index_fail::do_panic thread 0
aborting path on assume(false) at file /home/runner/.rustup/toolchains/nightly-2025-11-21-x86_64-unknown-linux-gnu/lib/rustlib/src/rust/library/core/src/panic.rs line 178 column 9 function core::slice::index::slice_index_fail thread 0
aborting path on assume(false) at file /home/runner/.rustup/toolchains/nightly-2025-11-21-x86_64-unknown-linux-gnu/lib/rustlib/src/rust/library/core/src/slice/index.rs line 443 column 13 function <std::ops::Range<usize> as std::slice::SliceIndex<[u8]>>::index thread 0
Unwinding loop _RNvNtCsjJ4BRyaQv62_12der_verified6length13decode_length.0 iteration 1 file der-verified/src/length.rs line 101 column 5 function length::decode_length thread 0
Unwinding loop _RNvNtCsjJ4BRyaQv62_12der_verified6length13decode_length.0 iteration 2 file der-verified/src/length.rs line 101 column 5 function length::decode_length thread 0
Unwinding loop _RNvNtCsjJ4BRyaQv62_12der_verified6length13decode_length.0 iteration 3 file der-verified/src/length.rs line 101 column 5 function length::decode_length thread 0
Unwinding loop _RNvNtCsjJ4BRyaQv62_12der_verified6length13decode_length.0 iteration 4 file der-verified/src/length.rs line 101 column 5 function length::decode_length thread 0
Unwinding loop _RNvNtCsjJ4BRyaQv62_12der_verified6length13decode_length.0 iteration 5 file der-verified/src/length.rs line 101 column 5 function length::decode_length thread 0
Unwinding loop _RNvNtCsjJ4BRyaQv62_12der_verified6length13decode_length.0 iteration 6 file der-verified/src/length.rs line 101 column 5 function length::decode_length thread 0
Unwinding loop _RNvNtCsjJ4BRyaQv62_12der_verified6length13decode_length.0 iteration 7 file der-verified/src/length.rs line 101 column 5 function length::decode_length thread 0
Unwinding loop _RNvNtCsjJ4BRyaQv62_12der_verified6length13decode_length.0 iteration 8 file der-verified/src/length.rs line 101 column 5 function length::decode_length thread 0
Unwinding loop _RNvNtCsjJ4BRyaQv62_12der_verified6length13decode_length.0 iteration 9 file der-verified/src/length.rs line 101 column 5 function length::decode_length thread 0
Unwinding loop _RNvNtCsjJ4BRyaQv62_12der_verified6length13decode_length.0 iteration 10 file der-verified/src/length.rs line 101 column 5 function length::decode_length thread 0
Unwinding loop _RNvNtCsjJ4BRyaQv62_12der_verified6length13decode_length.0 iteration 11 file der-verified/src/length.rs line 101 column 5 function length::decode_length thread 0
Not unwinding loop _RNvNtCsjJ4BRyaQv62_12der_verified6length13decode_length.0 iteration 12 file der-verified/src/length.rs line 101 column 5 function length::decode_length thread 0
aborting path on assume(false) at file /home/runner/.rustup/toolchains/nightly-2025-11-21-x86_64-unknown-linux-gnu/lib/rustlib/src/rust/library/core/src/result.rs line 966 column 15 function std::result::Result::<(u32, usize), length::LengthError>::map_err::<tlv::TlvError, {closure@der-verified/src/tlv.rs:73:69: 73:72}> thread 0
aborting path on assume(false) at file /home/runner/.rustup/toolchains/nightly-2025-11-21-x86_64-unknown-linux-gnu/lib/rustlib/src/rust/library/core/src/result.rs line 2173 column 15 function <std::result::Result<(u32, usize), tlv::TlvError> as std::ops::Try>::branch thread 0
aborting path on assume(false) at file der-verified/src/lib.rs line 0 column 0 function tlv::decode_tlv thread 0
aborting path on assume(false) at file /home/runner/.rustup/toolchains/nightly-2025-11-21-x86_64-unknown-linux-gnu/lib/rustlib/src/rust/library/core/src/slice/index.rs line 435 column 5 function <std::ops::Range<usize> as std::slice::SliceIndex<[u8]>>::index thread 0
aborting path on assume(false) at file /home/runner/work/kani/kani/library/kani_core/src/models.rs line 176 column 17 function <usize as kani::rustc_intrinsics::ToISize>::to_isize thread 0
aborting path on assume(false) at file /home/runner/work/kani/kani/library/kani/src/lib.rs line 57 column 1 function <usize as kani::rustc_intrinsics::ToISize>::to_isize thread 0
aborting path on assume(false) at file /home/runner/work/kani/kani/library/kani/src/lib.rs line 57 column 1 function <usize as kani::rustc_intrinsics::ToISize>::to_isize thread 0
aborting path on assume(false) at file /home/runner/work/kani/kani/library/kani/src/lib.rs line 57 column 1 function kani::mem::cbmc::same_allocation thread 0
aborting path on assume(false) at file /home/runner/.rustup/toolchains/nightly-2025-11-21-x86_64-unknown-linux-gnu/lib/rustlib/src/rust/library/core/src/slice/index.rs line 40 column 9 function core::slice::index::slice_index_fail::do_panic::runtime thread 0
aborting path on assume(false) at file /home/runner/.rustup/toolchains/nightly-2025-11-21-x86_64-unknown-linux-gnu/lib/rustlib/src/rust/library/core/src/intrinsics/mod.rs line 2449 column 9 function core::slice::index::slice_index_fail::do_panic thread 0
aborting path on assume(false) at file /home/runner/.rustup/toolchains/nightly-2025-11-21-x86_64-unknown-linux-gnu/lib/rustlib/src/rust/library/core/src/panic.rs line 178 column 9 function core::slice::index::slice_index_fail thread 0
aborting path on assume(false) at file /home/runner/.rustup/toolchains/nightly-2025-11-21-x86_64-unknown-linux-gnu/lib/rustlib/src/rust/library/core/src/slice/index.rs line 49 column 9 function core::slice::index::slice_index_fail::do_panic::runtime thread 0
aborting path on assume(false) at file /home/runner/.rustup/toolchains/nightly-2025-11-21-x86_64-unknown-linux-gnu/lib/rustlib/src/rust/library/core/src/intrinsics/mod.rs line 2449 column 9 function core::slice::index::slice_index_fail::do_panic thread 0
aborting path on assume(false) at file /home/runner/.rustup/toolchains/nightly-2025-11-21-x86_64-unknown-linux-gnu/lib/rustlib/src/rust/library/core/src/panic.rs line 178 column 9 function core::slice::index::slice_index_fail thread 0
aborting path on assume(false) at file /home/runner/.rustup/toolchains/nightly-2025-11-21-x86_64-unknown-linux-gnu/lib/rustlib/src/rust/library/core/src/slice/index.rs line 58 column 9 function core::slice::index::slice_index_fail::do_panic::runtime thread 0
aborting path on assume(false) at file /home/runner/.rustup/toolchains/nightly-2025-11-21-x86_64-unknown-linux-gnu/lib/rustlib/src/rust/library/core/src/intrinsics/mod.rs line 2449 column 9 function core::slice::index::slice_index_fail::do_panic thread 0
aborting path on assume(false) at file /home/runner/.rustup/toolchains/nightly-2025-11-21-x86_64-unknown-linux-gnu/lib/rustlib/src/rust/library/core/src/panic.rs line 178 column 9 function core::slice::index::slice_index_fail thread 0
aborting path on assume(false) at file /home/runner/.rustup/toolchains/nightly-2025-11-21-x86_64-unknown-linux-gnu/lib/rustlib/src/rust/library/core/src/slice/index.rs line 68 column 5 function core::slice::index::slice_index_fail::do_panic::runtime thread 0
aborting path on assume(false) at file /home/runner/.rustup/toolchains/nightly-2025-11-21-x86_64-unknown-linux-gnu/lib/rustlib/src/rust/library/core/src/intrinsics/mod.rs line 2449 column 9 function core::slice::index::slice_index_fail::do_panic thread 0
aborting path on assume(false) at file /home/runner/.rustup/toolchains/nightly-2025-11-21-x86_64-unknown-linux-gnu/lib/rustlib/src/rust/library/core/src/panic.rs line 178 column 9 function core::slice::index::slice_index_fail thread 0
aborting path on assume(false) at file /home/runner/.rustup/toolchains/nightly-2025-11-21-x86_64-unknown-linux-gnu/lib/rustlib/src/rust/library/core/src/slice/index.rs line 443 column 13 function <std::ops::Range<usize> as std::slice::SliceIndex<[u8]>>::index thread 0
aborting path on assume(false) at file /home/runner/.rustup/toolchains/nightly-2025-11-21-x86_64-unknown-linux-gnu/lib/rustlib/src/rust/library/core/src/result.rs line 966 column 15 function std::result::Result::<(tlv::Tlv<'_>, usize), tlv::TlvError>::map_err::<sequence::SequenceError, {closure@der-verified/src/sequence.rs:157:49: 157:52}> thread 0
aborting path on assume(false) at file /home/runner/.rustup/toolchains/nightly-2025-11-21-x86_64-unknown-linux-gnu/lib/rustlib/src/rust/library/core/src/result.rs line 2173 column 15 function <std::result::Result<(tlv::Tlv<'_>, usize), sequence::SequenceError> as std::ops::Try>::branch thread 0
aborting path on assume(false) at file der-verified/src/sequence.rs line 157 column 23 function sequence::decode_sequence_tlv thread 0
aborting path on assume(false) at file /home/runner/.rustup/toolchains/nightly-2025-11-21-x86_64-unknown-linux-gnu/lib/rustlib/src/rust/library/core/src/result.rs line 2173 column 15 function <std::result::Result<(&[u8], usize), sequence::SequenceError> as std::ops::Try>::branch thread 0
aborting path on assume(false) at file der-verified/src/sequence.rs line 174 column 27 function sequence::decode_sequence_tlv_strict thread 0
aborting path on assume(false) at file /home/runner/.rustup/toolchains/nightly-2025-11-21-x86_64-unknown-linux-gnu/lib/rustlib/src/rust/library/core/src/result.rs line 966 column 15 function std::result::Result::<&[u8], sequence::SequenceError>::map_err::<x509_spki::SpkiError, fn(sequence::SequenceError) -> x509_spki::SpkiError {x509_spki::SpkiError::BadOuterSeq}> thread 0
aborting path on assume(false) at file /home/runner/.rustup/toolchains/nightly-2025-11-21-x86_64-unknown-linux-gnu/lib/rustlib/src/rust/library/core/src/result.rs line 2173 column 15 function <std::result::Result<&[u8], x509_spki::SpkiError> as std::ops::Try>::branch thread 0
Unwinding loop _RNvNtCsjJ4BRyaQv62_12der_verified3tag10decode_tag.0 iteration 1 file der-verified/src/tag.rs line 137 column 49 function tag::decode_tag thread 0
Unwinding loop _RNvNtCsjJ4BRyaQv62_12der_verified3tag10decode_tag.0 iteration 2 file der-verified/src/tag.rs line 137 column 49 function tag::decode_tag thread 0
Unwinding loop _RNvNtCsjJ4BRyaQv62_12der_verified3tag10decode_tag.0 iteration 3 file der-verified/src/tag.rs line 137 column 49 function tag::decode_tag thread 0
Unwinding loop _RNvNtCsjJ4BRyaQv62_12der_verified3tag10decode_tag.0 iteration 4 file der-verified/src/tag.rs line 137 column 49 function tag::decode_tag thread 0
Unwinding loop _RNvNtCsjJ4BRyaQv62_12der_verified3tag10decode_tag.0 iteration 5 file der-verified/src/tag.rs line 137 column 49 function tag::decode_tag thread 0
Unwinding loop _RNvNtCsjJ4BRyaQv62_12der_verified3tag10decode_tag.0 iteration 6 file der-verified/src/tag.rs line 137 column 49 function tag::decode_tag thread 0
Unwinding loop _RNvNtCsjJ4BRyaQv62_12der_verified3tag10decode_tag.0 iteration 7 file der-verified/src/tag.rs line 137 column 49 function tag::decode_tag thread 0
Unwinding loop _RNvNtCsjJ4BRyaQv62_12der_verified3tag10decode_tag.0 iteration 8 file der-verified/src/tag.rs line 137 column 49 function tag::decode_tag thread 0
Unwinding loop _RNvNtCsjJ4BRyaQv62_12der_verified3tag10decode_tag.0 iteration 9 file der-verified/src/tag.rs line 137 column 49 function tag::decode_tag thread 0
Unwinding loop _RNvNtCsjJ4BRyaQv62_12der_verified3tag10decode_tag.0 iteration 10 file der-verified/src/tag.rs line 137 column 49 function tag::decode_tag thread 0
Unwinding loop _RNvNtCsjJ4BRyaQv62_12der_verified3tag10decode_tag.0 iteration 11 file der-verified/src/tag.rs line 137 column 49 function tag::decode_tag thread 0
Not unwinding loop _RNvNtCsjJ4BRyaQv62_12der_verified3tag10decode_tag.0 iteration 12 file der-verified/src/tag.rs line 137 column 49 function tag::decode_tag thread 0
aborting path on assume(false) at file /home/runner/.rustup/toolchains/nightly-2025-11-21-x86_64-unknown-linux-gnu/lib/rustlib/src/rust/library/core/src/result.rs line 2173 column 15 function <std::result::Result<(u32, usize), tag::TagError> as std::ops::Try>::branch thread 0
aborting path on assume(false) at file der-verified/src/lib.rs line 0 column 0 function tag::decode_tag thread 0
aborting path on assume(false) at file /home/runner/.rustup/toolchains/nightly-2025-11-21-x86_64-unknown-linux-gnu/lib/rustlib/src/rust/library/core/src/result.rs line 966 column 15 function std::result::Result::<(tag::Tag, usize), tag::TagError>::map_err::<tlv::TlvError, {closure@der-verified/src/tlv.rs:71:51: 71:54}> thread 0
aborting path on assume(false) at file /home/runner/.rustup/toolchains/nightly-2025-11-21-x86_64-unknown-linux-gnu/lib/rustlib/src/rust/library/core/src/result.rs line 2173 column 15 function <std::result::Result<(tag::Tag, usize), tlv::TlvError> as std::ops::Try>::branch thread 0
aborting path on assume(false) at file /home/runner/.rustup/toolchains/nightly-2025-11-21-x86_64-unknown-linux-gnu/lib/rustlib/src/rust/library/core/src/slice/index.rs line 40 column 9 function core::slice::index::slice_index_fail::do_panic::runtime thread 0
aborting path on assume(false) at file /home/runner/.rustup/toolchains/nightly-2025-11-21-x86_64-unknown-linux-gnu/lib/rustlib/src/rust/library/core/src/intrinsics/mod.rs line 2449 column 9 function core::slice::index::slice_index_fail::do_panic thread 0
aborting path on assume(false) at file /home/runner/.rustup/toolchains/nightly-2025-11-21-x86_64-unknown-linux-gnu/lib/rustlib/src/rust/library/core/src/panic.rs line 178 column 9 function core::slice::index::slice_index_fail thread 0
aborting path on assume(false) at file /home/runner/.rustup/toolchains/nightly-2025-11-21-x86_64-unknown-linux-gnu/lib/rustlib/src/rust/library/core/src/slice/index.rs line 49 column 9 function core::slice::index::slice_index_fail::do_panic::runtime thread 0
aborting path on assume(false) at file /home/runner/.rustup/toolchains/nightly-2025-11-21-x86_64-unknown-linux-gnu/lib/rustlib/src/rust/library/core/src/intrinsics/mod.rs line 2449 column 9 function core::slice::index::slice_index_fail::do_panic thread 0
aborting path on assume(false) at file /home/runner/.rustup/toolchains/nightly-2025-11-21-x86_64-unknown-linux-gnu/lib/rustlib/src/rust/library/core/src/panic.rs line 178 column 9 function core::slice::index::slice_index_fail thread 0
aborting path on assume(false) at file /home/runner/.rustup/toolchains/nightly-2025-11-21-x86_64-unknown-linux-gnu/lib/rustlib/src/rust/library/core/src/slice/index.rs line 58 column 9 function core::slice::index::slice_index_fail::do_panic::runtime thread 0
aborting path on assume(false) at file /home/runner/.rustup/toolchains/nightly-2025-11-21-x86_64-unknown-linux-gnu/lib/rustlib/src/rust/library/core/src/intrinsics/mod.rs line 2449 column 9 function core::slice::index::slice_index_fail::do_panic thread 0
aborting path on assume(false) at file /home/runner/.rustup/toolchains/nightly-2025-11-21-x86_64-unknown-linux-gnu/lib/rustlib/src/rust/library/core/src/panic.rs line 178 column 9 function core::slice::index::slice_index_fail thread 0
aborting path on assume(false) at file /home/runner/.rustup/toolchains/nightly-2025-11-21-x86_64-unknown-linux-gnu/lib/rustlib/src/rust/library/core/src/slice/index.rs line 68 column 5 function core::slice::index::slice_index_fail::do_panic::runtime thread 0
aborting path on assume(false) at file /home/runner/.rustup/toolchains/nightly-2025-11-21-x86_64-unknown-linux-gnu/lib/rustlib/src/rust/library/core/src/intrinsics/mod.rs line 2449 column 9 function core::slice::index::slice_index_fail::do_panic thread 0
aborting path on assume(false) at file /home/runner/.rustup/toolchains/nightly-2025-11-21-x86_64-unknown-linux-gnu/lib/rustlib/src/rust/library/core/src/panic.rs line 178 column 9 function core::slice::index::slice_index_fail thread 0
aborting path on assume(false) at file /home/runner/.rustup/toolchains/nightly-2025-11-21-x86_64-unknown-linux-gnu/lib/rustlib/src/rust/library/core/src/slice/index.rs line 569 column 13 function <std::ops::RangeFrom<usize> as std::slice::SliceIndex<[u8]>>::index thread 0
aborting path on assume(false) at file /home/runner/work/kani/kani/library/kani_core/src/models.rs line 176 column 17 function <usize as kani::rustc_intrinsics::ToISize>::to_isize thread 0
aborting path on assume(false) at file /home/runner/work/kani/kani/library/kani/src/lib.rs line 57 column 1 function <usize as kani::rustc_intrinsics::ToISize>::to_isize thread 0
aborting path on assume(false) at file /home/runner/work/kani/kani/library/kani/src/lib.rs line 57 column 1 function <usize as kani::rustc_intrinsics::ToISize>::to_isize thread 0
aborting path on assume(false) at file /home/runner/work/kani/kani/library/kani/src/lib.rs line 57 column 1 function kani::mem::cbmc::same_allocation thread 0
aborting path on assume(false) at file der-verified/src/length.rs line 75 column 23 function length::decode_length thread 0
aborting path on assume(false) at file /home/runner/.rustup/toolchains/nightly-2025-11-21-x86_64-unknown-linux-gnu/lib/rustlib/src/rust/library/core/src/slice/index.rs line 435 column 5 function <std::ops::Range<usize> as std::slice::SliceIndex<[u8]>>::index thread 0
aborting path on assume(false) at file /home/runner/work/kani/kani/library/kani/src/lib.rs line 57 column 1 function kani::mem::cbmc::same_allocation thread 0
aborting path on assume(false) at file /home/runner/.rustup/toolchains/nightly-2025-11-21-x86_64-unknown-linux-gnu/lib/rustlib/src/rust/library/core/src/slice/index.rs line 40 column 9 function core::slice::index::slice_index_fail::do_panic::runtime thread 0
aborting path on assume(false) at file /home/runner/.rustup/toolchains/nightly-2025-11-21-x86_64-unknown-linux-gnu/lib/rustlib/src/rust/library/core/src/intrinsics/mod.rs line 2449 column 9 function core::slice::index::slice_index_fail::do_panic thread 0
aborting path on assume(false) at file /home/runner/.rustup/toolchains/nightly-2025-11-21-x86_64-unknown-linux-gnu/lib/rustlib/src/rust/library/core/src/panic.rs line 178 column 9 function core::slice::index::slice_index_fail thread 0
aborting path on assume(false) at file /home/runner/.rustup/toolchains/nightly-2025-11-21-x86_64-unknown-linux-gnu/lib/rustlib/src/rust/library/core/src/slice/index.rs line 49 column 9 function core::slice::index::slice_index_fail::do_panic::runtime thread 0
aborting path on assume(false) at file /home/runner/.rustup/toolchains/nightly-2025-11-21-x86_64-unknown-linux-gnu/lib/rustlib/src/rust/library/core/src/intrinsics/mod.rs line 2449 column 9 function core::slice::index::slice_index_fail::do_panic thread 0
aborting path on assume(false) at file /home/runner/.rustup/toolchains/nightly-2025-11-21-x86_64-unknown-linux-gnu/lib/rustlib/src/rust/library/core/src/panic.rs line 178 column 9 function core::slice::index::slice_index_fail thread 0
aborting path on assume(false) at file /home/runner/.rustup/toolchains/nightly-2025-11-21-x86_64-unknown-linux-gnu/lib/rustlib/src/rust/library/core/src/slice/index.rs line 58 column 9 function core::slice::index::slice_index_fail::do_panic::runtime thread 0
aborting path on assume(false) at file /home/runner/.rustup/toolchains/nightly-2025-11-21-x86_64-unknown-linux-gnu/lib/rustlib/src/rust/library/core/src/intrinsics/mod.rs line 2449 column 9 function core::slice::index::slice_index_fail::do_panic thread 0
aborting path on assume(false) at file /home/runner/.rustup/toolchains/nightly-2025-11-21-x86_64-unknown-linux-gnu/lib/rustlib/src/rust/library/core/src/panic.rs line 178 column 9 function core::slice::index::slice_index_fail thread 0
aborting path on assume(false) at file /home/runner/.rustup/toolchains/nightly-2025-11-21-x86_64-unknown-linux-gnu/lib/rustlib/src/rust/library/core/src/slice/index.rs line 68 column 5 function core::slice::index::slice_index_fail::do_panic::runtime thread 0
aborting path on assume(false) at file /home/runner/.rustup/toolchains/nightly-2025-11-21-x86_64-unknown-linux-gnu/lib/rustlib/src/rust/library/core/src/intrinsics/mod.rs line 2449 column 9 function core::slice::index::slice_index_fail::do_panic thread 0
aborting path on assume(false) at file /home/runner/.rustup/toolchains/nightly-2025-11-21-x86_64-unknown-linux-gnu/lib/rustlib/src/rust/library/core/src/panic.rs line 178 column 9 function core::slice::index::slice_index_fail thread 0
aborting path on assume(false) at file /home/runner/.rustup/toolchains/nightly-2025-11-21-x86_64-unknown-linux-gnu/lib/rustlib/src/rust/library/core/src/slice/index.rs line 443 column 13 function <std::ops::Range<usize> as std::slice::SliceIndex<[u8]>>::index thread 0
Unwinding loop _RNvNtCsjJ4BRyaQv62_12der_verified6length13decode_length.0 iteration 1 file der-verified/src/length.rs line 101 column 5 function length::decode_length thread 0
Unwinding loop _RNvNtCsjJ4BRyaQv62_12der_verified6length13decode_length.0 iteration 2 file der-verified/src/length.rs line 101 column 5 function length::decode_length thread 0
Unwinding loop _RNvNtCsjJ4BRyaQv62_12der_verified6length13decode_length.0 iteration 3 file der-verified/src/length.rs line 101 column 5 function length::decode_length thread 0
Unwinding loop _RNvNtCsjJ4BRyaQv62_12der_verified6length13decode_length.0 iteration 4 file der-verified/src/length.rs line 101 column 5 function length::decode_length thread 0
Unwinding loop _RNvNtCsjJ4BRyaQv62_12der_verified6length13decode_length.0 iteration 5 file der-verified/src/length.rs line 101 column 5 function length::decode_length thread 0
Unwinding loop _RNvNtCsjJ4BRyaQv62_12der_verified6length13decode_length.0 iteration 6 file der-verified/src/length.rs line 101 column 5 function length::decode_length thread 0
Unwinding loop _RNvNtCsjJ4BRyaQv62_12der_verified6length13decode_length.0 iteration 7 file der-verified/src/length.rs line 101 column 5 function length::decode_length thread 0
Unwinding loop _RNvNtCsjJ4BRyaQv62_12der_verified6length13decode_length.0 iteration 8 file der-verified/src/length.rs line 101 column 5 function length::decode_length thread 0
Unwinding loop _RNvNtCsjJ4BRyaQv62_12der_verified6length13decode_length.0 iteration 9 file der-verified/src/length.rs line 101 column 5 function length::decode_length thread 0
Unwinding loop _RNvNtCsjJ4BRyaQv62_12der_verified6length13decode_length.0 iteration 10 file der-verified/src/length.rs line 101 column 5 function length::decode_length thread 0
Unwinding loop _RNvNtCsjJ4BRyaQv62_12der_verified6length13decode_length.0 iteration 11 file der-verified/src/length.rs line 101 column 5 function length::decode_length thread 0
Not unwinding loop _RNvNtCsjJ4BRyaQv62_12der_verified6length13decode_length.0 iteration 12 file der-verified/src/length.rs line 101 column 5 function length::decode_length thread 0
aborting path on assume(false) at file /home/runner/.rustup/toolchains/nightly-2025-11-21-x86_64-unknown-linux-gnu/lib/rustlib/src/rust/library/core/src/result.rs line 966 column 15 function std::result::Result::<(u32, usize), length::LengthError>::map_err::<tlv::TlvError, {closure@der-verified/src/tlv.rs:73:69: 73:72}> thread 0
aborting path on assume(false) at file /home/runner/.rustup/toolchains/nightly-2025-11-21-x86_64-unknown-linux-gnu/lib/rustlib/src/rust/library/core/src/result.rs line 2173 column 15 function <std::result::Result<(u32, usize), tlv::TlvError> as std::ops::Try>::branch thread 0
aborting path on assume(false) at file der-verified/src/lib.rs line 0 column 0 function tlv::decode_tlv thread 0
aborting path on assume(false) at file /home/runner/.rustup/toolchains/nightly-2025-11-21-x86_64-unknown-linux-gnu/lib/rustlib/src/rust/library/core/src/slice/index.rs line 435 column 5 function <std::ops::Range<usize> as std::slice::SliceIndex<[u8]>>::index thread 0
aborting path on assume(false) at file /home/runner/work/kani/kani/library/kani_core/src/models.rs line 176 column 17 function <usize as kani::rustc_intrinsics::ToISize>::to_isize thread 0
aborting path on assume(false) at file /home/runner/work/kani/kani/library/kani/src/lib.rs line 57 column 1 function <usize as kani::rustc_intrinsics::ToISize>::to_isize thread 0
aborting path on assume(false) at file /home/runner/work/kani/kani/library/kani/src/lib.rs line 57 column 1 function <usize as kani::rustc_intrinsics::ToISize>::to_isize thread 0
aborting path on assume(false) at file /home/runner/work/kani/kani/library/kani/src/lib.rs line 57 column 1 function kani::mem::cbmc::same_allocation thread 0
aborting path on assume(false) at file /home/runner/.rustup/toolchains/nightly-2025-11-21-x86_64-unknown-linux-gnu/lib/rustlib/src/rust/library/core/src/slice/index.rs line 40 column 9 function core::slice::index::slice_index_fail::do_panic::runtime thread 0
aborting path on assume(false) at file /home/runner/.rustup/toolchains/nightly-2025-11-21-x86_64-unknown-linux-gnu/lib/rustlib/src/rust/library/core/src/intrinsics/mod.rs line 2449 column 9 function core::slice::index::slice_index_fail::do_panic thread 0
aborting path on assume(false) at file /home/runner/.rustup/toolchains/nightly-2025-11-21-x86_64-unknown-linux-gnu/lib/rustlib/src/rust/library/core/src/panic.rs line 178 column 9 function core::slice::index::slice_index_fail thread 0
aborting path on assume(false) at file /home/runner/.rustup/toolchains/nightly-2025-11-21-x86_64-unknown-linux-gnu/lib/rustlib/src/rust/library/core/src/slice/index.rs line 49 column 9 function core::slice::index::slice_index_fail::do_panic::runtime thread 0
aborting path on assume(false) at file /home/runner/.rustup/toolchains/nightly-2025-11-21-x86_64-unknown-linux-gnu/lib/rustlib/src/rust/library/core/src/intrinsics/mod.rs line 2449 column 9 function core::slice::index::slice_index_fail::do_panic thread 0
aborting path on assume(false) at file /home/runner/.rustup/toolchains/nightly-2025-11-21-x86_64-unknown-linux-gnu/lib/rustlib/src/rust/library/core/src/panic.rs line 178 column 9 function core::slice::index::slice_index_fail thread 0
aborting path on assume(false) at file /home/runner/.rustup/toolchains/nightly-2025-11-21-x86_64-unknown-linux-gnu/lib/rustlib/src/rust/library/core/src/slice/index.rs line 58 column 9 function core::slice::index::slice_index_fail::do_panic::runtime thread 0
aborting path on assume(false) at file /home/runner/.rustup/toolchains/nightly-2025-11-21-x86_64-unknown-linux-gnu/lib/rustlib/src/rust/library/core/src/intrinsics/mod.rs line 2449 column 9 function core::slice::index::slice_index_fail::do_panic thread 0
aborting path on assume(false) at file /home/runner/.rustup/toolchains/nightly-2025-11-21-x86_64-unknown-linux-gnu/lib/rustlib/src/rust/library/core/src/panic.rs line 178 column 9 function core::slice::index::slice_index_fail thread 0
aborting path on assume(false) at file /home/runner/.rustup/toolchains/nightly-2025-11-21-x86_64-unknown-linux-gnu/lib/rustlib/src/rust/library/core/src/slice/index.rs line 68 column 5 function core::slice::index::slice_index_fail::do_panic::runtime thread 0
aborting path on assume(false) at file /home/runner/.rustup/toolchains/nightly-2025-11-21-x86_64-unknown-linux-gnu/lib/rustlib/src/rust/library/core/src/intrinsics/mod.rs line 2449 column 9 function core::slice::index::slice_index_fail::do_panic thread 0
aborting path on assume(false) at file /home/runner/.rustup/toolchains/nightly-2025-11-21-x86_64-unknown-linux-gnu/lib/rustlib/src/rust/library/core/src/panic.rs line 178 column 9 function core::slice::index::slice_index_fail thread 0
aborting path on assume(false) at file /home/runner/.rustup/toolchains/nightly-2025-11-21-x86_64-unknown-linux-gnu/lib/rustlib/src/rust/library/core/src/slice/index.rs line 443 column 13 function <std::ops::Range<usize> as std::slice::SliceIndex<[u8]>>::index thread 0
aborting path on assume(false) at file /home/runner/.rustup/toolchains/nightly-2025-11-21-x86_64-unknown-linux-gnu/lib/rustlib/src/rust/library/core/src/result.rs line 966 column 15 function std::result::Result::<(tlv::Tlv<'_>, usize), tlv::TlvError>::map_err::<sequence::SequenceError, {closure@der-verified/src/sequence.rs:157:49: 157:52}> thread 0
aborting path on assume(false) at file /home/runner/.rustup/toolchains/nightly-2025-11-21-x86_64-unknown-linux-gnu/lib/rustlib/src/rust/library/core/src/result.rs line 2173 column 15 function <std::result::Result<(tlv::Tlv<'_>, usize), sequence::SequenceError> as std::ops::Try>::branch thread 0
aborting path on assume(false) at file der-verified/src/sequence.rs line 157 column 23 function sequence::decode_sequence_tlv thread 0
aborting path on assume(false) at file /home/runner/.rustup/toolchains/nightly-2025-11-21-x86_64-unknown-linux-gnu/lib/rustlib/src/rust/library/core/src/result.rs line 966 column 15 function std::result::Result::<(&[u8], usize), sequence::SequenceError>::map_err::<x509_algorithm_identifier::AlgIdError, fn(sequence::SequenceError) -> x509_algorithm_identifier::AlgIdError {x509_algorithm_identifier::AlgIdError::BadSeq}> thread 0
aborting path on assume(false) at file /home/runner/.rustup/toolchains/nightly-2025-11-21-x86_64-unknown-linux-gnu/lib/rustlib/src/rust/library/core/src/result.rs line 2173 column 15 function <std::result::Result<(&[u8], usize), x509_algorithm_identifier::AlgIdError> as std::ops::Try>::branch thread 0
Unwinding loop _RNvNtCsjJ4BRyaQv62_12der_verified3tag10decode_tag.0 iteration 1 file der-verified/src/tag.rs line 137 column 49 function tag::decode_tag thread 0
Unwinding loop _RNvNtCsjJ4BRyaQv62_12der_verified3tag10decode_tag.0 iteration 2 file der-verified/src/tag.rs line 137 column 49 function tag::decode_tag thread 0
Unwinding loop _RNvNtCsjJ4BRyaQv62_12der_verified3tag10decode_tag.0 iteration 3 file der-verified/src/tag.rs line 137 column 49 function tag::decode_tag thread 0
Unwinding loop _RNvNtCsjJ4BRyaQv62_12der_verified3tag10decode_tag.0 iteration 4 file der-verified/src/tag.rs line 137 column 49 function tag::decode_tag thread 0
Unwinding loop _RNvNtCsjJ4BRyaQv62_12der_verified3tag10decode_tag.0 iteration 5 file der-verified/src/tag.rs line 137 column 49 function tag::decode_tag thread 0
Unwinding loop _RNvNtCsjJ4BRyaQv62_12der_verified3tag10decode_tag.0 iteration 6 file der-verified/src/tag.rs line 137 column 49 function tag::decode_tag thread 0
Unwinding loop _RNvNtCsjJ4BRyaQv62_12der_verified3tag10decode_tag.0 iteration 7 file der-verified/src/tag.rs line 137 column 49 function tag::decode_tag thread 0
Unwinding loop _RNvNtCsjJ4BRyaQv62_12der_verified3tag10decode_tag.0 iteration 8 file der-verified/src/tag.rs line 137 column 49 function tag::decode_tag thread 0
Unwinding loop _RNvNtCsjJ4BRyaQv62_12der_verified3tag10decode_tag.0 iteration 9 file der-verified/src/tag.rs line 137 column 49 function tag::decode_tag thread 0
Unwinding loop _RNvNtCsjJ4BRyaQv62_12der_verified3tag10decode_tag.0 iteration 10 file der-verified/src/tag.rs line 137 column 49 function tag::decode_tag thread 0
Unwinding loop _RNvNtCsjJ4BRyaQv62_12der_verified3tag10decode_tag.0 iteration 11 file der-verified/src/tag.rs line 137 column 49 function tag::decode_tag thread 0
Not unwinding loop _RNvNtCsjJ4BRyaQv62_12der_verified3tag10decode_tag.0 iteration 12 file der-verified/src/tag.rs line 137 column 49 function tag::decode_tag thread 0
aborting path on assume(false) at file /home/runner/.rustup/toolchains/nightly-2025-11-21-x86_64-unknown-linux-gnu/lib/rustlib/src/rust/library/core/src/result.rs line 2173 column 15 function <std::result::Result<(u32, usize), tag::TagError> as std::ops::Try>::branch thread 0
aborting path on assume(false) at file der-verified/src/lib.rs line 0 column 0 function tag::decode_tag thread 0
aborting path on assume(false) at file /home/runner/.rustup/toolchains/nightly-2025-11-21-x86_64-unknown-linux-gnu/lib/rustlib/src/rust/library/core/src/result.rs line 966 column 15 function std::result::Result::<(tag::Tag, usize), tag::TagError>::map_err::<tlv::TlvError, {closure@der-verified/src/tlv.rs:71:51: 71:54}> thread 0
aborting path on assume(false) at file /home/runner/.rustup/toolchains/nightly-2025-11-21-x86_64-unknown-linux-gnu/lib/rustlib/src/rust/library/core/src/result.rs line 2173 column 15 function <std::result::Result<(tag::Tag, usize), tlv::TlvError> as std::ops::Try>::branch thread 0
aborting path on assume(false) at file /home/runner/.rustup/toolchains/nightly-2025-11-21-x86_64-unknown-linux-gnu/lib/rustlib/src/rust/library/core/src/slice/index.rs line 40 column 9 function core::slice::index::slice_index_fail::do_panic::runtime thread 0
aborting path on assume(false) at file /home/runner/.rustup/toolchains/nightly-2025-11-21-x86_64-unknown-linux-gnu/lib/rustlib/src/rust/library/core/src/intrinsics/mod.rs line 2449 column 9 function core::slice::index::slice_index_fail::do_panic thread 0
aborting path on assume(false) at file /home/runner/.rustup/toolchains/nightly-2025-11-21-x86_64-unknown-linux-gnu/lib/rustlib/src/rust/library/core/src/panic.rs line 178 column 9 function core::slice::index::slice_index_fail thread 0
aborting path on assume(false) at file /home/runner/.rustup/toolchains/nightly-2025-11-21-x86_64-unknown-linux-gnu/lib/rustlib/src/rust/library/core/src/slice/index.rs line 49 column 9 function core::slice::index::slice_index_fail::do_panic::runtime thread 0
aborting path on assume(false) at file /home/runner/.rustup/toolchains/nightly-2025-11-21-x86_64-unknown-linux-gnu/lib/rustlib/src/rust/library/core/src/intrinsics/mod.rs line 2449 column 9 function core::slice::index::slice_index_fail::do_panic thread 0
aborting path on assume(false) at file /home/runner/.rustup/toolchains/nightly-2025-11-21-x86_64-unknown-linux-gnu/lib/rustlib/src/rust/library/core/src/panic.rs line 178 column 9 function core::slice::index::slice_index_fail thread 0
aborting path on assume(false) at file /home/runner/.rustup/toolchains/nightly-2025-11-21-x86_64-unknown-linux-gnu/lib/rustlib/src/rust/library/core/src/slice/index.rs line 58 column 9 function core::slice::index::slice_index_fail::do_panic::runtime thread 0
aborting path on assume(false) at file /home/runner/.rustup/toolchains/nightly-2025-11-21-x86_64-unknown-linux-gnu/lib/rustlib/src/rust/library/core/src/intrinsics/mod.rs line 2449 column 9 function core::slice::index::slice_index_fail::do_panic thread 0
aborting path on assume(false) at file /home/runner/.rustup/toolchains/nightly-2025-11-21-x86_64-unknown-linux-gnu/lib/rustlib/src/rust/library/core/src/panic.rs line 178 column 9 function core::slice::index::slice_index_fail thread 0
aborting path on assume(false) at file /home/runner/.rustup/toolchains/nightly-2025-11-21-x86_64-unknown-linux-gnu/lib/rustlib/src/rust/library/core/src/slice/index.rs line 68 column 5 function core::slice::index::slice_index_fail::do_panic::runtime thread 0
aborting path on assume(false) at file /home/runner/.rustup/toolchains/nightly-2025-11-21-x86_64-unknown-linux-gnu/lib/rustlib/src/rust/library/core/src/intrinsics/mod.rs line 2449 column 9 function core::slice::index::slice_index_fail::do_panic thread 0
aborting path on assume(false) at file /home/runner/.rustup/toolchains/nightly-2025-11-21-x86_64-unknown-linux-gnu/lib/rustlib/src/rust/library/core/src/panic.rs line 178 column 9 function core::slice::index::slice_index_fail thread 0
aborting path on assume(false) at file /home/runner/.rustup/toolchains/nightly-2025-11-21-x86_64-unknown-linux-gnu/lib/rustlib/src/rust/library/core/src/slice/index.rs line 569 column 13 function <std::ops::RangeFrom<usize> as std::slice::SliceIndex<[u8]>>::index thread 0
aborting path on assume(false) at file /home/runner/work/kani/kani/library/kani_core/src/models.rs line 176 column 17 function <usize as kani::rustc_intrinsics::ToISize>::to_isize thread 0
aborting path on assume(false) at file /home/runner/work/kani/kani/library/kani/src/lib.rs line 57 column 1 function <usize as kani::rustc_intrinsics::ToISize>::to_isize thread 0
aborting path on assume(false) at file /home/runner/work/kani/kani/library/kani/src/lib.rs line 57 column 1 function <usize as kani::rustc_intrinsics::ToISize>::to_isize thread 0
aborting path on assume(false) at file /home/runner/work/kani/kani/library/kani/src/lib.rs line 57 column 1 function kani::mem::cbmc::same_allocation thread 0
aborting path on assume(false) at file der-verified/src/length.rs line 75 column 23 function length::decode_length thread 0
aborting path on assume(false) at file /home/runner/.rustup/toolchains/nightly-2025-11-21-x86_64-unknown-linux-gnu/lib/rustlib/src/rust/library/core/src/slice/index.rs line 435 column 5 function <std::ops::Range<usize> as std::slice::SliceIndex<[u8]>>::index thread 0
aborting path on assume(false) at file /home/runner/work/kani/kani/library/kani/src/lib.rs line 57 column 1 function kani::mem::cbmc::same_allocation thread 0
aborting path on assume(false) at file /home/runner/.rustup/toolchains/nightly-2025-11-21-x86_64-unknown-linux-gnu/lib/rustlib/src/rust/library/core/src/slice/index.rs line 40 column 9 function core::slice::index::slice_index_fail::do_panic::runtime thread 0
aborting path on assume(false) at file /home/runner/.rustup/toolchains/nightly-2025-11-21-x86_64-unknown-linux-gnu/lib/rustlib/src/rust/library/core/src/intrinsics/mod.rs line 2449 column 9 function core::slice::index::slice_index_fail::do_panic thread 0
aborting path on assume(false) at file /home/runner/.rustup/toolchains/nightly-2025-11-21-x86_64-unknown-linux-gnu/lib/rustlib/src/rust/library/core/src/panic.rs line 178 column 9 function core::slice::index::slice_index_fail thread 0
aborting path on assume(false) at file /home/runner/.rustup/toolchains/nightly-2025-11-21-x86_64-unknown-linux-gnu/lib/rustlib/src/rust/library/core/src/slice/index.rs line 49 column 9 function core::slice::index::slice_index_fail::do_panic::runtime thread 0
aborting path on assume(false) at file /home/runner/.rustup/toolchains/nightly-2025-11-21-x86_64-unknown-linux-gnu/lib/rustlib/src/rust/library/core/src/intrinsics/mod.rs line 2449 column 9 function core::slice::index::slice_index_fail::do_panic thread 0
aborting path on assume(false) at file /home/runner/.rustup/toolchains/nightly-2025-11-21-x86_64-unknown-linux-gnu/lib/rustlib/src/rust/library/core/src/panic.rs line 178 column 9 function core::slice::index::slice_index_fail thread 0
aborting path on assume(false) at file /home/runner/.rustup/toolchains/nightly-2025-11-21-x86_64-unknown-linux-gnu/lib/rustlib/src/rust/library/core/src/slice/index.rs line 58 column 9 function core::slice::index::slice_index_fail::do_panic::runtime thread 0
aborting path on assume(false) at file /home/runner/.rustup/toolchains/nightly-2025-11-21-x86_64-unknown-linux-gnu/lib/rustlib/src/rust/library/core/src/intrinsics/mod.rs line 2449 column 9 function core::slice::index::slice_index_fail::do_panic thread 0
aborting path on assume(false) at file /home/runner/.rustup/toolchains/nightly-2025-11-21-x86_64-unknown-linux-gnu/lib/rustlib/src/rust/library/core/src/panic.rs line 178 column 9 function core::slice::index::slice_index_fail thread 0
aborting path on assume(false) at file /home/runner/.rustup/toolchains/nightly-2025-11-21-x86_64-unknown-linux-gnu/lib/rustlib/src/rust/library/core/src/slice/index.rs line 68 column 5 function core::slice::index::slice_index_fail::do_panic::runtime thread 0
aborting path on assume(false) at file /home/runner/.rustup/toolchains/nightly-2025-11-21-x86_64-unknown-linux-gnu/lib/rustlib/src/rust/library/core/src/intrinsics/mod.rs line 2449 column 9 function core::slice::index::slice_index_fail::do_panic thread 0
aborting path on assume(false) at file /home/runner/.rustup/toolchains/nightly-2025-11-21-x86_64-unknown-linux-gnu/lib/rustlib/src/rust/library/core/src/panic.rs line 178 column 9 function core::slice::index::slice_index_fail thread 0
aborting path on assume(false) at file /home/runner/.rustup/toolchains/nightly-2025-11-21-x86_64-unknown-linux-gnu/lib/rustlib/src/rust/library/core/src/slice/index.rs line 443 column 13 function <std::ops::Range<usize> as std::slice::SliceIndex<[u8]>>::index thread 0
Unwinding loop _RNvNtCsjJ4BRyaQv62_12der_verified6length13decode_length.0 iteration 1 file der-verified/src/length.rs line 101 column 5 function length::decode_length thread 0
Unwinding loop _RNvNtCsjJ4BRyaQv62_12der_verified6length13decode_length.0 iteration 2 file der-verified/src/length.rs line 101 column 5 function length::decode_length thread 0
Unwinding loop _RNvNtCsjJ4BRyaQv62_12der_verified6length13decode_length.0 iteration 3 file der-verified/src/length.rs line 101 column 5 function length::decode_length thread 0
Unwinding loop _RNvNtCsjJ4BRyaQv62_12der_verified6length13decode_length.0 iteration 4 file der-verified/src/length.rs line 101 column 5 function length::decode_length thread 0
Unwinding loop _RNvNtCsjJ4BRyaQv62_12der_verified6length13decode_length.0 iteration 5 file der-verified/src/length.rs line 101 column 5 function length::decode_length thread 0
Unwinding loop _RNvNtCsjJ4BRyaQv62_12der_verified6length13decode_length.0 iteration 6 file der-verified/src/length.rs line 101 column 5 function length::decode_length thread 0
Unwinding loop _RNvNtCsjJ4BRyaQv62_12der_verified6length13decode_length.0 iteration 7 file der-verified/src/length.rs line 101 column 5 function length::decode_length thread 0
Unwinding loop _RNvNtCsjJ4BRyaQv62_12der_verified6length13decode_length.0 iteration 8 file der-verified/src/length.rs line 101 column 5 function length::decode_length thread 0
Unwinding loop _RNvNtCsjJ4BRyaQv62_12der_verified6length13decode_length.0 iteration 9 file der-verified/src/length.rs line 101 column 5 function length::decode_length thread 0
Unwinding loop _RNvNtCsjJ4BRyaQv62_12der_verified6length13decode_length.0 iteration 10 file der-verified/src/length.rs line 101 column 5 function length::decode_length thread 0
Unwinding loop _RNvNtCsjJ4BRyaQv62_12der_verified6length13decode_length.0 iteration 11 file der-verified/src/length.rs line 101 column 5 function length::decode_length thread 0
Not unwinding loop _RNvNtCsjJ4BRyaQv62_12der_verified6length13decode_length.0 iteration 12 file der-verified/src/length.rs line 101 column 5 function length::decode_length thread 0
aborting path on assume(false) at file /home/runner/.rustup/toolchains/nightly-2025-11-21-x86_64-unknown-linux-gnu/lib/rustlib/src/rust/library/core/src/result.rs line 966 column 15 function std::result::Result::<(u32, usize), length::LengthError>::map_err::<tlv::TlvError, {closure@der-verified/src/tlv.rs:73:69: 73:72}> thread 0
aborting path on assume(false) at file /home/runner/.rustup/toolchains/nightly-2025-11-21-x86_64-unknown-linux-gnu/lib/rustlib/src/rust/library/core/src/result.rs line 2173 column 15 function <std::result::Result<(u32, usize), tlv::TlvError> as std::ops::Try>::branch thread 0
aborting path on assume(false) at file der-verified/src/lib.rs line 0 column 0 function tlv::decode_tlv thread 0
aborting path on assume(false) at file /home/runner/.rustup/toolchains/nightly-2025-11-21-x86_64-unknown-linux-gnu/lib/rustlib/src/rust/library/core/src/slice/index.rs line 435 column 5 function <std::ops::Range<usize> as std::slice::SliceIndex<[u8]>>::index thread 0
aborting path on assume(false) at file /home/runner/work/kani/kani/library/kani_core/src/models.rs line 176 column 17 function <usize as kani::rustc_intrinsics::ToISize>::to_isize thread 0
aborting path on assume(false) at file /home/runner/work/kani/kani/library/kani/src/lib.rs line 57 column 1 function <usize as kani::rustc_intrinsics::ToISize>::to_isize thread 0
aborting path on assume(false) at file /home/runner/work/kani/kani/library/kani/src/lib.rs line 57 column 1 function <usize as kani::rustc_intrinsics::ToISize>::to_isize thread 0
aborting path on assume(false) at file /home/runner/work/kani/kani/library/kani/src/lib.rs line 57 column 1 function kani::mem::cbmc::same_allocation thread 0
aborting path on assume(false) at file /home/runner/.rustup/toolchains/nightly-2025-11-21-x86_64-unknown-linux-gnu/lib/rustlib/src/rust/library/core/src/slice/index.rs line 40 column 9 function core::slice::index::slice_index_fail::do_panic::runtime thread 0
aborting path on assume(false) at file /home/runner/.rustup/toolchains/nightly-2025-11-21-x86_64-unknown-linux-gnu/lib/rustlib/src/rust/library/core/src/intrinsics/mod.rs line 2449 column 9 function core::slice::index::slice_index_fail::do_panic thread 0
aborting path on assume(false) at file /home/runner/.rustup/toolchains/nightly-2025-11-21-x86_64-unknown-linux-gnu/lib/rustlib/src/rust/library/core/src/panic.rs line 178 column 9 function core::slice::index::slice_index_fail thread 0
aborting path on assume(false) at file /home/runner/.rustup/toolchains/nightly-2025-11-21-x86_64-unknown-linux-gnu/lib/rustlib/src/rust/library/core/src/slice/index.rs line 49 column 9 function core::slice::index::slice_index_fail::do_panic::runtime thread 0
aborting path on assume(false) at file /home/runner/.rustup/toolchains/nightly-2025-11-21-x86_64-unknown-linux-gnu/lib/rustlib/src/rust/library/core/src/intrinsics/mod.rs line 2449 column 9 function core::slice::index::slice_index_fail::do_panic thread 0
aborting path on assume(false) at file /home/runner/.rustup/toolchains/nightly-2025-11-21-x86_64-unknown-linux-gnu/lib/rustlib/src/rust/library/core/src/panic.rs line 178 column 9 function core::slice::index::slice_index_fail thread 0
aborting path on assume(false) at file /home/runner/.rustup/toolchains/nightly-2025-11-21-x86_64-unknown-linux-gnu/lib/rustlib/src/rust/library/core/src/slice/index.rs line 58 column 9 function core::slice::index::slice_index_fail::do_panic::runtime thread 0
aborting path on assume(false) at file /home/runner/.rustup/toolchains/nightly-2025-11-21-x86_64-unknown-linux-gnu/lib/rustlib/src/rust/library/core/src/intrinsics/mod.rs line 2449 column 9 function core::slice::index::slice_index_fail::do_panic thread 0
aborting path on assume(false) at file /home/runner/.rustup/toolchains/nightly-2025-11-21-x86_64-unknown-linux-gnu/lib/rustlib/src/rust/library/core/src/panic.rs line 178 column 9 function core::slice::index::slice_index_fail thread 0
aborting path on assume(false) at file /home/runner/.rustup/toolchains/nightly-2025-11-21-x86_64-unknown-linux-gnu/lib/rustlib/src/rust/library/core/src/slice/index.rs line 68 column 5 function core::slice::index::slice_index_fail::do_panic::runtime thread 0
aborting path on assume(false) at file /home/runner/.rustup/toolchains/nightly-2025-11-21-x86_64-unknown-linux-gnu/lib/rustlib/src/rust/library/core/src/intrinsics/mod.rs line 2449 column 9 function core::slice::index::slice_index_fail::do_panic thread 0
aborting path on assume(false) at file /home/runner/.rustup/toolchains/nightly-2025-11-21-x86_64-unknown-linux-gnu/lib/rustlib/src/rust/library/core/src/panic.rs line 178 column 9 function core::slice::index::slice_index_fail thread 0
aborting path on assume(false) at file /home/runner/.rustup/toolchains/nightly-2025-11-21-x86_64-unknown-linux-gnu/lib/rustlib/src/rust/library/core/src/slice/index.rs line 443 column 13 function <std::ops::Range<usize> as std::slice::SliceIndex<[u8]>>::index thread 0
aborting path on assume(false) at file /home/runner/.rustup/toolchains/nightly-2025-11-21-x86_64-unknown-linux-gnu/lib/rustlib/src/rust/library/core/src/result.rs line 966 column 15 function std::result::Result::<(tlv::Tlv<'_>, usize), tlv::TlvError>::map_err::<x509_algorithm_identifier::AlgIdError, fn(tlv::TlvError) -> x509_algorithm_identifier::AlgIdError {x509_algorithm_identifier::AlgIdError::BadOidTlv}> thread 0
aborting path on assume(false) at file /home/runner/.rustup/toolchains/nightly-2025-11-21-x86_64-unknown-linux-gnu/lib/rustlib/src/rust/library/core/src/result.rs line 2173 column 15 function <std::result::Result<(tlv::Tlv<'_>, usize), x509_algorithm_identifier::AlgIdError> as std::ops::Try>::branch thread 0
Unwinding loop _RNvNtCsjJ4BRyaQv62_12der_verified3oid12validate_oid.0 iteration 1 file der-verified/src/oid.rs line 61 column 5 function oid::validate_oid thread 0
Unwinding loop _RNvNtCsjJ4BRyaQv62_12der_verified3oid12validate_oid.0 iteration 2 file der-verified/src/oid.rs line 61 column 5 function oid::validate_oid thread 0
Unwinding loop _RNvNtCsjJ4BRyaQv62_12der_verified3oid12validate_oid.0 iteration 3 file der-verified/src/oid.rs line 61 column 5 function oid::validate_oid thread 0
Unwinding loop _RNvNtCsjJ4BRyaQv62_12der_verified3oid12validate_oid.0 iteration 4 file der-verified/src/oid.rs line 61 column 5 function oid::validate_oid thread 0
Unwinding loop _RNvNtCsjJ4BRyaQv62_12der_verified3oid12validate_oid.0 iteration 5 file der-verified/src/oid.rs line 61 column 5 function oid::validate_oid thread 0
Unwinding loop _RNvNtCsjJ4BRyaQv62_12der_verified3oid12validate_oid.0 iteration 6 file der-verified/src/oid.rs line 61 column 5 function oid::validate_oid thread 0
Unwinding loop _RNvNtCsjJ4BRyaQv62_12der_verified3oid12validate_oid.0 iteration 7 file der-verified/src/oid.rs line 61 column 5 function oid::validate_oid thread 0
Unwinding loop _RNvNtCsjJ4BRyaQv62_12der_verified3oid12validate_oid.0 iteration 8 file der-verified/src/oid.rs line 61 column 5 function oid::validate_oid thread 0
Unwinding loop _RNvNtCsjJ4BRyaQv62_12der_verified3oid12validate_oid.0 iteration 9 file der-verified/src/oid.rs line 61 column 5 function oid::validate_oid thread 0
Unwinding loop _RNvNtCsjJ4BRyaQv62_12der_verified3oid12validate_oid.0 iteration 10 file der-verified/src/oid.rs line 61 column 5 function oid::validate_oid thread 0
Unwinding loop _RNvNtCsjJ4BRyaQv62_12der_verified3oid12validate_oid.0 iteration 11 file der-verified/src/oid.rs line 61 column 5 function oid::validate_oid thread 0
Not unwinding loop _RNvNtCsjJ4BRyaQv62_12der_verified3oid12validate_oid.0 iteration 12 file der-verified/src/oid.rs line 61 column 5 function oid::validate_oid thread 0
aborting path on assume(false) at file /home/runner/.rustup/toolchains/nightly-2025-11-21-x86_64-unknown-linux-gnu/lib/rustlib/src/rust/library/core/src/result.rs line 966 column 15 function std::result::Result::<(), oid::OidError>::map_err::<x509_algorithm_identifier::AlgIdError, fn(oid::OidError) -> x509_algorithm_identifier::AlgIdError {x509_algorithm_identifier::AlgIdError::BadOid}> thread 0
aborting path on assume(false) at file /home/runner/.rustup/toolchains/nightly-2025-11-21-x86_64-unknown-linux-gnu/lib/rustlib/src/rust/library/core/src/result.rs line 2173 column 15 function <std::result::Result<(), x509_algorithm_identifier::AlgIdError> as std::ops::Try>::branch thread 0
aborting path on assume(false) at file der-verified/src/lib.rs line 0 column 0 function x509_algorithm_identifier::decode_oid_tlv thread 0
aborting path on assume(false) at file /home/runner/.rustup/toolchains/nightly-2025-11-21-x86_64-unknown-linux-gnu/lib/rustlib/src/rust/library/core/src/result.rs line 2173 column 15 function <std::result::Result<(&[u8], usize), x509_algorithm_identifier::AlgIdError> as std::ops::Try>::branch thread 0
aborting path on assume(false) at file /home/runner/.rustup/toolchains/nightly-2025-11-21-x86_64-unknown-linux-gnu/lib/rustlib/src/rust/library/core/src/slice/index.rs line 40 column 9 function core::slice::index::slice_index_fail::do_panic::runtime thread 0
aborting path on assume(false) at file /home/runner/.rustup/toolchains/nightly-2025-11-21-x86_64-unknown-linux-gnu/lib/rustlib/src/rust/library/core/src/intrinsics/mod.rs line 2449 column 9 function core::slice::index::slice_index_fail::do_panic thread 0
aborting path on assume(false) at file /home/runner/.rustup/toolchains/nightly-2025-11-21-x86_64-unknown-linux-gnu/lib/rustlib/src/rust/library/core/src/panic.rs line 178 column 9 function core::slice::index::slice_index_fail thread 0
aborting path on assume(false) at file /home/runner/.rustup/toolchains/nightly-2025-11-21-x86_64-unknown-linux-gnu/lib/rustlib/src/rust/library/core/src/slice/index.rs line 49 column 9 function core::slice::index::slice_index_fail::do_panic::runtime thread 0
aborting path on assume(false) at file /home/runner/.rustup/toolchains/nightly-2025-11-21-x86_64-unknown-linux-gnu/lib/rustlib/src/rust/library/core/src/intrinsics/mod.rs line 2449 column 9 function core::slice::index::slice_index_fail::do_panic thread 0
aborting path on assume(false) at file /home/runner/.rustup/toolchains/nightly-2025-11-21-x86_64-unknown-linux-gnu/lib/rustlib/src/rust/library/core/src/panic.rs line 178 column 9 function core::slice::index::slice_index_fail thread 0
aborting path on assume(false) at file /home/runner/.rustup/toolchains/nightly-2025-11-21-x86_64-unknown-linux-gnu/lib/rustlib/src/rust/library/core/src/slice/index.rs line 58 column 9 function core::slice::index::slice_index_fail::do_panic::runtime thread 0
aborting path on assume(false) at file /home/runner/.rustup/toolchains/nightly-2025-11-21-x86_64-unknown-linux-gnu/lib/rustlib/src/rust/library/core/src/intrinsics/mod.rs line 2449 column 9 function core::slice::index::slice_index_fail::do_panic thread 0
aborting path on assume(false) at file /home/runner/.rustup/toolchains/nightly-2025-11-21-x86_64-unknown-linux-gnu/lib/rustlib/src/rust/library/core/src/panic.rs line 178 column 9 function core::slice::index::slice_index_fail thread 0
aborting path on assume(false) at file /home/runner/.rustup/toolchains/nightly-2025-11-21-x86_64-unknown-linux-gnu/lib/rustlib/src/rust/library/core/src/slice/index.rs line 68 column 5 function core::slice::index::slice_index_fail::do_panic::runtime thread 0
aborting path on assume(false) at file /home/runner/.rustup/toolchains/nightly-2025-11-21-x86_64-unknown-linux-gnu/lib/rustlib/src/rust/library/core/src/intrinsics/mod.rs line 2449 column 9 function core::slice::index::slice_index_fail::do_panic thread 0
aborting path on assume(false) at file /home/runner/.rustup/toolchains/nightly-2025-11-21-x86_64-unknown-linux-gnu/lib/rustlib/src/rust/library/core/src/panic.rs line 178 column 9 function core::slice::index::slice_index_fail thread 0
aborting path on assume(false) at file /home/runner/.rustup/toolchains/nightly-2025-11-21-x86_64-unknown-linux-gnu/lib/rustlib/src/rust/library/core/src/slice/index.rs line 569 column 13 function <std::ops::RangeFrom<usize> as std::slice::SliceIndex<[u8]>>::index thread 0
aborting path on assume(false) at file /home/runner/work/kani/kani/library/kani_core/src/models.rs line 176 column 17 function <usize as kani::rustc_intrinsics::ToISize>::to_isize thread 0
aborting path on assume(false) at file /home/runner/work/kani/kani/library/kani/src/lib.rs line 57 column 1 function <usize as kani::rustc_intrinsics::ToISize>::to_isize thread 0
aborting path on assume(false) at file /home/runner/work/kani/kani/library/kani/src/lib.rs line 57 column 1 function <usize as kani::rustc_intrinsics::ToISize>::to_isize thread 0
aborting path on assume(false) at file /home/runner/work/kani/kani/library/kani/src/lib.rs line 57 column 1 function kani::mem::cbmc::same_allocation thread 0
Unwinding loop _RNvNtCsjJ4BRyaQv62_12der_verified3tag10decode_tag.0 iteration 1 file der-verified/src/tag.rs line 137 column 49 function tag::decode_tag thread 0
Unwinding loop _RNvNtCsjJ4BRyaQv62_12der_verified3tag10decode_tag.0 iteration 2 file der-verified/src/tag.rs line 137 column 49 function tag::decode_tag thread 0
Unwinding loop _RNvNtCsjJ4BRyaQv62_12der_verified3tag10decode_tag.0 iteration 3 file der-verified/src/tag.rs line 137 column 49 function tag::decode_tag thread 0
Unwinding loop _RNvNtCsjJ4BRyaQv62_12der_verified3tag10decode_tag.0 iteration 4 file der-verified/src/tag.rs line 137 column 49 function tag::decode_tag thread 0
Unwinding loop _RNvNtCsjJ4BRyaQv62_12der_verified3tag10decode_tag.0 iteration 5 file der-verified/src/tag.rs line 137 column 49 function tag::decode_tag thread 0
Unwinding loop _RNvNtCsjJ4BRyaQv62_12der_verified3tag10decode_tag.0 iteration 6 file der-verified/src/tag.rs line 137 column 49 function tag::decode_tag thread 0
Unwinding loop _RNvNtCsjJ4BRyaQv62_12der_verified3tag10decode_tag.0 iteration 7 file der-verified/src/tag.rs line 137 column 49 function tag::decode_tag thread 0
Unwinding loop _RNvNtCsjJ4BRyaQv62_12der_verified3tag10decode_tag.0 iteration 8 file der-verified/src/tag.rs line 137 column 49 function tag::decode_tag thread 0
Unwinding loop _RNvNtCsjJ4BRyaQv62_12der_verified3tag10decode_tag.0 iteration 9 file der-verified/src/tag.rs line 137 column 49 function tag::decode_tag thread 0
Unwinding loop _RNvNtCsjJ4BRyaQv62_12der_verified3tag10decode_tag.0 iteration 10 file der-verified/src/tag.rs line 137 column 49 function tag::decode_tag thread 0
Unwinding loop _RNvNtCsjJ4BRyaQv62_12der_verified3tag10decode_tag.0 iteration 11 file der-verified/src/tag.rs line 137 column 49 function tag::decode_tag thread 0
Not unwinding loop _RNvNtCsjJ4BRyaQv62_12der_verified3tag10decode_tag.0 iteration 12 file der-verified/src/tag.rs line 137 column 49 function tag::decode_tag thread 0
aborting path on assume(false) at file /home/runner/.rustup/toolchains/nightly-2025-11-21-x86_64-unknown-linux-gnu/lib/rustlib/src/rust/library/core/src/result.rs line 2173 column 15 function <std::result::Result<(u32, usize), tag::TagError> as std::ops::Try>::branch thread 0
aborting path on assume(false) at file der-verified/src/lib.rs line 0 column 0 function tag::decode_tag thread 0
aborting path on assume(false) at file /home/runner/.rustup/toolchains/nightly-2025-11-21-x86_64-unknown-linux-gnu/lib/rustlib/src/rust/library/core/src/result.rs line 966 column 15 function std::result::Result::<(tag::Tag, usize), tag::TagError>::map_err::<tlv::TlvError, {closure@der-verified/src/tlv.rs:71:51: 71:54}> thread 0
aborting path on assume(false) at file /home/runner/.rustup/toolchains/nightly-2025-11-21-x86_64-unknown-linux-gnu/lib/rustlib/src/rust/library/core/src/result.rs line 2173 column 15 function <std::result::Result<(tag::Tag, usize), tlv::TlvError> as std::ops::Try>::branch thread 0
aborting path on assume(false) at file /home/runner/.rustup/toolchains/nightly-2025-11-21-x86_64-unknown-linux-gnu/lib/rustlib/src/rust/library/core/src/slice/index.rs line 40 column 9 function core::slice::index::slice_index_fail::do_panic::runtime thread 0
aborting path on assume(false) at file /home/runner/.rustup/toolchains/nightly-2025-11-21-x86_64-unknown-linux-gnu/lib/rustlib/src/rust/library/core/src/intrinsics/mod.rs line 2449 column 9 function core::slice::index::slice_index_fail::do_panic thread 0
aborting path on assume(false) at file /home/runner/.rustup/toolchains/nightly-2025-11-21-x86_64-unknown-linux-gnu/lib/rustlib/src/rust/library/core/src/panic.rs line 178 column 9 function core::slice::index::slice_index_fail thread 0
aborting path on assume(false) at file /home/runner/.rustup/toolchains/nightly-2025-11-21-x86_64-unknown-linux-gnu/lib/rustlib/src/rust/library/core/src/slice/index.rs line 49 column 9 function core::slice::index::slice_index_fail::do_panic::runtime thread 0
aborting path on assume(false) at file /home/runner/.rustup/toolchains/nightly-2025-11-21-x86_64-unknown-linux-gnu/lib/rustlib/src/rust/library/core/src/intrinsics/mod.rs line 2449 column 9 function core::slice::index::slice_index_fail::do_panic thread 0
aborting path on assume(false) at file /home/runner/.rustup/toolchains/nightly-2025-11-21-x86_64-unknown-linux-gnu/lib/rustlib/src/rust/library/core/src/panic.rs line 178 column 9 function core::slice::index::slice_index_fail thread 0
aborting path on assume(false) at file /home/runner/.rustup/toolchains/nightly-2025-11-21-x86_64-unknown-linux-gnu/lib/rustlib/src/rust/library/core/src/slice/index.rs line 58 column 9 function core::slice::index::slice_index_fail::do_panic::runtime thread 0
aborting path on assume(false) at file /home/runner/.rustup/toolchains/nightly-2025-11-21-x86_64-unknown-linux-gnu/lib/rustlib/src/rust/library/core/src/intrinsics/mod.rs line 2449 column 9 function core::slice::index::slice_index_fail::do_panic thread 0
aborting path on assume(false) at file /home/runner/.rustup/toolchains/nightly-2025-11-21-x86_64-unknown-linux-gnu/lib/rustlib/src/rust/library/core/src/panic.rs line 178 column 9 function core::slice::index::slice_index_fail thread 0
aborting path on assume(false) at file /home/runner/.rustup/toolchains/nightly-2025-11-21-x86_64-unknown-linux-gnu/lib/rustlib/src/rust/library/core/src/slice/index.rs line 68 column 5 function core::slice::index::slice_index_fail::do_panic::runtime thread 0
aborting path on assume(false) at file /home/runner/.rustup/toolchains/nightly-2025-11-21-x86_64-unknown-linux-gnu/lib/rustlib/src/rust/library/core/src/intrinsics/mod.rs line 2449 column 9 function core::slice::index::slice_index_fail::do_panic thread 0
aborting path on assume(false) at file /home/runner/.rustup/toolchains/nightly-2025-11-21-x86_64-unknown-linux-gnu/lib/rustlib/src/rust/library/core/src/panic.rs line 178 column 9 function core::slice::index::slice_index_fail thread 0
aborting path on assume(false) at file /home/runner/.rustup/toolchains/nightly-2025-11-21-x86_64-unknown-linux-gnu/lib/rustlib/src/rust/library/core/src/slice/index.rs line 569 column 13 function <std::ops::RangeFrom<usize> as std::slice::SliceIndex<[u8]>>::index thread 0
aborting path on assume(false) at file /home/runner/work/kani/kani/library/kani_core/src/models.rs line 176 column 17 function <usize as kani::rustc_intrinsics::ToISize>::to_isize thread 0
aborting path on assume(false) at file /home/runner/work/kani/kani/library/kani/src/lib.rs line 57 column 1 function <usize as kani::rustc_intrinsics::ToISize>::to_isize thread 0
aborting path on assume(false) at file /home/runner/work/kani/kani/library/kani/src/lib.rs line 57 column 1 function <usize as kani::rustc_intrinsics::ToISize>::to_isize thread 0
aborting path on assume(false) at file /home/runner/work/kani/kani/library/kani/src/lib.rs line 57 column 1 function kani::mem::cbmc::same_allocation thread 0
aborting path on assume(false) at file der-verified/src/length.rs line 75 column 23 function length::decode_length thread 0
aborting path on assume(false) at file /home/runner/.rustup/toolchains/nightly-2025-11-21-x86_64-unknown-linux-gnu/lib/rustlib/src/rust/library/core/src/slice/index.rs line 435 column 5 function <std::ops::Range<usize> as std::slice::SliceIndex<[u8]>>::index thread 0
aborting path on assume(false) at file /home/runner/work/kani/kani/library/kani/src/lib.rs line 57 column 1 function kani::mem::cbmc::same_allocation thread 0
aborting path on assume(false) at file /home/runner/.rustup/toolchains/nightly-2025-11-21-x86_64-unknown-linux-gnu/lib/rustlib/src/rust/library/core/src/slice/index.rs line 40 column 9 function core::slice::index::slice_index_fail::do_panic::runtime thread 0
aborting path on assume(false) at file /home/runner/.rustup/toolchains/nightly-2025-11-21-x86_64-unknown-linux-gnu/lib/rustlib/src/rust/library/core/src/intrinsics/mod.rs line 2449 column 9 function core::slice::index::slice_index_fail::do_panic thread 0
aborting path on assume(false) at file /home/runner/.rustup/toolchains/nightly-2025-11-21-x86_64-unknown-linux-gnu/lib/rustlib/src/rust/library/core/src/panic.rs line 178 column 9 function core::slice::index::slice_index_fail thread 0
aborting path on assume(false) at file /home/runner/.rustup/toolchains/nightly-2025-11-21-x86_64-unknown-linux-gnu/lib/rustlib/src/rust/library/core/src/slice/index.rs line 49 column 9 function core::slice::index::slice_index_fail::do_panic::runtime thread 0
aborting path on assume(false) at file /home/runner/.rustup/toolchains/nightly-2025-11-21-x86_64-unknown-linux-gnu/lib/rustlib/src/rust/library/core/src/intrinsics/mod.rs line 2449 column 9 function core::slice::index::slice_index_fail::do_panic thread 0
aborting path on assume(false) at file /home/runner/.rustup/toolchains/nightly-2025-11-21-x86_64-unknown-linux-gnu/lib/rustlib/src/rust/library/core/src/panic.rs line 178 column 9 function core::slice::index::slice_index_fail thread 0
aborting path on assume(false) at file /home/runner/.rustup/toolchains/nightly-2025-11-21-x86_64-unknown-linux-gnu/lib/rustlib/src/rust/library/core/src/slice/index.rs line 58 column 9 function core::slice::index::slice_index_fail::do_panic::runtime thread 0
aborting path on assume(false) at file /home/runner/.rustup/toolchains/nightly-2025-11-21-x86_64-unknown-linux-gnu/lib/rustlib/src/rust/library/core/src/intrinsics/mod.rs line 2449 column 9 function core::slice::index::slice_index_fail::do_panic thread 0
aborting path on assume(false) at file /home/runner/.rustup/toolchains/nightly-2025-11-21-x86_64-unknown-linux-gnu/lib/rustlib/src/rust/library/core/src/panic.rs line 178 column 9 function core::slice::index::slice_index_fail thread 0
aborting path on assume(false) at file /home/runner/.rustup/toolchains/nightly-2025-11-21-x86_64-unknown-linux-gnu/lib/rustlib/src/rust/library/core/src/slice/index.rs line 68 column 5 function core::slice::index::slice_index_fail::do_panic::runtime thread 0
aborting path on assume(false) at file /home/runner/.rustup/toolchains/nightly-2025-11-21-x86_64-unknown-linux-gnu/lib/rustlib/src/rust/library/core/src/intrinsics/mod.rs line 2449 column 9 function core::slice::index::slice_index_fail::do_panic thread 0
aborting path on assume(false) at file /home/runner/.rustup/toolchains/nightly-2025-11-21-x86_64-unknown-linux-gnu/lib/rustlib/src/rust/library/core/src/panic.rs line 178 column 9 function core::slice::index::slice_index_fail thread 0
aborting path on assume(false) at file /home/runner/.rustup/toolchains/nightly-2025-11-21-x86_64-unknown-linux-gnu/lib/rustlib/src/rust/library/core/src/slice/index.rs line 443 column 13 function <std::ops::Range<usize> as std::slice::SliceIndex<[u8]>>::index thread 0
Unwinding loop _RNvNtCsjJ4BRyaQv62_12der_verified6length13decode_length.0 iteration 1 file der-verified/src/length.rs line 101 column 5 function length::decode_length thread 0
Unwinding loop _RNvNtCsjJ4BRyaQv62_12der_verified6length13decode_length.0 iteration 2 file der-verified/src/length.rs line 101 column 5 function length::decode_length thread 0
Unwinding loop _RNvNtCsjJ4BRyaQv62_12der_verified6length13decode_length.0 iteration 3 file der-verified/src/length.rs line 101 column 5 function length::decode_length thread 0
Unwinding loop _RNvNtCsjJ4BRyaQv62_12der_verified6length13decode_length.0 iteration 4 file der-verified/src/length.rs line 101 column 5 function length::decode_length thread 0
Unwinding loop _RNvNtCsjJ4BRyaQv62_12der_verified6length13decode_length.0 iteration 5 file der-verified/src/length.rs line 101 column 5 function length::decode_length thread 0
Unwinding loop _RNvNtCsjJ4BRyaQv62_12der_verified6length13decode_length.0 iteration 6 file der-verified/src/length.rs line 101 column 5 function length::decode_length thread 0
Unwinding loop _RNvNtCsjJ4BRyaQv62_12der_verified6length13decode_length.0 iteration 7 file der-verified/src/length.rs line 101 column 5 function length::decode_length thread 0
Unwinding loop _RNvNtCsjJ4BRyaQv62_12der_verified6length13decode_length.0 iteration 8 file der-verified/src/length.rs line 101 column 5 function length::decode_length thread 0
Unwinding loop _RNvNtCsjJ4BRyaQv62_12der_verified6length13decode_length.0 iteration 9 file der-verified/src/length.rs line 101 column 5 function length::decode_length thread 0
Unwinding loop _RNvNtCsjJ4BRyaQv62_12der_verified6length13decode_length.0 iteration 10 file der-verified/src/length.rs line 101 column 5 function length::decode_length thread 0
Unwinding loop _RNvNtCsjJ4BRyaQv62_12der_verified6length13decode_length.0 iteration 11 file der-verified/src/length.rs line 101 column 5 function length::decode_length thread 0
Not unwinding loop _RNvNtCsjJ4BRyaQv62_12der_verified6length13decode_length.0 iteration 12 file der-verified/src/length.rs line 101 column 5 function length::decode_length thread 0
aborting path on assume(false) at file /home/runner/.rustup/toolchains/nightly-2025-11-21-x86_64-unknown-linux-gnu/lib/rustlib/src/rust/library/core/src/result.rs line 966 column 15 function std::result::Result::<(u32, usize), length::LengthError>::map_err::<tlv::TlvError, {closure@der-verified/src/tlv.rs:73:69: 73:72}> thread 0
aborting path on assume(false) at file /home/runner/.rustup/toolchains/nightly-2025-11-21-x86_64-unknown-linux-gnu/lib/rustlib/src/rust/library/core/src/result.rs line 2173 column 15 function <std::result::Result<(u32, usize), tlv::TlvError> as std::ops::Try>::branch thread 0
aborting path on assume(false) at file der-verified/src/lib.rs line 0 column 0 function tlv::decode_tlv thread 0
aborting path on assume(false) at file /home/runner/.rustup/toolchains/nightly-2025-11-21-x86_64-unknown-linux-gnu/lib/rustlib/src/rust/library/core/src/slice/index.rs line 435 column 5 function <std::ops::Range<usize> as std::slice::SliceIndex<[u8]>>::index thread 0
aborting path on assume(false) at file /home/runner/work/kani/kani/library/kani_core/src/models.rs line 176 column 17 function <usize as kani::rustc_intrinsics::ToISize>::to_isize thread 0
aborting path on assume(false) at file /home/runner/work/kani/kani/library/kani/src/lib.rs line 57 column 1 function <usize as kani::rustc_intrinsics::ToISize>::to_isize thread 0
aborting path on assume(false) at file /home/runner/work/kani/kani/library/kani/src/lib.rs line 57 column 1 function <usize as kani::rustc_intrinsics::ToISize>::to_isize thread 0
aborting path on assume(false) at file /home/runner/work/kani/kani/library/kani/src/lib.rs line 57 column 1 function kani::mem::cbmc::same_allocation thread 0
aborting path on assume(false) at file /home/runner/.rustup/toolchains/nightly-2025-11-21-x86_64-unknown-linux-gnu/lib/rustlib/src/rust/library/core/src/slice/index.rs line 40 column 9 function core::slice::index::slice_index_fail::do_panic::runtime thread 0
aborting path on assume(false) at file /home/runner/.rustup/toolchains/nightly-2025-11-21-x86_64-unknown-linux-gnu/lib/rustlib/src/rust/library/core/src/intrinsics/mod.rs line 2449 column 9 function core::slice::index::slice_index_fail::do_panic thread 0
aborting path on assume(false) at file /home/runner/.rustup/toolchains/nightly-2025-11-21-x86_64-unknown-linux-gnu/lib/rustlib/src/rust/library/core/src/panic.rs line 178 column 9 function core::slice::index::slice_index_fail thread 0
aborting path on assume(false) at file /home/runner/.rustup/toolchains/nightly-2025-11-21-x86_64-unknown-linux-gnu/lib/rustlib/src/rust/library/core/src/slice/index.rs line 49 column 9 function core::slice::index::slice_index_fail::do_panic::runtime thread 0
aborting path on assume(false) at file /home/runner/.rustup/toolchains/nightly-2025-11-21-x86_64-unknown-linux-gnu/lib/rustlib/src/rust/library/core/src/intrinsics/mod.rs line 2449 column 9 function core::slice::index::slice_index_fail::do_panic thread 0
aborting path on assume(false) at file /home/runner/.rustup/toolchains/nightly-2025-11-21-x86_64-unknown-linux-gnu/lib/rustlib/src/rust/library/core/src/panic.rs line 178 column 9 function core::slice::index::slice_index_fail thread 0
aborting path on assume(false) at file /home/runner/.rustup/toolchains/nightly-2025-11-21-x86_64-unknown-linux-gnu/lib/rustlib/src/rust/library/core/src/slice/index.rs line 58 column 9 function core::slice::index::slice_index_fail::do_panic::runtime thread 0
aborting path on assume(false) at file /home/runner/.rustup/toolchains/nightly-2025-11-21-x86_64-unknown-linux-gnu/lib/rustlib/src/rust/library/core/src/intrinsics/mod.rs line 2449 column 9 function core::slice::index::slice_index_fail::do_panic thread 0
aborting path on assume(false) at file /home/runner/.rustup/toolchains/nightly-2025-11-21-x86_64-unknown-linux-gnu/lib/rustlib/src/rust/library/core/src/panic.rs line 178 column 9 function core::slice::index::slice_index_fail thread 0
aborting path on assume(false) at file /home/runner/.rustup/toolchains/nightly-2025-11-21-x86_64-unknown-linux-gnu/lib/rustlib/src/rust/library/core/src/slice/index.rs line 68 column 5 function core::slice::index::slice_index_fail::do_panic::runtime thread 0
aborting path on assume(false) at file /home/runner/.rustup/toolchains/nightly-2025-11-21-x86_64-unknown-linux-gnu/lib/rustlib/src/rust/library/core/src/intrinsics/mod.rs line 2449 column 9 function core::slice::index::slice_index_fail::do_panic thread 0
aborting path on assume(false) at file /home/runner/.rustup/toolchains/nightly-2025-11-21-x86_64-unknown-linux-gnu/lib/rustlib/src/rust/library/core/src/panic.rs line 178 column 9 function core::slice::index::slice_index_fail thread 0
aborting path on assume(false) at file /home/runner/.rustup/toolchains/nightly-2025-11-21-x86_64-unknown-linux-gnu/lib/rustlib/src/rust/library/core/src/slice/index.rs line 443 column 13 function <std::ops::Range<usize> as std::slice::SliceIndex<[u8]>>::index thread 0
aborting path on assume(false) at file /home/runner/.rustup/toolchains/nightly-2025-11-21-x86_64-unknown-linux-gnu/lib/rustlib/src/rust/library/core/src/result.rs line 966 column 15 function std::result::Result::<(tlv::Tlv<'_>, usize), tlv::TlvError>::map_err::<x509_algorithm_identifier::AlgIdError, fn(tlv::TlvError) -> x509_algorithm_identifier::AlgIdError {x509_algorithm_identifier::AlgIdError::BadParametersTlv}> thread 0
aborting path on assume(false) at file /home/runner/.rustup/toolchains/nightly-2025-11-21-x86_64-unknown-linux-gnu/lib/rustlib/src/rust/library/core/src/result.rs line 2173 column 15 function <std::result::Result<(tlv::Tlv<'_>, usize), x509_algorithm_identifier::AlgIdError> as std::ops::Try>::branch thread 0
aborting path on assume(false) at file der-verified/src/lib.rs line 0 column 0 function x509_algorithm_identifier::parse_algorithm_identifier thread 0
aborting path on assume(false) at file /home/runner/.rustup/toolchains/nightly-2025-11-21-x86_64-unknown-linux-gnu/lib/rustlib/src/rust/library/core/src/slice/index.rs line 49 column 9 function core::slice::index::slice_index_fail::do_panic::runtime thread 0
aborting path on assume(false) at file /home/runner/.rustup/toolchains/nightly-2025-11-21-x86_64-unknown-linux-gnu/lib/rustlib/src/rust/library/core/src/intrinsics/mod.rs line 2449 column 9 function core::slice::index::slice_index_fail::do_panic thread 0
aborting path on assume(false) at file /home/runner/.rustup/toolchains/nightly-2025-11-21-x86_64-unknown-linux-gnu/lib/rustlib/src/rust/library/core/src/panic.rs line 178 column 9 function core::slice::index::slice_index_fail thread 0
aborting path on assume(false) at file /home/runner/.rustup/toolchains/nightly-2025-11-21-x86_64-unknown-linux-gnu/lib/rustlib/src/rust/library/core/src/slice/index.rs line 68 column 5 function core::slice::index::slice_index_fail::do_panic::runtime thread 0
aborting path on assume(false) at file /home/runner/.rustup/toolchains/nightly-2025-11-21-x86_64-unknown-linux-gnu/lib/rustlib/src/rust/library/core/src/intrinsics/mod.rs line 2449 column 9 function core::slice::index::slice_index_fail::do_panic thread 0
aborting path on assume(false) at file /home/runner/.rustup/toolchains/nightly-2025-11-21-x86_64-unknown-linux-gnu/lib/rustlib/src/rust/library/core/src/panic.rs line 178 column 9 function core::slice::index::slice_index_fail thread 0
aborting path on assume(false) at file /home/runner/.rustup/toolchains/nightly-2025-11-21-x86_64-unknown-linux-gnu/lib/rustlib/src/rust/library/core/src/slice/index.rs line 443 column 13 function <std::ops::Range<usize> as std::slice::SliceIndex<[u8]>>::index thread 0
aborting path on assume(false) at file /home/runner/.rustup/toolchains/nightly-2025-11-21-x86_64-unknown-linux-gnu/lib/rustlib/src/rust/library/core/src/result.rs line 966 column 15 function std::result::Result::<(x509_algorithm_identifier::AlgorithmIdentifier<'_>, usize), x509_algorithm_identifier::AlgIdError>::map_err::<x509_spki::SpkiError, fn(x509_algorithm_identifier::AlgIdError) -> x509_spki::SpkiError {x509_spki::map_algid_error}> thread 0
aborting path on assume(false) at file der-verified/src/x509_spki.rs line 132 column 11 function x509_spki::map_algid_error thread 0
aborting path on assume(false) at file /home/runner/.rustup/toolchains/nightly-2025-11-21-x86_64-unknown-linux-gnu/lib/rustlib/src/rust/library/core/src/result.rs line 2173 column 15 function <std::result::Result<(x509_algorithm_identifier::AlgorithmIdentifier<'_>, usize), x509_spki::SpkiError> as std::ops::Try>::branch thread 0
aborting path on assume(false) at file /home/runner/.rustup/toolchains/nightly-2025-11-21-x86_64-unknown-linux-gnu/lib/rustlib/src/rust/library/core/src/slice/index.rs line 40 column 9 function core::slice::index::slice_index_fail::do_panic::runtime thread 0
aborting path on assume(false) at file /home/runner/.rustup/toolchains/nightly-2025-11-21-x86_64-unknown-linux-gnu/lib/rustlib/src/rust/library/core/src/intrinsics/mod.rs line 2449 column 9 function core::slice::index::slice_index_fail::do_panic thread 0
aborting path on assume(false) at file /home/runner/.rustup/toolchains/nightly-2025-11-21-x86_64-unknown-linux-gnu/lib/rustlib/src/rust/library/core/src/panic.rs line 178 column 9 function core::slice::index::slice_index_fail thread 0
aborting path on assume(false) at file /home/runner/.rustup/toolchains/nightly-2025-11-21-x86_64-unknown-linux-gnu/lib/rustlib/src/rust/library/core/src/slice/index.rs line 49 column 9 function core::slice::index::slice_index_fail::do_panic::runtime thread 0
aborting path on assume(false) at file /home/runner/.rustup/toolchains/nightly-2025-11-21-x86_64-unknown-linux-gnu/lib/rustlib/src/rust/library/core/src/intrinsics/mod.rs line 2449 column 9 function core::slice::index::slice_index_fail::do_panic thread 0
aborting path on assume(false) at file /home/runner/.rustup/toolchains/nightly-2025-11-21-x86_64-unknown-linux-gnu/lib/rustlib/src/rust/library/core/src/panic.rs line 178 column 9 function core::slice::index::slice_index_fail thread 0
aborting path on assume(false) at file /home/runner/.rustup/toolchains/nightly-2025-11-21-x86_64-unknown-linux-gnu/lib/rustlib/src/rust/library/core/src/slice/index.rs line 58 column 9 function core::slice::index::slice_index_fail::do_panic::runtime thread 0
aborting path on assume(false) at file /home/runner/.rustup/toolchains/nightly-2025-11-21-x86_64-unknown-linux-gnu/lib/rustlib/src/rust/library/core/src/intrinsics/mod.rs line 2449 column 9 function core::slice::index::slice_index_fail::do_panic thread 0
aborting path on assume(false) at file /home/runner/.rustup/toolchains/nightly-2025-11-21-x86_64-unknown-linux-gnu/lib/rustlib/src/rust/library/core/src/panic.rs line 178 column 9 function core::slice::index::slice_index_fail thread 0
aborting path on assume(false) at file /home/runner/.rustup/toolchains/nightly-2025-11-21-x86_64-unknown-linux-gnu/lib/rustlib/src/rust/library/core/src/slice/index.rs line 68 column 5 function core::slice::index::slice_index_fail::do_panic::runtime thread 0
aborting path on assume(false) at file /home/runner/.rustup/toolchains/nightly-2025-11-21-x86_64-unknown-linux-gnu/lib/rustlib/src/rust/library/core/src/intrinsics/mod.rs line 2449 column 9 function core::slice::index::slice_index_fail::do_panic thread 0
aborting path on assume(false) at file /home/runner/.rustup/toolchains/nightly-2025-11-21-x86_64-unknown-linux-gnu/lib/rustlib/src/rust/library/core/src/panic.rs line 178 column 9 function core::slice::index::slice_index_fail thread 0
aborting path on assume(false) at file /home/runner/.rustup/toolchains/nightly-2025-11-21-x86_64-unknown-linux-gnu/lib/rustlib/src/rust/library/core/src/slice/index.rs line 569 column 13 function <std::ops::RangeFrom<usize> as std::slice::SliceIndex<[u8]>>::index thread 0
aborting path on assume(false) at file /home/runner/work/kani/kani/library/kani_core/src/models.rs line 176 column 17 function <usize as kani::rustc_intrinsics::ToISize>::to_isize thread 0
aborting path on assume(false) at file /home/runner/work/kani/kani/library/kani/src/lib.rs line 57 column 1 function <usize as kani::rustc_intrinsics::ToISize>::to_isize thread 0
aborting path on assume(false) at file /home/runner/work/kani/kani/library/kani/src/lib.rs line 57 column 1 function <usize as kani::rustc_intrinsics::ToISize>::to_isize thread 0
aborting path on assume(false) at file /home/runner/work/kani/kani/library/kani/src/lib.rs line 57 column 1 function kani::mem::cbmc::same_allocation thread 0
Unwinding loop _RNvNtCsjJ4BRyaQv62_12der_verified3tag10decode_tag.0 iteration 1 file der-verified/src/tag.rs line 137 column 49 function tag::decode_tag thread 0
Unwinding loop _RNvNtCsjJ4BRyaQv62_12der_verified3tag10decode_tag.0 iteration 2 file der-verified/src/tag.rs line 137 column 49 function tag::decode_tag thread 0
Unwinding loop _RNvNtCsjJ4BRyaQv62_12der_verified3tag10decode_tag.0 iteration 3 file der-verified/src/tag.rs line 137 column 49 function tag::decode_tag thread 0
Unwinding loop _RNvNtCsjJ4BRyaQv62_12der_verified3tag10decode_tag.0 iteration 4 file der-verified/src/tag.rs line 137 column 49 function tag::decode_tag thread 0
Unwinding loop _RNvNtCsjJ4BRyaQv62_12der_verified3tag10decode_tag.0 iteration 5 file der-verified/src/tag.rs line 137 column 49 function tag::decode_tag thread 0
Unwinding loop _RNvNtCsjJ4BRyaQv62_12der_verified3tag10decode_tag.0 iteration 6 file der-verified/src/tag.rs line 137 column 49 function tag::decode_tag thread 0
Unwinding loop _RNvNtCsjJ4BRyaQv62_12der_verified3tag10decode_tag.0 iteration 7 file der-verified/src/tag.rs line 137 column 49 function tag::decode_tag thread 0
Unwinding loop _RNvNtCsjJ4BRyaQv62_12der_verified3tag10decode_tag.0 iteration 8 file der-verified/src/tag.rs line 137 column 49 function tag::decode_tag thread 0
Unwinding loop _RNvNtCsjJ4BRyaQv62_12der_verified3tag10decode_tag.0 iteration 9 file der-verified/src/tag.rs line 137 column 49 function tag::decode_tag thread 0
Unwinding loop _RNvNtCsjJ4BRyaQv62_12der_verified3tag10decode_tag.0 iteration 10 file der-verified/src/tag.rs line 137 column 49 function tag::decode_tag thread 0
Unwinding loop _RNvNtCsjJ4BRyaQv62_12der_verified3tag10decode_tag.0 iteration 11 file der-verified/src/tag.rs line 137 column 49 function tag::decode_tag thread 0
Not unwinding loop _RNvNtCsjJ4BRyaQv62_12der_verified3tag10decode_tag.0 iteration 12 file der-verified/src/tag.rs line 137 column 49 function tag::decode_tag thread 0
aborting path on assume(false) at file /home/runner/.rustup/toolchains/nightly-2025-11-21-x86_64-unknown-linux-gnu/lib/rustlib/src/rust/library/core/src/result.rs line 2173 column 15 function <std::result::Result<(u32, usize), tag::TagError> as std::ops::Try>::branch thread 0
aborting path on assume(false) at file der-verified/src/lib.rs line 0 column 0 function tag::decode_tag thread 0
aborting path on assume(false) at file /home/runner/.rustup/toolchains/nightly-2025-11-21-x86_64-unknown-linux-gnu/lib/rustlib/src/rust/library/core/src/result.rs line 966 column 15 function std::result::Result::<(tag::Tag, usize), tag::TagError>::map_err::<tlv::TlvError, {closure@der-verified/src/tlv.rs:71:51: 71:54}> thread 0
aborting path on assume(false) at file /home/runner/.rustup/toolchains/nightly-2025-11-21-x86_64-unknown-linux-gnu/lib/rustlib/src/rust/library/core/src/result.rs line 2173 column 15 function <std::result::Result<(tag::Tag, usize), tlv::TlvError> as std::ops::Try>::branch thread 0
aborting path on assume(false) at file /home/runner/.rustup/toolchains/nightly-2025-11-21-x86_64-unknown-linux-gnu/lib/rustlib/src/rust/library/core/src/slice/index.rs line 40 column 9 function core::slice::index::slice_index_fail::do_panic::runtime thread 0
aborting path on assume(false) at file /home/runner/.rustup/toolchains/nightly-2025-11-21-x86_64-unknown-linux-gnu/lib/rustlib/src/rust/library/core/src/intrinsics/mod.rs line 2449 column 9 function core::slice::index::slice_index_fail::do_panic thread 0
aborting path on assume(false) at file /home/runner/.rustup/toolchains/nightly-2025-11-21-x86_64-unknown-linux-gnu/lib/rustlib/src/rust/library/core/src/panic.rs line 178 column 9 function core::slice::index::slice_index_fail thread 0
aborting path on assume(false) at file /home/runner/.rustup/toolchains/nightly-2025-11-21-x86_64-unknown-linux-gnu/lib/rustlib/src/rust/library/core/src/slice/index.rs line 49 column 9 function core::slice::index::slice_index_fail::do_panic::runtime thread 0
aborting path on assume(false) at file /home/runner/.rustup/toolchains/nightly-2025-11-21-x86_64-unknown-linux-gnu/lib/rustlib/src/rust/library/core/src/intrinsics/mod.rs line 2449 column 9 function core::slice::index::slice_index_fail::do_panic thread 0
aborting path on assume(false) at file /home/runner/.rustup/toolchains/nightly-2025-11-21-x86_64-unknown-linux-gnu/lib/rustlib/src/rust/library/core/src/panic.rs line 178 column 9 function core::slice::index::slice_index_fail thread 0
aborting path on assume(false) at file /home/runner/.rustup/toolchains/nightly-2025-11-21-x86_64-unknown-linux-gnu/lib/rustlib/src/rust/library/core/src/slice/index.rs line 58 column 9 function core::slice::index::slice_index_fail::do_panic::runtime thread 0
aborting path on assume(false) at file /home/runner/.rustup/toolchains/nightly-2025-11-21-x86_64-unknown-linux-gnu/lib/rustlib/src/rust/library/core/src/intrinsics/mod.rs line 2449 column 9 function core::slice::index::slice_index_fail::do_panic thread 0
aborting path on assume(false) at file /home/runner/.rustup/toolchains/nightly-2025-11-21-x86_64-unknown-linux-gnu/lib/rustlib/src/rust/library/core/src/panic.rs line 178 column 9 function core::slice::index::slice_index_fail thread 0
aborting path on assume(false) at file /home/runner/.rustup/toolchains/nightly-2025-11-21-x86_64-unknown-linux-gnu/lib/rustlib/src/rust/library/core/src/slice/index.rs line 68 column 5 function core::slice::index::slice_index_fail::do_panic::runtime thread 0
aborting path on assume(false) at file /home/runner/.rustup/toolchains/nightly-2025-11-21-x86_64-unknown-linux-gnu/lib/rustlib/src/rust/library/core/src/intrinsics/mod.rs line 2449 column 9 function core::slice::index::slice_index_fail::do_panic thread 0
aborting path on assume(false) at file /home/runner/.rustup/toolchains/nightly-2025-11-21-x86_64-unknown-linux-gnu/lib/rustlib/src/rust/library/core/src/panic.rs line 178 column 9 function core::slice::index::slice_index_fail thread 0
aborting path on assume(false) at file /home/runner/.rustup/toolchains/nightly-2025-11-21-x86_64-unknown-linux-gnu/lib/rustlib/src/rust/library/core/src/slice/index.rs line 569 column 13 function <std::ops::RangeFrom<usize> as std::slice::SliceIndex<[u8]>>::index thread 0
aborting path on assume(false) at file /home/runner/work/kani/kani/library/kani_core/src/models.rs line 176 column 17 function <usize as kani::rustc_intrinsics::ToISize>::to_isize thread 0
aborting path on assume(false) at file /home/runner/work/kani/kani/library/kani/src/lib.rs line 57 column 1 function <usize as kani::rustc_intrinsics::ToISize>::to_isize thread 0
aborting path on assume(false) at file /home/runner/work/kani/kani/library/kani/src/lib.rs line 57 column 1 function <usize as kani::rustc_intrinsics::ToISize>::to_isize thread 0
aborting path on assume(false) at file /home/runner/work/kani/kani/library/kani/src/lib.rs line 57 column 1 function kani::mem::cbmc::same_allocation thread 0
aborting path on assume(false) at file der-verified/src/length.rs line 75 column 23 function length::decode_length thread 0
aborting path on assume(false) at file /home/runner/.rustup/toolchains/nightly-2025-11-21-x86_64-unknown-linux-gnu/lib/rustlib/src/rust/library/core/src/slice/index.rs line 435 column 5 function <std::ops::Range<usize> as std::slice::SliceIndex<[u8]>>::index thread 0
aborting path on assume(false) at file /home/runner/work/kani/kani/library/kani/src/lib.rs line 57 column 1 function kani::mem::cbmc::same_allocation thread 0
aborting path on assume(false) at file /home/runner/.rustup/toolchains/nightly-2025-11-21-x86_64-unknown-linux-gnu/lib/rustlib/src/rust/library/core/src/slice/index.rs line 40 column 9 function core::slice::index::slice_index_fail::do_panic::runtime thread 0
aborting path on assume(false) at file /home/runner/.rustup/toolchains/nightly-2025-11-21-x86_64-unknown-linux-gnu/lib/rustlib/src/rust/library/core/src/intrinsics/mod.rs line 2449 column 9 function core::slice::index::slice_index_fail::do_panic thread 0
aborting path on assume(false) at file /home/runner/.rustup/toolchains/nightly-2025-11-21-x86_64-unknown-linux-gnu/lib/rustlib/src/rust/library/core/src/panic.rs line 178 column 9 function core::slice::index::slice_index_fail thread 0
aborting path on assume(false) at file /home/runner/.rustup/toolchains/nightly-2025-11-21-x86_64-unknown-linux-gnu/lib/rustlib/src/rust/library/core/src/slice/index.rs line 49 column 9 function core::slice::index::slice_index_fail::do_panic::runtime thread 0
aborting path on assume(false) at file /home/runner/.rustup/toolchains/nightly-2025-11-21-x86_64-unknown-linux-gnu/lib/rustlib/src/rust/library/core/src/intrinsics/mod.rs line 2449 column 9 function core::slice::index::slice_index_fail::do_panic thread 0
aborting path on assume(false) at file /home/runner/.rustup/toolchains/nightly-2025-11-21-x86_64-unknown-linux-gnu/lib/rustlib/src/rust/library/core/src/panic.rs line 178 column 9 function core::slice::index::slice_index_fail thread 0
aborting path on assume(false) at file /home/runner/.rustup/toolchains/nightly-2025-11-21-x86_64-unknown-linux-gnu/lib/rustlib/src/rust/library/core/src/slice/index.rs line 58 column 9 function core::slice::index::slice_index_fail::do_panic::runtime thread 0
aborting path on assume(false) at file /home/runner/.rustup/toolchains/nightly-2025-11-21-x86_64-unknown-linux-gnu/lib/rustlib/src/rust/library/core/src/intrinsics/mod.rs line 2449 column 9 function core::slice::index::slice_index_fail::do_panic thread 0
aborting path on assume(false) at file /home/runner/.rustup/toolchains/nightly-2025-11-21-x86_64-unknown-linux-gnu/lib/rustlib/src/rust/library/core/src/panic.rs line 178 column 9 function core::slice::index::slice_index_fail thread 0
aborting path on assume(false) at file /home/runner/.rustup/toolchains/nightly-2025-11-21-x86_64-unknown-linux-gnu/lib/rustlib/src/rust/library/core/src/slice/index.rs line 68 column 5 function core::slice::index::slice_index_fail::do_panic::runtime thread 0
aborting path on assume(false) at file /home/runner/.rustup/toolchains/nightly-2025-11-21-x86_64-unknown-linux-gnu/lib/rustlib/src/rust/library/core/src/intrinsics/mod.rs line 2449 column 9 function core::slice::index::slice_index_fail::do_panic thread 0
aborting path on assume(false) at file /home/runner/.rustup/toolchains/nightly-2025-11-21-x86_64-unknown-linux-gnu/lib/rustlib/src/rust/library/core/src/panic.rs line 178 column 9 function core::slice::index::slice_index_fail thread 0
aborting path on assume(false) at file /home/runner/.rustup/toolchains/nightly-2025-11-21-x86_64-unknown-linux-gnu/lib/rustlib/src/rust/library/core/src/slice/index.rs line 443 column 13 function <std::ops::Range<usize> as std::slice::SliceIndex<[u8]>>::index thread 0
Unwinding loop _RNvNtCsjJ4BRyaQv62_12der_verified6length13decode_length.0 iteration 1 file der-verified/src/length.rs line 101 column 5 function length::decode_length thread 0
Unwinding loop _RNvNtCsjJ4BRyaQv62_12der_verified6length13decode_length.0 iteration 2 file der-verified/src/length.rs line 101 column 5 function length::decode_length thread 0
Unwinding loop _RNvNtCsjJ4BRyaQv62_12der_verified6length13decode_length.0 iteration 3 file der-verified/src/length.rs line 101 column 5 function length::decode_length thread 0
Unwinding loop _RNvNtCsjJ4BRyaQv62_12der_verified6length13decode_length.0 iteration 4 file der-verified/src/length.rs line 101 column 5 function length::decode_length thread 0
Unwinding loop _RNvNtCsjJ4BRyaQv62_12der_verified6length13decode_length.0 iteration 5 file der-verified/src/length.rs line 101 column 5 function length::decode_length thread 0
Unwinding loop _RNvNtCsjJ4BRyaQv62_12der_verified6length13decode_length.0 iteration 6 file der-verified/src/length.rs line 101 column 5 function length::decode_length thread 0
Unwinding loop _RNvNtCsjJ4BRyaQv62_12der_verified6length13decode_length.0 iteration 7 file der-verified/src/length.rs line 101 column 5 function length::decode_length thread 0
Unwinding loop _RNvNtCsjJ4BRyaQv62_12der_verified6length13decode_length.0 iteration 8 file der-verified/src/length.rs line 101 column 5 function length::decode_length thread 0
Unwinding loop _RNvNtCsjJ4BRyaQv62_12der_verified6length13decode_length.0 iteration 9 file der-verified/src/length.rs line 101 column 5 function length::decode_length thread 0
Unwinding loop _RNvNtCsjJ4BRyaQv62_12der_verified6length13decode_length.0 iteration 10 file der-verified/src/length.rs line 101 column 5 function length::decode_length thread 0
Unwinding loop _RNvNtCsjJ4BRyaQv62_12der_verified6length13decode_length.0 iteration 11 file der-verified/src/length.rs line 101 column 5 function length::decode_length thread 0
Not unwinding loop _RNvNtCsjJ4BRyaQv62_12der_verified6length13decode_length.0 iteration 12 file der-verified/src/length.rs line 101 column 5 function length::decode_length thread 0
aborting path on assume(false) at file /home/runner/.rustup/toolchains/nightly-2025-11-21-x86_64-unknown-linux-gnu/lib/rustlib/src/rust/library/core/src/result.rs line 966 column 15 function std::result::Result::<(u32, usize), length::LengthError>::map_err::<tlv::TlvError, {closure@der-verified/src/tlv.rs:73:69: 73:72}> thread 0
aborting path on assume(false) at file /home/runner/.rustup/toolchains/nightly-2025-11-21-x86_64-unknown-linux-gnu/lib/rustlib/src/rust/library/core/src/result.rs line 2173 column 15 function <std::result::Result<(u32, usize), tlv::TlvError> as std::ops::Try>::branch thread 0
aborting path on assume(false) at file der-verified/src/lib.rs line 0 column 0 function tlv::decode_tlv thread 0
aborting path on assume(false) at file /home/runner/.rustup/toolchains/nightly-2025-11-21-x86_64-unknown-linux-gnu/lib/rustlib/src/rust/library/core/src/slice/index.rs line 435 column 5 function <std::ops::Range<usize> as std::slice::SliceIndex<[u8]>>::index thread 0
aborting path on assume(false) at file /home/runner/work/kani/kani/library/kani_core/src/models.rs line 176 column 17 function <usize as kani::rustc_intrinsics::ToISize>::to_isize thread 0
aborting path on assume(false) at file /home/runner/work/kani/kani/library/kani/src/lib.rs line 57 column 1 function <usize as kani::rustc_intrinsics::ToISize>::to_isize thread 0
aborting path on assume(false) at file /home/runner/work/kani/kani/library/kani/src/lib.rs line 57 column 1 function <usize as kani::rustc_intrinsics::ToISize>::to_isize thread 0
aborting path on assume(false) at file /home/runner/work/kani/kani/library/kani/src/lib.rs line 57 column 1 function kani::mem::cbmc::same_allocation thread 0
aborting path on assume(false) at file /home/runner/.rustup/toolchains/nightly-2025-11-21-x86_64-unknown-linux-gnu/lib/rustlib/src/rust/library/core/src/slice/index.rs line 40 column 9 function core::slice::index::slice_index_fail::do_panic::runtime thread 0
aborting path on assume(false) at file /home/runner/.rustup/toolchains/nightly-2025-11-21-x86_64-unknown-linux-gnu/lib/rustlib/src/rust/library/core/src/intrinsics/mod.rs line 2449 column 9 function core::slice::index::slice_index_fail::do_panic thread 0
aborting path on assume(false) at file /home/runner/.rustup/toolchains/nightly-2025-11-21-x86_64-unknown-linux-gnu/lib/rustlib/src/rust/library/core/src/panic.rs line 178 column 9 function core::slice::index::slice_index_fail thread 0
aborting path on assume(false) at file /home/runner/.rustup/toolchains/nightly-2025-11-21-x86_64-unknown-linux-gnu/lib/rustlib/src/rust/library/core/src/slice/index.rs line 49 column 9 function core::slice::index::slice_index_fail::do_panic::runtime thread 0
aborting path on assume(false) at file /home/runner/.rustup/toolchains/nightly-2025-11-21-x86_64-unknown-linux-gnu/lib/rustlib/src/rust/library/core/src/intrinsics/mod.rs line 2449 column 9 function core::slice::index::slice_index_fail::do_panic thread 0
aborting path on assume(false) at file /home/runner/.rustup/toolchains/nightly-2025-11-21-x86_64-unknown-linux-gnu/lib/rustlib/src/rust/library/core/src/panic.rs line 178 column 9 function core::slice::index::slice_index_fail thread 0
aborting path on assume(false) at file /home/runner/.rustup/toolchains/nightly-2025-11-21-x86_64-unknown-linux-gnu/lib/rustlib/src/rust/library/core/src/slice/index.rs line 58 column 9 function core::slice::index::slice_index_fail::do_panic::runtime thread 0
aborting path on assume(false) at file /home/runner/.rustup/toolchains/nightly-2025-11-21-x86_64-unknown-linux-gnu/lib/rustlib/src/rust/library/core/src/intrinsics/mod.rs line 2449 column 9 function core::slice::index::slice_index_fail::do_panic thread 0
aborting path on assume(false) at file /home/runner/.rustup/toolchains/nightly-2025-11-21-x86_64-unknown-linux-gnu/lib/rustlib/src/rust/library/core/src/panic.rs line 178 column 9 function core::slice::index::slice_index_fail thread 0
aborting path on assume(false) at file /home/runner/.rustup/toolchains/nightly-2025-11-21-x86_64-unknown-linux-gnu/lib/rustlib/src/rust/library/core/src/slice/index.rs line 68 column 5 function core::slice::index::slice_index_fail::do_panic::runtime thread 0
aborting path on assume(false) at file /home/runner/.rustup/toolchains/nightly-2025-11-21-x86_64-unknown-linux-gnu/lib/rustlib/src/rust/library/core/src/intrinsics/mod.rs line 2449 column 9 function core::slice::index::slice_index_fail::do_panic thread 0
aborting path on assume(false) at file /home/runner/.rustup/toolchains/nightly-2025-11-21-x86_64-unknown-linux-gnu/lib/rustlib/src/rust/library/core/src/panic.rs line 178 column 9 function core::slice::index::slice_index_fail thread 0
aborting path on assume(false) at file /home/runner/.rustup/toolchains/nightly-2025-11-21-x86_64-unknown-linux-gnu/lib/rustlib/src/rust/library/core/src/slice/index.rs line 443 column 13 function <std::ops::Range<usize> as std::slice::SliceIndex<[u8]>>::index thread 0
aborting path on assume(false) at file /home/runner/.rustup/toolchains/nightly-2025-11-21-x86_64-unknown-linux-gnu/lib/rustlib/src/rust/library/core/src/result.rs line 966 column 15 function std::result::Result::<(tlv::Tlv<'_>, usize), tlv::TlvError>::map_err::<x509_spki::SpkiError, fn(tlv::TlvError) -> x509_spki::SpkiError {x509_spki::SpkiError::BadPublicKeyTlv}> thread 0
aborting path on assume(false) at file /home/runner/.rustup/toolchains/nightly-2025-11-21-x86_64-unknown-linux-gnu/lib/rustlib/src/rust/library/core/src/result.rs line 2173 column 15 function <std::result::Result<(tlv::Tlv<'_>, usize), x509_spki::SpkiError> as std::ops::Try>::branch thread 0
aborting path on assume(false) at file der-verified/src/bit_string.rs line 106 column 33 function bit_string::decode_bit_string thread 0
aborting path on assume(false) at file /home/runner/.rustup/toolchains/nightly-2025-11-21-x86_64-unknown-linux-gnu/lib/rustlib/src/rust/library/core/src/result.rs line 966 column 15 function std::result::Result::<bit_string::BitString<'_>, bit_string::BitStringError>::map_err::<x509_spki::SpkiError, fn(bit_string::BitStringError) -> x509_spki::SpkiError {x509_spki::SpkiError::BadPublicKey}> thread 0
aborting path on assume(false) at file /home/runner/.rustup/toolchains/nightly-2025-11-21-x86_64-unknown-linux-gnu/lib/rustlib/src/rust/library/core/src/result.rs line 2173 column 15 function <std::result::Result<bit_string::BitString<'_>, x509_spki::SpkiError> as std::ops::Try>::branch thread 0
aborting path on assume(false) at file der-verified/src/lib.rs line 0 column 0 function x509_spki::decode_public_key_tlv thread 0
aborting path on assume(false) at file /home/runner/.rustup/toolchains/nightly-2025-11-21-x86_64-unknown-linux-gnu/lib/rustlib/src/rust/library/core/src/result.rs line 2173 column 15 function <std::result::Result<(bit_string::BitString<'_>, usize), x509_spki::SpkiError> as std::ops::Try>::branch thread 0
aborting path on assume(false) at file der-verified/src/lib.rs line 0 column 0 function x509_spki::parse_subject_public_key_info thread 0
aborting path on assume(false) at file /home/runner/.rustup/toolchains/nightly-2025-11-21-x86_64-unknown-linux-gnu/lib/rustlib/src/rust/library/core/src/result.rs line 966 column 15 function std::result::Result::<x509_spki::SubjectPublicKeyInfo<'_>, x509_spki::SpkiError>::map_err::<x509_tbs_certificate::TbsCertificateError, fn(x509_spki::SpkiError) -> x509_tbs_certificate::TbsCertificateError {x509_tbs_certificate::TbsCertificateError::BadSpki}> thread 0
aborting path on assume(false) at file /home/runner/.rustup/toolchains/nightly-2025-11-21-x86_64-unknown-linux-gnu/lib/rustlib/src/rust/library/core/src/result.rs line 2173 column 15 function <std::result::Result<x509_spki::SubjectPublicKeyInfo<'_>, x509_tbs_certificate::TbsCertificateError> as std::ops::Try>::branch thread 0
aborting path on assume(false) at file /home/runner/.rustup/toolchains/nightly-2025-11-21-x86_64-unknown-linux-gnu/lib/rustlib/src/rust/library/core/src/slice/index.rs line 40 column 9 function core::slice::index::slice_index_fail::do_panic::runtime thread 0
aborting path on assume(false) at file /home/runner/.rustup/toolchains/nightly-2025-11-21-x86_64-unknown-linux-gnu/lib/rustlib/src/rust/library/core/src/intrinsics/mod.rs line 2449 column 9 function core::slice::index::slice_index_fail::do_panic thread 0
aborting path on assume(false) at file /home/runner/.rustup/toolchains/nightly-2025-11-21-x86_64-unknown-linux-gnu/lib/rustlib/src/rust/library/core/src/panic.rs line 178 column 9 function core::slice::index::slice_index_fail thread 0
aborting path on assume(false) at file /home/runner/.rustup/toolchains/nightly-2025-11-21-x86_64-unknown-linux-gnu/lib/rustlib/src/rust/library/core/src/slice/index.rs line 49 column 9 function core::slice::index::slice_index_fail::do_panic::runtime thread 0
aborting path on assume(false) at file /home/runner/.rustup/toolchains/nightly-2025-11-21-x86_64-unknown-linux-gnu/lib/rustlib/src/rust/library/core/src/intrinsics/mod.rs line 2449 column 9 function core::slice::index::slice_index_fail::do_panic thread 0
aborting path on assume(false) at file /home/runner/.rustup/toolchains/nightly-2025-11-21-x86_64-unknown-linux-gnu/lib/rustlib/src/rust/library/core/src/panic.rs line 178 column 9 function core::slice::index::slice_index_fail thread 0
aborting path on assume(false) at file /home/runner/.rustup/toolchains/nightly-2025-11-21-x86_64-unknown-linux-gnu/lib/rustlib/src/rust/library/core/src/slice/index.rs line 58 column 9 function core::slice::index::slice_index_fail::do_panic::runtime thread 0
aborting path on assume(false) at file /home/runner/.rustup/toolchains/nightly-2025-11-21-x86_64-unknown-linux-gnu/lib/rustlib/src/rust/library/core/src/intrinsics/mod.rs line 2449 column 9 function core::slice::index::slice_index_fail::do_panic thread 0
aborting path on assume(false) at file /home/runner/.rustup/toolchains/nightly-2025-11-21-x86_64-unknown-linux-gnu/lib/rustlib/src/rust/library/core/src/panic.rs line 178 column 9 function core::slice::index::slice_index_fail thread 0
aborting path on assume(false) at file /home/runner/.rustup/toolchains/nightly-2025-11-21-x86_64-unknown-linux-gnu/lib/rustlib/src/rust/library/core/src/slice/index.rs line 68 column 5 function core::slice::index::slice_index_fail::do_panic::runtime thread 0
aborting path on assume(false) at file /home/runner/.rustup/toolchains/nightly-2025-11-21-x86_64-unknown-linux-gnu/lib/rustlib/src/rust/library/core/src/intrinsics/mod.rs line 2449 column 9 function core::slice::index::slice_index_fail::do_panic thread 0
aborting path on assume(false) at file /home/runner/.rustup/toolchains/nightly-2025-11-21-x86_64-unknown-linux-gnu/lib/rustlib/src/rust/library/core/src/panic.rs line 178 column 9 function core::slice::index::slice_index_fail thread 0
aborting path on assume(false) at file /home/runner/.rustup/toolchains/nightly-2025-11-21-x86_64-unknown-linux-gnu/lib/rustlib/src/rust/library/core/src/slice/index.rs line 569 column 13 function <std::ops::RangeFrom<usize> as std::slice::SliceIndex<[u8]>>::index thread 0
aborting path on assume(false) at file /home/runner/work/kani/kani/library/kani_core/src/models.rs line 176 column 17 function <usize as kani::rustc_intrinsics::ToISize>::to_isize thread 0
aborting path on assume(false) at file /home/runner/work/kani/kani/library/kani/src/lib.rs line 57 column 1 function <usize as kani::rustc_intrinsics::ToISize>::to_isize thread 0
aborting path on assume(false) at file /home/runner/work/kani/kani/library/kani/src/lib.rs line 57 column 1 function <usize as kani::rustc_intrinsics::ToISize>::to_isize thread 0
aborting path on assume(false) at file /home/runner/work/kani/kani/library/kani/src/lib.rs line 57 column 1 function kani::mem::cbmc::same_allocation thread 0
aborting path on assume(false) at file /home/runner/.rustup/toolchains/nightly-2025-11-21-x86_64-unknown-linux-gnu/lib/rustlib/src/rust/library/core/src/slice/index.rs line 40 column 9 function core::slice::index::slice_index_fail::do_panic::runtime thread 0
aborting path on assume(false) at file /home/runner/.rustup/toolchains/nightly-2025-11-21-x86_64-unknown-linux-gnu/lib/rustlib/src/rust/library/core/src/intrinsics/mod.rs line 2449 column 9 function core::slice::index::slice_index_fail::do_panic thread 0
aborting path on assume(false) at file /home/runner/.rustup/toolchains/nightly-2025-11-21-x86_64-unknown-linux-gnu/lib/rustlib/src/rust/library/core/src/panic.rs line 178 column 9 function core::slice::index::slice_index_fail thread 0
aborting path on assume(false) at file /home/runner/.rustup/toolchains/nightly-2025-11-21-x86_64-unknown-linux-gnu/lib/rustlib/src/rust/library/core/src/slice/index.rs line 49 column 9 function core::slice::index::slice_index_fail::do_panic::runtime thread 0
aborting path on assume(false) at file /home/runner/.rustup/toolchains/nightly-2025-11-21-x86_64-unknown-linux-gnu/lib/rustlib/src/rust/library/core/src/intrinsics/mod.rs line 2449 column 9 function core::slice::index::slice_index_fail::do_panic thread 0
aborting path on assume(false) at file /home/runner/.rustup/toolchains/nightly-2025-11-21-x86_64-unknown-linux-gnu/lib/rustlib/src/rust/library/core/src/panic.rs line 178 column 9 function core::slice::index::slice_index_fail thread 0
aborting path on assume(false) at file /home/runner/.rustup/toolchains/nightly-2025-11-21-x86_64-unknown-linux-gnu/lib/rustlib/src/rust/library/core/src/slice/index.rs line 58 column 9 function core::slice::index::slice_index_fail::do_panic::runtime thread 0
aborting path on assume(false) at file /home/runner/.rustup/toolchains/nightly-2025-11-21-x86_64-unknown-linux-gnu/lib/rustlib/src/rust/library/core/src/intrinsics/mod.rs line 2449 column 9 function core::slice::index::slice_index_fail::do_panic thread 0
aborting path on assume(false) at file /home/runner/.rustup/toolchains/nightly-2025-11-21-x86_64-unknown-linux-gnu/lib/rustlib/src/rust/library/core/src/panic.rs line 178 column 9 function core::slice::index::slice_index_fail thread 0
aborting path on assume(false) at file /home/runner/.rustup/toolchains/nightly-2025-11-21-x86_64-unknown-linux-gnu/lib/rustlib/src/rust/library/core/src/slice/index.rs line 68 column 5 function core::slice::index::slice_index_fail::do_panic::runtime thread 0
aborting path on assume(false) at file /home/runner/.rustup/toolchains/nightly-2025-11-21-x86_64-unknown-linux-gnu/lib/rustlib/src/rust/library/core/src/intrinsics/mod.rs line 2449 column 9 function core::slice::index::slice_index_fail::do_panic thread 0
aborting path on assume(false) at file /home/runner/.rustup/toolchains/nightly-2025-11-21-x86_64-unknown-linux-gnu/lib/rustlib/src/rust/library/core/src/panic.rs line 178 column 9 function core::slice::index::slice_index_fail thread 0
aborting path on assume(false) at file /home/runner/.rustup/toolchains/nightly-2025-11-21-x86_64-unknown-linux-gnu/lib/rustlib/src/rust/library/core/src/slice/index.rs line 569 column 13 function <std::ops::RangeFrom<usize> as std::slice::SliceIndex<[u8]>>::index thread 0
aborting path on assume(false) at file /home/runner/work/kani/kani/library/kani_core/src/models.rs line 176 column 17 function <usize as kani::rustc_intrinsics::ToISize>::to_isize thread 0
aborting path on assume(false) at file /home/runner/work/kani/kani/library/kani/src/lib.rs line 57 column 1 function <usize as kani::rustc_intrinsics::ToISize>::to_isize thread 0
aborting path on assume(false) at file /home/runner/work/kani/kani/library/kani/src/lib.rs line 57 column 1 function <usize as kani::rustc_intrinsics::ToISize>::to_isize thread 0
aborting path on assume(false) at file /home/runner/work/kani/kani/library/kani/src/lib.rs line 57 column 1 function kani::mem::cbmc::same_allocation thread 0
Unwinding loop _RNvNtCsjJ4BRyaQv62_12der_verified3tag10decode_tag.0 iteration 1 file der-verified/src/tag.rs line 137 column 49 function tag::decode_tag thread 0
Unwinding loop _RNvNtCsjJ4BRyaQv62_12der_verified3tag10decode_tag.0 iteration 2 file der-verified/src/tag.rs line 137 column 49 function tag::decode_tag thread 0
Unwinding loop _RNvNtCsjJ4BRyaQv62_12der_verified3tag10decode_tag.0 iteration 3 file der-verified/src/tag.rs line 137 column 49 function tag::decode_tag thread 0
Unwinding loop _RNvNtCsjJ4BRyaQv62_12der_verified3tag10decode_tag.0 iteration 4 file der-verified/src/tag.rs line 137 column 49 function tag::decode_tag thread 0
Unwinding loop _RNvNtCsjJ4BRyaQv62_12der_verified3tag10decode_tag.0 iteration 5 file der-verified/src/tag.rs line 137 column 49 function tag::decode_tag thread 0
Unwinding loop _RNvNtCsjJ4BRyaQv62_12der_verified3tag10decode_tag.0 iteration 6 file der-verified/src/tag.rs line 137 column 49 function tag::decode_tag thread 0
Unwinding loop _RNvNtCsjJ4BRyaQv62_12der_verified3tag10decode_tag.0 iteration 7 file der-verified/src/tag.rs line 137 column 49 function tag::decode_tag thread 0
Unwinding loop _RNvNtCsjJ4BRyaQv62_12der_verified3tag10decode_tag.0 iteration 8 file der-verified/src/tag.rs line 137 column 49 function tag::decode_tag thread 0
Unwinding loop _RNvNtCsjJ4BRyaQv62_12der_verified3tag10decode_tag.0 iteration 9 file der-verified/src/tag.rs line 137 column 49 function tag::decode_tag thread 0
Unwinding loop _RNvNtCsjJ4BRyaQv62_12der_verified3tag10decode_tag.0 iteration 10 file der-verified/src/tag.rs line 137 column 49 function tag::decode_tag thread 0
Unwinding loop _RNvNtCsjJ4BRyaQv62_12der_verified3tag10decode_tag.0 iteration 11 file der-verified/src/tag.rs line 137 column 49 function tag::decode_tag thread 0
Not unwinding loop _RNvNtCsjJ4BRyaQv62_12der_verified3tag10decode_tag.0 iteration 12 file der-verified/src/tag.rs line 137 column 49 function tag::decode_tag thread 0
aborting path on assume(false) at file /home/runner/.rustup/toolchains/nightly-2025-11-21-x86_64-unknown-linux-gnu/lib/rustlib/src/rust/library/core/src/result.rs line 2173 column 15 function <std::result::Result<(u32, usize), tag::TagError> as std::ops::Try>::branch thread 0
aborting path on assume(false) at file der-verified/src/lib.rs line 0 column 0 function tag::decode_tag thread 0
aborting path on assume(false) at file /home/runner/.rustup/toolchains/nightly-2025-11-21-x86_64-unknown-linux-gnu/lib/rustlib/src/rust/library/core/src/result.rs line 966 column 15 function std::result::Result::<(tag::Tag, usize), tag::TagError>::map_err::<tlv::TlvError, {closure@der-verified/src/tlv.rs:71:51: 71:54}> thread 0
aborting path on assume(false) at file /home/runner/.rustup/toolchains/nightly-2025-11-21-x86_64-unknown-linux-gnu/lib/rustlib/src/rust/library/core/src/result.rs line 2173 column 15 function <std::result::Result<(tag::Tag, usize), tlv::TlvError> as std::ops::Try>::branch thread 0
aborting path on assume(false) at file /home/runner/.rustup/toolchains/nightly-2025-11-21-x86_64-unknown-linux-gnu/lib/rustlib/src/rust/library/core/src/slice/index.rs line 40 column 9 function core::slice::index::slice_index_fail::do_panic::runtime thread 0
aborting path on assume(false) at file /home/runner/.rustup/toolchains/nightly-2025-11-21-x86_64-unknown-linux-gnu/lib/rustlib/src/rust/library/core/src/intrinsics/mod.rs line 2449 column 9 function core::slice::index::slice_index_fail::do_panic thread 0
aborting path on assume(false) at file /home/runner/.rustup/toolchains/nightly-2025-11-21-x86_64-unknown-linux-gnu/lib/rustlib/src/rust/library/core/src/panic.rs line 178 column 9 function core::slice::index::slice_index_fail thread 0
aborting path on assume(false) at file /home/runner/.rustup/toolchains/nightly-2025-11-21-x86_64-unknown-linux-gnu/lib/rustlib/src/rust/library/core/src/slice/index.rs line 49 column 9 function core::slice::index::slice_index_fail::do_panic::runtime thread 0
aborting path on assume(false) at file /home/runner/.rustup/toolchains/nightly-2025-11-21-x86_64-unknown-linux-gnu/lib/rustlib/src/rust/library/core/src/intrinsics/mod.rs line 2449 column 9 function core::slice::index::slice_index_fail::do_panic thread 0
aborting path on assume(false) at file /home/runner/.rustup/toolchains/nightly-2025-11-21-x86_64-unknown-linux-gnu/lib/rustlib/src/rust/library/core/src/panic.rs line 178 column 9 function core::slice::index::slice_index_fail thread 0
aborting path on assume(false) at file /home/runner/.rustup/toolchains/nightly-2025-11-21-x86_64-unknown-linux-gnu/lib/rustlib/src/rust/library/core/src/slice/index.rs line 58 column 9 function core::slice::index::slice_index_fail::do_panic::runtime thread 0
aborting path on assume(false) at file /home/runner/.rustup/toolchains/nightly-2025-11-21-x86_64-unknown-linux-gnu/lib/rustlib/src/rust/library/core/src/intrinsics/mod.rs line 2449 column 9 function core::slice::index::slice_index_fail::do_panic thread 0
aborting path on assume(false) at file /home/runner/.rustup/toolchains/nightly-2025-11-21-x86_64-unknown-linux-gnu/lib/rustlib/src/rust/library/core/src/panic.rs line 178 column 9 function core::slice::index::slice_index_fail thread 0
aborting path on assume(false) at file /home/runner/.rustup/toolchains/nightly-2025-11-21-x86_64-unknown-linux-gnu/lib/rustlib/src/rust/library/core/src/slice/index.rs line 68 column 5 function core::slice::index::slice_index_fail::do_panic::runtime thread 0
aborting path on assume(false) at file /home/runner/.rustup/toolchains/nightly-2025-11-21-x86_64-unknown-linux-gnu/lib/rustlib/src/rust/library/core/src/intrinsics/mod.rs line 2449 column 9 function core::slice::index::slice_index_fail::do_panic thread 0
aborting path on assume(false) at file /home/runner/.rustup/toolchains/nightly-2025-11-21-x86_64-unknown-linux-gnu/lib/rustlib/src/rust/library/core/src/panic.rs line 178 column 9 function core::slice::index::slice_index_fail thread 0
aborting path on assume(false) at file /home/runner/.rustup/toolchains/nightly-2025-11-21-x86_64-unknown-linux-gnu/lib/rustlib/src/rust/library/core/src/slice/index.rs line 569 column 13 function <std::ops::RangeFrom<usize> as std::slice::SliceIndex<[u8]>>::index thread 0
aborting path on assume(false) at file /home/runner/work/kani/kani/library/kani_core/src/models.rs line 176 column 17 function <usize as kani::rustc_intrinsics::ToISize>::to_isize thread 0
aborting path on assume(false) at file /home/runner/work/kani/kani/library/kani/src/lib.rs line 57 column 1 function <usize as kani::rustc_intrinsics::ToISize>::to_isize thread 0
aborting path on assume(false) at file /home/runner/work/kani/kani/library/kani/src/lib.rs line 57 column 1 function <usize as kani::rustc_intrinsics::ToISize>::to_isize thread 0
aborting path on assume(false) at file /home/runner/work/kani/kani/library/kani/src/lib.rs line 57 column 1 function kani::mem::cbmc::same_allocation thread 0
aborting path on assume(false) at file der-verified/src/length.rs line 75 column 23 function length::decode_length thread 0
aborting path on assume(false) at file /home/runner/.rustup/toolchains/nightly-2025-11-21-x86_64-unknown-linux-gnu/lib/rustlib/src/rust/library/core/src/slice/index.rs line 435 column 5 function <std::ops::Range<usize> as std::slice::SliceIndex<[u8]>>::index thread 0
aborting path on assume(false) at file /home/runner/work/kani/kani/library/kani/src/lib.rs line 57 column 1 function kani::mem::cbmc::same_allocation thread 0
aborting path on assume(false) at file /home/runner/.rustup/toolchains/nightly-2025-11-21-x86_64-unknown-linux-gnu/lib/rustlib/src/rust/library/core/src/slice/index.rs line 40 column 9 function core::slice::index::slice_index_fail::do_panic::runtime thread 0
aborting path on assume(false) at file /home/runner/.rustup/toolchains/nightly-2025-11-21-x86_64-unknown-linux-gnu/lib/rustlib/src/rust/library/core/src/intrinsics/mod.rs line 2449 column 9 function core::slice::index::slice_index_fail::do_panic thread 0
aborting path on assume(false) at file /home/runner/.rustup/toolchains/nightly-2025-11-21-x86_64-unknown-linux-gnu/lib/rustlib/src/rust/library/core/src/panic.rs line 178 column 9 function core::slice::index::slice_index_fail thread 0
aborting path on assume(false) at file /home/runner/.rustup/toolchains/nightly-2025-11-21-x86_64-unknown-linux-gnu/lib/rustlib/src/rust/library/core/src/slice/index.rs line 49 column 9 function core::slice::index::slice_index_fail::do_panic::runtime thread 0
aborting path on assume(false) at file /home/runner/.rustup/toolchains/nightly-2025-11-21-x86_64-unknown-linux-gnu/lib/rustlib/src/rust/library/core/src/intrinsics/mod.rs line 2449 column 9 function core::slice::index::slice_index_fail::do_panic thread 0
aborting path on assume(false) at file /home/runner/.rustup/toolchains/nightly-2025-11-21-x86_64-unknown-linux-gnu/lib/rustlib/src/rust/library/core/src/panic.rs line 178 column 9 function core::slice::index::slice_index_fail thread 0
aborting path on assume(false) at file /home/runner/.rustup/toolchains/nightly-2025-11-21-x86_64-unknown-linux-gnu/lib/rustlib/src/rust/library/core/src/slice/index.rs line 58 column 9 function core::slice::index::slice_index_fail::do_panic::runtime thread 0
aborting path on assume(false) at file /home/runner/.rustup/toolchains/nightly-2025-11-21-x86_64-unknown-linux-gnu/lib/rustlib/src/rust/library/core/src/intrinsics/mod.rs line 2449 column 9 function core::slice::index::slice_index_fail::do_panic thread 0
aborting path on assume(false) at file /home/runner/.rustup/toolchains/nightly-2025-11-21-x86_64-unknown-linux-gnu/lib/rustlib/src/rust/library/core/src/panic.rs line 178 column 9 function core::slice::index::slice_index_fail thread 0
aborting path on assume(false) at file /home/runner/.rustup/toolchains/nightly-2025-11-21-x86_64-unknown-linux-gnu/lib/rustlib/src/rust/library/core/src/slice/index.rs line 68 column 5 function core::slice::index::slice_index_fail::do_panic::runtime thread 0
aborting path on assume(false) at file /home/runner/.rustup/toolchains/nightly-2025-11-21-x86_64-unknown-linux-gnu/lib/rustlib/src/rust/library/core/src/intrinsics/mod.rs line 2449 column 9 function core::slice::index::slice_index_fail::do_panic thread 0
aborting path on assume(false) at file /home/runner/.rustup/toolchains/nightly-2025-11-21-x86_64-unknown-linux-gnu/lib/rustlib/src/rust/library/core/src/panic.rs line 178 column 9 function core::slice::index::slice_index_fail thread 0
aborting path on assume(false) at file /home/runner/.rustup/toolchains/nightly-2025-11-21-x86_64-unknown-linux-gnu/lib/rustlib/src/rust/library/core/src/slice/index.rs line 443 column 13 function <std::ops::Range<usize> as std::slice::SliceIndex<[u8]>>::index thread 0
Unwinding loop _RNvNtCsjJ4BRyaQv62_12der_verified6length13decode_length.0 iteration 1 file der-verified/src/length.rs line 101 column 5 function length::decode_length thread 0
Unwinding loop _RNvNtCsjJ4BRyaQv62_12der_verified6length13decode_length.0 iteration 2 file der-verified/src/length.rs line 101 column 5 function length::decode_length thread 0
Unwinding loop _RNvNtCsjJ4BRyaQv62_12der_verified6length13decode_length.0 iteration 3 file der-verified/src/length.rs line 101 column 5 function length::decode_length thread 0
Unwinding loop _RNvNtCsjJ4BRyaQv62_12der_verified6length13decode_length.0 iteration 4 file der-verified/src/length.rs line 101 column 5 function length::decode_length thread 0
Unwinding loop _RNvNtCsjJ4BRyaQv62_12der_verified6length13decode_length.0 iteration 5 file der-verified/src/length.rs line 101 column 5 function length::decode_length thread 0
Unwinding loop _RNvNtCsjJ4BRyaQv62_12der_verified6length13decode_length.0 iteration 6 file der-verified/src/length.rs line 101 column 5 function length::decode_length thread 0
Unwinding loop _RNvNtCsjJ4BRyaQv62_12der_verified6length13decode_length.0 iteration 7 file der-verified/src/length.rs line 101 column 5 function length::decode_length thread 0
Unwinding loop _RNvNtCsjJ4BRyaQv62_12der_verified6length13decode_length.0 iteration 8 file der-verified/src/length.rs line 101 column 5 function length::decode_length thread 0
Unwinding loop _RNvNtCsjJ4BRyaQv62_12der_verified6length13decode_length.0 iteration 9 file der-verified/src/length.rs line 101 column 5 function length::decode_length thread 0
Unwinding loop _RNvNtCsjJ4BRyaQv62_12der_verified6length13decode_length.0 iteration 10 file der-verified/src/length.rs line 101 column 5 function length::decode_length thread 0
Unwinding loop _RNvNtCsjJ4BRyaQv62_12der_verified6length13decode_length.0 iteration 11 file der-verified/src/length.rs line 101 column 5 function length::decode_length thread 0
Not unwinding loop _RNvNtCsjJ4BRyaQv62_12der_verified6length13decode_length.0 iteration 12 file der-verified/src/length.rs line 101 column 5 function length::decode_length thread 0
aborting path on assume(false) at file /home/runner/.rustup/toolchains/nightly-2025-11-21-x86_64-unknown-linux-gnu/lib/rustlib/src/rust/library/core/src/result.rs line 966 column 15 function std::result::Result::<(u32, usize), length::LengthError>::map_err::<tlv::TlvError, {closure@der-verified/src/tlv.rs:73:69: 73:72}> thread 0
aborting path on assume(false) at file /home/runner/.rustup/toolchains/nightly-2025-11-21-x86_64-unknown-linux-gnu/lib/rustlib/src/rust/library/core/src/result.rs line 2173 column 15 function <std::result::Result<(u32, usize), tlv::TlvError> as std::ops::Try>::branch thread 0
aborting path on assume(false) at file der-verified/src/lib.rs line 0 column 0 function tlv::decode_tlv thread 0
aborting path on assume(false) at file /home/runner/.rustup/toolchains/nightly-2025-11-21-x86_64-unknown-linux-gnu/lib/rustlib/src/rust/library/core/src/slice/index.rs line 435 column 5 function <std::ops::Range<usize> as std::slice::SliceIndex<[u8]>>::index thread 0
aborting path on assume(false) at file /home/runner/work/kani/kani/library/kani_core/src/models.rs line 176 column 17 function <usize as kani::rustc_intrinsics::ToISize>::to_isize thread 0
aborting path on assume(false) at file /home/runner/work/kani/kani/library/kani/src/lib.rs line 57 column 1 function <usize as kani::rustc_intrinsics::ToISize>::to_isize thread 0
aborting path on assume(false) at file /home/runner/work/kani/kani/library/kani/src/lib.rs line 57 column 1 function <usize as kani::rustc_intrinsics::ToISize>::to_isize thread 0
aborting path on assume(false) at file /home/runner/work/kani/kani/library/kani/src/lib.rs line 57 column 1 function kani::mem::cbmc::same_allocation thread 0
aborting path on assume(false) at file /home/runner/.rustup/toolchains/nightly-2025-11-21-x86_64-unknown-linux-gnu/lib/rustlib/src/rust/library/core/src/slice/index.rs line 40 column 9 function core::slice::index::slice_index_fail::do_panic::runtime thread 0
aborting path on assume(false) at file /home/runner/.rustup/toolchains/nightly-2025-11-21-x86_64-unknown-linux-gnu/lib/rustlib/src/rust/library/core/src/intrinsics/mod.rs line 2449 column 9 function core::slice::index::slice_index_fail::do_panic thread 0
aborting path on assume(false) at file /home/runner/.rustup/toolchains/nightly-2025-11-21-x86_64-unknown-linux-gnu/lib/rustlib/src/rust/library/core/src/panic.rs line 178 column 9 function core::slice::index::slice_index_fail thread 0
aborting path on assume(false) at file /home/runner/.rustup/toolchains/nightly-2025-11-21-x86_64-unknown-linux-gnu/lib/rustlib/src/rust/library/core/src/slice/index.rs line 49 column 9 function core::slice::index::slice_index_fail::do_panic::runtime thread 0
aborting path on assume(false) at file /home/runner/.rustup/toolchains/nightly-2025-11-21-x86_64-unknown-linux-gnu/lib/rustlib/src/rust/library/core/src/intrinsics/mod.rs line 2449 column 9 function core::slice::index::slice_index_fail::do_panic thread 0
aborting path on assume(false) at file /home/runner/.rustup/toolchains/nightly-2025-11-21-x86_64-unknown-linux-gnu/lib/rustlib/src/rust/library/core/src/panic.rs line 178 column 9 function core::slice::index::slice_index_fail thread 0
aborting path on assume(false) at file /home/runner/.rustup/toolchains/nightly-2025-11-21-x86_64-unknown-linux-gnu/lib/rustlib/src/rust/library/core/src/slice/index.rs line 58 column 9 function core::slice::index::slice_index_fail::do_panic::runtime thread 0
aborting path on assume(false) at file /home/runner/.rustup/toolchains/nightly-2025-11-21-x86_64-unknown-linux-gnu/lib/rustlib/src/rust/library/core/src/intrinsics/mod.rs line 2449 column 9 function core::slice::index::slice_index_fail::do_panic thread 0
aborting path on assume(false) at file /home/runner/.rustup/toolchains/nightly-2025-11-21-x86_64-unknown-linux-gnu/lib/rustlib/src/rust/library/core/src/panic.rs line 178 column 9 function core::slice::index::slice_index_fail thread 0
aborting path on assume(false) at file /home/runner/.rustup/toolchains/nightly-2025-11-21-x86_64-unknown-linux-gnu/lib/rustlib/src/rust/library/core/src/slice/index.rs line 68 column 5 function core::slice::index::slice_index_fail::do_panic::runtime thread 0
aborting path on assume(false) at file /home/runner/.rustup/toolchains/nightly-2025-11-21-x86_64-unknown-linux-gnu/lib/rustlib/src/rust/library/core/src/intrinsics/mod.rs line 2449 column 9 function core::slice::index::slice_index_fail::do_panic thread 0
aborting path on assume(false) at file /home/runner/.rustup/toolchains/nightly-2025-11-21-x86_64-unknown-linux-gnu/lib/rustlib/src/rust/library/core/src/panic.rs line 178 column 9 function core::slice::index::slice_index_fail thread 0
aborting path on assume(false) at file /home/runner/.rustup/toolchains/nightly-2025-11-21-x86_64-unknown-linux-gnu/lib/rustlib/src/rust/library/core/src/slice/index.rs line 443 column 13 function <std::ops::Range<usize> as std::slice::SliceIndex<[u8]>>::index thread 0
aborting path on assume(false) at file /home/runner/.rustup/toolchains/nightly-2025-11-21-x86_64-unknown-linux-gnu/lib/rustlib/src/rust/library/core/src/slice/index.rs line 40 column 9 function core::slice::index::slice_index_fail::do_panic::runtime thread 0
aborting path on assume(false) at file /home/runner/.rustup/toolchains/nightly-2025-11-21-x86_64-unknown-linux-gnu/lib/rustlib/src/rust/library/core/src/intrinsics/mod.rs line 2449 column 9 function core::slice::index::slice_index_fail::do_panic thread 0
aborting path on assume(false) at file /home/runner/.rustup/toolchains/nightly-2025-11-21-x86_64-unknown-linux-gnu/lib/rustlib/src/rust/library/core/src/panic.rs line 178 column 9 function core::slice::index::slice_index_fail thread 0
aborting path on assume(false) at file /home/runner/.rustup/toolchains/nightly-2025-11-21-x86_64-unknown-linux-gnu/lib/rustlib/src/rust/library/core/src/slice/index.rs line 49 column 9 function core::slice::index::slice_index_fail::do_panic::runtime thread 0
aborting path on assume(false) at file /home/runner/.rustup/toolchains/nightly-2025-11-21-x86_64-unknown-linux-gnu/lib/rustlib/src/rust/library/core/src/intrinsics/mod.rs line 2449 column 9 function core::slice::index::slice_index_fail::do_panic thread 0
aborting path on assume(false) at file /home/runner/.rustup/toolchains/nightly-2025-11-21-x86_64-unknown-linux-gnu/lib/rustlib/src/rust/library/core/src/panic.rs line 178 column 9 function core::slice::index::slice_index_fail thread 0
aborting path on assume(false) at file /home/runner/.rustup/toolchains/nightly-2025-11-21-x86_64-unknown-linux-gnu/lib/rustlib/src/rust/library/core/src/slice/index.rs line 58 column 9 function core::slice::index::slice_index_fail::do_panic::runtime thread 0
aborting path on assume(false) at file /home/runner/.rustup/toolchains/nightly-2025-11-21-x86_64-unknown-linux-gnu/lib/rustlib/src/rust/library/core/src/intrinsics/mod.rs line 2449 column 9 function core::slice::index::slice_index_fail::do_panic thread 0
aborting path on assume(false) at file /home/runner/.rustup/toolchains/nightly-2025-11-21-x86_64-unknown-linux-gnu/lib/rustlib/src/rust/library/core/src/panic.rs line 178 column 9 function core::slice::index::slice_index_fail thread 0
aborting path on assume(false) at file /home/runner/.rustup/toolchains/nightly-2025-11-21-x86_64-unknown-linux-gnu/lib/rustlib/src/rust/library/core/src/slice/index.rs line 68 column 5 function core::slice::index::slice_index_fail::do_panic::runtime thread 0
aborting path on assume(false) at file /home/runner/.rustup/toolchains/nightly-2025-11-21-x86_64-unknown-linux-gnu/lib/rustlib/src/rust/library/core/src/intrinsics/mod.rs line 2449 column 9 function core::slice::index::slice_index_fail::do_panic thread 0
aborting path on assume(false) at file /home/runner/.rustup/toolchains/nightly-2025-11-21-x86_64-unknown-linux-gnu/lib/rustlib/src/rust/library/core/src/panic.rs line 178 column 9 function core::slice::index::slice_index_fail thread 0
aborting path on assume(false) at file /home/runner/.rustup/toolchains/nightly-2025-11-21-x86_64-unknown-linux-gnu/lib/rustlib/src/rust/library/core/src/slice/index.rs line 569 column 13 function <std::ops::RangeFrom<usize> as std::slice::SliceIndex<[u8]>>::index thread 0
aborting path on assume(false) at file /home/runner/work/kani/kani/library/kani_core/src/models.rs line 176 column 17 function <usize as kani::rustc_intrinsics::ToISize>::to_isize thread 0
aborting path on assume(false) at file /home/runner/work/kani/kani/library/kani/src/lib.rs line 57 column 1 function <usize as kani::rustc_intrinsics::ToISize>::to_isize thread 0
aborting path on assume(false) at file /home/runner/work/kani/kani/library/kani/src/lib.rs line 57 column 1 function <usize as kani::rustc_intrinsics::ToISize>::to_isize thread 0
aborting path on assume(false) at file /home/runner/work/kani/kani/library/kani/src/lib.rs line 57 column 1 function kani::mem::cbmc::same_allocation thread 0
aborting path on assume(false) at file /home/runner/.rustup/toolchains/nightly-2025-11-21-x86_64-unknown-linux-gnu/lib/rustlib/src/rust/library/core/src/slice/index.rs line 40 column 9 function core::slice::index::slice_index_fail::do_panic::runtime thread 0
aborting path on assume(false) at file /home/runner/.rustup/toolchains/nightly-2025-11-21-x86_64-unknown-linux-gnu/lib/rustlib/src/rust/library/core/src/intrinsics/mod.rs line 2449 column 9 function core::slice::index::slice_index_fail::do_panic thread 0
aborting path on assume(false) at file /home/runner/.rustup/toolchains/nightly-2025-11-21-x86_64-unknown-linux-gnu/lib/rustlib/src/rust/library/core/src/panic.rs line 178 column 9 function core::slice::index::slice_index_fail thread 0
aborting path on assume(false) at file /home/runner/.rustup/toolchains/nightly-2025-11-21-x86_64-unknown-linux-gnu/lib/rustlib/src/rust/library/core/src/slice/index.rs line 49 column 9 function core::slice::index::slice_index_fail::do_panic::runtime thread 0
aborting path on assume(false) at file /home/runner/.rustup/toolchains/nightly-2025-11-21-x86_64-unknown-linux-gnu/lib/rustlib/src/rust/library/core/src/intrinsics/mod.rs line 2449 column 9 function core::slice::index::slice_index_fail::do_panic thread 0
aborting path on assume(false) at file /home/runner/.rustup/toolchains/nightly-2025-11-21-x86_64-unknown-linux-gnu/lib/rustlib/src/rust/library/core/src/panic.rs line 178 column 9 function core::slice::index::slice_index_fail thread 0
aborting path on assume(false) at file /home/runner/.rustup/toolchains/nightly-2025-11-21-x86_64-unknown-linux-gnu/lib/rustlib/src/rust/library/core/src/slice/index.rs line 58 column 9 function core::slice::index::slice_index_fail::do_panic::runtime thread 0
aborting path on assume(false) at file /home/runner/.rustup/toolchains/nightly-2025-11-21-x86_64-unknown-linux-gnu/lib/rustlib/src/rust/library/core/src/intrinsics/mod.rs line 2449 column 9 function core::slice::index::slice_index_fail::do_panic thread 0
aborting path on assume(false) at file /home/runner/.rustup/toolchains/nightly-2025-11-21-x86_64-unknown-linux-gnu/lib/rustlib/src/rust/library/core/src/panic.rs line 178 column 9 function core::slice::index::slice_index_fail thread 0
aborting path on assume(false) at file /home/runner/.rustup/toolchains/nightly-2025-11-21-x86_64-unknown-linux-gnu/lib/rustlib/src/rust/library/core/src/slice/index.rs line 68 column 5 function core::slice::index::slice_index_fail::do_panic::runtime thread 0
aborting path on assume(false) at file /home/runner/.rustup/toolchains/nightly-2025-11-21-x86_64-unknown-linux-gnu/lib/rustlib/src/rust/library/core/src/intrinsics/mod.rs line 2449 column 9 function core::slice::index::slice_index_fail::do_panic thread 0
aborting path on assume(false) at file /home/runner/.rustup/toolchains/nightly-2025-11-21-x86_64-unknown-linux-gnu/lib/rustlib/src/rust/library/core/src/panic.rs line 178 column 9 function core::slice::index::slice_index_fail thread 0
aborting path on assume(false) at file /home/runner/.rustup/toolchains/nightly-2025-11-21-x86_64-unknown-linux-gnu/lib/rustlib/src/rust/library/core/src/slice/index.rs line 569 column 13 function <std::ops::RangeFrom<usize> as std::slice::SliceIndex<[u8]>>::index thread 0
aborting path on assume(false) at file /home/runner/work/kani/kani/library/kani_core/src/models.rs line 176 column 17 function <usize as kani::rustc_intrinsics::ToISize>::to_isize thread 0
aborting path on assume(false) at file /home/runner/work/kani/kani/library/kani/src/lib.rs line 57 column 1 function <usize as kani::rustc_intrinsics::ToISize>::to_isize thread 0
aborting path on assume(false) at file /home/runner/work/kani/kani/library/kani/src/lib.rs line 57 column 1 function <usize as kani::rustc_intrinsics::ToISize>::to_isize thread 0
aborting path on assume(false) at file /home/runner/work/kani/kani/library/kani/src/lib.rs line 57 column 1 function kani::mem::cbmc::same_allocation thread 0
Unwinding loop _RNvNtCsjJ4BRyaQv62_12der_verified3tag10decode_tag.0 iteration 1 file der-verified/src/tag.rs line 137 column 49 function tag::decode_tag thread 0
Unwinding loop _RNvNtCsjJ4BRyaQv62_12der_verified3tag10decode_tag.0 iteration 2 file der-verified/src/tag.rs line 137 column 49 function tag::decode_tag thread 0
Unwinding loop _RNvNtCsjJ4BRyaQv62_12der_verified3tag10decode_tag.0 iteration 3 file der-verified/src/tag.rs line 137 column 49 function tag::decode_tag thread 0
Unwinding loop _RNvNtCsjJ4BRyaQv62_12der_verified3tag10decode_tag.0 iteration 4 file der-verified/src/tag.rs line 137 column 49 function tag::decode_tag thread 0
Unwinding loop _RNvNtCsjJ4BRyaQv62_12der_verified3tag10decode_tag.0 iteration 5 file der-verified/src/tag.rs line 137 column 49 function tag::decode_tag thread 0
Unwinding loop _RNvNtCsjJ4BRyaQv62_12der_verified3tag10decode_tag.0 iteration 6 file der-verified/src/tag.rs line 137 column 49 function tag::decode_tag thread 0
Unwinding loop _RNvNtCsjJ4BRyaQv62_12der_verified3tag10decode_tag.0 iteration 7 file der-verified/src/tag.rs line 137 column 49 function tag::decode_tag thread 0
Unwinding loop _RNvNtCsjJ4BRyaQv62_12der_verified3tag10decode_tag.0 iteration 8 file der-verified/src/tag.rs line 137 column 49 function tag::decode_tag thread 0
Unwinding loop _RNvNtCsjJ4BRyaQv62_12der_verified3tag10decode_tag.0 iteration 9 file der-verified/src/tag.rs line 137 column 49 function tag::decode_tag thread 0
Unwinding loop _RNvNtCsjJ4BRyaQv62_12der_verified3tag10decode_tag.0 iteration 10 file der-verified/src/tag.rs line 137 column 49 function tag::decode_tag thread 0
Unwinding loop _RNvNtCsjJ4BRyaQv62_12der_verified3tag10decode_tag.0 iteration 11 file der-verified/src/tag.rs line 137 column 49 function tag::decode_tag thread 0
Not unwinding loop _RNvNtCsjJ4BRyaQv62_12der_verified3tag10decode_tag.0 iteration 12 file der-verified/src/tag.rs line 137 column 49 function tag::decode_tag thread 0
aborting path on assume(false) at file /home/runner/.rustup/toolchains/nightly-2025-11-21-x86_64-unknown-linux-gnu/lib/rustlib/src/rust/library/core/src/result.rs line 2173 column 15 function <std::result::Result<(u32, usize), tag::TagError> as std::ops::Try>::branch thread 0
aborting path on assume(false) at file der-verified/src/lib.rs line 0 column 0 function tag::decode_tag thread 0
aborting path on assume(false) at file /home/runner/.rustup/toolchains/nightly-2025-11-21-x86_64-unknown-linux-gnu/lib/rustlib/src/rust/library/core/src/result.rs line 966 column 15 function std::result::Result::<(tag::Tag, usize), tag::TagError>::map_err::<tlv::TlvError, {closure@der-verified/src/tlv.rs:71:51: 71:54}> thread 0
aborting path on assume(false) at file /home/runner/.rustup/toolchains/nightly-2025-11-21-x86_64-unknown-linux-gnu/lib/rustlib/src/rust/library/core/src/result.rs line 2173 column 15 function <std::result::Result<(tag::Tag, usize), tlv::TlvError> as std::ops::Try>::branch thread 0
aborting path on assume(false) at file /home/runner/.rustup/toolchains/nightly-2025-11-21-x86_64-unknown-linux-gnu/lib/rustlib/src/rust/library/core/src/slice/index.rs line 40 column 9 function core::slice::index::slice_index_fail::do_panic::runtime thread 0
aborting path on assume(false) at file /home/runner/.rustup/toolchains/nightly-2025-11-21-x86_64-unknown-linux-gnu/lib/rustlib/src/rust/library/core/src/intrinsics/mod.rs line 2449 column 9 function core::slice::index::slice_index_fail::do_panic thread 0
aborting path on assume(false) at file /home/runner/.rustup/toolchains/nightly-2025-11-21-x86_64-unknown-linux-gnu/lib/rustlib/src/rust/library/core/src/panic.rs line 178 column 9 function core::slice::index::slice_index_fail thread 0
aborting path on assume(false) at file /home/runner/.rustup/toolchains/nightly-2025-11-21-x86_64-unknown-linux-gnu/lib/rustlib/src/rust/library/core/src/slice/index.rs line 49 column 9 function core::slice::index::slice_index_fail::do_panic::runtime thread 0
aborting path on assume(false) at file /home/runner/.rustup/toolchains/nightly-2025-11-21-x86_64-unknown-linux-gnu/lib/rustlib/src/rust/library/core/src/intrinsics/mod.rs line 2449 column 9 function core::slice::index::slice_index_fail::do_panic thread 0
aborting path on assume(false) at file /home/runner/.rustup/toolchains/nightly-2025-11-21-x86_64-unknown-linux-gnu/lib/rustlib/src/rust/library/core/src/panic.rs line 178 column 9 function core::slice::index::slice_index_fail thread 0
aborting path on assume(false) at file /home/runner/.rustup/toolchains/nightly-2025-11-21-x86_64-unknown-linux-gnu/lib/rustlib/src/rust/library/core/src/slice/index.rs line 58 column 9 function core::slice::index::slice_index_fail::do_panic::runtime thread 0
aborting path on assume(false) at file /home/runner/.rustup/toolchains/nightly-2025-11-21-x86_64-unknown-linux-gnu/lib/rustlib/src/rust/library/core/src/intrinsics/mod.rs line 2449 column 9 function core::slice::index::slice_index_fail::do_panic thread 0
aborting path on assume(false) at file /home/runner/.rustup/toolchains/nightly-2025-11-21-x86_64-unknown-linux-gnu/lib/rustlib/src/rust/library/core/src/panic.rs line 178 column 9 function core::slice::index::slice_index_fail thread 0
aborting path on assume(false) at file /home/runner/.rustup/toolchains/nightly-2025-11-21-x86_64-unknown-linux-gnu/lib/rustlib/src/rust/library/core/src/slice/index.rs line 68 column 5 function core::slice::index::slice_index_fail::do_panic::runtime thread 0
aborting path on assume(false) at file /home/runner/.rustup/toolchains/nightly-2025-11-21-x86_64-unknown-linux-gnu/lib/rustlib/src/rust/library/core/src/intrinsics/mod.rs line 2449 column 9 function core::slice::index::slice_index_fail::do_panic thread 0
aborting path on assume(false) at file /home/runner/.rustup/toolchains/nightly-2025-11-21-x86_64-unknown-linux-gnu/lib/rustlib/src/rust/library/core/src/panic.rs line 178 column 9 function core::slice::index::slice_index_fail thread 0
aborting path on assume(false) at file /home/runner/.rustup/toolchains/nightly-2025-11-21-x86_64-unknown-linux-gnu/lib/rustlib/src/rust/library/core/src/slice/index.rs line 569 column 13 function <std::ops::RangeFrom<usize> as std::slice::SliceIndex<[u8]>>::index thread 0
aborting path on assume(false) at file /home/runner/work/kani/kani/library/kani_core/src/models.rs line 176 column 17 function <usize as kani::rustc_intrinsics::ToISize>::to_isize thread 0
aborting path on assume(false) at file /home/runner/work/kani/kani/library/kani/src/lib.rs line 57 column 1 function <usize as kani::rustc_intrinsics::ToISize>::to_isize thread 0
aborting path on assume(false) at file /home/runner/work/kani/kani/library/kani/src/lib.rs line 57 column 1 function <usize as kani::rustc_intrinsics::ToISize>::to_isize thread 0
aborting path on assume(false) at file /home/runner/work/kani/kani/library/kani/src/lib.rs line 57 column 1 function kani::mem::cbmc::same_allocation thread 0
aborting path on assume(false) at file der-verified/src/length.rs line 75 column 23 function length::decode_length thread 0
aborting path on assume(false) at file /home/runner/.rustup/toolchains/nightly-2025-11-21-x86_64-unknown-linux-gnu/lib/rustlib/src/rust/library/core/src/slice/index.rs line 435 column 5 function <std::ops::Range<usize> as std::slice::SliceIndex<[u8]>>::index thread 0
aborting path on assume(false) at file /home/runner/work/kani/kani/library/kani/src/lib.rs line 57 column 1 function kani::mem::cbmc::same_allocation thread 0
aborting path on assume(false) at file /home/runner/.rustup/toolchains/nightly-2025-11-21-x86_64-unknown-linux-gnu/lib/rustlib/src/rust/library/core/src/slice/index.rs line 40 column 9 function core::slice::index::slice_index_fail::do_panic::runtime thread 0
aborting path on assume(false) at file /home/runner/.rustup/toolchains/nightly-2025-11-21-x86_64-unknown-linux-gnu/lib/rustlib/src/rust/library/core/src/intrinsics/mod.rs line 2449 column 9 function core::slice::index::slice_index_fail::do_panic thread 0
aborting path on assume(false) at file /home/runner/.rustup/toolchains/nightly-2025-11-21-x86_64-unknown-linux-gnu/lib/rustlib/src/rust/library/core/src/panic.rs line 178 column 9 function core::slice::index::slice_index_fail thread 0
aborting path on assume(false) at file /home/runner/.rustup/toolchains/nightly-2025-11-21-x86_64-unknown-linux-gnu/lib/rustlib/src/rust/library/core/src/slice/index.rs line 49 column 9 function core::slice::index::slice_index_fail::do_panic::runtime thread 0
aborting path on assume(false) at file /home/runner/.rustup/toolchains/nightly-2025-11-21-x86_64-unknown-linux-gnu/lib/rustlib/src/rust/library/core/src/intrinsics/mod.rs line 2449 column 9 function core::slice::index::slice_index_fail::do_panic thread 0
aborting path on assume(false) at file /home/runner/.rustup/toolchains/nightly-2025-11-21-x86_64-unknown-linux-gnu/lib/rustlib/src/rust/library/core/src/panic.rs line 178 column 9 function core::slice::index::slice_index_fail thread 0
aborting path on assume(false) at file /home/runner/.rustup/toolchains/nightly-2025-11-21-x86_64-unknown-linux-gnu/lib/rustlib/src/rust/library/core/src/slice/index.rs line 58 column 9 function core::slice::index::slice_index_fail::do_panic::runtime thread 0
aborting path on assume(false) at file /home/runner/.rustup/toolchains/nightly-2025-11-21-x86_64-unknown-linux-gnu/lib/rustlib/src/rust/library/core/src/intrinsics/mod.rs line 2449 column 9 function core::slice::index::slice_index_fail::do_panic thread 0
aborting path on assume(false) at file /home/runner/.rustup/toolchains/nightly-2025-11-21-x86_64-unknown-linux-gnu/lib/rustlib/src/rust/library/core/src/panic.rs line 178 column 9 function core::slice::index::slice_index_fail thread 0
aborting path on assume(false) at file /home/runner/.rustup/toolchains/nightly-2025-11-21-x86_64-unknown-linux-gnu/lib/rustlib/src/rust/library/core/src/slice/index.rs line 68 column 5 function core::slice::index::slice_index_fail::do_panic::runtime thread 0
aborting path on assume(false) at file /home/runner/.rustup/toolchains/nightly-2025-11-21-x86_64-unknown-linux-gnu/lib/rustlib/src/rust/library/core/src/intrinsics/mod.rs line 2449 column 9 function core::slice::index::slice_index_fail::do_panic thread 0
aborting path on assume(false) at file /home/runner/.rustup/toolchains/nightly-2025-11-21-x86_64-unknown-linux-gnu/lib/rustlib/src/rust/library/core/src/panic.rs line 178 column 9 function core::slice::index::slice_index_fail thread 0
aborting path on assume(false) at file /home/runner/.rustup/toolchains/nightly-2025-11-21-x86_64-unknown-linux-gnu/lib/rustlib/src/rust/library/core/src/slice/index.rs line 443 column 13 function <std::ops::Range<usize> as std::slice::SliceIndex<[u8]>>::index thread 0
Unwinding loop _RNvNtCsjJ4BRyaQv62_12der_verified6length13decode_length.0 iteration 1 file der-verified/src/length.rs line 101 column 5 function length::decode_length thread 0
Unwinding loop _RNvNtCsjJ4BRyaQv62_12der_verified6length13decode_length.0 iteration 2 file der-verified/src/length.rs line 101 column 5 function length::decode_length thread 0
Unwinding loop _RNvNtCsjJ4BRyaQv62_12der_verified6length13decode_length.0 iteration 3 file der-verified/src/length.rs line 101 column 5 function length::decode_length thread 0
Unwinding loop _RNvNtCsjJ4BRyaQv62_12der_verified6length13decode_length.0 iteration 4 file der-verified/src/length.rs line 101 column 5 function length::decode_length thread 0
Unwinding loop _RNvNtCsjJ4BRyaQv62_12der_verified6length13decode_length.0 iteration 5 file der-verified/src/length.rs line 101 column 5 function length::decode_length thread 0
Unwinding loop _RNvNtCsjJ4BRyaQv62_12der_verified6length13decode_length.0 iteration 6 file der-verified/src/length.rs line 101 column 5 function length::decode_length thread 0
Unwinding loop _RNvNtCsjJ4BRyaQv62_12der_verified6length13decode_length.0 iteration 7 file der-verified/src/length.rs line 101 column 5 function length::decode_length thread 0
Unwinding loop _RNvNtCsjJ4BRyaQv62_12der_verified6length13decode_length.0 iteration 8 file der-verified/src/length.rs line 101 column 5 function length::decode_length thread 0
Unwinding loop _RNvNtCsjJ4BRyaQv62_12der_verified6length13decode_length.0 iteration 9 file der-verified/src/length.rs line 101 column 5 function length::decode_length thread 0
Unwinding loop _RNvNtCsjJ4BRyaQv62_12der_verified6length13decode_length.0 iteration 10 file der-verified/src/length.rs line 101 column 5 function length::decode_length thread 0
Unwinding loop _RNvNtCsjJ4BRyaQv62_12der_verified6length13decode_length.0 iteration 11 file der-verified/src/length.rs line 101 column 5 function length::decode_length thread 0
Not unwinding loop _RNvNtCsjJ4BRyaQv62_12der_verified6length13decode_length.0 iteration 12 file der-verified/src/length.rs line 101 column 5 function length::decode_length thread 0
aborting path on assume(false) at file /home/runner/.rustup/toolchains/nightly-2025-11-21-x86_64-unknown-linux-gnu/lib/rustlib/src/rust/library/core/src/result.rs line 966 column 15 function std::result::Result::<(u32, usize), length::LengthError>::map_err::<tlv::TlvError, {closure@der-verified/src/tlv.rs:73:69: 73:72}> thread 0
aborting path on assume(false) at file /home/runner/.rustup/toolchains/nightly-2025-11-21-x86_64-unknown-linux-gnu/lib/rustlib/src/rust/library/core/src/result.rs line 2173 column 15 function <std::result::Result<(u32, usize), tlv::TlvError> as std::ops::Try>::branch thread 0
aborting path on assume(false) at file der-verified/src/lib.rs line 0 column 0 function tlv::decode_tlv thread 0
aborting path on assume(false) at file /home/runner/.rustup/toolchains/nightly-2025-11-21-x86_64-unknown-linux-gnu/lib/rustlib/src/rust/library/core/src/slice/index.rs line 435 column 5 function <std::ops::Range<usize> as std::slice::SliceIndex<[u8]>>::index thread 0
aborting path on assume(false) at file /home/runner/work/kani/kani/library/kani_core/src/models.rs line 176 column 17 function <usize as kani::rustc_intrinsics::ToISize>::to_isize thread 0
aborting path on assume(false) at file /home/runner/work/kani/kani/library/kani/src/lib.rs line 57 column 1 function <usize as kani::rustc_intrinsics::ToISize>::to_isize thread 0
aborting path on assume(false) at file /home/runner/work/kani/kani/library/kani/src/lib.rs line 57 column 1 function <usize as kani::rustc_intrinsics::ToISize>::to_isize thread 0
aborting path on assume(false) at file /home/runner/work/kani/kani/library/kani/src/lib.rs line 57 column 1 function kani::mem::cbmc::same_allocation thread 0
aborting path on assume(false) at file /home/runner/.rustup/toolchains/nightly-2025-11-21-x86_64-unknown-linux-gnu/lib/rustlib/src/rust/library/core/src/slice/index.rs line 40 column 9 function core::slice::index::slice_index_fail::do_panic::runtime thread 0
aborting path on assume(false) at file /home/runner/.rustup/toolchains/nightly-2025-11-21-x86_64-unknown-linux-gnu/lib/rustlib/src/rust/library/core/src/intrinsics/mod.rs line 2449 column 9 function core::slice::index::slice_index_fail::do_panic thread 0
aborting path on assume(false) at file /home/runner/.rustup/toolchains/nightly-2025-11-21-x86_64-unknown-linux-gnu/lib/rustlib/src/rust/library/core/src/panic.rs line 178 column 9 function core::slice::index::slice_index_fail thread 0
aborting path on assume(false) at file /home/runner/.rustup/toolchains/nightly-2025-11-21-x86_64-unknown-linux-gnu/lib/rustlib/src/rust/library/core/src/slice/index.rs line 49 column 9 function core::slice::index::slice_index_fail::do_panic::runtime thread 0
aborting path on assume(false) at file /home/runner/.rustup/toolchains/nightly-2025-11-21-x86_64-unknown-linux-gnu/lib/rustlib/src/rust/library/core/src/intrinsics/mod.rs line 2449 column 9 function core::slice::index::slice_index_fail::do_panic thread 0
aborting path on assume(false) at file /home/runner/.rustup/toolchains/nightly-2025-11-21-x86_64-unknown-linux-gnu/lib/rustlib/src/rust/library/core/src/panic.rs line 178 column 9 function core::slice::index::slice_index_fail thread 0
aborting path on assume(false) at file /home/runner/.rustup/toolchains/nightly-2025-11-21-x86_64-unknown-linux-gnu/lib/rustlib/src/rust/library/core/src/slice/index.rs line 58 column 9 function core::slice::index::slice_index_fail::do_panic::runtime thread 0
aborting path on assume(false) at file /home/runner/.rustup/toolchains/nightly-2025-11-21-x86_64-unknown-linux-gnu/lib/rustlib/src/rust/library/core/src/intrinsics/mod.rs line 2449 column 9 function core::slice::index::slice_index_fail::do_panic thread 0
aborting path on assume(false) at file /home/runner/.rustup/toolchains/nightly-2025-11-21-x86_64-unknown-linux-gnu/lib/rustlib/src/rust/library/core/src/panic.rs line 178 column 9 function core::slice::index::slice_index_fail thread 0
aborting path on assume(false) at file /home/runner/.rustup/toolchains/nightly-2025-11-21-x86_64-unknown-linux-gnu/lib/rustlib/src/rust/library/core/src/slice/index.rs line 68 column 5 function core::slice::index::slice_index_fail::do_panic::runtime thread 0
aborting path on assume(false) at file /home/runner/.rustup/toolchains/nightly-2025-11-21-x86_64-unknown-linux-gnu/lib/rustlib/src/rust/library/core/src/intrinsics/mod.rs line 2449 column 9 function core::slice::index::slice_index_fail::do_panic thread 0
aborting path on assume(false) at file /home/runner/.rustup/toolchains/nightly-2025-11-21-x86_64-unknown-linux-gnu/lib/rustlib/src/rust/library/core/src/panic.rs line 178 column 9 function core::slice::index::slice_index_fail thread 0
aborting path on assume(false) at file /home/runner/.rustup/toolchains/nightly-2025-11-21-x86_64-unknown-linux-gnu/lib/rustlib/src/rust/library/core/src/slice/index.rs line 443 column 13 function <std::ops::Range<usize> as std::slice::SliceIndex<[u8]>>::index thread 0
aborting path on assume(false) at file /home/runner/.rustup/toolchains/nightly-2025-11-21-x86_64-unknown-linux-gnu/lib/rustlib/src/rust/library/core/src/slice/index.rs line 40 column 9 function core::slice::index::slice_index_fail::do_panic::runtime thread 0
aborting path on assume(false) at file /home/runner/.rustup/toolchains/nightly-2025-11-21-x86_64-unknown-linux-gnu/lib/rustlib/src/rust/library/core/src/intrinsics/mod.rs line 2449 column 9 function core::slice::index::slice_index_fail::do_panic thread 0
aborting path on assume(false) at file /home/runner/.rustup/toolchains/nightly-2025-11-21-x86_64-unknown-linux-gnu/lib/rustlib/src/rust/library/core/src/panic.rs line 178 column 9 function core::slice::index::slice_index_fail thread 0
aborting path on assume(false) at file /home/runner/.rustup/toolchains/nightly-2025-11-21-x86_64-unknown-linux-gnu/lib/rustlib/src/rust/library/core/src/slice/index.rs line 49 column 9 function core::slice::index::slice_index_fail::do_panic::runtime thread 0
aborting path on assume(false) at file /home/runner/.rustup/toolchains/nightly-2025-11-21-x86_64-unknown-linux-gnu/lib/rustlib/src/rust/library/core/src/intrinsics/mod.rs line 2449 column 9 function core::slice::index::slice_index_fail::do_panic thread 0
aborting path on assume(false) at file /home/runner/.rustup/toolchains/nightly-2025-11-21-x86_64-unknown-linux-gnu/lib/rustlib/src/rust/library/core/src/panic.rs line 178 column 9 function core::slice::index::slice_index_fail thread 0
aborting path on assume(false) at file /home/runner/.rustup/toolchains/nightly-2025-11-21-x86_64-unknown-linux-gnu/lib/rustlib/src/rust/library/core/src/slice/index.rs line 58 column 9 function core::slice::index::slice_index_fail::do_panic::runtime thread 0
aborting path on assume(false) at file /home/runner/.rustup/toolchains/nightly-2025-11-21-x86_64-unknown-linux-gnu/lib/rustlib/src/rust/library/core/src/intrinsics/mod.rs line 2449 column 9 function core::slice::index::slice_index_fail::do_panic thread 0
aborting path on assume(false) at file /home/runner/.rustup/toolchains/nightly-2025-11-21-x86_64-unknown-linux-gnu/lib/rustlib/src/rust/library/core/src/panic.rs line 178 column 9 function core::slice::index::slice_index_fail thread 0
aborting path on assume(false) at file /home/runner/.rustup/toolchains/nightly-2025-11-21-x86_64-unknown-linux-gnu/lib/rustlib/src/rust/library/core/src/slice/index.rs line 68 column 5 function core::slice::index::slice_index_fail::do_panic::runtime thread 0
aborting path on assume(false) at file /home/runner/.rustup/toolchains/nightly-2025-11-21-x86_64-unknown-linux-gnu/lib/rustlib/src/rust/library/core/src/intrinsics/mod.rs line 2449 column 9 function core::slice::index::slice_index_fail::do_panic thread 0
aborting path on assume(false) at file /home/runner/.rustup/toolchains/nightly-2025-11-21-x86_64-unknown-linux-gnu/lib/rustlib/src/rust/library/core/src/panic.rs line 178 column 9 function core::slice::index::slice_index_fail thread 0
aborting path on assume(false) at file /home/runner/.rustup/toolchains/nightly-2025-11-21-x86_64-unknown-linux-gnu/lib/rustlib/src/rust/library/core/src/slice/index.rs line 569 column 13 function <std::ops::RangeFrom<usize> as std::slice::SliceIndex<[u8]>>::index thread 0
aborting path on assume(false) at file /home/runner/work/kani/kani/library/kani_core/src/models.rs line 176 column 17 function <usize as kani::rustc_intrinsics::ToISize>::to_isize thread 0
aborting path on assume(false) at file /home/runner/work/kani/kani/library/kani/src/lib.rs line 57 column 1 function <usize as kani::rustc_intrinsics::ToISize>::to_isize thread 0
aborting path on assume(false) at file /home/runner/work/kani/kani/library/kani/src/lib.rs line 57 column 1 function <usize as kani::rustc_intrinsics::ToISize>::to_isize thread 0
aborting path on assume(false) at file /home/runner/work/kani/kani/library/kani/src/lib.rs line 57 column 1 function kani::mem::cbmc::same_allocation thread 0
Unwinding loop _RNvNtCsjJ4BRyaQv62_12der_verified3tag10decode_tag.0 iteration 1 file der-verified/src/tag.rs line 137 column 49 function tag::decode_tag thread 0
Unwinding loop _RNvNtCsjJ4BRyaQv62_12der_verified3tag10decode_tag.0 iteration 2 file der-verified/src/tag.rs line 137 column 49 function tag::decode_tag thread 0
Unwinding loop _RNvNtCsjJ4BRyaQv62_12der_verified3tag10decode_tag.0 iteration 3 file der-verified/src/tag.rs line 137 column 49 function tag::decode_tag thread 0
Unwinding loop _RNvNtCsjJ4BRyaQv62_12der_verified3tag10decode_tag.0 iteration 4 file der-verified/src/tag.rs line 137 column 49 function tag::decode_tag thread 0
Unwinding loop _RNvNtCsjJ4BRyaQv62_12der_verified3tag10decode_tag.0 iteration 5 file der-verified/src/tag.rs line 137 column 49 function tag::decode_tag thread 0
Unwinding loop _RNvNtCsjJ4BRyaQv62_12der_verified3tag10decode_tag.0 iteration 6 file der-verified/src/tag.rs line 137 column 49 function tag::decode_tag thread 0
Unwinding loop _RNvNtCsjJ4BRyaQv62_12der_verified3tag10decode_tag.0 iteration 7 file der-verified/src/tag.rs line 137 column 49 function tag::decode_tag thread 0
Unwinding loop _RNvNtCsjJ4BRyaQv62_12der_verified3tag10decode_tag.0 iteration 8 file der-verified/src/tag.rs line 137 column 49 function tag::decode_tag thread 0
Unwinding loop _RNvNtCsjJ4BRyaQv62_12der_verified3tag10decode_tag.0 iteration 9 file der-verified/src/tag.rs line 137 column 49 function tag::decode_tag thread 0
Unwinding loop _RNvNtCsjJ4BRyaQv62_12der_verified3tag10decode_tag.0 iteration 10 file der-verified/src/tag.rs line 137 column 49 function tag::decode_tag thread 0
Unwinding loop _RNvNtCsjJ4BRyaQv62_12der_verified3tag10decode_tag.0 iteration 11 file der-verified/src/tag.rs line 137 column 49 function tag::decode_tag thread 0
Not unwinding loop _RNvNtCsjJ4BRyaQv62_12der_verified3tag10decode_tag.0 iteration 12 file der-verified/src/tag.rs line 137 column 49 function tag::decode_tag thread 0
aborting path on assume(false) at file /home/runner/.rustup/toolchains/nightly-2025-11-21-x86_64-unknown-linux-gnu/lib/rustlib/src/rust/library/core/src/result.rs line 2173 column 15 function <std::result::Result<(u32, usize), tag::TagError> as std::ops::Try>::branch thread 0
aborting path on assume(false) at file der-verified/src/lib.rs line 0 column 0 function tag::decode_tag thread 0
aborting path on assume(false) at file /home/runner/.rustup/toolchains/nightly-2025-11-21-x86_64-unknown-linux-gnu/lib/rustlib/src/rust/library/core/src/result.rs line 966 column 15 function std::result::Result::<(tag::Tag, usize), tag::TagError>::map_err::<tlv::TlvError, {closure@der-verified/src/tlv.rs:71:51: 71:54}> thread 0
aborting path on assume(false) at file /home/runner/.rustup/toolchains/nightly-2025-11-21-x86_64-unknown-linux-gnu/lib/rustlib/src/rust/library/core/src/result.rs line 2173 column 15 function <std::result::Result<(tag::Tag, usize), tlv::TlvError> as std::ops::Try>::branch thread 0
aborting path on assume(false) at file /home/runner/.rustup/toolchains/nightly-2025-11-21-x86_64-unknown-linux-gnu/lib/rustlib/src/rust/library/core/src/slice/index.rs line 40 column 9 function core::slice::index::slice_index_fail::do_panic::runtime thread 0
aborting path on assume(false) at file /home/runner/.rustup/toolchains/nightly-2025-11-21-x86_64-unknown-linux-gnu/lib/rustlib/src/rust/library/core/src/intrinsics/mod.rs line 2449 column 9 function core::slice::index::slice_index_fail::do_panic thread 0
aborting path on assume(false) at file /home/runner/.rustup/toolchains/nightly-2025-11-21-x86_64-unknown-linux-gnu/lib/rustlib/src/rust/library/core/src/panic.rs line 178 column 9 function core::slice::index::slice_index_fail thread 0
aborting path on assume(false) at file /home/runner/.rustup/toolchains/nightly-2025-11-21-x86_64-unknown-linux-gnu/lib/rustlib/src/rust/library/core/src/slice/index.rs line 49 column 9 function core::slice::index::slice_index_fail::do_panic::runtime thread 0
aborting path on assume(false) at file /home/runner/.rustup/toolchains/nightly-2025-11-21-x86_64-unknown-linux-gnu/lib/rustlib/src/rust/library/core/src/intrinsics/mod.rs line 2449 column 9 function core::slice::index::slice_index_fail::do_panic thread 0
aborting path on assume(false) at file /home/runner/.rustup/toolchains/nightly-2025-11-21-x86_64-unknown-linux-gnu/lib/rustlib/src/rust/library/core/src/panic.rs line 178 column 9 function core::slice::index::slice_index_fail thread 0
aborting path on assume(false) at file /home/runner/.rustup/toolchains/nightly-2025-11-21-x86_64-unknown-linux-gnu/lib/rustlib/src/rust/library/core/src/slice/index.rs line 58 column 9 function core::slice::index::slice_index_fail::do_panic::runtime thread 0
aborting path on assume(false) at file /home/runner/.rustup/toolchains/nightly-2025-11-21-x86_64-unknown-linux-gnu/lib/rustlib/src/rust/library/core/src/intrinsics/mod.rs line 2449 column 9 function core::slice::index::slice_index_fail::do_panic thread 0
aborting path on assume(false) at file /home/runner/.rustup/toolchains/nightly-2025-11-21-x86_64-unknown-linux-gnu/lib/rustlib/src/rust/library/core/src/panic.rs line 178 column 9 function core::slice::index::slice_index_fail thread 0
aborting path on assume(false) at file /home/runner/.rustup/toolchains/nightly-2025-11-21-x86_64-unknown-linux-gnu/lib/rustlib/src/rust/library/core/src/slice/index.rs line 68 column 5 function core::slice::index::slice_index_fail::do_panic::runtime thread 0
aborting path on assume(false) at file /home/runner/.rustup/toolchains/nightly-2025-11-21-x86_64-unknown-linux-gnu/lib/rustlib/src/rust/library/core/src/intrinsics/mod.rs line 2449 column 9 function core::slice::index::slice_index_fail::do_panic thread 0
aborting path on assume(false) at file /home/runner/.rustup/toolchains/nightly-2025-11-21-x86_64-unknown-linux-gnu/lib/rustlib/src/rust/library/core/src/panic.rs line 178 column 9 function core::slice::index::slice_index_fail thread 0
aborting path on assume(false) at file /home/runner/.rustup/toolchains/nightly-2025-11-21-x86_64-unknown-linux-gnu/lib/rustlib/src/rust/library/core/src/slice/index.rs line 569 column 13 function <std::ops::RangeFrom<usize> as std::slice::SliceIndex<[u8]>>::index thread 0
aborting path on assume(false) at file /home/runner/work/kani/kani/library/kani_core/src/models.rs line 176 column 17 function <usize as kani::rustc_intrinsics::ToISize>::to_isize thread 0
aborting path on assume(false) at file /home/runner/work/kani/kani/library/kani/src/lib.rs line 57 column 1 function <usize as kani::rustc_intrinsics::ToISize>::to_isize thread 0
aborting path on assume(false) at file /home/runner/work/kani/kani/library/kani/src/lib.rs line 57 column 1 function <usize as kani::rustc_intrinsics::ToISize>::to_isize thread 0
aborting path on assume(false) at file /home/runner/work/kani/kani/library/kani/src/lib.rs line 57 column 1 function kani::mem::cbmc::same_allocation thread 0
aborting path on assume(false) at file der-verified/src/length.rs line 75 column 23 function length::decode_length thread 0
aborting path on assume(false) at file /home/runner/.rustup/toolchains/nightly-2025-11-21-x86_64-unknown-linux-gnu/lib/rustlib/src/rust/library/core/src/slice/index.rs line 435 column 5 function <std::ops::Range<usize> as std::slice::SliceIndex<[u8]>>::index thread 0
aborting path on assume(false) at file /home/runner/work/kani/kani/library/kani/src/lib.rs line 57 column 1 function kani::mem::cbmc::same_allocation thread 0
aborting path on assume(false) at file /home/runner/.rustup/toolchains/nightly-2025-11-21-x86_64-unknown-linux-gnu/lib/rustlib/src/rust/library/core/src/slice/index.rs line 40 column 9 function core::slice::index::slice_index_fail::do_panic::runtime thread 0
aborting path on assume(false) at file /home/runner/.rustup/toolchains/nightly-2025-11-21-x86_64-unknown-linux-gnu/lib/rustlib/src/rust/library/core/src/intrinsics/mod.rs line 2449 column 9 function core::slice::index::slice_index_fail::do_panic thread 0
aborting path on assume(false) at file /home/runner/.rustup/toolchains/nightly-2025-11-21-x86_64-unknown-linux-gnu/lib/rustlib/src/rust/library/core/src/panic.rs line 178 column 9 function core::slice::index::slice_index_fail thread 0
aborting path on assume(false) at file /home/runner/.rustup/toolchains/nightly-2025-11-21-x86_64-unknown-linux-gnu/lib/rustlib/src/rust/library/core/src/slice/index.rs line 49 column 9 function core::slice::index::slice_index_fail::do_panic::runtime thread 0
aborting path on assume(false) at file /home/runner/.rustup/toolchains/nightly-2025-11-21-x86_64-unknown-linux-gnu/lib/rustlib/src/rust/library/core/src/intrinsics/mod.rs line 2449 column 9 function core::slice::index::slice_index_fail::do_panic thread 0
aborting path on assume(false) at file /home/runner/.rustup/toolchains/nightly-2025-11-21-x86_64-unknown-linux-gnu/lib/rustlib/src/rust/library/core/src/panic.rs line 178 column 9 function core::slice::index::slice_index_fail thread 0
aborting path on assume(false) at file /home/runner/.rustup/toolchains/nightly-2025-11-21-x86_64-unknown-linux-gnu/lib/rustlib/src/rust/library/core/src/slice/index.rs line 58 column 9 function core::slice::index::slice_index_fail::do_panic::runtime thread 0
aborting path on assume(false) at file /home/runner/.rustup/toolchains/nightly-2025-11-21-x86_64-unknown-linux-gnu/lib/rustlib/src/rust/library/core/src/intrinsics/mod.rs line 2449 column 9 function core::slice::index::slice_index_fail::do_panic thread 0
aborting path on assume(false) at file /home/runner/.rustup/toolchains/nightly-2025-11-21-x86_64-unknown-linux-gnu/lib/rustlib/src/rust/library/core/src/panic.rs line 178 column 9 function core::slice::index::slice_index_fail thread 0
aborting path on assume(false) at file /home/runner/.rustup/toolchains/nightly-2025-11-21-x86_64-unknown-linux-gnu/lib/rustlib/src/rust/library/core/src/slice/index.rs line 68 column 5 function core::slice::index::slice_index_fail::do_panic::runtime thread 0
aborting path on assume(false) at file /home/runner/.rustup/toolchains/nightly-2025-11-21-x86_64-unknown-linux-gnu/lib/rustlib/src/rust/library/core/src/intrinsics/mod.rs line 2449 column 9 function core::slice::index::slice_index_fail::do_panic thread 0
aborting path on assume(false) at file /home/runner/.rustup/toolchains/nightly-2025-11-21-x86_64-unknown-linux-gnu/lib/rustlib/src/rust/library/core/src/panic.rs line 178 column 9 function core::slice::index::slice_index_fail thread 0
aborting path on assume(false) at file /home/runner/.rustup/toolchains/nightly-2025-11-21-x86_64-unknown-linux-gnu/lib/rustlib/src/rust/library/core/src/slice/index.rs line 443 column 13 function <std::ops::Range<usize> as std::slice::SliceIndex<[u8]>>::index thread 0
Unwinding loop _RNvNtCsjJ4BRyaQv62_12der_verified6length13decode_length.0 iteration 1 file der-verified/src/length.rs line 101 column 5 function length::decode_length thread 0
Unwinding loop _RNvNtCsjJ4BRyaQv62_12der_verified6length13decode_length.0 iteration 2 file der-verified/src/length.rs line 101 column 5 function length::decode_length thread 0
Unwinding loop _RNvNtCsjJ4BRyaQv62_12der_verified6length13decode_length.0 iteration 3 file der-verified/src/length.rs line 101 column 5 function length::decode_length thread 0
Unwinding loop _RNvNtCsjJ4BRyaQv62_12der_verified6length13decode_length.0 iteration 4 file der-verified/src/length.rs line 101 column 5 function length::decode_length thread 0
Unwinding loop _RNvNtCsjJ4BRyaQv62_12der_verified6length13decode_length.0 iteration 5 file der-verified/src/length.rs line 101 column 5 function length::decode_length thread 0
Unwinding loop _RNvNtCsjJ4BRyaQv62_12der_verified6length13decode_length.0 iteration 6 file der-verified/src/length.rs line 101 column 5 function length::decode_length thread 0
Unwinding loop _RNvNtCsjJ4BRyaQv62_12der_verified6length13decode_length.0 iteration 7 file der-verified/src/length.rs line 101 column 5 function length::decode_length thread 0
Unwinding loop _RNvNtCsjJ4BRyaQv62_12der_verified6length13decode_length.0 iteration 8 file der-verified/src/length.rs line 101 column 5 function length::decode_length thread 0
Unwinding loop _RNvNtCsjJ4BRyaQv62_12der_verified6length13decode_length.0 iteration 9 file der-verified/src/length.rs line 101 column 5 function length::decode_length thread 0
Unwinding loop _RNvNtCsjJ4BRyaQv62_12der_verified6length13decode_length.0 iteration 10 file der-verified/src/length.rs line 101 column 5 function length::decode_length thread 0
Unwinding loop _RNvNtCsjJ4BRyaQv62_12der_verified6length13decode_length.0 iteration 11 file der-verified/src/length.rs line 101 column 5 function length::decode_length thread 0
Not unwinding loop _RNvNtCsjJ4BRyaQv62_12der_verified6length13decode_length.0 iteration 12 file der-verified/src/length.rs line 101 column 5 function length::decode_length thread 0
aborting path on assume(false) at file /home/runner/.rustup/toolchains/nightly-2025-11-21-x86_64-unknown-linux-gnu/lib/rustlib/src/rust/library/core/src/result.rs line 966 column 15 function std::result::Result::<(u32, usize), length::LengthError>::map_err::<tlv::TlvError, {closure@der-verified/src/tlv.rs:73:69: 73:72}> thread 0
aborting path on assume(false) at file /home/runner/.rustup/toolchains/nightly-2025-11-21-x86_64-unknown-linux-gnu/lib/rustlib/src/rust/library/core/src/result.rs line 2173 column 15 function <std::result::Result<(u32, usize), tlv::TlvError> as std::ops::Try>::branch thread 0
aborting path on assume(false) at file der-verified/src/lib.rs line 0 column 0 function tlv::decode_tlv thread 0
aborting path on assume(false) at file /home/runner/.rustup/toolchains/nightly-2025-11-21-x86_64-unknown-linux-gnu/lib/rustlib/src/rust/library/core/src/slice/index.rs line 435 column 5 function <std::ops::Range<usize> as std::slice::SliceIndex<[u8]>>::index thread 0
aborting path on assume(false) at file /home/runner/work/kani/kani/library/kani_core/src/models.rs line 176 column 17 function <usize as kani::rustc_intrinsics::ToISize>::to_isize thread 0
aborting path on assume(false) at file /home/runner/work/kani/kani/library/kani/src/lib.rs line 57 column 1 function <usize as kani::rustc_intrinsics::ToISize>::to_isize thread 0
aborting path on assume(false) at file /home/runner/work/kani/kani/library/kani/src/lib.rs line 57 column 1 function <usize as kani::rustc_intrinsics::ToISize>::to_isize thread 0
aborting path on assume(false) at file /home/runner/work/kani/kani/library/kani/src/lib.rs line 57 column 1 function kani::mem::cbmc::same_allocation thread 0
aborting path on assume(false) at file /home/runner/.rustup/toolchains/nightly-2025-11-21-x86_64-unknown-linux-gnu/lib/rustlib/src/rust/library/core/src/slice/index.rs line 40 column 9 function core::slice::index::slice_index_fail::do_panic::runtime thread 0
aborting path on assume(false) at file /home/runner/.rustup/toolchains/nightly-2025-11-21-x86_64-unknown-linux-gnu/lib/rustlib/src/rust/library/core/src/intrinsics/mod.rs line 2449 column 9 function core::slice::index::slice_index_fail::do_panic thread 0
aborting path on assume(false) at file /home/runner/.rustup/toolchains/nightly-2025-11-21-x86_64-unknown-linux-gnu/lib/rustlib/src/rust/library/core/src/panic.rs line 178 column 9 function core::slice::index::slice_index_fail thread 0
aborting path on assume(false) at file /home/runner/.rustup/toolchains/nightly-2025-11-21-x86_64-unknown-linux-gnu/lib/rustlib/src/rust/library/core/src/slice/index.rs line 49 column 9 function core::slice::index::slice_index_fail::do_panic::runtime thread 0
aborting path on assume(false) at file /home/runner/.rustup/toolchains/nightly-2025-11-21-x86_64-unknown-linux-gnu/lib/rustlib/src/rust/library/core/src/intrinsics/mod.rs line 2449 column 9 function core::slice::index::slice_index_fail::do_panic thread 0
aborting path on assume(false) at file /home/runner/.rustup/toolchains/nightly-2025-11-21-x86_64-unknown-linux-gnu/lib/rustlib/src/rust/library/core/src/panic.rs line 178 column 9 function core::slice::index::slice_index_fail thread 0
aborting path on assume(false) at file /home/runner/.rustup/toolchains/nightly-2025-11-21-x86_64-unknown-linux-gnu/lib/rustlib/src/rust/library/core/src/slice/index.rs line 58 column 9 function core::slice::index::slice_index_fail::do_panic::runtime thread 0
aborting path on assume(false) at file /home/runner/.rustup/toolchains/nightly-2025-11-21-x86_64-unknown-linux-gnu/lib/rustlib/src/rust/library/core/src/intrinsics/mod.rs line 2449 column 9 function core::slice::index::slice_index_fail::do_panic thread 0
aborting path on assume(false) at file /home/runner/.rustup/toolchains/nightly-2025-11-21-x86_64-unknown-linux-gnu/lib/rustlib/src/rust/library/core/src/panic.rs line 178 column 9 function core::slice::index::slice_index_fail thread 0
aborting path on assume(false) at file /home/runner/.rustup/toolchains/nightly-2025-11-21-x86_64-unknown-linux-gnu/lib/rustlib/src/rust/library/core/src/slice/index.rs line 68 column 5 function core::slice::index::slice_index_fail::do_panic::runtime thread 0
aborting path on assume(false) at file /home/runner/.rustup/toolchains/nightly-2025-11-21-x86_64-unknown-linux-gnu/lib/rustlib/src/rust/library/core/src/intrinsics/mod.rs line 2449 column 9 function core::slice::index::slice_index_fail::do_panic thread 0
aborting path on assume(false) at file /home/runner/.rustup/toolchains/nightly-2025-11-21-x86_64-unknown-linux-gnu/lib/rustlib/src/rust/library/core/src/panic.rs line 178 column 9 function core::slice::index::slice_index_fail thread 0
aborting path on assume(false) at file /home/runner/.rustup/toolchains/nightly-2025-11-21-x86_64-unknown-linux-gnu/lib/rustlib/src/rust/library/core/src/slice/index.rs line 443 column 13 function <std::ops::Range<usize> as std::slice::SliceIndex<[u8]>>::index thread 0
aborting path on assume(false) at file /home/runner/.rustup/toolchains/nightly-2025-11-21-x86_64-unknown-linux-gnu/lib/rustlib/src/rust/library/core/src/result.rs line 966 column 15 function std::result::Result::<(tlv::Tlv<'_>, usize), tlv::TlvError>::map_err::<context_tag::ContextTagError, fn(tlv::TlvError) -> context_tag::ContextTagError {context_tag::ContextTagError::BadTlv}> thread 0
aborting path on assume(false) at file /home/runner/.rustup/toolchains/nightly-2025-11-21-x86_64-unknown-linux-gnu/lib/rustlib/src/rust/library/core/src/result.rs line 2173 column 15 function <std::result::Result<(tlv::Tlv<'_>, usize), context_tag::ContextTagError> as std::ops::Try>::branch thread 0
aborting path on assume(false) at file der-verified/src/context_tag.rs line 76 column 23 function context_tag::decode_explicit_context thread 0
aborting path on assume(false) at file /home/runner/.rustup/toolchains/nightly-2025-11-21-x86_64-unknown-linux-gnu/lib/rustlib/src/rust/library/core/src/result.rs line 966 column 15 function std::result::Result::<(&[u8], usize), context_tag::ContextTagError>::map_err::<x509_tbs_certificate::TbsCertificateError, fn(context_tag::ContextTagError) -> x509_tbs_certificate::TbsCertificateError {x509_tbs_certificate::TbsCertificateError::BadExtensionsTag}> thread 0
aborting path on assume(false) at file /home/runner/.rustup/toolchains/nightly-2025-11-21-x86_64-unknown-linux-gnu/lib/rustlib/src/rust/library/core/src/result.rs line 2173 column 15 function <std::result::Result<(&[u8], usize), x509_tbs_certificate::TbsCertificateError> as std::ops::Try>::branch thread 0
aborting path on assume(false) at file /home/runner/.rustup/toolchains/nightly-2025-11-21-x86_64-unknown-linux-gnu/lib/rustlib/src/rust/library/core/src/result.rs line 966 column 15 function std::result::Result::<(), x509_extension::ExtensionsError>::map_err::<x509_tbs_certificate::TbsCertificateError, fn(x509_extension::ExtensionsError) -> x509_tbs_certificate::TbsCertificateError {x509_tbs_certificate::TbsCertificateError::BadExtensions}> thread 0
aborting path on assume(false) at file /home/runner/.rustup/toolchains/nightly-2025-11-21-x86_64-unknown-linux-gnu/lib/rustlib/src/rust/library/core/src/result.rs line 2173 column 15 function <std::result::Result<(), x509_tbs_certificate::TbsCertificateError> as std::ops::Try>::branch thread 0
aborting path on assume(false) at file der-verified/src/lib.rs line 0 column 0 function x509_tbs_certificate::parse_tbs_certificate thread 0
Runtime Symex: 100.526s
size of program expression: 5082752 steps
slicing removed 4925254 assignments
Generated 9709 VCC(s), 6821 remaining after simplification
Runtime Postprocess Equation: 2.57751s
Passing problem to propositional reduction
converting SSA
Runtime Convert SSA: 6.8663s
Running propositional reduction
Post-processing
Runtime Post-process: 2.01826s
Solving with CaDiCaL 2.0.0
1936788 variables, 10406215 clauses
SAT checker: instance is SATISFIABLE
Runtime Solver: 3.0944s
Runtime decision procedure: 10.3981s
Running propositional reduction
Solving with CaDiCaL 2.0.0
1936789 variables, 10406216 clauses
SAT checker: instance is SATISFIABLE
Runtime Solver: 0.0602823s
Runtime decision procedure: 0.0662024s
Running propositional reduction
Solving with CaDiCaL 2.0.0
1936790 variables, 10406217 clauses
SAT checker: instance is SATISFIABLE
Runtime Solver: 0.0434492s
Runtime decision procedure: 0.0495726s
Running propositional reduction
Solving with CaDiCaL 2.0.0
1936791 variables, 10406218 clauses
SAT checker: instance is SATISFIABLE
Runtime Solver: 0.0675774s
Runtime decision procedure: 0.0737802s
Running propositional reduction
Solving with CaDiCaL 2.0.0
1936792 variables, 10406219 clauses
SAT checker: instance is UNSATISFIABLE
Runtime Solver: 0.0383774s
Runtime decision procedure: 0.04225s

RESULTS:
Check 1: std::result::Result::<(), big_integer::BigIntError>::map_err::<x509_tbs_certificate::TbsCertificateError, fn(big_integer::BigIntError) -> x509_tbs_certificate::TbsCertificateError {x509_tbs_certificate::TbsCertificateError::BadSerial}>.unreachable.1
	 - Status: SUCCESS
	 - Description: "unreachable code"
	 - Location: ../../../runner/.rustup/toolchains/nightly-2025-11-21-x86_64-unknown-linux-gnu/lib/rustlib/src/rust/library/core/src/result.rs:966:15 in function std::result::Result::<(), big_integer::BigIntError>::map_err::<x509_tbs_certificate::TbsCertificateError, fn(big_integer::BigIntError) -> x509_tbs_certificate::TbsCertificateError {x509_tbs_certificate::TbsCertificateError::BadSerial}>

Check 2: std::result::Result::<(tlv::Tlv<'_>, usize), tlv::TlvError>::map_err::<x509_tbs_certificate::TbsCertificateError, fn(tlv::TlvError) -> x509_tbs_certificate::TbsCertificateError {x509_tbs_certificate::TbsCertificateError::BadSpkiTlv}>.unreachable.1
	 - Status: SUCCESS
	 - Description: "unreachable code"
	 - Location: ../../../runner/.rustup/toolchains/nightly-2025-11-21-x86_64-unknown-linux-gnu/lib/rustlib/src/rust/library/core/src/result.rs:966:15 in function std::result::Result::<(tlv::Tlv<'_>, usize), tlv::TlvError>::map_err::<x509_tbs_certificate::TbsCertificateError, fn(tlv::TlvError) -> x509_tbs_certificate::TbsCertificateError {x509_tbs_certificate::TbsCertificateError::BadSpkiTlv}>

Check 3: core::slice::index::slice_index_fail::do_panic::runtime.assertion.1
	 - Status: SUCCESS
	 - Description: "This is a placeholder message; Kani doesn't support message formatted at runtime"
	 - Location: ../../../runner/.rustup/toolchains/nightly-2025-11-21-x86_64-unknown-linux-gnu/lib/rustlib/src/rust/library/core/src/slice/index.rs:58:9 in function core::slice::index::slice_index_fail::do_panic::runtime

Check 4: <std::result::Result<(tag::Tag, usize), tlv::TlvError> as std::ops::Try>::branch.unreachable.1
	 - Status: SUCCESS
	 - Description: "unreachable code"
	 - Location: ../../../runner/.rustup/toolchains/nightly-2025-11-21-x86_64-unknown-linux-gnu/lib/rustlib/src/rust/library/core/src/result.rs:2173:15 in function <std::result::Result<(tag::Tag, usize), tlv::TlvError> as std::ops::Try>::branch

Check 5: core::slice::index::slice_index_fail::do_panic::runtime.assertion.2
	 - Status: SUCCESS
	 - Description: "This is a placeholder message; Kani doesn't support message formatted at runtime"
	 - Location: ../../../runner/.rustup/toolchains/nightly-2025-11-21-x86_64-unknown-linux-gnu/lib/rustlib/src/rust/library/core/src/slice/index.rs:68:5 in function core::slice::index::slice_index_fail::do_panic::runtime

Check 6: core::num::<impl usize>::checked_sub.arithmetic_overflow.1
	 - Status: SUCCESS
	 - Description: "attempt to compute `unchecked_sub` which would overflow"
	 - Location: ../../../runner/.rustup/toolchains/nightly-2025-11-21-x86_64-unknown-linux-gnu/lib/rustlib/src/rust/library/core/src/num/uint_macros.rs:812:31 in function core::num::<impl usize>::checked_sub

Check 7: std::result::Result::<(x509_algorithm_identifier::AlgorithmIdentifier<'_>, usize), x509_algorithm_identifier::AlgIdError>::map_err::<x509_spki::SpkiError, fn(x509_algorithm_identifier::AlgIdError) -> x509_spki::SpkiError {x509_spki::map_algid_error}>.unreachable.1
	 - Status: SUCCESS
	 - Description: "unreachable code"
	 - Location: ../../../runner/.rustup/toolchains/nightly-2025-11-21-x86_64-unknown-linux-gnu/lib/rustlib/src/rust/library/core/src/result.rs:966:15 in function std::result::Result::<(x509_algorithm_identifier::AlgorithmIdentifier<'_>, usize), x509_algorithm_identifier::AlgIdError>::map_err::<x509_spki::SpkiError, fn(x509_algorithm_identifier::AlgIdError) -> x509_spki::SpkiError {x509_spki::map_algid_error}>

Check 8: <std::result::Result<bit_string::BitString<'_>, x509_spki::SpkiError> as std::ops::Try>::branch.unreachable.1
	 - Status: SUCCESS
	 - Description: "unreachable code"
	 - Location: ../../../runner/.rustup/toolchains/nightly-2025-11-21-x86_64-unknown-linux-gnu/lib/rustlib/src/rust/library/core/src/result.rs:2173:15 in function <std::result::Result<bit_string::BitString<'_>, x509_spki::SpkiError> as std::ops::Try>::branch

Check 9: <std::result::Result<&[u8], x509_spki::SpkiError> as std::ops::Try>::branch.unreachable.1
	 - Status: SUCCESS
	 - Description: "unreachable code"
	 - Location: ../../../runner/.rustup/toolchains/nightly-2025-11-21-x86_64-unknown-linux-gnu/lib/rustlib/src/rust/library/core/src/result.rs:2173:15 in function <std::result::Result<&[u8], x509_spki::SpkiError> as std::ops::Try>::branch

Check 10: x509_algorithm_identifier::decode_oid_tlv.unreachable.1
	 - Status: SUCCESS
	 - Description: "unreachable code"
	 - Location: der-verified/src/lib.rs:0:0 in function x509_algorithm_identifier::decode_oid_tlv

Check 11: std::result::Result::<(tlv::Tlv<'_>, usize), tlv::TlvError>::map_err::<context_tag::ContextTagError, fn(tlv::TlvError) -> context_tag::ContextTagError {context_tag::ContextTagError::BadTlv}>.unreachable.1
	 - Status: SUCCESS
	 - Description: "unreachable code"
	 - Location: ../../../runner/.rustup/toolchains/nightly-2025-11-21-x86_64-unknown-linux-gnu/lib/rustlib/src/rust/library/core/src/result.rs:966:15 in function std::result::Result::<(tlv::Tlv<'_>, usize), tlv::TlvError>::map_err::<context_tag::ContextTagError, fn(tlv::TlvError) -> context_tag::ContextTagError {context_tag::ContextTagError::BadTlv}>

Check 12: <std::result::Result<(tlv::Tlv<'_>, usize), context_tag::ContextTagError> as std::ops::Try>::branch.unreachable.1
	 - Status: SUCCESS
	 - Description: "unreachable code"
	 - Location: ../../../runner/.rustup/toolchains/nightly-2025-11-21-x86_64-unknown-linux-gnu/lib/rustlib/src/rust/library/core/src/result.rs:2173:15 in function <std::result::Result<(tlv::Tlv<'_>, usize), context_tag::ContextTagError> as std::ops::Try>::branch

Check 13: x509_spki::parse_subject_public_key_info.unreachable.1
	 - Status: SUCCESS
	 - Description: "unreachable code"
	 - Location: der-verified/src/lib.rs:0:0 in function x509_spki::parse_subject_public_key_info

Check 14: <std::result::Result<x509_spki::SubjectPublicKeyInfo<'_>, x509_tbs_certificate::TbsCertificateError> as std::ops::Try>::branch.unreachable.1
	 - Status: SUCCESS
	 - Description: "unreachable code"
	 - Location: ../../../runner/.rustup/toolchains/nightly-2025-11-21-x86_64-unknown-linux-gnu/lib/rustlib/src/rust/library/core/src/result.rs:2173:15 in function <std::result::Result<x509_spki::SubjectPublicKeyInfo<'_>, x509_tbs_certificate::TbsCertificateError> as std::ops::Try>::branch

Check 15: std::result::Result::<(tag::Tag, usize), tag::TagError>::map_err::<tlv::TlvError, {closure@der-verified/src/tlv.rs:71:51: 71:54}>.unreachable.1
	 - Status: SUCCESS
	 - Description: "unreachable code"
	 - Location: ../../../runner/.rustup/toolchains/nightly-2025-11-21-x86_64-unknown-linux-gnu/lib/rustlib/src/rust/library/core/src/result.rs:966:15 in function std::result::Result::<(tag::Tag, usize), tag::TagError>::map_err::<tlv::TlvError, {closure@der-verified/src/tlv.rs:71:51: 71:54}>

Check 16: std::result::Result::<(tlv::Tlv<'_>, usize), tlv::TlvError>::map_err::<x509_algorithm_identifier::AlgIdError, fn(tlv::TlvError) -> x509_algorithm_identifier::AlgIdError {x509_algorithm_identifier::AlgIdError::BadOidTlv}>.unreachable.1
	 - Status: SUCCESS
	 - Description: "unreachable code"
	 - Location: ../../../runner/.rustup/toolchains/nightly-2025-11-21-x86_64-unknown-linux-gnu/lib/rustlib/src/rust/library/core/src/result.rs:966:15 in function std::result::Result::<(tlv::Tlv<'_>, usize), tlv::TlvError>::map_err::<x509_algorithm_identifier::AlgIdError, fn(tlv::TlvError) -> x509_algorithm_identifier::AlgIdError {x509_algorithm_identifier::AlgIdError::BadOidTlv}>

Check 17: std::result::Result::<(), x509_extension::ExtensionsError>::map_err::<x509_tbs_certificate::TbsCertificateError, fn(x509_extension::ExtensionsError) -> x509_tbs_certificate::TbsCertificateError {x509_tbs_certificate::TbsCertificateError::BadExtensions}>.unreachable.1
	 - Status: SUCCESS
	 - Description: "unreachable code"
	 - Location: ../../../runner/.rustup/toolchains/nightly-2025-11-21-x86_64-unknown-linux-gnu/lib/rustlib/src/rust/library/core/src/result.rs:966:15 in function std::result::Result::<(), x509_extension::ExtensionsError>::map_err::<x509_tbs_certificate::TbsCertificateError, fn(x509_extension::ExtensionsError) -> x509_tbs_certificate::TbsCertificateError {x509_tbs_certificate::TbsCertificateError::BadExtensions}>

Check 18: std::result::Result::<x509_spki::SubjectPublicKeyInfo<'_>, x509_spki::SpkiError>::map_err::<x509_tbs_certificate::TbsCertificateError, fn(x509_spki::SpkiError) -> x509_tbs_certificate::TbsCertificateError {x509_tbs_certificate::TbsCertificateError::BadSpki}>.unreachable.1
	 - Status: SUCCESS
	 - Description: "unreachable code"
	 - Location: ../../../runner/.rustup/toolchains/nightly-2025-11-21-x86_64-unknown-linux-gnu/lib/rustlib/src/rust/library/core/src/result.rs:966:15 in function std::result::Result::<x509_spki::SubjectPublicKeyInfo<'_>, x509_spki::SpkiError>::map_err::<x509_tbs_certificate::TbsCertificateError, fn(x509_spki::SpkiError) -> x509_tbs_certificate::TbsCertificateError {x509_tbs_certificate::TbsCertificateError::BadSpki}>

Check 19: std::result::Result::<(), x509_name::NameError>::map_err::<x509_tbs_certificate::TbsCertificateError, fn(x509_name::NameError) -> x509_tbs_certificate::TbsCertificateError {x509_tbs_certificate::TbsCertificateError::BadSubject}>.unreachable.1
	 - Status: SUCCESS
	 - Description: "unreachable code"
	 - Location: ../../../runner/.rustup/toolchains/nightly-2025-11-21-x86_64-unknown-linux-gnu/lib/rustlib/src/rust/library/core/src/result.rs:966:15 in function std::result::Result::<(), x509_name::NameError>::map_err::<x509_tbs_certificate::TbsCertificateError, fn(x509_name::NameError) -> x509_tbs_certificate::TbsCertificateError {x509_tbs_certificate::TbsCertificateError::BadSubject}>

Check 20: std::result::Result::<(tlv::Tlv<'_>, usize), tlv::TlvError>::map_err::<x509_tbs_certificate::TbsCertificateError, fn(tlv::TlvError) -> x509_tbs_certificate::TbsCertificateError {x509_tbs_certificate::TbsCertificateError::BadSubjectTlv}>.unreachable.1
	 - Status: SUCCESS
	 - Description: "unreachable code"
	 - Location: ../../../runner/.rustup/toolchains/nightly-2025-11-21-x86_64-unknown-linux-gnu/lib/rustlib/src/rust/library/core/src/result.rs:966:15 in function std::result::Result::<(tlv::Tlv<'_>, usize), tlv::TlvError>::map_err::<x509_tbs_certificate::TbsCertificateError, fn(tlv::TlvError) -> x509_tbs_certificate::TbsCertificateError {x509_tbs_certificate::TbsCertificateError::BadSubjectTlv}>

Check 21: std::result::Result::<(tlv::Tlv<'_>, usize), tlv::TlvError>::map_err::<x509_tbs_certificate::TbsCertificateError, fn(tlv::TlvError) -> x509_tbs_certificate::TbsCertificateError {x509_tbs_certificate::TbsCertificateError::BadValidityTlv}>.unreachable.1
	 - Status: SUCCESS
	 - Description: "unreachable code"
	 - Location: ../../../runner/.rustup/toolchains/nightly-2025-11-21-x86_64-unknown-linux-gnu/lib/rustlib/src/rust/library/core/src/result.rs:966:15 in function std::result::Result::<(tlv::Tlv<'_>, usize), tlv::TlvError>::map_err::<x509_tbs_certificate::TbsCertificateError, fn(tlv::TlvError) -> x509_tbs_certificate::TbsCertificateError {x509_tbs_certificate::TbsCertificateError::BadValidityTlv}>

Check 22: std::result::Result::<(), x509_name::NameError>::map_err::<x509_tbs_certificate::TbsCertificateError, fn(x509_name::NameError) -> x509_tbs_certificate::TbsCertificateError {x509_tbs_certificate::TbsCertificateError::BadIssuer}>.unreachable.1
	 - Status: SUCCESS
	 - Description: "unreachable code"
	 - Location: ../../../runner/.rustup/toolchains/nightly-2025-11-21-x86_64-unknown-linux-gnu/lib/rustlib/src/rust/library/core/src/result.rs:966:15 in function std::result::Result::<(), x509_name::NameError>::map_err::<x509_tbs_certificate::TbsCertificateError, fn(x509_name::NameError) -> x509_tbs_certificate::TbsCertificateError {x509_tbs_certificate::TbsCertificateError::BadIssuer}>

Check 23: std::result::Result::<(tlv::Tlv<'_>, usize), tlv::TlvError>::map_err::<x509_tbs_certificate::TbsCertificateError, fn(tlv::TlvError) -> x509_tbs_certificate::TbsCertificateError {x509_tbs_certificate::TbsCertificateError::BadIssuerTlv}>.unreachable.1
	 - Status: SUCCESS
	 - Description: "unreachable code"
	 - Location: ../../../runner/.rustup/toolchains/nightly-2025-11-21-x86_64-unknown-linux-gnu/lib/rustlib/src/rust/library/core/src/result.rs:966:15 in function std::result::Result::<(tlv::Tlv<'_>, usize), tlv::TlvError>::map_err::<x509_tbs_certificate::TbsCertificateError, fn(tlv::TlvError) -> x509_tbs_certificate::TbsCertificateError {x509_tbs_certificate::TbsCertificateError::BadIssuerTlv}>

Check 24: <std::result::Result<(x509_algorithm_identifier::AlgorithmIdentifier<'_>, usize), x509_tbs_certificate::TbsCertificateError> as std::ops::Try>::branch.unreachable.1
	 - Status: SUCCESS
	 - Description: "unreachable code"
	 - Location: ../../../runner/.rustup/toolchains/nightly-2025-11-21-x86_64-unknown-linux-gnu/lib/rustlib/src/rust/library/core/src/result.rs:2173:15 in function <std::result::Result<(x509_algorithm_identifier::AlgorithmIdentifier<'_>, usize), x509_tbs_certificate::TbsCertificateError> as std::ops::Try>::branch

Check 25: x509_algorithm_identifier::parse_algorithm_identifier.unreachable.1
	 - Status: SUCCESS
	 - Description: "unreachable code"
	 - Location: der-verified/src/lib.rs:0:0 in function x509_algorithm_identifier::parse_algorithm_identifier

Check 26: <std::result::Result<(&[u8], usize), x509_algorithm_identifier::AlgIdError> as std::ops::Try>::branch.unreachable.1
	 - Status: SUCCESS
	 - Description: "unreachable code"
	 - Location: ../../../runner/.rustup/toolchains/nightly-2025-11-21-x86_64-unknown-linux-gnu/lib/rustlib/src/rust/library/core/src/result.rs:2173:15 in function <std::result::Result<(&[u8], usize), x509_algorithm_identifier::AlgIdError> as std::ops::Try>::branch

Check 27: integer::decode_integer.assertion.1
	 - Status: UNREACHABLE
	 - Description: "index out of bounds: the length is less than or equal to the given index"
	 - Location: der-verified/src/integer.rs:73:18 in function integer::decode_integer

Check 28: integer::decode_integer.assertion.2
	 - Status: UNREACHABLE
	 - Description: "index out of bounds: the length is less than or equal to the given index"
	 - Location: der-verified/src/integer.rs:74:18 in function integer::decode_integer

Check 29: integer::decode_integer.assertion.3
	 - Status: UNREACHABLE
	 - Description: "index out of bounds: the length is less than or equal to the given index"
	 - Location: der-verified/src/integer.rs:83:16 in function integer::decode_integer

Check 30: integer::decode_integer.assertion.4
	 - Status: UNREACHABLE
	 - Description: "attempt to shift left with overflow"
	 - Location: der-verified/src/integer.rs:89:15 in function integer::decode_integer

Check 31: integer::decode_integer.assertion.5
	 - Status: UNREACHABLE
	 - Description: "index out of bounds: the length is less than or equal to the given index"
	 - Location: der-verified/src/integer.rs:89:28 in function integer::decode_integer

Check 32: integer::decode_integer.assertion.6
	 - Status: UNREACHABLE
	 - Description: "attempt to add with overflow"
	 - Location: der-verified/src/integer.rs:90:9 in function integer::decode_integer

Check 33: <std::result::Result<(tlv::Tlv<'_>, usize), x509_tbs_certificate::TbsCertificateError> as std::ops::Try>::branch.unreachable.1
	 - Status: SUCCESS
	 - Description: "unreachable code"
	 - Location: ../../../runner/.rustup/toolchains/nightly-2025-11-21-x86_64-unknown-linux-gnu/lib/rustlib/src/rust/library/core/src/result.rs:2173:15 in function <std::result::Result<(tlv::Tlv<'_>, usize), x509_tbs_certificate::TbsCertificateError> as std::ops::Try>::branch

Check 34: std::result::Result::<(tlv::Tlv<'_>, usize), tlv::TlvError>::map_err::<x509_tbs_certificate::TbsCertificateError, fn(tlv::TlvError) -> x509_tbs_certificate::TbsCertificateError {x509_tbs_certificate::TbsCertificateError::BadVersionInnerTlv}>.unreachable.1
	 - Status: SUCCESS
	 - Description: "unreachable code"
	 - Location: ../../../runner/.rustup/toolchains/nightly-2025-11-21-x86_64-unknown-linux-gnu/lib/rustlib/src/rust/library/core/src/result.rs:966:15 in function std::result::Result::<(tlv::Tlv<'_>, usize), tlv::TlvError>::map_err::<x509_tbs_certificate::TbsCertificateError, fn(tlv::TlvError) -> x509_tbs_certificate::TbsCertificateError {x509_tbs_certificate::TbsCertificateError::BadVersionInnerTlv}>

Check 35: std::result::Result::<(&[u8], usize), context_tag::ContextTagError>::map_err::<x509_tbs_certificate::TbsCertificateError, fn(context_tag::ContextTagError) -> x509_tbs_certificate::TbsCertificateError {x509_tbs_certificate::TbsCertificateError::BadVersionTag}>.unreachable.1
	 - Status: SUCCESS
	 - Description: "unreachable code"
	 - Location: ../../../runner/.rustup/toolchains/nightly-2025-11-21-x86_64-unknown-linux-gnu/lib/rustlib/src/rust/library/core/src/result.rs:966:15 in function std::result::Result::<(&[u8], usize), context_tag::ContextTagError>::map_err::<x509_tbs_certificate::TbsCertificateError, fn(context_tag::ContextTagError) -> x509_tbs_certificate::TbsCertificateError {x509_tbs_certificate::TbsCertificateError::BadVersionTag}>

Check 36: <std::result::Result<&[u8], x509_tbs_certificate::TbsCertificateError> as std::ops::Try>::branch.unreachable.1
	 - Status: SUCCESS
	 - Description: "unreachable code"
	 - Location: ../../../runner/.rustup/toolchains/nightly-2025-11-21-x86_64-unknown-linux-gnu/lib/rustlib/src/rust/library/core/src/result.rs:2173:15 in function <std::result::Result<&[u8], x509_tbs_certificate::TbsCertificateError> as std::ops::Try>::branch

Check 37: tlv::decode_tlv.assertion.1
	 - Status: SUCCESS
	 - Description: "attempt to add with overflow"
	 - Location: der-verified/src/tlv.rs:74:18 in function tlv::decode_tlv

Check 38: tlv::decode_tlv.unreachable.1
	 - Status: SUCCESS
	 - Description: "unreachable code"
	 - Location: der-verified/src/lib.rs:0:0 in function tlv::decode_tlv

Check 39: x509_tbs_certificate::proofs::parse_tbs_certificate_ok_path_witnessed.cover.1
	 - Status: SATISFIED
	 - Description: "parse_tbs_certificate reaches its Ok tail on a real, fully-concrete, valid TBSCertificate, with validate_name/validate_extensions/parse_validity stubbed -- the existence witness the fully-symbolic [u8; 10] harness's cover could not produce (see that harness's VACUITY FINDING comment)"
	 - Location: der-verified/src/x509_tbs_certificate.rs:717:9 in function x509_tbs_certificate::proofs::parse_tbs_certificate_ok_path_witnessed

Check 40: <std::result::Result<(&[u8], usize), sequence::SequenceError> as std::ops::Try>::branch.unreachable.1
	 - Status: SUCCESS
	 - Description: "unreachable code"
	 - Location: ../../../runner/.rustup/toolchains/nightly-2025-11-21-x86_64-unknown-linux-gnu/lib/rustlib/src/rust/library/core/src/result.rs:2173:15 in function <std::result::Result<(&[u8], usize), sequence::SequenceError> as std::ops::Try>::branch

Check 41: x509_tbs_certificate::parse_tbs_certificate.assertion.1
	 - Status: UNREACHABLE
	 - Description: "attempt to add with overflow"
	 - Location: der-verified/src/x509_tbs_certificate.rs:327:13 in function x509_tbs_certificate::parse_tbs_certificate

Check 42: x509_tbs_certificate::parse_tbs_certificate.assertion.2
	 - Status: SUCCESS
	 - Description: "attempt to add with overflow"
	 - Location: der-verified/src/x509_tbs_certificate.rs:351:5 in function x509_tbs_certificate::parse_tbs_certificate

Check 43: x509_tbs_certificate::parse_tbs_certificate.assertion.3
	 - Status: SUCCESS
	 - Description: "attempt to add with overflow"
	 - Location: der-verified/src/x509_tbs_certificate.rs:359:5 in function x509_tbs_certificate::parse_tbs_certificate

Check 44: x509_tbs_certificate::parse_tbs_certificate.assertion.4
	 - Status: SUCCESS
	 - Description: "attempt to add with overflow"
	 - Location: der-verified/src/x509_tbs_certificate.rs:367:32 in function x509_tbs_certificate::parse_tbs_certificate

Check 45: x509_tbs_certificate::parse_tbs_certificate.assertion.5
	 - Status: SUCCESS
	 - Description: "attempt to add with overflow"
	 - Location: der-verified/src/x509_tbs_certificate.rs:369:5 in function x509_tbs_certificate::parse_tbs_certificate

Check 46: x509_tbs_certificate::parse_tbs_certificate.assertion.6
	 - Status: SUCCESS
	 - Description: "attempt to add with overflow"
	 - Location: der-verified/src/x509_tbs_certificate.rs:377:39 in function x509_tbs_certificate::parse_tbs_certificate

Check 47: x509_tbs_certificate::parse_tbs_certificate.assertion.7
	 - Status: SUCCESS
	 - Description: "attempt to add with overflow"
	 - Location: der-verified/src/x509_tbs_certificate.rs:379:5 in function x509_tbs_certificate::parse_tbs_certificate

Check 48: x509_tbs_certificate::parse_tbs_certificate.assertion.8
	 - Status: SUCCESS
	 - Description: "attempt to add with overflow"
	 - Location: der-verified/src/x509_tbs_certificate.rs:387:33 in function x509_tbs_certificate::parse_tbs_certificate

Check 49: x509_tbs_certificate::parse_tbs_certificate.assertion.9
	 - Status: SUCCESS
	 - Description: "attempt to add with overflow"
	 - Location: der-verified/src/x509_tbs_certificate.rs:389:5 in function x509_tbs_certificate::parse_tbs_certificate

Check 50: x509_tbs_certificate::parse_tbs_certificate.assertion.10
	 - Status: SUCCESS
	 - Description: "attempt to add with overflow"
	 - Location: der-verified/src/x509_tbs_certificate.rs:397:35 in function x509_tbs_certificate::parse_tbs_certificate

Check 51: x509_tbs_certificate::parse_tbs_certificate.assertion.11
	 - Status: SUCCESS
	 - Description: "attempt to add with overflow"
	 - Location: der-verified/src/x509_tbs_certificate.rs:400:5 in function x509_tbs_certificate::parse_tbs_certificate

Check 52: x509_tbs_certificate::parse_tbs_certificate.unreachable.1
	 - Status: SUCCESS
	 - Description: "unreachable code"
	 - Location: der-verified/src/lib.rs:0:0 in function x509_tbs_certificate::parse_tbs_certificate

Check 53: x509_tbs_certificate::parse_tbs_certificate.assertion.12
	 - Status: UNREACHABLE
	 - Description: "attempt to add with overflow"
	 - Location: der-verified/src/x509_tbs_certificate.rs:423:17 in function x509_tbs_certificate::parse_tbs_certificate

Check 54: std::result::Result::<x509_validity::Validity<'_>, x509_validity::ValidityError>::map_err::<x509_tbs_certificate::TbsCertificateError, fn(x509_validity::ValidityError) -> x509_tbs_certificate::TbsCertificateError {x509_tbs_certificate::TbsCertificateError::BadValidity}>.unreachable.1
	 - Status: SUCCESS
	 - Description: "unreachable code"
	 - Location: ../../../runner/.rustup/toolchains/nightly-2025-11-21-x86_64-unknown-linux-gnu/lib/rustlib/src/rust/library/core/src/result.rs:966:15 in function std::result::Result::<x509_validity::Validity<'_>, x509_validity::ValidityError>::map_err::<x509_tbs_certificate::TbsCertificateError, fn(x509_validity::ValidityError) -> x509_tbs_certificate::TbsCertificateError {x509_tbs_certificate::TbsCertificateError::BadValidity}>

Check 55: std::result::Result::<(&[u8], usize), context_tag::ContextTagError>::map_err::<x509_tbs_certificate::TbsCertificateError, fn(context_tag::ContextTagError) -> x509_tbs_certificate::TbsCertificateError {x509_tbs_certificate::TbsCertificateError::BadExtensionsTag}>.unreachable.1
	 - Status: SUCCESS
	 - Description: "unreachable code"
	 - Location: ../../../runner/.rustup/toolchains/nightly-2025-11-21-x86_64-unknown-linux-gnu/lib/rustlib/src/rust/library/core/src/result.rs:966:15 in function std::result::Result::<(&[u8], usize), context_tag::ContextTagError>::map_err::<x509_tbs_certificate::TbsCertificateError, fn(context_tag::ContextTagError) -> x509_tbs_certificate::TbsCertificateError {x509_tbs_certificate::TbsCertificateError::BadExtensionsTag}>

Check 56: length::decode_length.unreachable.1
	 - Status: SUCCESS
	 - Description: "unreachable code"
	 - Location: der-verified/src/length.rs:75:23 in function length::decode_length

Check 57: length::decode_length.assertion.1
	 - Status: SUCCESS
	 - Description: "attempt to add with overflow"
	 - Location: der-verified/src/length.rs:89:22 in function length::decode_length

Check 58: length::decode_length.assertion.2
	 - Status: SUCCESS
	 - Description: "attempt to add with overflow"
	 - Location: der-verified/src/length.rs:92:28 in function length::decode_length

Check 59: length::decode_length.assertion.3
	 - Status: SUCCESS
	 - Description: "index out of bounds: the length is less than or equal to the given index"
	 - Location: der-verified/src/length.rs:93:8 in function length::decode_length

Check 60: length::decode_length.assertion.4
	 - Status: SUCCESS
	 - Description: "attempt to shift left with overflow"
	 - Location: der-verified/src/length.rs:102:15 in function length::decode_length

Check 61: length::decode_length.assertion.5
	 - Status: SUCCESS
	 - Description: "index out of bounds: the length is less than or equal to the given index"
	 - Location: der-verified/src/length.rs:102:28 in function length::decode_length

Check 62: length::decode_length.assertion.6
	 - Status: SUCCESS
	 - Description: "attempt to add with overflow"
	 - Location: der-verified/src/length.rs:103:9 in function length::decode_length

Check 63: length::decode_length.assertion.7
	 - Status: SUCCESS
	 - Description: "attempt to add with overflow"
	 - Location: der-verified/src/length.rs:108:14 in function length::decode_length

Check 64: std::result::Result::<(tlv::Tlv<'_>, usize), tlv::TlvError>::map_err::<x509_tbs_certificate::TbsCertificateError, fn(tlv::TlvError) -> x509_tbs_certificate::TbsCertificateError {x509_tbs_certificate::TbsCertificateError::BadSerialTlv}>.unreachable.1
	 - Status: SUCCESS
	 - Description: "unreachable code"
	 - Location: ../../../runner/.rustup/toolchains/nightly-2025-11-21-x86_64-unknown-linux-gnu/lib/rustlib/src/rust/library/core/src/result.rs:966:15 in function std::result::Result::<(tlv::Tlv<'_>, usize), tlv::TlvError>::map_err::<x509_tbs_certificate::TbsCertificateError, fn(tlv::TlvError) -> x509_tbs_certificate::TbsCertificateError {x509_tbs_certificate::TbsCertificateError::BadSerialTlv}>

Check 65: <std::result::Result<i64, x509_tbs_certificate::TbsCertificateError> as std::ops::Try>::branch.unreachable.1
	 - Status: SUCCESS
	 - Description: "unreachable code"
	 - Location: ../../../runner/.rustup/toolchains/nightly-2025-11-21-x86_64-unknown-linux-gnu/lib/rustlib/src/rust/library/core/src/result.rs:2173:15 in function <std::result::Result<i64, x509_tbs_certificate::TbsCertificateError> as std::ops::Try>::branch

Check 66: context_tag::decode_explicit_context.unreachable.1
	 - Status: SUCCESS
	 - Description: "unreachable code"
	 - Location: der-verified/src/context_tag.rs:76:23 in function context_tag::decode_explicit_context

Check 67: core::num::<impl usize>::checked_add.arithmetic_overflow.1
	 - Status: SUCCESS
	 - Description: "attempt to compute `unchecked_add` which would overflow"
	 - Location: ../../../runner/.rustup/toolchains/nightly-2025-11-21-x86_64-unknown-linux-gnu/lib/rustlib/src/rust/library/core/src/num/uint_macros.rs:658:31 in function core::num::<impl usize>::checked_add

Check 68: std::result::Result::<(u32, usize), length::LengthError>::map_err::<tlv::TlvError, {closure@der-verified/src/tlv.rs:73:69: 73:72}>.unreachable.1
	 - Status: SUCCESS
	 - Description: "unreachable code"
	 - Location: ../../../runner/.rustup/toolchains/nightly-2025-11-21-x86_64-unknown-linux-gnu/lib/rustlib/src/rust/library/core/src/result.rs:966:15 in function std::result::Result::<(u32, usize), length::LengthError>::map_err::<tlv::TlvError, {closure@der-verified/src/tlv.rs:73:69: 73:72}>

Check 69: std::result::Result::<(x509_algorithm_identifier::AlgorithmIdentifier<'_>, usize), x509_algorithm_identifier::AlgIdError>::map_err::<x509_tbs_certificate::TbsCertificateError, fn(x509_algorithm_identifier::AlgIdError) -> x509_tbs_certificate::TbsCertificateError {x509_tbs_certificate::TbsCertificateError::BadSignature}>.unreachable.1
	 - Status: SUCCESS
	 - Description: "unreachable code"
	 - Location: ../../../runner/.rustup/toolchains/nightly-2025-11-21-x86_64-unknown-linux-gnu/lib/rustlib/src/rust/library/core/src/result.rs:966:15 in function std::result::Result::<(x509_algorithm_identifier::AlgorithmIdentifier<'_>, usize), x509_algorithm_identifier::AlgIdError>::map_err::<x509_tbs_certificate::TbsCertificateError, fn(x509_algorithm_identifier::AlgIdError) -> x509_tbs_certificate::TbsCertificateError {x509_tbs_certificate::TbsCertificateError::BadSignature}>

Check 70: std::result::Result::<i64, integer::IntError>::map_err::<x509_tbs_certificate::TbsCertificateError, fn(integer::IntError) -> x509_tbs_certificate::TbsCertificateError {x509_tbs_certificate::TbsCertificateError::BadVersionInt}>.unreachable.1
	 - Status: SUCCESS
	 - Description: "unreachable code"
	 - Location: ../../../runner/.rustup/toolchains/nightly-2025-11-21-x86_64-unknown-linux-gnu/lib/rustlib/src/rust/library/core/src/result.rs:966:15 in function std::result::Result::<i64, integer::IntError>::map_err::<x509_tbs_certificate::TbsCertificateError, fn(integer::IntError) -> x509_tbs_certificate::TbsCertificateError {x509_tbs_certificate::TbsCertificateError::BadVersionInt}>

Check 71: std::result::Result::<(tlv::Tlv<'_>, usize), tlv::TlvError>::map_err::<x509_spki::SpkiError, fn(tlv::TlvError) -> x509_spki::SpkiError {x509_spki::SpkiError::BadPublicKeyTlv}>.unreachable.1
	 - Status: SUCCESS
	 - Description: "unreachable code"
	 - Location: ../../../runner/.rustup/toolchains/nightly-2025-11-21-x86_64-unknown-linux-gnu/lib/rustlib/src/rust/library/core/src/result.rs:966:15 in function std::result::Result::<(tlv::Tlv<'_>, usize), tlv::TlvError>::map_err::<x509_spki::SpkiError, fn(tlv::TlvError) -> x509_spki::SpkiError {x509_spki::SpkiError::BadPublicKeyTlv}>

Check 72: <std::result::Result<(&[u8], usize), x509_tbs_certificate::TbsCertificateError> as std::ops::Try>::branch.unreachable.1
	 - Status: SUCCESS
	 - Description: "unreachable code"
	 - Location: ../../../runner/.rustup/toolchains/nightly-2025-11-21-x86_64-unknown-linux-gnu/lib/rustlib/src/rust/library/core/src/result.rs:2173:15 in function <std::result::Result<(&[u8], usize), x509_tbs_certificate::TbsCertificateError> as std::ops::Try>::branch

Check 73: core::slice::index::slice_index_fail::do_panic::runtime.assertion.3
	 - Status: SUCCESS
	 - Description: "This is a placeholder message; Kani doesn't support message formatted at runtime"
	 - Location: ../../../runner/.rustup/toolchains/nightly-2025-11-21-x86_64-unknown-linux-gnu/lib/rustlib/src/rust/library/core/src/slice/index.rs:49:9 in function core::slice::index::slice_index_fail::do_panic::runtime

Check 74: sequence::decode_sequence_tlv_strict.unreachable.1
	 - Status: SUCCESS
	 - Description: "unreachable code"
	 - Location: der-verified/src/sequence.rs:174:27 in function sequence::decode_sequence_tlv_strict

Check 75: big_integer::validate_integer_content.assertion.1
	 - Status: UNREACHABLE
	 - Description: "index out of bounds: the length is less than or equal to the given index"
	 - Location: der-verified/src/big_integer.rs:65:18 in function big_integer::validate_integer_content

Check 76: big_integer::validate_integer_content.assertion.2
	 - Status: UNREACHABLE
	 - Description: "index out of bounds: the length is less than or equal to the given index"
	 - Location: der-verified/src/big_integer.rs:66:18 in function big_integer::validate_integer_content

Check 77: std::result::Result::<(), oid::OidError>::map_err::<x509_algorithm_identifier::AlgIdError, fn(oid::OidError) -> x509_algorithm_identifier::AlgIdError {x509_algorithm_identifier::AlgIdError::BadOid}>.unreachable.1
	 - Status: SUCCESS
	 - Description: "unreachable code"
	 - Location: ../../../runner/.rustup/toolchains/nightly-2025-11-21-x86_64-unknown-linux-gnu/lib/rustlib/src/rust/library/core/src/result.rs:966:15 in function std::result::Result::<(), oid::OidError>::map_err::<x509_algorithm_identifier::AlgIdError, fn(oid::OidError) -> x509_algorithm_identifier::AlgIdError {x509_algorithm_identifier::AlgIdError::BadOid}>

Check 78: tag::decode_tag.assertion.1
	 - Status: SUCCESS
	 - Description: "attempt to shift right with overflow"
	 - Location: der-verified/src/tag.rs:111:23 in function tag::decode_tag

Check 79: tag::decode_tag.assertion.2
	 - Status: UNREACHABLE
	 - Description: "attempt to shift right with overflow"
	 - Location: der-verified/src/tag.rs:145:21 in function tag::decode_tag

Check 80: tag::decode_tag.assertion.3
	 - Status: UNREACHABLE
	 - Description: "attempt to shift left with overflow"
	 - Location: der-verified/src/tag.rs:148:18 in function tag::decode_tag

Check 81: tag::decode_tag.assertion.4
	 - Status: UNREACHABLE
	 - Description: "attempt to add with overflow"
	 - Location: der-verified/src/tag.rs:149:9 in function tag::decode_tag

Check 82: tag::decode_tag.assertion.5
	 - Status: UNREACHABLE
	 - Description: "attempt to add with overflow"
	 - Location: der-verified/src/tag.rs:150:9 in function tag::decode_tag

Check 83: tag::decode_tag.unreachable.1
	 - Status: SUCCESS
	 - Description: "unreachable code"
	 - Location: der-verified/src/lib.rs:0:0 in function tag::decode_tag

Check 84: std::result::Result::<&[u8], sequence::SequenceError>::map_err::<x509_tbs_certificate::TbsCertificateError, fn(sequence::SequenceError) -> x509_tbs_certificate::TbsCertificateError {x509_tbs_certificate::TbsCertificateError::BadOuterSeq}>.unreachable.1
	 - Status: SUCCESS
	 - Description: "unreachable code"
	 - Location: ../../../runner/.rustup/toolchains/nightly-2025-11-21-x86_64-unknown-linux-gnu/lib/rustlib/src/rust/library/core/src/result.rs:966:15 in function std::result::Result::<&[u8], sequence::SequenceError>::map_err::<x509_tbs_certificate::TbsCertificateError, fn(sequence::SequenceError) -> x509_tbs_certificate::TbsCertificateError {x509_tbs_certificate::TbsCertificateError::BadOuterSeq}>

Check 85: <std::result::Result<(tlv::Tlv<'_>, usize), x509_algorithm_identifier::AlgIdError> as std::ops::Try>::branch.unreachable.1
	 - Status: SUCCESS
	 - Description: "unreachable code"
	 - Location: ../../../runner/.rustup/toolchains/nightly-2025-11-21-x86_64-unknown-linux-gnu/lib/rustlib/src/rust/library/core/src/result.rs:2173:15 in function <std::result::Result<(tlv::Tlv<'_>, usize), x509_algorithm_identifier::AlgIdError> as std::ops::Try>::branch

Check 86: <std::result::Result<(), x509_algorithm_identifier::AlgIdError> as std::ops::Try>::branch.unreachable.1
	 - Status: SUCCESS
	 - Description: "unreachable code"
	 - Location: ../../../runner/.rustup/toolchains/nightly-2025-11-21-x86_64-unknown-linux-gnu/lib/rustlib/src/rust/library/core/src/result.rs:2173:15 in function <std::result::Result<(), x509_algorithm_identifier::AlgIdError> as std::ops::Try>::branch

Check 87: <std::result::Result<(tlv::Tlv<'_>, usize), sequence::SequenceError> as std::ops::Try>::branch.unreachable.1
	 - Status: SUCCESS
	 - Description: "unreachable code"
	 - Location: ../../../runner/.rustup/toolchains/nightly-2025-11-21-x86_64-unknown-linux-gnu/lib/rustlib/src/rust/library/core/src/result.rs:2173:15 in function <std::result::Result<(tlv::Tlv<'_>, usize), sequence::SequenceError> as std::ops::Try>::branch

Check 88: <std::result::Result<x509_validity::Validity<'_>, x509_tbs_certificate::TbsCertificateError> as std::ops::Try>::branch.unreachable.1
	 - Status: SUCCESS
	 - Description: "unreachable code"
	 - Location: ../../../runner/.rustup/toolchains/nightly-2025-11-21-x86_64-unknown-linux-gnu/lib/rustlib/src/rust/library/core/src/result.rs:2173:15 in function <std::result::Result<x509_validity::Validity<'_>, x509_tbs_certificate::TbsCertificateError> as std::ops::Try>::branch

Check 89: std::result::Result::<(&[u8], usize), sequence::SequenceError>::map_err::<x509_algorithm_identifier::AlgIdError, fn(sequence::SequenceError) -> x509_algorithm_identifier::AlgIdError {x509_algorithm_identifier::AlgIdError::BadSeq}>.unreachable.1
	 - Status: SUCCESS
	 - Description: "unreachable code"
	 - Location: ../../../runner/.rustup/toolchains/nightly-2025-11-21-x86_64-unknown-linux-gnu/lib/rustlib/src/rust/library/core/src/result.rs:966:15 in function std::result::Result::<(&[u8], usize), sequence::SequenceError>::map_err::<x509_algorithm_identifier::AlgIdError, fn(sequence::SequenceError) -> x509_algorithm_identifier::AlgIdError {x509_algorithm_identifier::AlgIdError::BadSeq}>

Check 90: <std::result::Result<(u32, usize), tag::TagError> as std::ops::Try>::branch.unreachable.1
	 - Status: SUCCESS
	 - Description: "unreachable code"
	 - Location: ../../../runner/.rustup/toolchains/nightly-2025-11-21-x86_64-unknown-linux-gnu/lib/rustlib/src/rust/library/core/src/result.rs:2173:15 in function <std::result::Result<(u32, usize), tag::TagError> as std::ops::Try>::branch

Check 91: std::result::Result::<&[u8], sequence::SequenceError>::map_err::<x509_spki::SpkiError, fn(sequence::SequenceError) -> x509_spki::SpkiError {x509_spki::SpkiError::BadOuterSeq}>.unreachable.1
	 - Status: SUCCESS
	 - Description: "unreachable code"
	 - Location: ../../../runner/.rustup/toolchains/nightly-2025-11-21-x86_64-unknown-linux-gnu/lib/rustlib/src/rust/library/core/src/result.rs:966:15 in function std::result::Result::<&[u8], sequence::SequenceError>::map_err::<x509_spki::SpkiError, fn(sequence::SequenceError) -> x509_spki::SpkiError {x509_spki::SpkiError::BadOuterSeq}>

Check 92: std::result::Result::<(tlv::Tlv<'_>, usize), tlv::TlvError>::map_err::<x509_algorithm_identifier::AlgIdError, fn(tlv::TlvError) -> x509_algorithm_identifier::AlgIdError {x509_algorithm_identifier::AlgIdError::BadParametersTlv}>.unreachable.1
	 - Status: SUCCESS
	 - Description: "unreachable code"
	 - Location: ../../../runner/.rustup/toolchains/nightly-2025-11-21-x86_64-unknown-linux-gnu/lib/rustlib/src/rust/library/core/src/result.rs:966:15 in function std::result::Result::<(tlv::Tlv<'_>, usize), tlv::TlvError>::map_err::<x509_algorithm_identifier::AlgIdError, fn(tlv::TlvError) -> x509_algorithm_identifier::AlgIdError {x509_algorithm_identifier::AlgIdError::BadParametersTlv}>

Check 93: <std::ops::RangeFrom<usize> as std::slice::SliceIndex<[u8]>>::index.arithmetic_overflow.1
	 - Status: SUCCESS
	 - Description: "attempt to compute `unchecked_sub` which would overflow"
	 - Location: ../../../runner/.rustup/toolchains/nightly-2025-11-21-x86_64-unknown-linux-gnu/lib/rustlib/src/rust/library/core/src/slice/index.rs:573:27 in function <std::ops::RangeFrom<usize> as std::slice::SliceIndex<[u8]>>::index

Check 94: <std::ops::RangeFrom<usize> as std::slice::SliceIndex<[u8]>>::index.safety_check.1
	 - Status: SUCCESS
	 - Description: "misaligned pointer to reference cast: address must be a multiple of its type's alignment"
	 - Location: ../../../runner/.rustup/toolchains/nightly-2025-11-21-x86_64-unknown-linux-gnu/lib/rustlib/src/rust/library/core/src/slice/index.rs:574:13 in function <std::ops::RangeFrom<usize> as std::slice::SliceIndex<[u8]>>::index

Check 95: <std::ops::RangeFrom<usize> as std::slice::SliceIndex<[u8]>>::index.safety_check.2
	 - Status: SUCCESS
	 - Description: "dereference failure: pointer invalid"
	 - Location: ../../../runner/.rustup/toolchains/nightly-2025-11-21-x86_64-unknown-linux-gnu/lib/rustlib/src/rust/library/core/src/slice/index.rs:574:13 in function <std::ops::RangeFrom<usize> as std::slice::SliceIndex<[u8]>>::index

Check 96: sequence::decode_sequence_tlv.unreachable.1
	 - Status: SUCCESS
	 - Description: "unreachable code"
	 - Location: der-verified/src/sequence.rs:157:23 in function sequence::decode_sequence_tlv

Check 97: <std::result::Result<(), x509_tbs_certificate::TbsCertificateError> as std::ops::Try>::branch.unreachable.1
	 - Status: SUCCESS
	 - Description: "unreachable code"
	 - Location: ../../../runner/.rustup/toolchains/nightly-2025-11-21-x86_64-unknown-linux-gnu/lib/rustlib/src/rust/library/core/src/result.rs:2173:15 in function <std::result::Result<(), x509_tbs_certificate::TbsCertificateError> as std::ops::Try>::branch

Check 98: <std::ops::Range<usize> as std::slice::SliceIndex<[u8]>>::index.unreachable.1
	 - Status: SUCCESS
	 - Description: "unreachable code"
	 - Location: ../../../runner/.rustup/toolchains/nightly-2025-11-21-x86_64-unknown-linux-gnu/lib/rustlib/src/rust/library/core/src/slice/index.rs:435:5 in function <std::ops::Range<usize> as std::slice::SliceIndex<[u8]>>::index

Check 99: <std::ops::Range<usize> as std::slice::SliceIndex<[u8]>>::index.safety_check.1
	 - Status: SUCCESS
	 - Description: "misaligned pointer to reference cast: address must be a multiple of its type's alignment"
	 - Location: ../../../runner/.rustup/toolchains/nightly-2025-11-21-x86_64-unknown-linux-gnu/lib/rustlib/src/rust/library/core/src/slice/index.rs:441:22 in function <std::ops::Range<usize> as std::slice::SliceIndex<[u8]>>::index

Check 100: <std::ops::Range<usize> as std::slice::SliceIndex<[u8]>>::index.safety_check.2
	 - Status: SUCCESS
	 - Description: "dereference failure: pointer invalid"
	 - Location: ../../../runner/.rustup/toolchains/nightly-2025-11-21-x86_64-unknown-linux-gnu/lib/rustlib/src/rust/library/core/src/slice/index.rs:441:22 in function <std::ops::Range<usize> as std::slice::SliceIndex<[u8]>>::index

Check 101: oid::validate_oid.assertion.1
	 - Status: SUCCESS
	 - Description: "index out of bounds: the length is less than or equal to the given index"
	 - Location: der-verified/src/oid.rs:62:17 in function oid::validate_oid

Check 102: oid::validate_oid.assertion.2
	 - Status: SUCCESS
	 - Description: "attempt to add with overflow"
	 - Location: der-verified/src/oid.rs:69:9 in function oid::validate_oid

Check 103: std::result::Result::<(tlv::Tlv<'_>, usize), tlv::TlvError>::map_err::<sequence::SequenceError, {closure@der-verified/src/sequence.rs:157:49: 157:52}>.unreachable.1
	 - Status: SUCCESS
	 - Description: "unreachable code"
	 - Location: ../../../runner/.rustup/toolchains/nightly-2025-11-21-x86_64-unknown-linux-gnu/lib/rustlib/src/rust/library/core/src/result.rs:966:15 in function std::result::Result::<(tlv::Tlv<'_>, usize), tlv::TlvError>::map_err::<sequence::SequenceError, {closure@der-verified/src/sequence.rs:157:49: 157:52}>

Check 104: kani::mem::cbmc::same_allocation.unsupported_construct.1
	 - Status: SUCCESS
	 - Description: "Kani does not support reasoning about pointer to unallocated memory"
	 - Location: ../../../runner/work/kani/kani/library/kani/src/lib.rs:57:1 in function kani::mem::cbmc::same_allocation

Check 105: <std::result::Result<(tlv::Tlv<'_>, usize), x509_spki::SpkiError> as std::ops::Try>::branch.unreachable.1
	 - Status: SUCCESS
	 - Description: "unreachable code"
	 - Location: ../../../runner/.rustup/toolchains/nightly-2025-11-21-x86_64-unknown-linux-gnu/lib/rustlib/src/rust/library/core/src/result.rs:2173:15 in function <std::result::Result<(tlv::Tlv<'_>, usize), x509_spki::SpkiError> as std::ops::Try>::branch

Check 106: x509_spki::map_algid_error.unreachable.1
	 - Status: SUCCESS
	 - Description: "unreachable code"
	 - Location: der-verified/src/x509_spki.rs:132:11 in function x509_spki::map_algid_error

Check 107: bit_string::decode_bit_string.unreachable.1
	 - Status: SUCCESS
	 - Description: "unreachable code"
	 - Location: der-verified/src/bit_string.rs:106:33 in function bit_string::decode_bit_string

Check 108: bit_string::decode_bit_string.assertion.1
	 - Status: SUCCESS
	 - Description: "attempt to shift left with overflow"
	 - Location: der-verified/src/bit_string.rs:121:16 in function bit_string::decode_bit_string

Check 109: bit_string::decode_bit_string.assertion.2
	 - Status: SUCCESS
	 - Description: "attempt to subtract with overflow"
	 - Location: der-verified/src/bit_string.rs:121:16 in function bit_string::decode_bit_string

Check 110: bit_string::decode_bit_string.assertion.3
	 - Status: SUCCESS
	 - Description: "attempt to subtract with overflow"
	 - Location: der-verified/src/bit_string.rs:122:13 in function bit_string::decode_bit_string

Check 111: bit_string::decode_bit_string.assertion.4
	 - Status: SUCCESS
	 - Description: "index out of bounds: the length is less than or equal to the given index"
	 - Location: der-verified/src/bit_string.rs:122:8 in function bit_string::decode_bit_string

Check 112: x509_spki::decode_public_key_tlv.unreachable.1
	 - Status: SUCCESS
	 - Description: "unreachable code"
	 - Location: der-verified/src/lib.rs:0:0 in function x509_spki::decode_public_key_tlv

Check 113: kani::rustc_intrinsics::offset::<u8, *const u8, usize>.safety_check.1
	 - Status: SUCCESS
	 - Description: "Offset in bytes overflows isize"
	 - Location: ../../../runner/work/kani/kani/library/kani/src/lib.rs:57:1 in function kani::rustc_intrinsics::offset::<u8, *const u8, usize>

Check 114: kani::rustc_intrinsics::offset::<u8, *const u8, usize>.safety_check.2
	 - Status: SUCCESS
	 - Description: "Offset result and original pointer must point to the same allocation"
	 - Location: ../../../runner/work/kani/kani/library/kani/src/lib.rs:57:1 in function kani::rustc_intrinsics::offset::<u8, *const u8, usize>

Check 115: <std::result::Result<(u32, usize), tlv::TlvError> as std::ops::Try>::branch.unreachable.1
	 - Status: SUCCESS
	 - Description: "unreachable code"
	 - Location: ../../../runner/.rustup/toolchains/nightly-2025-11-21-x86_64-unknown-linux-gnu/lib/rustlib/src/rust/library/core/src/result.rs:2173:15 in function <std::result::Result<(u32, usize), tlv::TlvError> as std::ops::Try>::branch

Check 116: <std::result::Result<(x509_algorithm_identifier::AlgorithmIdentifier<'_>, usize), x509_spki::SpkiError> as std::ops::Try>::branch.unreachable.1
	 - Status: SUCCESS
	 - Description: "unreachable code"
	 - Location: ../../../runner/.rustup/toolchains/nightly-2025-11-21-x86_64-unknown-linux-gnu/lib/rustlib/src/rust/library/core/src/result.rs:2173:15 in function <std::result::Result<(x509_algorithm_identifier::AlgorithmIdentifier<'_>, usize), x509_spki::SpkiError> as std::ops::Try>::branch

Check 117: <std::result::Result<(bit_string::BitString<'_>, usize), x509_spki::SpkiError> as std::ops::Try>::branch.unreachable.1
	 - Status: SUCCESS
	 - Description: "unreachable code"
	 - Location: ../../../runner/.rustup/toolchains/nightly-2025-11-21-x86_64-unknown-linux-gnu/lib/rustlib/src/rust/library/core/src/result.rs:2173:15 in function <std::result::Result<(bit_string::BitString<'_>, usize), x509_spki::SpkiError> as std::ops::Try>::branch

Check 118: <usize as kani::rustc_intrinsics::ToISize>::to_isize.unreachable.1
	 - Status: SUCCESS
	 - Description: "unreachable code"
	 - Location: ../../../runner/work/kani/kani/library/kani_core/src/models.rs:176:17 in function <usize as kani::rustc_intrinsics::ToISize>::to_isize

Check 119: <usize as kani::rustc_intrinsics::ToISize>::to_isize.safety_check.1
	 - Status: SUCCESS
	 - Description: "Offset value overflows isize"
	 - Location: ../../../runner/work/kani/kani/library/kani/src/lib.rs:57:1 in function <usize as kani::rustc_intrinsics::ToISize>::to_isize

Check 120: <usize as kani::rustc_intrinsics::ToISize>::to_isize.assertion.1
	 - Status: SUCCESS
	 - Description: "internal error: entered unreachable code"
	 - Location: ../../../runner/work/kani/kani/library/kani/src/lib.rs:57:1 in function <usize as kani::rustc_intrinsics::ToISize>::to_isize

Check 121: core::slice::index::slice_index_fail::do_panic::runtime.assertion.4
	 - Status: SUCCESS
	 - Description: "This is a placeholder message; Kani doesn't support message formatted at runtime"
	 - Location: ../../../runner/.rustup/toolchains/nightly-2025-11-21-x86_64-unknown-linux-gnu/lib/rustlib/src/rust/library/core/src/slice/index.rs:40:9 in function core::slice::index::slice_index_fail::do_panic::runtime

Check 122: std::result::Result::<bit_string::BitString<'_>, bit_string::BitStringError>::map_err::<x509_spki::SpkiError, fn(bit_string::BitStringError) -> x509_spki::SpkiError {x509_spki::SpkiError::BadPublicKey}>.unreachable.1
	 - Status: SUCCESS
	 - Description: "unreachable code"
	 - Location: ../../../runner/.rustup/toolchains/nightly-2025-11-21-x86_64-unknown-linux-gnu/lib/rustlib/src/rust/library/core/src/result.rs:966:15 in function std::result::Result::<bit_string::BitString<'_>, bit_string::BitStringError>::map_err::<x509_spki::SpkiError, fn(bit_string::BitStringError) -> x509_spki::SpkiError {x509_spki::SpkiError::BadPublicKey}>

Check 123: std::result::Result::<bit_string::BitString<'_>, bit_string::BitStringError>::map_err::<x509_spki::SpkiError, fn(bit_string::BitStringError) -> x509_spki::SpkiError {x509_spki::SpkiError::BadPublicKey}>.pointer_dereference.1
	 - Status: SUCCESS
	 - Description: "dereference failure: dead object"
	 - Location: ../../../runner/.rustup/toolchains/nightly-2025-11-21-x86_64-unknown-linux-gnu/lib/rustlib/src/rust/library/core/src/result.rs:966:15 in function std::result::Result::<bit_string::BitString<'_>, bit_string::BitStringError>::map_err::<x509_spki::SpkiError, fn(bit_string::BitStringError) -> x509_spki::SpkiError {x509_spki::SpkiError::BadPublicKey}>

Check 124: std::result::Result::<bit_string::BitString<'_>, bit_string::BitStringError>::map_err::<x509_spki::SpkiError, fn(bit_string::BitStringError) -> x509_spki::SpkiError {x509_spki::SpkiError::BadPublicKey}>.pointer_dereference.2
	 - Status: SUCCESS
	 - Description: "dereference failure: dead object"
	 - Location: ../../../runner/.rustup/toolchains/nightly-2025-11-21-x86_64-unknown-linux-gnu/lib/rustlib/src/rust/library/core/src/result.rs:968:23 in function std::result::Result::<bit_string::BitString<'_>, bit_string::BitStringError>::map_err::<x509_spki::SpkiError, fn(bit_string::BitStringError) -> x509_spki::SpkiError {x509_spki::SpkiError::BadPublicKey}>

Check 125: <std::result::Result<(&[u8], usize), sequence::SequenceError> as std::ops::FromResidual<std::result::Result<std::convert::Infallible, sequence::SequenceError>>>::from_residual.pointer_dereference.1
	 - Status: SUCCESS
	 - Description: "dereference failure: dead object"
	 - Location: ../../../runner/.rustup/toolchains/nightly-2025-11-21-x86_64-unknown-linux-gnu/lib/rustlib/src/rust/library/core/src/result.rs:2189:23 in function <std::result::Result<(&[u8], usize), sequence::SequenceError> as std::ops::FromResidual<std::result::Result<std::convert::Infallible, sequence::SequenceError>>>::from_residual

Check 126: x509_spki::decode_public_key_tlv.pointer_dereference.1
	 - Status: SUCCESS
	 - Description: "dereference failure: dead object"
	 - Location: der-verified/src/x509_spki.rs:146:23 in function x509_spki::decode_public_key_tlv

Check 127: x509_spki::decode_public_key_tlv.pointer_dereference.2
	 - Status: SUCCESS
	 - Description: "dereference failure: dead object"
	 - Location: der-verified/src/x509_spki.rs:148:16 in function x509_spki::decode_public_key_tlv

Check 128: x509_spki::decode_public_key_tlv.pointer_dereference.3
	 - Status: SUCCESS
	 - Description: "dereference failure: dead object"
	 - Location: der-verified/src/x509_spki.rs:151:16 in function x509_spki::decode_public_key_tlv

Check 129: x509_spki::decode_public_key_tlv.pointer_dereference.4
	 - Status: SUCCESS
	 - Description: "dereference failure: dead object"
	 - Location: der-verified/src/x509_spki.rs:153:14 in function x509_spki::decode_public_key_tlv

Check 130: <std::result::Result<(tlv::Tlv<'_>, usize), x509_spki::SpkiError> as std::ops::Try>::branch.pointer_dereference.1
	 - Status: SUCCESS
	 - Description: "dereference failure: dead object"
	 - Location: ../../../runner/.rustup/toolchains/nightly-2025-11-21-x86_64-unknown-linux-gnu/lib/rustlib/src/rust/library/core/src/result.rs:2173:15 in function <std::result::Result<(tlv::Tlv<'_>, usize), x509_spki::SpkiError> as std::ops::Try>::branch

Check 131: <std::result::Result<(tlv::Tlv<'_>, usize), x509_spki::SpkiError> as std::ops::Try>::branch.pointer_dereference.2
	 - Status: SUCCESS
	 - Description: "dereference failure: dead object"
	 - Location: ../../../runner/.rustup/toolchains/nightly-2025-11-21-x86_64-unknown-linux-gnu/lib/rustlib/src/rust/library/core/src/result.rs:2175:23 in function <std::result::Result<(tlv::Tlv<'_>, usize), x509_spki::SpkiError> as std::ops::Try>::branch

Check 132: <std::result::Result<(bit_string::BitString<'_>, usize), x509_spki::SpkiError> as std::ops::Try>::branch.pointer_dereference.1
	 - Status: SUCCESS
	 - Description: "dereference failure: dead object"
	 - Location: ../../../runner/.rustup/toolchains/nightly-2025-11-21-x86_64-unknown-linux-gnu/lib/rustlib/src/rust/library/core/src/result.rs:2173:15 in function <std::result::Result<(bit_string::BitString<'_>, usize), x509_spki::SpkiError> as std::ops::Try>::branch

Check 133: <std::result::Result<(bit_string::BitString<'_>, usize), x509_spki::SpkiError> as std::ops::Try>::branch.pointer_dereference.2
	 - Status: SUCCESS
	 - Description: "dereference failure: dead object"
	 - Location: ../../../runner/.rustup/toolchains/nightly-2025-11-21-x86_64-unknown-linux-gnu/lib/rustlib/src/rust/library/core/src/result.rs:2175:23 in function <std::result::Result<(bit_string::BitString<'_>, usize), x509_spki::SpkiError> as std::ops::Try>::branch

Check 134: oid::validate_oid.pointer_dereference.1
	 - Status: SUCCESS
	 - Description: "dereference failure: pointer NULL"
	 - Location: der-verified/src/oid.rs:62:17 in function oid::validate_oid

Check 135: oid::validate_oid.pointer_dereference.2
	 - Status: SUCCESS
	 - Description: "dereference failure: pointer invalid"
	 - Location: der-verified/src/oid.rs:62:17 in function oid::validate_oid

Check 136: oid::validate_oid.pointer_dereference.3
	 - Status: SUCCESS
	 - Description: "dereference failure: deallocated dynamic object"
	 - Location: der-verified/src/oid.rs:62:17 in function oid::validate_oid

Check 137: oid::validate_oid.pointer_dereference.4
	 - Status: SUCCESS
	 - Description: "dereference failure: dead object"
	 - Location: der-verified/src/oid.rs:62:17 in function oid::validate_oid

Check 138: oid::validate_oid.pointer_dereference.5
	 - Status: SUCCESS
	 - Description: "dereference failure: pointer outside object bounds"
	 - Location: der-verified/src/oid.rs:62:17 in function oid::validate_oid

Check 139: oid::validate_oid.pointer_dereference.6
	 - Status: SUCCESS
	 - Description: "dereference failure: invalid integer address"
	 - Location: der-verified/src/oid.rs:62:17 in function oid::validate_oid

Check 140: oid::validate_oid.pointer_dereference.7
	 - Status: SUCCESS
	 - Description: "dereference failure: dead object"
	 - Location: der-verified/src/oid.rs:76:5 in function oid::validate_oid

Check 141: <std::result::Result<(), x509_tbs_certificate::TbsCertificateError> as std::ops::Try>::branch.pointer_dereference.1
	 - Status: SUCCESS
	 - Description: "dereference failure: dead object"
	 - Location: ../../../runner/.rustup/toolchains/nightly-2025-11-21-x86_64-unknown-linux-gnu/lib/rustlib/src/rust/library/core/src/result.rs:2173:15 in function <std::result::Result<(), x509_tbs_certificate::TbsCertificateError> as std::ops::Try>::branch

Check 142: <std::result::Result<(), x509_tbs_certificate::TbsCertificateError> as std::ops::Try>::branch.pointer_dereference.2
	 - Status: SUCCESS
	 - Description: "dereference failure: dead object"
	 - Location: ../../../runner/.rustup/toolchains/nightly-2025-11-21-x86_64-unknown-linux-gnu/lib/rustlib/src/rust/library/core/src/result.rs:2174:22 in function <std::result::Result<(), x509_tbs_certificate::TbsCertificateError> as std::ops::Try>::branch

Check 143: <usize as std::slice::SliceIndex<[u8]>>::get.pointer_dereference.1
	 - Status: SUCCESS
	 - Description: "dereference failure: dead object"
	 - Location: ../../../runner/.rustup/toolchains/nightly-2025-11-21-x86_64-unknown-linux-gnu/lib/rustlib/src/rust/library/core/src/slice/index.rs:223:13 in function <usize as std::slice::SliceIndex<[u8]>>::get

Check 144: x509_algorithm_identifier::AlgIdError::BadOid.pointer_dereference.1
	 - Status: SUCCESS
	 - Description: "dereference failure: dead object"
	 - Location: der-verified/src/x509_algorithm_identifier.rs:87:5 in function x509_algorithm_identifier::AlgIdError::BadOid

Check 145: sequence::decode_sequence_tlv.pointer_dereference.1
	 - Status: SUCCESS
	 - Description: "dereference failure: dead object"
	 - Location: der-verified/src/sequence.rs:157:23 in function sequence::decode_sequence_tlv

Check 146: sequence::decode_sequence_tlv.pointer_dereference.2
	 - Status: SUCCESS
	 - Description: "dereference failure: dead object"
	 - Location: der-verified/src/sequence.rs:159:16 in function sequence::decode_sequence_tlv

Check 147: sequence::decode_sequence_tlv.pointer_dereference.3
	 - Status: SUCCESS
	 - Description: "dereference failure: dead object"
	 - Location: der-verified/src/sequence.rs:162:16 in function sequence::decode_sequence_tlv

Check 148: std::result::Result::<(tlv::Tlv<'_>, usize), tlv::TlvError>::map_err::<x509_algorithm_identifier::AlgIdError, fn(tlv::TlvError) -> x509_algorithm_identifier::AlgIdError {x509_algorithm_identifier::AlgIdError::BadParametersTlv}>.pointer_dereference.1
	 - Status: SUCCESS
	 - Description: "dereference failure: dead object"
	 - Location: ../../../runner/.rustup/toolchains/nightly-2025-11-21-x86_64-unknown-linux-gnu/lib/rustlib/src/rust/library/core/src/result.rs:966:15 in function std::result::Result::<(tlv::Tlv<'_>, usize), tlv::TlvError>::map_err::<x509_algorithm_identifier::AlgIdError, fn(tlv::TlvError) -> x509_algorithm_identifier::AlgIdError {x509_algorithm_identifier::AlgIdError::BadParametersTlv}>

Check 149: std::result::Result::<(tlv::Tlv<'_>, usize), tlv::TlvError>::map_err::<x509_algorithm_identifier::AlgIdError, fn(tlv::TlvError) -> x509_algorithm_identifier::AlgIdError {x509_algorithm_identifier::AlgIdError::BadParametersTlv}>.pointer_dereference.2
	 - Status: SUCCESS
	 - Description: "dereference failure: dead object"
	 - Location: ../../../runner/.rustup/toolchains/nightly-2025-11-21-x86_64-unknown-linux-gnu/lib/rustlib/src/rust/library/core/src/result.rs:968:23 in function std::result::Result::<(tlv::Tlv<'_>, usize), tlv::TlvError>::map_err::<x509_algorithm_identifier::AlgIdError, fn(tlv::TlvError) -> x509_algorithm_identifier::AlgIdError {x509_algorithm_identifier::AlgIdError::BadParametersTlv}>

Check 150: std::result::Result::<&[u8], sequence::SequenceError>::map_err::<x509_spki::SpkiError, fn(sequence::SequenceError) -> x509_spki::SpkiError {x509_spki::SpkiError::BadOuterSeq}>.pointer_dereference.1
	 - Status: SUCCESS
	 - Description: "dereference failure: dead object"
	 - Location: ../../../runner/.rustup/toolchains/nightly-2025-11-21-x86_64-unknown-linux-gnu/lib/rustlib/src/rust/library/core/src/result.rs:966:15 in function std::result::Result::<&[u8], sequence::SequenceError>::map_err::<x509_spki::SpkiError, fn(sequence::SequenceError) -> x509_spki::SpkiError {x509_spki::SpkiError::BadOuterSeq}>

Check 151: std::result::Result::<&[u8], sequence::SequenceError>::map_err::<x509_spki::SpkiError, fn(sequence::SequenceError) -> x509_spki::SpkiError {x509_spki::SpkiError::BadOuterSeq}>.pointer_dereference.2
	 - Status: SUCCESS
	 - Description: "dereference failure: dead object"
	 - Location: ../../../runner/.rustup/toolchains/nightly-2025-11-21-x86_64-unknown-linux-gnu/lib/rustlib/src/rust/library/core/src/result.rs:968:23 in function std::result::Result::<&[u8], sequence::SequenceError>::map_err::<x509_spki::SpkiError, fn(sequence::SequenceError) -> x509_spki::SpkiError {x509_spki::SpkiError::BadOuterSeq}>

Check 152: <std::result::Result<(tag::Tag, usize), tag::TagError> as std::ops::FromResidual<std::result::Result<std::convert::Infallible, tag::TagError>>>::from_residual.pointer_dereference.1
	 - Status: SUCCESS
	 - Description: "dereference failure: dead object"
	 - Location: ../../../runner/.rustup/toolchains/nightly-2025-11-21-x86_64-unknown-linux-gnu/lib/rustlib/src/rust/library/core/src/result.rs:2189:23 in function <std::result::Result<(tag::Tag, usize), tag::TagError> as std::ops::FromResidual<std::result::Result<std::convert::Infallible, tag::TagError>>>::from_residual

Check 153: <tag::Class as std::cmp::PartialEq>::eq.pointer_dereference.1
	 - Status: SUCCESS
	 - Description: "dereference failure: pointer NULL"
	 - Location: der-verified/src/tag.rs:26:17 in function <tag::Class as std::cmp::PartialEq>::eq

Check 154: <tag::Class as std::cmp::PartialEq>::eq.pointer_dereference.2
	 - Status: SUCCESS
	 - Description: "dereference failure: pointer invalid"
	 - Location: der-verified/src/tag.rs:26:17 in function <tag::Class as std::cmp::PartialEq>::eq

Check 155: <tag::Class as std::cmp::PartialEq>::eq.pointer_dereference.3
	 - Status: SUCCESS
	 - Description: "dereference failure: deallocated dynamic object"
	 - Location: der-verified/src/tag.rs:26:17 in function <tag::Class as std::cmp::PartialEq>::eq

Check 156: <tag::Class as std::cmp::PartialEq>::eq.pointer_dereference.4
	 - Status: SUCCESS
	 - Description: "dereference failure: dead object"
	 - Location: der-verified/src/tag.rs:26:17 in function <tag::Class as std::cmp::PartialEq>::eq

Check 157: <tag::Class as std::cmp::PartialEq>::eq.pointer_dereference.5
	 - Status: SUCCESS
	 - Description: "dereference failure: pointer outside object bounds"
	 - Location: der-verified/src/tag.rs:26:17 in function <tag::Class as std::cmp::PartialEq>::eq

Check 158: <tag::Class as std::cmp::PartialEq>::eq.pointer_dereference.6
	 - Status: SUCCESS
	 - Description: "dereference failure: invalid integer address"
	 - Location: der-verified/src/tag.rs:26:17 in function <tag::Class as std::cmp::PartialEq>::eq

Check 159: <tag::Class as std::cmp::PartialEq>::eq.pointer_dereference.7
	 - Status: SUCCESS
	 - Description: "dereference failure: pointer NULL"
	 - Location: der-verified/src/tag.rs:26:17 in function <tag::Class as std::cmp::PartialEq>::eq

Check 160: <tag::Class as std::cmp::PartialEq>::eq.pointer_dereference.8
	 - Status: SUCCESS
	 - Description: "dereference failure: pointer invalid"
	 - Location: der-verified/src/tag.rs:26:17 in function <tag::Class as std::cmp::PartialEq>::eq

Check 161: <tag::Class as std::cmp::PartialEq>::eq.pointer_dereference.9
	 - Status: SUCCESS
	 - Description: "dereference failure: deallocated dynamic object"
	 - Location: der-verified/src/tag.rs:26:17 in function <tag::Class as std::cmp::PartialEq>::eq

Check 162: <tag::Class as std::cmp::PartialEq>::eq.pointer_dereference.10
	 - Status: SUCCESS
	 - Description: "dereference failure: dead object"
	 - Location: der-verified/src/tag.rs:26:17 in function <tag::Class as std::cmp::PartialEq>::eq

Check 163: <tag::Class as std::cmp::PartialEq>::eq.pointer_dereference.11
	 - Status: SUCCESS
	 - Description: "dereference failure: pointer outside object bounds"
	 - Location: der-verified/src/tag.rs:26:17 in function <tag::Class as std::cmp::PartialEq>::eq

Check 164: <tag::Class as std::cmp::PartialEq>::eq.pointer_dereference.12
	 - Status: SUCCESS
	 - Description: "dereference failure: invalid integer address"
	 - Location: der-verified/src/tag.rs:26:17 in function <tag::Class as std::cmp::PartialEq>::eq

Check 165: std::result::Result::<(&[u8], usize), sequence::SequenceError>::map_err::<x509_algorithm_identifier::AlgIdError, fn(sequence::SequenceError) -> x509_algorithm_identifier::AlgIdError {x509_algorithm_identifier::AlgIdError::BadSeq}>.pointer_dereference.1
	 - Status: SUCCESS
	 - Description: "dereference failure: dead object"
	 - Location: ../../../runner/.rustup/toolchains/nightly-2025-11-21-x86_64-unknown-linux-gnu/lib/rustlib/src/rust/library/core/src/result.rs:966:15 in function std::result::Result::<(&[u8], usize), sequence::SequenceError>::map_err::<x509_algorithm_identifier::AlgIdError, fn(sequence::SequenceError) -> x509_algorithm_identifier::AlgIdError {x509_algorithm_identifier::AlgIdError::BadSeq}>

Check 166: std::result::Result::<(&[u8], usize), sequence::SequenceError>::map_err::<x509_algorithm_identifier::AlgIdError, fn(sequence::SequenceError) -> x509_algorithm_identifier::AlgIdError {x509_algorithm_identifier::AlgIdError::BadSeq}>.pointer_dereference.2
	 - Status: SUCCESS
	 - Description: "dereference failure: dead object"
	 - Location: ../../../runner/.rustup/toolchains/nightly-2025-11-21-x86_64-unknown-linux-gnu/lib/rustlib/src/rust/library/core/src/result.rs:968:23 in function std::result::Result::<(&[u8], usize), sequence::SequenceError>::map_err::<x509_algorithm_identifier::AlgIdError, fn(sequence::SequenceError) -> x509_algorithm_identifier::AlgIdError {x509_algorithm_identifier::AlgIdError::BadSeq}>

Check 167: <std::result::Result<x509_spki::SubjectPublicKeyInfo<'_>, x509_spki::SpkiError> as std::ops::FromResidual<std::result::Result<std::convert::Infallible, x509_spki::SpkiError>>>::from_residual.pointer_dereference.1
	 - Status: SUCCESS
	 - Description: "dereference failure: dead object"
	 - Location: ../../../runner/.rustup/toolchains/nightly-2025-11-21-x86_64-unknown-linux-gnu/lib/rustlib/src/rust/library/core/src/result.rs:2189:23 in function <std::result::Result<x509_spki::SubjectPublicKeyInfo<'_>, x509_spki::SpkiError> as std::ops::FromResidual<std::result::Result<std::convert::Infallible, x509_spki::SpkiError>>>::from_residual

Check 168: x509_algorithm_identifier::AlgIdError::BadParametersTlv.pointer_dereference.1
	 - Status: SUCCESS
	 - Description: "dereference failure: dead object"
	 - Location: der-verified/src/x509_algorithm_identifier.rs:89:5 in function x509_algorithm_identifier::AlgIdError::BadParametersTlv

Check 169: std::result::Result::<(x509_algorithm_identifier::AlgorithmIdentifier<'_>, usize), x509_algorithm_identifier::AlgIdError>::map_err::<x509_spki::SpkiError, fn(x509_algorithm_identifier::AlgIdError) -> x509_spki::SpkiError {x509_spki::map_algid_error}>.pointer_dereference.1
	 - Status: SUCCESS
	 - Description: "dereference failure: dead object"
	 - Location: ../../../runner/.rustup/toolchains/nightly-2025-11-21-x86_64-unknown-linux-gnu/lib/rustlib/src/rust/library/core/src/result.rs:966:15 in function std::result::Result::<(x509_algorithm_identifier::AlgorithmIdentifier<'_>, usize), x509_algorithm_identifier::AlgIdError>::map_err::<x509_spki::SpkiError, fn(x509_algorithm_identifier::AlgIdError) -> x509_spki::SpkiError {x509_spki::map_algid_error}>

Check 170: std::result::Result::<(x509_algorithm_identifier::AlgorithmIdentifier<'_>, usize), x509_algorithm_identifier::AlgIdError>::map_err::<x509_spki::SpkiError, fn(x509_algorithm_identifier::AlgIdError) -> x509_spki::SpkiError {x509_spki::map_algid_error}>.pointer_dereference.2
	 - Status: SUCCESS
	 - Description: "dereference failure: dead object"
	 - Location: ../../../runner/.rustup/toolchains/nightly-2025-11-21-x86_64-unknown-linux-gnu/lib/rustlib/src/rust/library/core/src/result.rs:968:23 in function std::result::Result::<(x509_algorithm_identifier::AlgorithmIdentifier<'_>, usize), x509_algorithm_identifier::AlgIdError>::map_err::<x509_spki::SpkiError, fn(x509_algorithm_identifier::AlgIdError) -> x509_spki::SpkiError {x509_spki::map_algid_error}>

Check 171: tag::decode_tag.pointer_dereference.1
	 - Status: SUCCESS
	 - Description: "dereference failure: dead object"
	 - Location: der-verified/src/tag.rs:107:23 in function tag::decode_tag

Check 172: tag::decode_tag.pointer_dereference.2
	 - Status: SUCCESS
	 - Description: "dereference failure: pointer NULL"
	 - Location: der-verified/src/tag.rs:108:15 in function tag::decode_tag

Check 173: tag::decode_tag.pointer_dereference.3
	 - Status: SUCCESS
	 - Description: "dereference failure: pointer invalid"
	 - Location: der-verified/src/tag.rs:108:15 in function tag::decode_tag

Check 174: tag::decode_tag.pointer_dereference.4
	 - Status: SUCCESS
	 - Description: "dereference failure: deallocated dynamic object"
	 - Location: der-verified/src/tag.rs:108:15 in function tag::decode_tag

Check 175: tag::decode_tag.pointer_dereference.5
	 - Status: SUCCESS
	 - Description: "dereference failure: dead object"
	 - Location: der-verified/src/tag.rs:108:15 in function tag::decode_tag

Check 176: tag::decode_tag.pointer_dereference.6
	 - Status: SUCCESS
	 - Description: "dereference failure: pointer outside object bounds"
	 - Location: der-verified/src/tag.rs:108:15 in function tag::decode_tag

Check 177: tag::decode_tag.pointer_dereference.7
	 - Status: SUCCESS
	 - Description: "dereference failure: invalid integer address"
	 - Location: der-verified/src/tag.rs:108:15 in function tag::decode_tag

Check 178: tag::decode_tag.pointer_dereference.8
	 - Status: SUCCESS
	 - Description: "dereference failure: dead object"
	 - Location: der-verified/src/tag.rs:138:26 in function tag::decode_tag

Check 179: tag::decode_tag.pointer_dereference.9
	 - Status: SUCCESS
	 - Description: "dereference failure: pointer NULL"
	 - Location: der-verified/src/tag.rs:139:19 in function tag::decode_tag

Check 180: tag::decode_tag.pointer_dereference.10
	 - Status: SUCCESS
	 - Description: "dereference failure: pointer invalid"
	 - Location: der-verified/src/tag.rs:139:19 in function tag::decode_tag

Check 181: tag::decode_tag.pointer_dereference.11
	 - Status: SUCCESS
	 - Description: "dereference failure: deallocated dynamic object"
	 - Location: der-verified/src/tag.rs:139:19 in function tag::decode_tag

Check 182: tag::decode_tag.pointer_dereference.12
	 - Status: SUCCESS
	 - Description: "dereference failure: dead object"
	 - Location: der-verified/src/tag.rs:139:19 in function tag::decode_tag

Check 183: tag::decode_tag.pointer_dereference.13
	 - Status: SUCCESS
	 - Description: "dereference failure: pointer outside object bounds"
	 - Location: der-verified/src/tag.rs:139:19 in function tag::decode_tag

Check 184: tag::decode_tag.pointer_dereference.14
	 - Status: SUCCESS
	 - Description: "dereference failure: invalid integer address"
	 - Location: der-verified/src/tag.rs:139:19 in function tag::decode_tag

Check 185: tag::decode_tag.pointer_dereference.15
	 - Status: SUCCESS
	 - Description: "dereference failure: dead object"
	 - Location: der-verified/src/tag.rs:157:16 in function tag::decode_tag

Check 186: tag::decode_tag.pointer_dereference.16
	 - Status: SUCCESS
	 - Description: "dereference failure: dead object"
	 - Location: der-verified/src/tag.rs:109:24 in function tag::decode_tag

Check 187: <std::result::Result<(x509_algorithm_identifier::AlgorithmIdentifier<'_>, usize), x509_spki::SpkiError> as std::ops::Try>::branch.pointer_dereference.1
	 - Status: SUCCESS
	 - Description: "dereference failure: dead object"
	 - Location: ../../../runner/.rustup/toolchains/nightly-2025-11-21-x86_64-unknown-linux-gnu/lib/rustlib/src/rust/library/core/src/result.rs:2173:15 in function <std::result::Result<(x509_algorithm_identifier::AlgorithmIdentifier<'_>, usize), x509_spki::SpkiError> as std::ops::Try>::branch

Check 188: <std::result::Result<(x509_algorithm_identifier::AlgorithmIdentifier<'_>, usize), x509_spki::SpkiError> as std::ops::Try>::branch.pointer_dereference.2
	 - Status: SUCCESS
	 - Description: "dereference failure: dead object"
	 - Location: ../../../runner/.rustup/toolchains/nightly-2025-11-21-x86_64-unknown-linux-gnu/lib/rustlib/src/rust/library/core/src/result.rs:2175:23 in function <std::result::Result<(x509_algorithm_identifier::AlgorithmIdentifier<'_>, usize), x509_spki::SpkiError> as std::ops::Try>::branch

Check 189: std::result::Result::<(x509_algorithm_identifier::AlgorithmIdentifier<'_>, usize), x509_algorithm_identifier::AlgIdError>::map_err::<x509_tbs_certificate::TbsCertificateError, fn(x509_algorithm_identifier::AlgIdError) -> x509_tbs_certificate::TbsCertificateError {x509_tbs_certificate::TbsCertificateError::BadSignature}>.pointer_dereference.1
	 - Status: SUCCESS
	 - Description: "dereference failure: dead object"
	 - Location: ../../../runner/.rustup/toolchains/nightly-2025-11-21-x86_64-unknown-linux-gnu/lib/rustlib/src/rust/library/core/src/result.rs:966:15 in function std::result::Result::<(x509_algorithm_identifier::AlgorithmIdentifier<'_>, usize), x509_algorithm_identifier::AlgIdError>::map_err::<x509_tbs_certificate::TbsCertificateError, fn(x509_algorithm_identifier::AlgIdError) -> x509_tbs_certificate::TbsCertificateError {x509_tbs_certificate::TbsCertificateError::BadSignature}>

Check 190: std::result::Result::<(x509_algorithm_identifier::AlgorithmIdentifier<'_>, usize), x509_algorithm_identifier::AlgIdError>::map_err::<x509_tbs_certificate::TbsCertificateError, fn(x509_algorithm_identifier::AlgIdError) -> x509_tbs_certificate::TbsCertificateError {x509_tbs_certificate::TbsCertificateError::BadSignature}>.pointer_dereference.2
	 - Status: SUCCESS
	 - Description: "dereference failure: dead object"
	 - Location: ../../../runner/.rustup/toolchains/nightly-2025-11-21-x86_64-unknown-linux-gnu/lib/rustlib/src/rust/library/core/src/result.rs:968:23 in function std::result::Result::<(x509_algorithm_identifier::AlgorithmIdentifier<'_>, usize), x509_algorithm_identifier::AlgIdError>::map_err::<x509_tbs_certificate::TbsCertificateError, fn(x509_algorithm_identifier::AlgIdError) -> x509_tbs_certificate::TbsCertificateError {x509_tbs_certificate::TbsCertificateError::BadSignature}>

Check 191: std::result::Result::<(tlv::Tlv<'_>, usize), tlv::TlvError>::map_err::<context_tag::ContextTagError, fn(tlv::TlvError) -> context_tag::ContextTagError {context_tag::ContextTagError::BadTlv}>.pointer_dereference.1
	 - Status: SUCCESS
	 - Description: "dereference failure: dead object"
	 - Location: ../../../runner/.rustup/toolchains/nightly-2025-11-21-x86_64-unknown-linux-gnu/lib/rustlib/src/rust/library/core/src/result.rs:966:15 in function std::result::Result::<(tlv::Tlv<'_>, usize), tlv::TlvError>::map_err::<context_tag::ContextTagError, fn(tlv::TlvError) -> context_tag::ContextTagError {context_tag::ContextTagError::BadTlv}>

Check 192: std::result::Result::<(tlv::Tlv<'_>, usize), tlv::TlvError>::map_err::<context_tag::ContextTagError, fn(tlv::TlvError) -> context_tag::ContextTagError {context_tag::ContextTagError::BadTlv}>.pointer_dereference.2
	 - Status: SUCCESS
	 - Description: "dereference failure: dead object"
	 - Location: ../../../runner/.rustup/toolchains/nightly-2025-11-21-x86_64-unknown-linux-gnu/lib/rustlib/src/rust/library/core/src/result.rs:968:23 in function std::result::Result::<(tlv::Tlv<'_>, usize), tlv::TlvError>::map_err::<context_tag::ContextTagError, fn(tlv::TlvError) -> context_tag::ContextTagError {context_tag::ContextTagError::BadTlv}>

Check 193: std::result::Result::<x509_spki::SubjectPublicKeyInfo<'_>, x509_spki::SpkiError>::map_err::<x509_tbs_certificate::TbsCertificateError, fn(x509_spki::SpkiError) -> x509_tbs_certificate::TbsCertificateError {x509_tbs_certificate::TbsCertificateError::BadSpki}>.pointer_dereference.1
	 - Status: SUCCESS
	 - Description: "dereference failure: dead object"
	 - Location: ../../../runner/.rustup/toolchains/nightly-2025-11-21-x86_64-unknown-linux-gnu/lib/rustlib/src/rust/library/core/src/result.rs:966:15 in function std::result::Result::<x509_spki::SubjectPublicKeyInfo<'_>, x509_spki::SpkiError>::map_err::<x509_tbs_certificate::TbsCertificateError, fn(x509_spki::SpkiError) -> x509_tbs_certificate::TbsCertificateError {x509_tbs_certificate::TbsCertificateError::BadSpki}>

Check 194: std::result::Result::<x509_spki::SubjectPublicKeyInfo<'_>, x509_spki::SpkiError>::map_err::<x509_tbs_certificate::TbsCertificateError, fn(x509_spki::SpkiError) -> x509_tbs_certificate::TbsCertificateError {x509_tbs_certificate::TbsCertificateError::BadSpki}>.pointer_dereference.2
	 - Status: SUCCESS
	 - Description: "dereference failure: dead object"
	 - Location: ../../../runner/.rustup/toolchains/nightly-2025-11-21-x86_64-unknown-linux-gnu/lib/rustlib/src/rust/library/core/src/result.rs:968:23 in function std::result::Result::<x509_spki::SubjectPublicKeyInfo<'_>, x509_spki::SpkiError>::map_err::<x509_tbs_certificate::TbsCertificateError, fn(x509_spki::SpkiError) -> x509_tbs_certificate::TbsCertificateError {x509_tbs_certificate::TbsCertificateError::BadSpki}>

Check 195: <std::result::Result<i64, x509_tbs_certificate::TbsCertificateError> as std::ops::Try>::branch.pointer_dereference.1
	 - Status: SUCCESS
	 - Description: "dereference failure: dead object"
	 - Location: ../../../runner/.rustup/toolchains/nightly-2025-11-21-x86_64-unknown-linux-gnu/lib/rustlib/src/rust/library/core/src/result.rs:2173:15 in function <std::result::Result<i64, x509_tbs_certificate::TbsCertificateError> as std::ops::Try>::branch

Check 196: <std::result::Result<i64, x509_tbs_certificate::TbsCertificateError> as std::ops::Try>::branch.pointer_dereference.2
	 - Status: SUCCESS
	 - Description: "dereference failure: dead object"
	 - Location: ../../../runner/.rustup/toolchains/nightly-2025-11-21-x86_64-unknown-linux-gnu/lib/rustlib/src/rust/library/core/src/result.rs:2174:22 in function <std::result::Result<i64, x509_tbs_certificate::TbsCertificateError> as std::ops::Try>::branch

Check 197: std::result::Result::<(&[u8], usize), context_tag::ContextTagError>::map_err::<x509_tbs_certificate::TbsCertificateError, fn(context_tag::ContextTagError) -> x509_tbs_certificate::TbsCertificateError {x509_tbs_certificate::TbsCertificateError::BadExtensionsTag}>.pointer_dereference.1
	 - Status: SUCCESS
	 - Description: "dereference failure: dead object"
	 - Location: ../../../runner/.rustup/toolchains/nightly-2025-11-21-x86_64-unknown-linux-gnu/lib/rustlib/src/rust/library/core/src/result.rs:966:15 in function std::result::Result::<(&[u8], usize), context_tag::ContextTagError>::map_err::<x509_tbs_certificate::TbsCertificateError, fn(context_tag::ContextTagError) -> x509_tbs_certificate::TbsCertificateError {x509_tbs_certificate::TbsCertificateError::BadExtensionsTag}>

Check 198: <std::result::Result<x509_spki::SubjectPublicKeyInfo<'_>, x509_tbs_certificate::TbsCertificateError> as std::ops::Try>::branch.pointer_dereference.1
	 - Status: SUCCESS
	 - Description: "dereference failure: dead object"
	 - Location: ../../../runner/.rustup/toolchains/nightly-2025-11-21-x86_64-unknown-linux-gnu/lib/rustlib/src/rust/library/core/src/result.rs:2173:15 in function <std::result::Result<x509_spki::SubjectPublicKeyInfo<'_>, x509_tbs_certificate::TbsCertificateError> as std::ops::Try>::branch

Check 199: <std::result::Result<x509_spki::SubjectPublicKeyInfo<'_>, x509_tbs_certificate::TbsCertificateError> as std::ops::Try>::branch.pointer_dereference.2
	 - Status: SUCCESS
	 - Description: "dereference failure: dead object"
	 - Location: ../../../runner/.rustup/toolchains/nightly-2025-11-21-x86_64-unknown-linux-gnu/lib/rustlib/src/rust/library/core/src/result.rs:2175:23 in function <std::result::Result<x509_spki::SubjectPublicKeyInfo<'_>, x509_tbs_certificate::TbsCertificateError> as std::ops::Try>::branch

Check 200: x509_algorithm_identifier::parse_algorithm_identifier.pointer_dereference.1
	 - Status: SUCCESS
	 - Description: "dereference failure: dead object"
	 - Location: der-verified/src/x509_algorithm_identifier.rs:127:32 in function x509_algorithm_identifier::parse_algorithm_identifier

Check 201: x509_algorithm_identifier::parse_algorithm_identifier.pointer_dereference.2
	 - Status: SUCCESS
	 - Description: "dereference failure: dead object"
	 - Location: der-verified/src/x509_algorithm_identifier.rs:130:37 in function x509_algorithm_identifier::parse_algorithm_identifier

Check 202: x509_algorithm_identifier::parse_algorithm_identifier.pointer_dereference.3
	 - Status: SUCCESS
	 - Description: "dereference failure: dead object"
	 - Location: der-verified/src/x509_algorithm_identifier.rs:133:9 in function x509_algorithm_identifier::parse_algorithm_identifier

Check 203: x509_algorithm_identifier::parse_algorithm_identifier.pointer_dereference.4
	 - Status: SUCCESS
	 - Description: "dereference failure: dead object"
	 - Location: der-verified/src/x509_algorithm_identifier.rs:135:42 in function x509_algorithm_identifier::parse_algorithm_identifier

Check 204: x509_algorithm_identifier::parse_algorithm_identifier.pointer_dereference.5
	 - Status: SUCCESS
	 - Description: "dereference failure: dead object"
	 - Location: der-verified/src/x509_algorithm_identifier.rs:137:24 in function x509_algorithm_identifier::parse_algorithm_identifier

Check 205: x509_algorithm_identifier::parse_algorithm_identifier.pointer_dereference.6
	 - Status: SUCCESS
	 - Description: "dereference failure: dead object"
	 - Location: der-verified/src/x509_algorithm_identifier.rs:137:20 in function x509_algorithm_identifier::parse_algorithm_identifier

Check 206: std::result::Result::<(tlv::Tlv<'_>, usize), tlv::TlvError>::map_err::<x509_tbs_certificate::TbsCertificateError, fn(tlv::TlvError) -> x509_tbs_certificate::TbsCertificateError {x509_tbs_certificate::TbsCertificateError::BadSpkiTlv}>.pointer_dereference.1
	 - Status: SUCCESS
	 - Description: "dereference failure: dead object"
	 - Location: ../../../runner/.rustup/toolchains/nightly-2025-11-21-x86_64-unknown-linux-gnu/lib/rustlib/src/rust/library/core/src/result.rs:966:15 in function std::result::Result::<(tlv::Tlv<'_>, usize), tlv::TlvError>::map_err::<x509_tbs_certificate::TbsCertificateError, fn(tlv::TlvError) -> x509_tbs_certificate::TbsCertificateError {x509_tbs_certificate::TbsCertificateError::BadSpkiTlv}>

Check 207: std::result::Result::<(), big_integer::BigIntError>::map_err::<x509_tbs_certificate::TbsCertificateError, fn(big_integer::BigIntError) -> x509_tbs_certificate::TbsCertificateError {x509_tbs_certificate::TbsCertificateError::BadSerial}>.pointer_dereference.1
	 - Status: SUCCESS
	 - Description: "dereference failure: dead object"
	 - Location: ../../../runner/.rustup/toolchains/nightly-2025-11-21-x86_64-unknown-linux-gnu/lib/rustlib/src/rust/library/core/src/result.rs:966:15 in function std::result::Result::<(), big_integer::BigIntError>::map_err::<x509_tbs_certificate::TbsCertificateError, fn(big_integer::BigIntError) -> x509_tbs_certificate::TbsCertificateError {x509_tbs_certificate::TbsCertificateError::BadSerial}>

Check 208: std::result::Result::<(), big_integer::BigIntError>::map_err::<x509_tbs_certificate::TbsCertificateError, fn(big_integer::BigIntError) -> x509_tbs_certificate::TbsCertificateError {x509_tbs_certificate::TbsCertificateError::BadSerial}>.pointer_dereference.2
	 - Status: SUCCESS
	 - Description: "dereference failure: dead object"
	 - Location: ../../../runner/.rustup/toolchains/nightly-2025-11-21-x86_64-unknown-linux-gnu/lib/rustlib/src/rust/library/core/src/result.rs:967:22 in function std::result::Result::<(), big_integer::BigIntError>::map_err::<x509_tbs_certificate::TbsCertificateError, fn(big_integer::BigIntError) -> x509_tbs_certificate::TbsCertificateError {x509_tbs_certificate::TbsCertificateError::BadSerial}>

Check 209: x509_spki::parse_subject_public_key_info.pointer_dereference.1
	 - Status: SUCCESS
	 - Description: "dereference failure: dead object"
	 - Location: der-verified/src/x509_spki.rs:174:25 in function x509_spki::parse_subject_public_key_info

Check 210: x509_spki::parse_subject_public_key_info.pointer_dereference.2
	 - Status: SUCCESS
	 - Description: "dereference failure: dead object"
	 - Location: der-verified/src/x509_spki.rs:179:9 in function x509_spki::parse_subject_public_key_info

Check 211: x509_spki::parse_subject_public_key_info.pointer_dereference.3
	 - Status: SUCCESS
	 - Description: "dereference failure: dead object"
	 - Location: der-verified/src/x509_spki.rs:185:16 in function x509_spki::parse_subject_public_key_info

Check 212: x509_spki::parse_subject_public_key_info.pointer_dereference.4
	 - Status: SUCCESS
	 - Description: "dereference failure: dead object"
	 - Location: der-verified/src/x509_spki.rs:187:41 in function x509_spki::parse_subject_public_key_info

Check 213: x509_spki::parse_subject_public_key_info.pointer_dereference.5
	 - Status: SUCCESS
	 - Description: "dereference failure: dead object"
	 - Location: der-verified/src/x509_spki.rs:189:16 in function x509_spki::parse_subject_public_key_info

Check 214: std::result::Result::<&[u8], sequence::SequenceError>::map_err::<x509_tbs_certificate::TbsCertificateError, fn(sequence::SequenceError) -> x509_tbs_certificate::TbsCertificateError {x509_tbs_certificate::TbsCertificateError::BadOuterSeq}>.pointer_dereference.1
	 - Status: SUCCESS
	 - Description: "dereference failure: dead object"
	 - Location: ../../../runner/.rustup/toolchains/nightly-2025-11-21-x86_64-unknown-linux-gnu/lib/rustlib/src/rust/library/core/src/result.rs:966:15 in function std::result::Result::<&[u8], sequence::SequenceError>::map_err::<x509_tbs_certificate::TbsCertificateError, fn(sequence::SequenceError) -> x509_tbs_certificate::TbsCertificateError {x509_tbs_certificate::TbsCertificateError::BadOuterSeq}>

Check 215: std::result::Result::<&[u8], sequence::SequenceError>::map_err::<x509_tbs_certificate::TbsCertificateError, fn(sequence::SequenceError) -> x509_tbs_certificate::TbsCertificateError {x509_tbs_certificate::TbsCertificateError::BadOuterSeq}>.pointer_dereference.2
	 - Status: SUCCESS
	 - Description: "dereference failure: dead object"
	 - Location: ../../../runner/.rustup/toolchains/nightly-2025-11-21-x86_64-unknown-linux-gnu/lib/rustlib/src/rust/library/core/src/result.rs:967:22 in function std::result::Result::<&[u8], sequence::SequenceError>::map_err::<x509_tbs_certificate::TbsCertificateError, fn(sequence::SequenceError) -> x509_tbs_certificate::TbsCertificateError {x509_tbs_certificate::TbsCertificateError::BadOuterSeq}>

Check 216: std::result::Result::<(), x509_extension::ExtensionsError>::map_err::<x509_tbs_certificate::TbsCertificateError, fn(x509_extension::ExtensionsError) -> x509_tbs_certificate::TbsCertificateError {x509_tbs_certificate::TbsCertificateError::BadExtensions}>.pointer_dereference.1
	 - Status: SUCCESS
	 - Description: "dereference failure: dead object"
	 - Location: ../../../runner/.rustup/toolchains/nightly-2025-11-21-x86_64-unknown-linux-gnu/lib/rustlib/src/rust/library/core/src/result.rs:966:15 in function std::result::Result::<(), x509_extension::ExtensionsError>::map_err::<x509_tbs_certificate::TbsCertificateError, fn(x509_extension::ExtensionsError) -> x509_tbs_certificate::TbsCertificateError {x509_tbs_certificate::TbsCertificateError::BadExtensions}>

Check 217: std::result::Result::<(), x509_extension::ExtensionsError>::map_err::<x509_tbs_certificate::TbsCertificateError, fn(x509_extension::ExtensionsError) -> x509_tbs_certificate::TbsCertificateError {x509_tbs_certificate::TbsCertificateError::BadExtensions}>.pointer_dereference.2
	 - Status: SUCCESS
	 - Description: "dereference failure: dead object"
	 - Location: ../../../runner/.rustup/toolchains/nightly-2025-11-21-x86_64-unknown-linux-gnu/lib/rustlib/src/rust/library/core/src/result.rs:967:22 in function std::result::Result::<(), x509_extension::ExtensionsError>::map_err::<x509_tbs_certificate::TbsCertificateError, fn(x509_extension::ExtensionsError) -> x509_tbs_certificate::TbsCertificateError {x509_tbs_certificate::TbsCertificateError::BadExtensions}>

Check 218: <std::result::Result<(tlv::Tlv<'_>, usize), context_tag::ContextTagError> as std::ops::Try>::branch.pointer_dereference.1
	 - Status: SUCCESS
	 - Description: "dereference failure: dead object"
	 - Location: ../../../runner/.rustup/toolchains/nightly-2025-11-21-x86_64-unknown-linux-gnu/lib/rustlib/src/rust/library/core/src/result.rs:2173:15 in function <std::result::Result<(tlv::Tlv<'_>, usize), context_tag::ContextTagError> as std::ops::Try>::branch

Check 219: <std::result::Result<(tlv::Tlv<'_>, usize), context_tag::ContextTagError> as std::ops::Try>::branch.pointer_dereference.2
	 - Status: SUCCESS
	 - Description: "dereference failure: dead object"
	 - Location: ../../../runner/.rustup/toolchains/nightly-2025-11-21-x86_64-unknown-linux-gnu/lib/rustlib/src/rust/library/core/src/result.rs:2175:23 in function <std::result::Result<(tlv::Tlv<'_>, usize), context_tag::ContextTagError> as std::ops::Try>::branch

Check 220: std::result::Result::<(tlv::Tlv<'_>, usize), tlv::TlvError>::map_err::<sequence::SequenceError, {closure@der-verified/src/sequence.rs:157:49: 157:52}>.pointer_dereference.1
	 - Status: SUCCESS
	 - Description: "dereference failure: dead object"
	 - Location: ../../../runner/.rustup/toolchains/nightly-2025-11-21-x86_64-unknown-linux-gnu/lib/rustlib/src/rust/library/core/src/result.rs:966:15 in function std::result::Result::<(tlv::Tlv<'_>, usize), tlv::TlvError>::map_err::<sequence::SequenceError, {closure@der-verified/src/sequence.rs:157:49: 157:52}>

Check 221: std::result::Result::<(tlv::Tlv<'_>, usize), tlv::TlvError>::map_err::<sequence::SequenceError, {closure@der-verified/src/sequence.rs:157:49: 157:52}>.pointer_dereference.2
	 - Status: SUCCESS
	 - Description: "dereference failure: dead object"
	 - Location: ../../../runner/.rustup/toolchains/nightly-2025-11-21-x86_64-unknown-linux-gnu/lib/rustlib/src/rust/library/core/src/result.rs:968:23 in function std::result::Result::<(tlv::Tlv<'_>, usize), tlv::TlvError>::map_err::<sequence::SequenceError, {closure@der-verified/src/sequence.rs:157:49: 157:52}>

Check 222: std::result::Result::<(tlv::Tlv<'_>, usize), tlv::TlvError>::map_err::<x509_tbs_certificate::TbsCertificateError, fn(tlv::TlvError) -> x509_tbs_certificate::TbsCertificateError {x509_tbs_certificate::TbsCertificateError::BadIssuerTlv}>.pointer_dereference.1
	 - Status: SUCCESS
	 - Description: "dereference failure: dead object"
	 - Location: ../../../runner/.rustup/toolchains/nightly-2025-11-21-x86_64-unknown-linux-gnu/lib/rustlib/src/rust/library/core/src/result.rs:966:15 in function std::result::Result::<(tlv::Tlv<'_>, usize), tlv::TlvError>::map_err::<x509_tbs_certificate::TbsCertificateError, fn(tlv::TlvError) -> x509_tbs_certificate::TbsCertificateError {x509_tbs_certificate::TbsCertificateError::BadIssuerTlv}>

Check 223: bit_string::decode_bit_string.pointer_dereference.1
	 - Status: SUCCESS
	 - Description: "dereference failure: dead object"
	 - Location: der-verified/src/bit_string.rs:106:33 in function bit_string::decode_bit_string

Check 224: bit_string::decode_bit_string.pointer_dereference.2
	 - Status: SUCCESS
	 - Description: "dereference failure: pointer NULL"
	 - Location: der-verified/src/bit_string.rs:106:11 in function bit_string::decode_bit_string

Check 225: bit_string::decode_bit_string.pointer_dereference.3
	 - Status: SUCCESS
	 - Description: "dereference failure: pointer invalid"
	 - Location: der-verified/src/bit_string.rs:106:11 in function bit_string::decode_bit_string

Check 226: bit_string::decode_bit_string.pointer_dereference.4
	 - Status: SUCCESS
	 - Description: "dereference failure: deallocated dynamic object"
	 - Location: der-verified/src/bit_string.rs:106:11 in function bit_string::decode_bit_string

Check 227: bit_string::decode_bit_string.pointer_dereference.5
	 - Status: SUCCESS
	 - Description: "dereference failure: dead object"
	 - Location: der-verified/src/bit_string.rs:106:11 in function bit_string::decode_bit_string

Check 228: bit_string::decode_bit_string.pointer_dereference.6
	 - Status: SUCCESS
	 - Description: "dereference failure: pointer outside object bounds"
	 - Location: der-verified/src/bit_string.rs:106:11 in function bit_string::decode_bit_string

Check 229: bit_string::decode_bit_string.pointer_dereference.7
	 - Status: SUCCESS
	 - Description: "dereference failure: invalid integer address"
	 - Location: der-verified/src/bit_string.rs:106:11 in function bit_string::decode_bit_string

Check 230: bit_string::decode_bit_string.pointer_dereference.8
	 - Status: SUCCESS
	 - Description: "dereference failure: dead object"
	 - Location: der-verified/src/bit_string.rs:111:16 in function bit_string::decode_bit_string

Check 231: bit_string::decode_bit_string.pointer_dereference.9
	 - Status: SUCCESS
	 - Description: "dereference failure: dead object"
	 - Location: der-verified/src/bit_string.rs:116:20 in function bit_string::decode_bit_string

Check 232: bit_string::decode_bit_string.pointer_dereference.10
	 - Status: SUCCESS
	 - Description: "dereference failure: pointer NULL"
	 - Location: der-verified/src/bit_string.rs:122:8 in function bit_string::decode_bit_string

Check 233: bit_string::decode_bit_string.pointer_dereference.11
	 - Status: SUCCESS
	 - Description: "dereference failure: pointer invalid"
	 - Location: der-verified/src/bit_string.rs:122:8 in function bit_string::decode_bit_string

Check 234: bit_string::decode_bit_string.pointer_dereference.12
	 - Status: SUCCESS
	 - Description: "dereference failure: deallocated dynamic object"
	 - Location: der-verified/src/bit_string.rs:122:8 in function bit_string::decode_bit_string

Check 235: bit_string::decode_bit_string.pointer_dereference.13
	 - Status: SUCCESS
	 - Description: "dereference failure: dead object"
	 - Location: der-verified/src/bit_string.rs:122:8 in function bit_string::decode_bit_string

Check 236: bit_string::decode_bit_string.pointer_dereference.14
	 - Status: SUCCESS
	 - Description: "dereference failure: pointer outside object bounds"
	 - Location: der-verified/src/bit_string.rs:122:8 in function bit_string::decode_bit_string

Check 237: bit_string::decode_bit_string.pointer_dereference.15
	 - Status: SUCCESS
	 - Description: "dereference failure: invalid integer address"
	 - Location: der-verified/src/bit_string.rs:122:8 in function bit_string::decode_bit_string

Check 238: bit_string::decode_bit_string.pointer_dereference.16
	 - Status: SUCCESS
	 - Description: "dereference failure: dead object"
	 - Location: der-verified/src/bit_string.rs:123:16 in function bit_string::decode_bit_string

Check 239: bit_string::decode_bit_string.pointer_dereference.17
	 - Status: SUCCESS
	 - Description: "dereference failure: dead object"
	 - Location: der-verified/src/bit_string.rs:108:24 in function bit_string::decode_bit_string

Check 240: <std::result::Result<(tag::Tag, usize), tlv::TlvError> as std::ops::Try>::branch.pointer_dereference.1
	 - Status: SUCCESS
	 - Description: "dereference failure: dead object"
	 - Location: ../../../runner/.rustup/toolchains/nightly-2025-11-21-x86_64-unknown-linux-gnu/lib/rustlib/src/rust/library/core/src/result.rs:2173:15 in function <std::result::Result<(tag::Tag, usize), tlv::TlvError> as std::ops::Try>::branch

Check 241: <std::result::Result<(tag::Tag, usize), tlv::TlvError> as std::ops::Try>::branch.pointer_dereference.2
	 - Status: SUCCESS
	 - Description: "dereference failure: dead object"
	 - Location: ../../../runner/.rustup/toolchains/nightly-2025-11-21-x86_64-unknown-linux-gnu/lib/rustlib/src/rust/library/core/src/result.rs:2175:23 in function <std::result::Result<(tag::Tag, usize), tlv::TlvError> as std::ops::Try>::branch

Check 242: <std::result::Result<(tlv::Tlv<'_>, usize), x509_algorithm_identifier::AlgIdError> as std::ops::Try>::branch.pointer_dereference.1
	 - Status: SUCCESS
	 - Description: "dereference failure: dead object"
	 - Location: ../../../runner/.rustup/toolchains/nightly-2025-11-21-x86_64-unknown-linux-gnu/lib/rustlib/src/rust/library/core/src/result.rs:2173:15 in function <std::result::Result<(tlv::Tlv<'_>, usize), x509_algorithm_identifier::AlgIdError> as std::ops::Try>::branch

Check 243: <std::result::Result<(tlv::Tlv<'_>, usize), x509_algorithm_identifier::AlgIdError> as std::ops::Try>::branch.pointer_dereference.2
	 - Status: SUCCESS
	 - Description: "dereference failure: dead object"
	 - Location: ../../../runner/.rustup/toolchains/nightly-2025-11-21-x86_64-unknown-linux-gnu/lib/rustlib/src/rust/library/core/src/result.rs:2175:23 in function <std::result::Result<(tlv::Tlv<'_>, usize), x509_algorithm_identifier::AlgIdError> as std::ops::Try>::branch

Check 244: <std::result::Result<&[u8], x509_spki::SpkiError> as std::ops::Try>::branch.pointer_dereference.1
	 - Status: SUCCESS
	 - Description: "dereference failure: dead object"
	 - Location: ../../../runner/.rustup/toolchains/nightly-2025-11-21-x86_64-unknown-linux-gnu/lib/rustlib/src/rust/library/core/src/result.rs:2173:15 in function <std::result::Result<&[u8], x509_spki::SpkiError> as std::ops::Try>::branch

Check 245: <std::result::Result<&[u8], x509_spki::SpkiError> as std::ops::Try>::branch.pointer_dereference.2
	 - Status: SUCCESS
	 - Description: "dereference failure: dead object"
	 - Location: ../../../runner/.rustup/toolchains/nightly-2025-11-21-x86_64-unknown-linux-gnu/lib/rustlib/src/rust/library/core/src/result.rs:2175:23 in function <std::result::Result<&[u8], x509_spki::SpkiError> as std::ops::Try>::branch

Check 246: std::result::Result::<(), x509_name::NameError>::map_err::<x509_tbs_certificate::TbsCertificateError, fn(x509_name::NameError) -> x509_tbs_certificate::TbsCertificateError {x509_tbs_certificate::TbsCertificateError::BadIssuer}>.pointer_dereference.1
	 - Status: SUCCESS
	 - Description: "dereference failure: dead object"
	 - Location: ../../../runner/.rustup/toolchains/nightly-2025-11-21-x86_64-unknown-linux-gnu/lib/rustlib/src/rust/library/core/src/result.rs:966:15 in function std::result::Result::<(), x509_name::NameError>::map_err::<x509_tbs_certificate::TbsCertificateError, fn(x509_name::NameError) -> x509_tbs_certificate::TbsCertificateError {x509_tbs_certificate::TbsCertificateError::BadIssuer}>

Check 247: std::result::Result::<(), x509_name::NameError>::map_err::<x509_tbs_certificate::TbsCertificateError, fn(x509_name::NameError) -> x509_tbs_certificate::TbsCertificateError {x509_tbs_certificate::TbsCertificateError::BadIssuer}>.pointer_dereference.2
	 - Status: SUCCESS
	 - Description: "dereference failure: dead object"
	 - Location: ../../../runner/.rustup/toolchains/nightly-2025-11-21-x86_64-unknown-linux-gnu/lib/rustlib/src/rust/library/core/src/result.rs:967:22 in function std::result::Result::<(), x509_name::NameError>::map_err::<x509_tbs_certificate::TbsCertificateError, fn(x509_name::NameError) -> x509_tbs_certificate::TbsCertificateError {x509_tbs_certificate::TbsCertificateError::BadIssuer}>

Check 248: std::result::Result::<(tlv::Tlv<'_>, usize), tlv::TlvError>::map_err::<x509_tbs_certificate::TbsCertificateError, fn(tlv::TlvError) -> x509_tbs_certificate::TbsCertificateError {x509_tbs_certificate::TbsCertificateError::BadValidityTlv}>.pointer_dereference.1
	 - Status: SUCCESS
	 - Description: "dereference failure: dead object"
	 - Location: ../../../runner/.rustup/toolchains/nightly-2025-11-21-x86_64-unknown-linux-gnu/lib/rustlib/src/rust/library/core/src/result.rs:966:15 in function std::result::Result::<(tlv::Tlv<'_>, usize), tlv::TlvError>::map_err::<x509_tbs_certificate::TbsCertificateError, fn(tlv::TlvError) -> x509_tbs_certificate::TbsCertificateError {x509_tbs_certificate::TbsCertificateError::BadValidityTlv}>

Check 249: sequence::decode_sequence_tlv_strict.pointer_dereference.1
	 - Status: SUCCESS
	 - Description: "dereference failure: dead object"
	 - Location: der-verified/src/sequence.rs:174:27 in function sequence::decode_sequence_tlv_strict

Check 250: sequence::decode_sequence_tlv_strict.pointer_dereference.2
	 - Status: SUCCESS
	 - Description: "dereference failure: dead object"
	 - Location: der-verified/src/sequence.rs:176:16 in function sequence::decode_sequence_tlv_strict

Check 251: integer::decode_integer.pointer_dereference.1
	 - Status: SUCCESS
	 - Description: "dereference failure: pointer NULL"
	 - Location: der-verified/src/integer.rs:73:18 in function integer::decode_integer

Check 252: integer::decode_integer.pointer_dereference.2
	 - Status: SUCCESS
	 - Description: "dereference failure: pointer invalid"
	 - Location: der-verified/src/integer.rs:73:18 in function integer::decode_integer

Check 253: integer::decode_integer.pointer_dereference.3
	 - Status: SUCCESS
	 - Description: "dereference failure: deallocated dynamic object"
	 - Location: der-verified/src/integer.rs:73:18 in function integer::decode_integer

Check 254: integer::decode_integer.pointer_dereference.4
	 - Status: SUCCESS
	 - Description: "dereference failure: dead object"
	 - Location: der-verified/src/integer.rs:73:18 in function integer::decode_integer

Check 255: integer::decode_integer.pointer_dereference.5
	 - Status: SUCCESS
	 - Description: "dereference failure: pointer outside object bounds"
	 - Location: der-verified/src/integer.rs:73:18 in function integer::decode_integer

Check 256: integer::decode_integer.pointer_dereference.6
	 - Status: SUCCESS
	 - Description: "dereference failure: invalid integer address"
	 - Location: der-verified/src/integer.rs:73:18 in function integer::decode_integer

Check 257: integer::decode_integer.pointer_dereference.7
	 - Status: SUCCESS
	 - Description: "dereference failure: pointer NULL"
	 - Location: der-verified/src/integer.rs:74:18 in function integer::decode_integer

Check 258: integer::decode_integer.pointer_dereference.8
	 - Status: SUCCESS
	 - Description: "dereference failure: pointer invalid"
	 - Location: der-verified/src/integer.rs:74:18 in function integer::decode_integer

Check 259: integer::decode_integer.pointer_dereference.9
	 - Status: SUCCESS
	 - Description: "dereference failure: deallocated dynamic object"
	 - Location: der-verified/src/integer.rs:74:18 in function integer::decode_integer

Check 260: integer::decode_integer.pointer_dereference.10
	 - Status: SUCCESS
	 - Description: "dereference failure: dead object"
	 - Location: der-verified/src/integer.rs:74:18 in function integer::decode_integer

Check 261: integer::decode_integer.pointer_dereference.11
	 - Status: SUCCESS
	 - Description: "dereference failure: pointer outside object bounds"
	 - Location: der-verified/src/integer.rs:74:18 in function integer::decode_integer

Check 262: integer::decode_integer.pointer_dereference.12
	 - Status: SUCCESS
	 - Description: "dereference failure: invalid integer address"
	 - Location: der-verified/src/integer.rs:74:18 in function integer::decode_integer

Check 263: integer::decode_integer.pointer_dereference.13
	 - Status: SUCCESS
	 - Description: "dereference failure: pointer NULL"
	 - Location: der-verified/src/integer.rs:83:16 in function integer::decode_integer

Check 264: integer::decode_integer.pointer_dereference.14
	 - Status: SUCCESS
	 - Description: "dereference failure: pointer invalid"
	 - Location: der-verified/src/integer.rs:83:16 in function integer::decode_integer

Check 265: integer::decode_integer.pointer_dereference.15
	 - Status: SUCCESS
	 - Description: "dereference failure: deallocated dynamic object"
	 - Location: der-verified/src/integer.rs:83:16 in function integer::decode_integer

Check 266: integer::decode_integer.pointer_dereference.16
	 - Status: SUCCESS
	 - Description: "dereference failure: dead object"
	 - Location: der-verified/src/integer.rs:83:16 in function integer::decode_integer

Check 267: integer::decode_integer.pointer_dereference.17
	 - Status: SUCCESS
	 - Description: "dereference failure: pointer outside object bounds"
	 - Location: der-verified/src/integer.rs:83:16 in function integer::decode_integer

Check 268: integer::decode_integer.pointer_dereference.18
	 - Status: SUCCESS
	 - Description: "dereference failure: invalid integer address"
	 - Location: der-verified/src/integer.rs:83:16 in function integer::decode_integer

Check 269: integer::decode_integer.pointer_dereference.19
	 - Status: SUCCESS
	 - Description: "dereference failure: pointer NULL"
	 - Location: der-verified/src/integer.rs:89:28 in function integer::decode_integer

Check 270: integer::decode_integer.pointer_dereference.20
	 - Status: SUCCESS
	 - Description: "dereference failure: pointer invalid"
	 - Location: der-verified/src/integer.rs:89:28 in function integer::decode_integer

Check 271: integer::decode_integer.pointer_dereference.21
	 - Status: SUCCESS
	 - Description: "dereference failure: deallocated dynamic object"
	 - Location: der-verified/src/integer.rs:89:28 in function integer::decode_integer

Check 272: integer::decode_integer.pointer_dereference.22
	 - Status: SUCCESS
	 - Description: "dereference failure: dead object"
	 - Location: der-verified/src/integer.rs:89:28 in function integer::decode_integer

Check 273: integer::decode_integer.pointer_dereference.23
	 - Status: SUCCESS
	 - Description: "dereference failure: pointer outside object bounds"
	 - Location: der-verified/src/integer.rs:89:28 in function integer::decode_integer

Check 274: integer::decode_integer.pointer_dereference.24
	 - Status: SUCCESS
	 - Description: "dereference failure: invalid integer address"
	 - Location: der-verified/src/integer.rs:89:28 in function integer::decode_integer

Check 275: <std::result::Result<(&[u8], usize), x509_algorithm_identifier::AlgIdError> as std::ops::FromResidual<std::result::Result<std::convert::Infallible, x509_algorithm_identifier::AlgIdError>>>::from_residual.pointer_dereference.1
	 - Status: SUCCESS
	 - Description: "dereference failure: dead object"
	 - Location: ../../../runner/.rustup/toolchains/nightly-2025-11-21-x86_64-unknown-linux-gnu/lib/rustlib/src/rust/library/core/src/result.rs:2189:23 in function <std::result::Result<(&[u8], usize), x509_algorithm_identifier::AlgIdError> as std::ops::FromResidual<std::result::Result<std::convert::Infallible, x509_algorithm_identifier::AlgIdError>>>::from_residual

Check 276: x509_tbs_certificate::parse_tbs_certificate.pointer_dereference.1
	 - Status: SUCCESS
	 - Description: "dereference failure: dead object"
	 - Location: der-verified/src/x509_tbs_certificate.rs:296:19 in function x509_tbs_certificate::parse_tbs_certificate

Check 277: x509_tbs_certificate::parse_tbs_certificate.pointer_dereference.2
	 - Status: SUCCESS
	 - Description: "dereference failure: dead object"
	 - Location: der-verified/src/x509_tbs_certificate.rs:302:11 in function x509_tbs_certificate::parse_tbs_certificate

Check 278: x509_tbs_certificate::parse_tbs_certificate.pointer_dereference.3
	 - Status: SUCCESS
	 - Description: "dereference failure: pointer NULL"
	 - Location: der-verified/src/x509_tbs_certificate.rs:303:70 in function x509_tbs_certificate::parse_tbs_certificate

Check 279: x509_tbs_certificate::parse_tbs_certificate.pointer_dereference.4
	 - Status: SUCCESS
	 - Description: "dereference failure: pointer invalid"
	 - Location: der-verified/src/x509_tbs_certificate.rs:303:70 in function x509_tbs_certificate::parse_tbs_certificate

Check 280: x509_tbs_certificate::parse_tbs_certificate.pointer_dereference.5
	 - Status: SUCCESS
	 - Description: "dereference failure: deallocated dynamic object"
	 - Location: der-verified/src/x509_tbs_certificate.rs:303:70 in function x509_tbs_certificate::parse_tbs_certificate

Check 281: x509_tbs_certificate::parse_tbs_certificate.pointer_dereference.6
	 - Status: SUCCESS
	 - Description: "dereference failure: dead object"
	 - Location: der-verified/src/x509_tbs_certificate.rs:303:70 in function x509_tbs_certificate::parse_tbs_certificate

Check 282: x509_tbs_certificate::parse_tbs_certificate.pointer_dereference.7
	 - Status: SUCCESS
	 - Description: "dereference failure: pointer outside object bounds"
	 - Location: der-verified/src/x509_tbs_certificate.rs:303:70 in function x509_tbs_certificate::parse_tbs_certificate

Check 283: x509_tbs_certificate::parse_tbs_certificate.pointer_dereference.8
	 - Status: SUCCESS
	 - Description: "dereference failure: invalid integer address"
	 - Location: der-verified/src/x509_tbs_certificate.rs:303:70 in function x509_tbs_certificate::parse_tbs_certificate

Check 284: x509_tbs_certificate::parse_tbs_certificate.pointer_dereference.9
	 - Status: SUCCESS
	 - Description: "dereference failure: dead object"
	 - Location: der-verified/src/x509_tbs_certificate.rs:310:24 in function x509_tbs_certificate::parse_tbs_certificate

Check 285: x509_tbs_certificate::parse_tbs_certificate.pointer_dereference.10
	 - Status: SUCCESS
	 - Description: "dereference failure: dead object"
	 - Location: der-verified/src/x509_tbs_certificate.rs:313:24 in function x509_tbs_certificate::parse_tbs_certificate

Check 286: x509_tbs_certificate::parse_tbs_certificate.pointer_dereference.11
	 - Status: SUCCESS
	 - Description: "dereference failure: dead object"
	 - Location: der-verified/src/x509_tbs_certificate.rs:316:24 in function x509_tbs_certificate::parse_tbs_certificate

Check 287: x509_tbs_certificate::parse_tbs_certificate.pointer_dereference.12
	 - Status: SUCCESS
	 - Description: "dereference failure: dead object"
	 - Location: der-verified/src/x509_tbs_certificate.rs:318:21 in function x509_tbs_certificate::parse_tbs_certificate

Check 288: x509_tbs_certificate::parse_tbs_certificate.pointer_dereference.13
	 - Status: SUCCESS
	 - Description: "dereference failure: dead object"
	 - Location: der-verified/src/x509_tbs_certificate.rs:324:24 in function x509_tbs_certificate::parse_tbs_certificate

Check 289: x509_tbs_certificate::parse_tbs_certificate.pointer_dereference.14
	 - Status: SUCCESS
	 - Description: "dereference failure: dead object"
	 - Location: der-verified/src/x509_tbs_certificate.rs:321:24 in function x509_tbs_certificate::parse_tbs_certificate

Check 290: x509_tbs_certificate::parse_tbs_certificate.pointer_dereference.15
	 - Status: SUCCESS
	 - Description: "dereference failure: dead object"
	 - Location: der-verified/src/x509_tbs_certificate.rs:339:16 in function x509_tbs_certificate::parse_tbs_certificate

Check 291: x509_tbs_certificate::parse_tbs_certificate.pointer_dereference.16
	 - Status: SUCCESS
	 - Description: "dereference failure: dead object"
	 - Location: der-verified/src/x509_tbs_certificate.rs:347:16 in function x509_tbs_certificate::parse_tbs_certificate

Check 292: x509_tbs_certificate::parse_tbs_certificate.pointer_dereference.17
	 - Status: SUCCESS
	 - Description: "dereference failure: dead object"
	 - Location: der-verified/src/x509_tbs_certificate.rs:349:5 in function x509_tbs_certificate::parse_tbs_certificate

Check 293: x509_tbs_certificate::parse_tbs_certificate.pointer_dereference.18
	 - Status: SUCCESS
	 - Description: "dereference failure: dead object"
	 - Location: der-verified/src/x509_tbs_certificate.rs:355:16 in function x509_tbs_certificate::parse_tbs_certificate

Check 294: x509_tbs_certificate::parse_tbs_certificate.pointer_dereference.19
	 - Status: SUCCESS
	 - Description: "dereference failure: dead object"
	 - Location: der-verified/src/x509_tbs_certificate.rs:358:9 in function x509_tbs_certificate::parse_tbs_certificate

Check 295: x509_tbs_certificate::parse_tbs_certificate.pointer_dereference.20
	 - Status: SUCCESS
	 - Description: "dereference failure: dead object"
	 - Location: der-verified/src/x509_tbs_certificate.rs:363:16 in function x509_tbs_certificate::parse_tbs_certificate

Check 296: x509_tbs_certificate::parse_tbs_certificate.pointer_dereference.21
	 - Status: SUCCESS
	 - Description: "dereference failure: dead object"
	 - Location: der-verified/src/x509_tbs_certificate.rs:368:5 in function x509_tbs_certificate::parse_tbs_certificate

Check 297: x509_tbs_certificate::parse_tbs_certificate.pointer_dereference.22
	 - Status: SUCCESS
	 - Description: "dereference failure: dead object"
	 - Location: der-verified/src/x509_tbs_certificate.rs:373:16 in function x509_tbs_certificate::parse_tbs_certificate

Check 298: x509_tbs_certificate::parse_tbs_certificate.pointer_dereference.23
	 - Status: SUCCESS
	 - Description: "dereference failure: dead object"
	 - Location: der-verified/src/x509_tbs_certificate.rs:383:16 in function x509_tbs_certificate::parse_tbs_certificate

Check 299: x509_tbs_certificate::parse_tbs_certificate.pointer_dereference.24
	 - Status: SUCCESS
	 - Description: "dereference failure: dead object"
	 - Location: der-verified/src/x509_tbs_certificate.rs:388:5 in function x509_tbs_certificate::parse_tbs_certificate

Check 300: x509_tbs_certificate::parse_tbs_certificate.pointer_dereference.25
	 - Status: SUCCESS
	 - Description: "dereference failure: dead object"
	 - Location: der-verified/src/x509_tbs_certificate.rs:393:16 in function x509_tbs_certificate::parse_tbs_certificate

Check 301: x509_tbs_certificate::parse_tbs_certificate.pointer_dereference.26
	 - Status: SUCCESS
	 - Description: "dereference failure: dead object"
	 - Location: der-verified/src/x509_tbs_certificate.rs:399:9 in function x509_tbs_certificate::parse_tbs_certificate

Check 302: x509_tbs_certificate::parse_tbs_certificate.pointer_dereference.27
	 - Status: SUCCESS
	 - Description: "dereference failure: dead object"
	 - Location: der-verified/src/x509_tbs_certificate.rs:406:32 in function x509_tbs_certificate::parse_tbs_certificate

Check 303: x509_tbs_certificate::parse_tbs_certificate.pointer_dereference.28
	 - Status: SUCCESS
	 - Description: "dereference failure: dead object"
	 - Location: der-verified/src/x509_tbs_certificate.rs:409:24 in function x509_tbs_certificate::parse_tbs_certificate

Check 304: x509_tbs_certificate::parse_tbs_certificate.pointer_dereference.29
	 - Status: SUCCESS
	 - Description: "dereference failure: dead object"
	 - Location: der-verified/src/x509_tbs_certificate.rs:415:26 in function x509_tbs_certificate::parse_tbs_certificate

Check 305: x509_tbs_certificate::parse_tbs_certificate.pointer_dereference.30
	 - Status: SUCCESS
	 - Description: "dereference failure: dead object"
	 - Location: der-verified/src/x509_tbs_certificate.rs:417:32 in function x509_tbs_certificate::parse_tbs_certificate

Check 306: x509_tbs_certificate::parse_tbs_certificate.pointer_dereference.31
	 - Status: SUCCESS
	 - Description: "dereference failure: dead object"
	 - Location: der-verified/src/x509_tbs_certificate.rs:421:17 in function x509_tbs_certificate::parse_tbs_certificate

Check 307: x509_tbs_certificate::parse_tbs_certificate.pointer_dereference.32
	 - Status: SUCCESS
	 - Description: "dereference failure: dead object"
	 - Location: der-verified/src/x509_tbs_certificate.rs:431:16 in function x509_tbs_certificate::parse_tbs_certificate

Check 308: big_integer::validate_integer_content.pointer_dereference.1
	 - Status: SUCCESS
	 - Description: "dereference failure: pointer NULL"
	 - Location: der-verified/src/big_integer.rs:65:18 in function big_integer::validate_integer_content

Check 309: big_integer::validate_integer_content.pointer_dereference.2
	 - Status: SUCCESS
	 - Description: "dereference failure: pointer invalid"
	 - Location: der-verified/src/big_integer.rs:65:18 in function big_integer::validate_integer_content

Check 310: big_integer::validate_integer_content.pointer_dereference.3
	 - Status: SUCCESS
	 - Description: "dereference failure: deallocated dynamic object"
	 - Location: der-verified/src/big_integer.rs:65:18 in function big_integer::validate_integer_content

Check 311: big_integer::validate_integer_content.pointer_dereference.4
	 - Status: SUCCESS
	 - Description: "dereference failure: dead object"
	 - Location: der-verified/src/big_integer.rs:65:18 in function big_integer::validate_integer_content

Check 312: big_integer::validate_integer_content.pointer_dereference.5
	 - Status: SUCCESS
	 - Description: "dereference failure: pointer outside object bounds"
	 - Location: der-verified/src/big_integer.rs:65:18 in function big_integer::validate_integer_content

Check 313: big_integer::validate_integer_content.pointer_dereference.6
	 - Status: SUCCESS
	 - Description: "dereference failure: invalid integer address"
	 - Location: der-verified/src/big_integer.rs:65:18 in function big_integer::validate_integer_content

Check 314: big_integer::validate_integer_content.pointer_dereference.7
	 - Status: SUCCESS
	 - Description: "dereference failure: pointer NULL"
	 - Location: der-verified/src/big_integer.rs:66:18 in function big_integer::validate_integer_content

Check 315: big_integer::validate_integer_content.pointer_dereference.8
	 - Status: SUCCESS
	 - Description: "dereference failure: pointer invalid"
	 - Location: der-verified/src/big_integer.rs:66:18 in function big_integer::validate_integer_content

Check 316: big_integer::validate_integer_content.pointer_dereference.9
	 - Status: SUCCESS
	 - Description: "dereference failure: deallocated dynamic object"
	 - Location: der-verified/src/big_integer.rs:66:18 in function big_integer::validate_integer_content

Check 317: big_integer::validate_integer_content.pointer_dereference.10
	 - Status: SUCCESS
	 - Description: "dereference failure: dead object"
	 - Location: der-verified/src/big_integer.rs:66:18 in function big_integer::validate_integer_content

Check 318: big_integer::validate_integer_content.pointer_dereference.11
	 - Status: SUCCESS
	 - Description: "dereference failure: pointer outside object bounds"
	 - Location: der-verified/src/big_integer.rs:66:18 in function big_integer::validate_integer_content

Check 319: big_integer::validate_integer_content.pointer_dereference.12
	 - Status: SUCCESS
	 - Description: "dereference failure: invalid integer address"
	 - Location: der-verified/src/big_integer.rs:66:18 in function big_integer::validate_integer_content

Check 320: big_integer::validate_integer_content.pointer_dereference.13
	 - Status: SUCCESS
	 - Description: "dereference failure: dead object"
	 - Location: der-verified/src/big_integer.rs:71:5 in function big_integer::validate_integer_content

Check 321: std::result::Result::<(tlv::Tlv<'_>, usize), tlv::TlvError>::map_err::<x509_tbs_certificate::TbsCertificateError, fn(tlv::TlvError) -> x509_tbs_certificate::TbsCertificateError {x509_tbs_certificate::TbsCertificateError::BadSerialTlv}>.pointer_dereference.1
	 - Status: SUCCESS
	 - Description: "dereference failure: dead object"
	 - Location: ../../../runner/.rustup/toolchains/nightly-2025-11-21-x86_64-unknown-linux-gnu/lib/rustlib/src/rust/library/core/src/result.rs:966:15 in function std::result::Result::<(tlv::Tlv<'_>, usize), tlv::TlvError>::map_err::<x509_tbs_certificate::TbsCertificateError, fn(tlv::TlvError) -> x509_tbs_certificate::TbsCertificateError {x509_tbs_certificate::TbsCertificateError::BadSerialTlv}>

Check 322: x509_algorithm_identifier::AlgIdError::BadOidTlv.pointer_dereference.1
	 - Status: SUCCESS
	 - Description: "dereference failure: dead object"
	 - Location: der-verified/src/x509_algorithm_identifier.rs:80:5 in function x509_algorithm_identifier::AlgIdError::BadOidTlv

Check 323: <std::result::Result<(bit_string::BitString<'_>, usize), x509_spki::SpkiError> as std::ops::FromResidual<std::result::Result<std::convert::Infallible, x509_spki::SpkiError>>>::from_residual.pointer_dereference.1
	 - Status: SUCCESS
	 - Description: "dereference failure: dead object"
	 - Location: ../../../runner/.rustup/toolchains/nightly-2025-11-21-x86_64-unknown-linux-gnu/lib/rustlib/src/rust/library/core/src/result.rs:2189:23 in function <std::result::Result<(bit_string::BitString<'_>, usize), x509_spki::SpkiError> as std::ops::FromResidual<std::result::Result<std::convert::Infallible, x509_spki::SpkiError>>>::from_residual

Check 324: <std::result::Result<(x509_algorithm_identifier::AlgorithmIdentifier<'_>, usize), x509_algorithm_identifier::AlgIdError> as std::ops::FromResidual<std::result::Result<std::convert::Infallible, x509_algorithm_identifier::AlgIdError>>>::from_residual.pointer_dereference.1
	 - Status: SUCCESS
	 - Description: "dereference failure: dead object"
	 - Location: ../../../runner/.rustup/toolchains/nightly-2025-11-21-x86_64-unknown-linux-gnu/lib/rustlib/src/rust/library/core/src/result.rs:2189:23 in function <std::result::Result<(x509_algorithm_identifier::AlgorithmIdentifier<'_>, usize), x509_algorithm_identifier::AlgIdError> as std::ops::FromResidual<std::result::Result<std::convert::Infallible, x509_algorithm_identifier::AlgIdError>>>::from_residual

Check 325: <std::result::Result<x509_tbs_certificate::TbsCertificate<'_>, x509_tbs_certificate::TbsCertificateError> as std::ops::FromResidual<std::result::Result<std::convert::Infallible, x509_tbs_certificate::TbsCertificateError>>>::from_residual.pointer_dereference.1
	 - Status: SUCCESS
	 - Description: "dereference failure: dead object"
	 - Location: ../../../runner/.rustup/toolchains/nightly-2025-11-21-x86_64-unknown-linux-gnu/lib/rustlib/src/rust/library/core/src/result.rs:2189:23 in function <std::result::Result<x509_tbs_certificate::TbsCertificate<'_>, x509_tbs_certificate::TbsCertificateError> as std::ops::FromResidual<std::result::Result<std::convert::Infallible, x509_tbs_certificate::TbsCertificateError>>>::from_residual

Check 326: <std::result::Result<(tlv::Tlv<'_>, usize), tlv::TlvError> as std::ops::FromResidual<std::result::Result<std::convert::Infallible, tlv::TlvError>>>::from_residual.pointer_dereference.1
	 - Status: SUCCESS
	 - Description: "dereference failure: dead object"
	 - Location: ../../../runner/.rustup/toolchains/nightly-2025-11-21-x86_64-unknown-linux-gnu/lib/rustlib/src/rust/library/core/src/result.rs:2189:23 in function <std::result::Result<(tlv::Tlv<'_>, usize), tlv::TlvError> as std::ops::FromResidual<std::result::Result<std::convert::Infallible, tlv::TlvError>>>::from_residual

Check 327: x509_extension::validate_extensions.pointer_dereference.1
	 - Status: SUCCESS
	 - Description: "dereference failure: dead object"
	 - Location: der-verified/src/x509_tbs_certificate.rs:505:26 in function x509_extension::validate_extensions

Check 328: std::result::Result::<(tlv::Tlv<'_>, usize), tlv::TlvError>::map_err::<x509_spki::SpkiError, fn(tlv::TlvError) -> x509_spki::SpkiError {x509_spki::SpkiError::BadPublicKeyTlv}>.pointer_dereference.1
	 - Status: SUCCESS
	 - Description: "dereference failure: dead object"
	 - Location: ../../../runner/.rustup/toolchains/nightly-2025-11-21-x86_64-unknown-linux-gnu/lib/rustlib/src/rust/library/core/src/result.rs:966:15 in function std::result::Result::<(tlv::Tlv<'_>, usize), tlv::TlvError>::map_err::<x509_spki::SpkiError, fn(tlv::TlvError) -> x509_spki::SpkiError {x509_spki::SpkiError::BadPublicKeyTlv}>

Check 329: std::result::Result::<(tlv::Tlv<'_>, usize), tlv::TlvError>::map_err::<x509_spki::SpkiError, fn(tlv::TlvError) -> x509_spki::SpkiError {x509_spki::SpkiError::BadPublicKeyTlv}>.pointer_dereference.2
	 - Status: SUCCESS
	 - Description: "dereference failure: dead object"
	 - Location: ../../../runner/.rustup/toolchains/nightly-2025-11-21-x86_64-unknown-linux-gnu/lib/rustlib/src/rust/library/core/src/result.rs:968:23 in function std::result::Result::<(tlv::Tlv<'_>, usize), tlv::TlvError>::map_err::<x509_spki::SpkiError, fn(tlv::TlvError) -> x509_spki::SpkiError {x509_spki::SpkiError::BadPublicKeyTlv}>

Check 330: x509_spki::map_algid_error.pointer_dereference.1
	 - Status: SUCCESS
	 - Description: "dereference failure: dead object"
	 - Location: der-verified/src/x509_spki.rs:132:11 in function x509_spki::map_algid_error

Check 331: x509_spki::map_algid_error.pointer_dereference.2
	 - Status: SUCCESS
	 - Description: "dereference failure: dead object"
	 - Location: der-verified/src/x509_spki.rs:132:11 in function x509_spki::map_algid_error

Check 332: <std::result::Result<bit_string::BitString<'_>, x509_spki::SpkiError> as std::ops::Try>::branch.pointer_dereference.1
	 - Status: SUCCESS
	 - Description: "dereference failure: dead object"
	 - Location: ../../../runner/.rustup/toolchains/nightly-2025-11-21-x86_64-unknown-linux-gnu/lib/rustlib/src/rust/library/core/src/result.rs:2173:15 in function <std::result::Result<bit_string::BitString<'_>, x509_spki::SpkiError> as std::ops::Try>::branch

Check 333: <std::result::Result<bit_string::BitString<'_>, x509_spki::SpkiError> as std::ops::Try>::branch.pointer_dereference.2
	 - Status: SUCCESS
	 - Description: "dereference failure: dead object"
	 - Location: ../../../runner/.rustup/toolchains/nightly-2025-11-21-x86_64-unknown-linux-gnu/lib/rustlib/src/rust/library/core/src/result.rs:2175:23 in function <std::result::Result<bit_string::BitString<'_>, x509_spki::SpkiError> as std::ops::Try>::branch

Check 334: core::slice::<impl [u8]>::first.pointer_dereference.1
	 - Status: SUCCESS
	 - Description: "dereference failure: dead object"
	 - Location: ../../../runner/.rustup/toolchains/nightly-2025-11-21-x86_64-unknown-linux-gnu/lib/rustlib/src/rust/library/core/src/slice/mod.rs:155:58 in function core::slice::<impl [u8]>::first

Check 335: x509_algorithm_identifier::decode_oid_tlv.pointer_dereference.1
	 - Status: SUCCESS
	 - Description: "dereference failure: dead object"
	 - Location: der-verified/src/x509_algorithm_identifier.rs:98:23 in function x509_algorithm_identifier::decode_oid_tlv

Check 336: x509_algorithm_identifier::decode_oid_tlv.pointer_dereference.2
	 - Status: SUCCESS
	 - Description: "dereference failure: dead object"
	 - Location: der-verified/src/x509_algorithm_identifier.rs:100:20 in function x509_algorithm_identifier::decode_oid_tlv

Check 337: x509_algorithm_identifier::decode_oid_tlv.pointer_dereference.3
	 - Status: SUCCESS
	 - Description: "dereference failure: dead object"
	 - Location: der-verified/src/x509_algorithm_identifier.rs:100:16 in function x509_algorithm_identifier::decode_oid_tlv

Check 338: x509_algorithm_identifier::decode_oid_tlv.pointer_dereference.4
	 - Status: SUCCESS
	 - Description: "dereference failure: dead object"
	 - Location: der-verified/src/x509_algorithm_identifier.rs:103:20 in function x509_algorithm_identifier::decode_oid_tlv

Check 339: x509_algorithm_identifier::decode_oid_tlv.pointer_dereference.5
	 - Status: SUCCESS
	 - Description: "dereference failure: dead object"
	 - Location: der-verified/src/x509_algorithm_identifier.rs:103:16 in function x509_algorithm_identifier::decode_oid_tlv

Check 340: x509_algorithm_identifier::decode_oid_tlv.pointer_dereference.6
	 - Status: SUCCESS
	 - Description: "dereference failure: dead object"
	 - Location: der-verified/src/x509_algorithm_identifier.rs:105:5 in function x509_algorithm_identifier::decode_oid_tlv

Check 341: <std::result::Result<(x509_algorithm_identifier::AlgorithmIdentifier<'_>, usize), x509_tbs_certificate::TbsCertificateError> as std::ops::Try>::branch.pointer_dereference.1
	 - Status: SUCCESS
	 - Description: "dereference failure: dead object"
	 - Location: ../../../runner/.rustup/toolchains/nightly-2025-11-21-x86_64-unknown-linux-gnu/lib/rustlib/src/rust/library/core/src/result.rs:2173:15 in function <std::result::Result<(x509_algorithm_identifier::AlgorithmIdentifier<'_>, usize), x509_tbs_certificate::TbsCertificateError> as std::ops::Try>::branch

Check 342: <std::result::Result<(x509_algorithm_identifier::AlgorithmIdentifier<'_>, usize), x509_tbs_certificate::TbsCertificateError> as std::ops::Try>::branch.pointer_dereference.2
	 - Status: SUCCESS
	 - Description: "dereference failure: dead object"
	 - Location: ../../../runner/.rustup/toolchains/nightly-2025-11-21-x86_64-unknown-linux-gnu/lib/rustlib/src/rust/library/core/src/result.rs:2175:23 in function <std::result::Result<(x509_algorithm_identifier::AlgorithmIdentifier<'_>, usize), x509_tbs_certificate::TbsCertificateError> as std::ops::Try>::branch

Check 343: std::result::Result::<(tag::Tag, usize), tag::TagError>::map_err::<tlv::TlvError, {closure@der-verified/src/tlv.rs:71:51: 71:54}>.pointer_dereference.1
	 - Status: SUCCESS
	 - Description: "dereference failure: dead object"
	 - Location: ../../../runner/.rustup/toolchains/nightly-2025-11-21-x86_64-unknown-linux-gnu/lib/rustlib/src/rust/library/core/src/result.rs:966:15 in function std::result::Result::<(tag::Tag, usize), tag::TagError>::map_err::<tlv::TlvError, {closure@der-verified/src/tlv.rs:71:51: 71:54}>

Check 344: std::result::Result::<(tag::Tag, usize), tag::TagError>::map_err::<tlv::TlvError, {closure@der-verified/src/tlv.rs:71:51: 71:54}>.pointer_dereference.2
	 - Status: SUCCESS
	 - Description: "dereference failure: dead object"
	 - Location: ../../../runner/.rustup/toolchains/nightly-2025-11-21-x86_64-unknown-linux-gnu/lib/rustlib/src/rust/library/core/src/result.rs:968:23 in function std::result::Result::<(tag::Tag, usize), tag::TagError>::map_err::<tlv::TlvError, {closure@der-verified/src/tlv.rs:71:51: 71:54}>

Check 345: std::result::Result::<(tlv::Tlv<'_>, usize), tlv::TlvError>::map_err::<x509_algorithm_identifier::AlgIdError, fn(tlv::TlvError) -> x509_algorithm_identifier::AlgIdError {x509_algorithm_identifier::AlgIdError::BadOidTlv}>.pointer_dereference.1
	 - Status: SUCCESS
	 - Description: "dereference failure: dead object"
	 - Location: ../../../runner/.rustup/toolchains/nightly-2025-11-21-x86_64-unknown-linux-gnu/lib/rustlib/src/rust/library/core/src/result.rs:966:15 in function std::result::Result::<(tlv::Tlv<'_>, usize), tlv::TlvError>::map_err::<x509_algorithm_identifier::AlgIdError, fn(tlv::TlvError) -> x509_algorithm_identifier::AlgIdError {x509_algorithm_identifier::AlgIdError::BadOidTlv}>

Check 346: std::result::Result::<(tlv::Tlv<'_>, usize), tlv::TlvError>::map_err::<x509_algorithm_identifier::AlgIdError, fn(tlv::TlvError) -> x509_algorithm_identifier::AlgIdError {x509_algorithm_identifier::AlgIdError::BadOidTlv}>.pointer_dereference.2
	 - Status: SUCCESS
	 - Description: "dereference failure: dead object"
	 - Location: ../../../runner/.rustup/toolchains/nightly-2025-11-21-x86_64-unknown-linux-gnu/lib/rustlib/src/rust/library/core/src/result.rs:968:23 in function std::result::Result::<(tlv::Tlv<'_>, usize), tlv::TlvError>::map_err::<x509_algorithm_identifier::AlgIdError, fn(tlv::TlvError) -> x509_algorithm_identifier::AlgIdError {x509_algorithm_identifier::AlgIdError::BadOidTlv}>

Check 347: std::result::Result::<(), x509_name::NameError>::map_err::<x509_tbs_certificate::TbsCertificateError, fn(x509_name::NameError) -> x509_tbs_certificate::TbsCertificateError {x509_tbs_certificate::TbsCertificateError::BadSubject}>.pointer_dereference.1
	 - Status: SUCCESS
	 - Description: "dereference failure: dead object"
	 - Location: ../../../runner/.rustup/toolchains/nightly-2025-11-21-x86_64-unknown-linux-gnu/lib/rustlib/src/rust/library/core/src/result.rs:966:15 in function std::result::Result::<(), x509_name::NameError>::map_err::<x509_tbs_certificate::TbsCertificateError, fn(x509_name::NameError) -> x509_tbs_certificate::TbsCertificateError {x509_tbs_certificate::TbsCertificateError::BadSubject}>

Check 348: std::result::Result::<(), x509_name::NameError>::map_err::<x509_tbs_certificate::TbsCertificateError, fn(x509_name::NameError) -> x509_tbs_certificate::TbsCertificateError {x509_tbs_certificate::TbsCertificateError::BadSubject}>.pointer_dereference.2
	 - Status: SUCCESS
	 - Description: "dereference failure: dead object"
	 - Location: ../../../runner/.rustup/toolchains/nightly-2025-11-21-x86_64-unknown-linux-gnu/lib/rustlib/src/rust/library/core/src/result.rs:967:22 in function std::result::Result::<(), x509_name::NameError>::map_err::<x509_tbs_certificate::TbsCertificateError, fn(x509_name::NameError) -> x509_tbs_certificate::TbsCertificateError {x509_tbs_certificate::TbsCertificateError::BadSubject}>

Check 349: std::result::Result::<(tlv::Tlv<'_>, usize), tlv::TlvError>::map_err::<x509_tbs_certificate::TbsCertificateError, fn(tlv::TlvError) -> x509_tbs_certificate::TbsCertificateError {x509_tbs_certificate::TbsCertificateError::BadSubjectTlv}>.pointer_dereference.1
	 - Status: SUCCESS
	 - Description: "dereference failure: dead object"
	 - Location: ../../../runner/.rustup/toolchains/nightly-2025-11-21-x86_64-unknown-linux-gnu/lib/rustlib/src/rust/library/core/src/result.rs:966:15 in function std::result::Result::<(tlv::Tlv<'_>, usize), tlv::TlvError>::map_err::<x509_tbs_certificate::TbsCertificateError, fn(tlv::TlvError) -> x509_tbs_certificate::TbsCertificateError {x509_tbs_certificate::TbsCertificateError::BadSubjectTlv}>

Check 350: x509_validity::parse_validity.pointer_dereference.1
	 - Status: SUCCESS
	 - Description: "dereference failure: dead object"
	 - Location: der-verified/src/x509_tbs_certificate.rs:528:25 in function x509_validity::parse_validity

Check 351: x509_validity::parse_validity.pointer_dereference.2
	 - Status: SUCCESS
	 - Description: "dereference failure: dead object"
	 - Location: der-verified/src/x509_tbs_certificate.rs:529:24 in function x509_validity::parse_validity

Check 352: x509_validity::parse_validity.pointer_dereference.3
	 - Status: SUCCESS
	 - Description: "dereference failure: dead object"
	 - Location: der-verified/src/x509_tbs_certificate.rs:531:49 in function x509_validity::parse_validity

Check 353: <std::result::Result<(&[u8], usize), x509_algorithm_identifier::AlgIdError> as std::ops::Try>::branch.pointer_dereference.1
	 - Status: SUCCESS
	 - Description: "dereference failure: dead object"
	 - Location: ../../../runner/.rustup/toolchains/nightly-2025-11-21-x86_64-unknown-linux-gnu/lib/rustlib/src/rust/library/core/src/result.rs:2173:15 in function <std::result::Result<(&[u8], usize), x509_algorithm_identifier::AlgIdError> as std::ops::Try>::branch

Check 354: <std::result::Result<(&[u8], usize), x509_algorithm_identifier::AlgIdError> as std::ops::Try>::branch.pointer_dereference.2
	 - Status: SUCCESS
	 - Description: "dereference failure: dead object"
	 - Location: ../../../runner/.rustup/toolchains/nightly-2025-11-21-x86_64-unknown-linux-gnu/lib/rustlib/src/rust/library/core/src/result.rs:2175:23 in function <std::result::Result<(&[u8], usize), x509_algorithm_identifier::AlgIdError> as std::ops::Try>::branch

Check 355: std::result::Result::<(tlv::Tlv<'_>, usize), tlv::TlvError>::map_err::<x509_tbs_certificate::TbsCertificateError, fn(tlv::TlvError) -> x509_tbs_certificate::TbsCertificateError {x509_tbs_certificate::TbsCertificateError::BadVersionInnerTlv}>.pointer_dereference.1
	 - Status: SUCCESS
	 - Description: "dereference failure: dead object"
	 - Location: ../../../runner/.rustup/toolchains/nightly-2025-11-21-x86_64-unknown-linux-gnu/lib/rustlib/src/rust/library/core/src/result.rs:966:15 in function std::result::Result::<(tlv::Tlv<'_>, usize), tlv::TlvError>::map_err::<x509_tbs_certificate::TbsCertificateError, fn(tlv::TlvError) -> x509_tbs_certificate::TbsCertificateError {x509_tbs_certificate::TbsCertificateError::BadVersionInnerTlv}>

Check 356: std::result::Result::<(&[u8], usize), context_tag::ContextTagError>::map_err::<x509_tbs_certificate::TbsCertificateError, fn(context_tag::ContextTagError) -> x509_tbs_certificate::TbsCertificateError {x509_tbs_certificate::TbsCertificateError::BadVersionTag}>.pointer_dereference.1
	 - Status: SUCCESS
	 - Description: "dereference failure: dead object"
	 - Location: ../../../runner/.rustup/toolchains/nightly-2025-11-21-x86_64-unknown-linux-gnu/lib/rustlib/src/rust/library/core/src/result.rs:966:15 in function std::result::Result::<(&[u8], usize), context_tag::ContextTagError>::map_err::<x509_tbs_certificate::TbsCertificateError, fn(context_tag::ContextTagError) -> x509_tbs_certificate::TbsCertificateError {x509_tbs_certificate::TbsCertificateError::BadVersionTag}>

Check 357: <std::result::Result<&[u8], x509_tbs_certificate::TbsCertificateError> as std::ops::Try>::branch.pointer_dereference.1
	 - Status: SUCCESS
	 - Description: "dereference failure: dead object"
	 - Location: ../../../runner/.rustup/toolchains/nightly-2025-11-21-x86_64-unknown-linux-gnu/lib/rustlib/src/rust/library/core/src/result.rs:2173:15 in function <std::result::Result<&[u8], x509_tbs_certificate::TbsCertificateError> as std::ops::Try>::branch

Check 358: <std::result::Result<&[u8], x509_tbs_certificate::TbsCertificateError> as std::ops::Try>::branch.pointer_dereference.2
	 - Status: SUCCESS
	 - Description: "dereference failure: dead object"
	 - Location: ../../../runner/.rustup/toolchains/nightly-2025-11-21-x86_64-unknown-linux-gnu/lib/rustlib/src/rust/library/core/src/result.rs:2174:22 in function <std::result::Result<&[u8], x509_tbs_certificate::TbsCertificateError> as std::ops::Try>::branch

Check 359: <std::result::Result<(&[u8], usize), context_tag::ContextTagError> as std::ops::FromResidual<std::result::Result<std::convert::Infallible, context_tag::ContextTagError>>>::from_residual.pointer_dereference.1
	 - Status: SUCCESS
	 - Description: "dereference failure: dead object"
	 - Location: ../../../runner/.rustup/toolchains/nightly-2025-11-21-x86_64-unknown-linux-gnu/lib/rustlib/src/rust/library/core/src/result.rs:2189:23 in function <std::result::Result<(&[u8], usize), context_tag::ContextTagError> as std::ops::FromResidual<std::result::Result<std::convert::Infallible, context_tag::ContextTagError>>>::from_residual

Check 360: tlv::decode_tlv.pointer_dereference.1
	 - Status: SUCCESS
	 - Description: "dereference failure: dead object"
	 - Location: der-verified/src/tlv.rs:71:25 in function tlv::decode_tlv

Check 361: tlv::decode_tlv.pointer_dereference.2
	 - Status: SUCCESS
	 - Description: "dereference failure: dead object"
	 - Location: der-verified/src/tlv.rs:79:26 in function tlv::decode_tlv

Check 362: tlv::decode_tlv.pointer_dereference.3
	 - Status: SUCCESS
	 - Description: "dereference failure: dead object"
	 - Location: der-verified/src/tlv.rs:87:16 in function tlv::decode_tlv

Check 363: tlv::decode_tlv.pointer_dereference.4
	 - Status: SUCCESS
	 - Description: "dereference failure: dead object"
	 - Location: der-verified/src/tlv.rs:84:24 in function tlv::decode_tlv

Check 364: <std::result::Result<(&[u8], usize), sequence::SequenceError> as std::ops::Try>::branch.pointer_dereference.1
	 - Status: SUCCESS
	 - Description: "dereference failure: dead object"
	 - Location: ../../../runner/.rustup/toolchains/nightly-2025-11-21-x86_64-unknown-linux-gnu/lib/rustlib/src/rust/library/core/src/result.rs:2173:15 in function <std::result::Result<(&[u8], usize), sequence::SequenceError> as std::ops::Try>::branch

Check 365: <std::result::Result<(&[u8], usize), sequence::SequenceError> as std::ops::Try>::branch.pointer_dereference.2
	 - Status: SUCCESS
	 - Description: "dereference failure: dead object"
	 - Location: ../../../runner/.rustup/toolchains/nightly-2025-11-21-x86_64-unknown-linux-gnu/lib/rustlib/src/rust/library/core/src/result.rs:2175:23 in function <std::result::Result<(&[u8], usize), sequence::SequenceError> as std::ops::Try>::branch

Check 366: x509_name::validate_name.pointer_dereference.1
	 - Status: SUCCESS
	 - Description: "dereference failure: dead object"
	 - Location: der-verified/src/x509_tbs_certificate.rs:501:26 in function x509_name::validate_name

Check 367: x509_name::validate_name.pointer_dereference.2
	 - Status: SUCCESS
	 - Description: "dereference failure: dead object"
	 - Location: der-verified/src/x509_tbs_certificate.rs:501:46 in function x509_name::validate_name

Check 368: length::decode_length.pointer_dereference.1
	 - Status: SUCCESS
	 - Description: "dereference failure: dead object"
	 - Location: der-verified/src/length.rs:75:23 in function length::decode_length

Check 369: length::decode_length.pointer_dereference.2
	 - Status: SUCCESS
	 - Description: "dereference failure: pointer NULL"
	 - Location: der-verified/src/length.rs:76:15 in function length::decode_length

Check 370: length::decode_length.pointer_dereference.3
	 - Status: SUCCESS
	 - Description: "dereference failure: pointer invalid"
	 - Location: der-verified/src/length.rs:76:15 in function length::decode_length

Check 371: length::decode_length.pointer_dereference.4
	 - Status: SUCCESS
	 - Description: "dereference failure: deallocated dynamic object"
	 - Location: der-verified/src/length.rs:76:15 in function length::decode_length

Check 372: length::decode_length.pointer_dereference.5
	 - Status: SUCCESS
	 - Description: "dereference failure: dead object"
	 - Location: der-verified/src/length.rs:76:15 in function length::decode_length

Check 373: length::decode_length.pointer_dereference.6
	 - Status: SUCCESS
	 - Description: "dereference failure: pointer outside object bounds"
	 - Location: der-verified/src/length.rs:76:15 in function length::decode_length

Check 374: length::decode_length.pointer_dereference.7
	 - Status: SUCCESS
	 - Description: "dereference failure: invalid integer address"
	 - Location: der-verified/src/length.rs:76:15 in function length::decode_length

Check 375: length::decode_length.pointer_dereference.8
	 - Status: SUCCESS
	 - Description: "dereference failure: pointer NULL"
	 - Location: der-verified/src/length.rs:93:8 in function length::decode_length

Check 376: length::decode_length.pointer_dereference.9
	 - Status: SUCCESS
	 - Description: "dereference failure: pointer invalid"
	 - Location: der-verified/src/length.rs:93:8 in function length::decode_length

Check 377: length::decode_length.pointer_dereference.10
	 - Status: SUCCESS
	 - Description: "dereference failure: deallocated dynamic object"
	 - Location: der-verified/src/length.rs:93:8 in function length::decode_length

Check 378: length::decode_length.pointer_dereference.11
	 - Status: SUCCESS
	 - Description: "dereference failure: dead object"
	 - Location: der-verified/src/length.rs:93:8 in function length::decode_length

Check 379: length::decode_length.pointer_dereference.12
	 - Status: SUCCESS
	 - Description: "dereference failure: pointer outside object bounds"
	 - Location: der-verified/src/length.rs:93:8 in function length::decode_length

Check 380: length::decode_length.pointer_dereference.13
	 - Status: SUCCESS
	 - Description: "dereference failure: invalid integer address"
	 - Location: der-verified/src/length.rs:93:8 in function length::decode_length

Check 381: length::decode_length.pointer_dereference.14
	 - Status: SUCCESS
	 - Description: "dereference failure: pointer NULL"
	 - Location: der-verified/src/length.rs:102:28 in function length::decode_length

Check 382: length::decode_length.pointer_dereference.15
	 - Status: SUCCESS
	 - Description: "dereference failure: pointer invalid"
	 - Location: der-verified/src/length.rs:102:28 in function length::decode_length

Check 383: length::decode_length.pointer_dereference.16
	 - Status: SUCCESS
	 - Description: "dereference failure: deallocated dynamic object"
	 - Location: der-verified/src/length.rs:102:28 in function length::decode_length

Check 384: length::decode_length.pointer_dereference.17
	 - Status: SUCCESS
	 - Description: "dereference failure: dead object"
	 - Location: der-verified/src/length.rs:102:28 in function length::decode_length

Check 385: length::decode_length.pointer_dereference.18
	 - Status: SUCCESS
	 - Description: "dereference failure: pointer outside object bounds"
	 - Location: der-verified/src/length.rs:102:28 in function length::decode_length

Check 386: length::decode_length.pointer_dereference.19
	 - Status: SUCCESS
	 - Description: "dereference failure: invalid integer address"
	 - Location: der-verified/src/length.rs:102:28 in function length::decode_length

Check 387: core::slice::<impl [u8]>::split_first.pointer_dereference.1
	 - Status: SUCCESS
	 - Description: "dereference failure: dead object"
	 - Location: ../../../runner/.rustup/toolchains/nightly-2025-11-21-x86_64-unknown-linux-gnu/lib/rustlib/src/rust/library/core/src/slice/mod.rs:198:73 in function core::slice::<impl [u8]>::split_first

Check 388: context_tag::decode_explicit_context.pointer_dereference.1
	 - Status: SUCCESS
	 - Description: "dereference failure: dead object"
	 - Location: der-verified/src/context_tag.rs:76:23 in function context_tag::decode_explicit_context

Check 389: context_tag::decode_explicit_context.pointer_dereference.2
	 - Status: SUCCESS
	 - Description: "dereference failure: dead object"
	 - Location: der-verified/src/context_tag.rs:78:20 in function context_tag::decode_explicit_context

Check 390: context_tag::decode_explicit_context.pointer_dereference.3
	 - Status: SUCCESS
	 - Description: "dereference failure: dead object"
	 - Location: der-verified/src/context_tag.rs:78:16 in function context_tag::decode_explicit_context

Check 391: context_tag::decode_explicit_context.pointer_dereference.4
	 - Status: SUCCESS
	 - Description: "dereference failure: dead object"
	 - Location: der-verified/src/context_tag.rs:81:20 in function context_tag::decode_explicit_context

Check 392: context_tag::decode_explicit_context.pointer_dereference.5
	 - Status: SUCCESS
	 - Description: "dereference failure: dead object"
	 - Location: der-verified/src/context_tag.rs:81:16 in function context_tag::decode_explicit_context

Check 393: context_tag::decode_explicit_context.pointer_dereference.6
	 - Status: SUCCESS
	 - Description: "dereference failure: dead object"
	 - Location: der-verified/src/context_tag.rs:84:20 in function context_tag::decode_explicit_context

Check 394: context_tag::decode_explicit_context.pointer_dereference.7
	 - Status: SUCCESS
	 - Description: "dereference failure: dead object"
	 - Location: der-verified/src/context_tag.rs:84:16 in function context_tag::decode_explicit_context

Check 395: std::result::Result::<i64, integer::IntError>::map_err::<x509_tbs_certificate::TbsCertificateError, fn(integer::IntError) -> x509_tbs_certificate::TbsCertificateError {x509_tbs_certificate::TbsCertificateError::BadVersionInt}>.pointer_dereference.1
	 - Status: SUCCESS
	 - Description: "dereference failure: dead object"
	 - Location: ../../../runner/.rustup/toolchains/nightly-2025-11-21-x86_64-unknown-linux-gnu/lib/rustlib/src/rust/library/core/src/result.rs:967:22 in function std::result::Result::<i64, integer::IntError>::map_err::<x509_tbs_certificate::TbsCertificateError, fn(integer::IntError) -> x509_tbs_certificate::TbsCertificateError {x509_tbs_certificate::TbsCertificateError::BadVersionInt}>

Check 396: <std::result::Result<(tlv::Tlv<'_>, usize), sequence::SequenceError> as std::ops::Try>::branch.pointer_dereference.1
	 - Status: SUCCESS
	 - Description: "dereference failure: dead object"
	 - Location: ../../../runner/.rustup/toolchains/nightly-2025-11-21-x86_64-unknown-linux-gnu/lib/rustlib/src/rust/library/core/src/result.rs:2173:15 in function <std::result::Result<(tlv::Tlv<'_>, usize), sequence::SequenceError> as std::ops::Try>::branch

Check 397: <std::result::Result<(tlv::Tlv<'_>, usize), sequence::SequenceError> as std::ops::Try>::branch.pointer_dereference.2
	 - Status: SUCCESS
	 - Description: "dereference failure: dead object"
	 - Location: ../../../runner/.rustup/toolchains/nightly-2025-11-21-x86_64-unknown-linux-gnu/lib/rustlib/src/rust/library/core/src/result.rs:2175:23 in function <std::result::Result<(tlv::Tlv<'_>, usize), sequence::SequenceError> as std::ops::Try>::branch

Check 398: std::result::Result::<(), oid::OidError>::map_err::<x509_algorithm_identifier::AlgIdError, fn(oid::OidError) -> x509_algorithm_identifier::AlgIdError {x509_algorithm_identifier::AlgIdError::BadOid}>.pointer_dereference.1
	 - Status: SUCCESS
	 - Description: "dereference failure: dead object"
	 - Location: ../../../runner/.rustup/toolchains/nightly-2025-11-21-x86_64-unknown-linux-gnu/lib/rustlib/src/rust/library/core/src/result.rs:966:15 in function std::result::Result::<(), oid::OidError>::map_err::<x509_algorithm_identifier::AlgIdError, fn(oid::OidError) -> x509_algorithm_identifier::AlgIdError {x509_algorithm_identifier::AlgIdError::BadOid}>

Check 399: std::result::Result::<(), oid::OidError>::map_err::<x509_algorithm_identifier::AlgIdError, fn(oid::OidError) -> x509_algorithm_identifier::AlgIdError {x509_algorithm_identifier::AlgIdError::BadOid}>.pointer_dereference.2
	 - Status: SUCCESS
	 - Description: "dereference failure: dead object"
	 - Location: ../../../runner/.rustup/toolchains/nightly-2025-11-21-x86_64-unknown-linux-gnu/lib/rustlib/src/rust/library/core/src/result.rs:967:22 in function std::result::Result::<(), oid::OidError>::map_err::<x509_algorithm_identifier::AlgIdError, fn(oid::OidError) -> x509_algorithm_identifier::AlgIdError {x509_algorithm_identifier::AlgIdError::BadOid}>

Check 400: <std::result::Result<(), x509_algorithm_identifier::AlgIdError> as std::ops::Try>::branch.pointer_dereference.1
	 - Status: SUCCESS
	 - Description: "dereference failure: dead object"
	 - Location: ../../../runner/.rustup/toolchains/nightly-2025-11-21-x86_64-unknown-linux-gnu/lib/rustlib/src/rust/library/core/src/result.rs:2173:15 in function <std::result::Result<(), x509_algorithm_identifier::AlgIdError> as std::ops::Try>::branch

Check 401: <std::result::Result<(), x509_algorithm_identifier::AlgIdError> as std::ops::Try>::branch.pointer_dereference.2
	 - Status: SUCCESS
	 - Description: "dereference failure: dead object"
	 - Location: ../../../runner/.rustup/toolchains/nightly-2025-11-21-x86_64-unknown-linux-gnu/lib/rustlib/src/rust/library/core/src/result.rs:2174:22 in function <std::result::Result<(), x509_algorithm_identifier::AlgIdError> as std::ops::Try>::branch

Check 402: std::result::Result::<x509_tbs_certificate::TbsCertificate<'_>, x509_tbs_certificate::TbsCertificateError>::is_ok.pointer_dereference.1
	 - Status: SUCCESS
	 - Description: "dereference failure: pointer NULL"
	 - Location: ../../../runner/.rustup/toolchains/nightly-2025-11-21-x86_64-unknown-linux-gnu/lib/rustlib/src/rust/library/core/src/result.rs:594:18 in function std::result::Result::<x509_tbs_certificate::TbsCertificate<'_>, x509_tbs_certificate::TbsCertificateError>::is_ok

Check 403: std::result::Result::<x509_tbs_certificate::TbsCertificate<'_>, x509_tbs_certificate::TbsCertificateError>::is_ok.pointer_dereference.2
	 - Status: SUCCESS
	 - Description: "dereference failure: pointer invalid"
	 - Location: ../../../runner/.rustup/toolchains/nightly-2025-11-21-x86_64-unknown-linux-gnu/lib/rustlib/src/rust/library/core/src/result.rs:594:18 in function std::result::Result::<x509_tbs_certificate::TbsCertificate<'_>, x509_tbs_certificate::TbsCertificateError>::is_ok

Check 404: std::result::Result::<x509_tbs_certificate::TbsCertificate<'_>, x509_tbs_certificate::TbsCertificateError>::is_ok.pointer_dereference.3
	 - Status: SUCCESS
	 - Description: "dereference failure: deallocated dynamic object"
	 - Location: ../../../runner/.rustup/toolchains/nightly-2025-11-21-x86_64-unknown-linux-gnu/lib/rustlib/src/rust/library/core/src/result.rs:594:18 in function std::result::Result::<x509_tbs_certificate::TbsCertificate<'_>, x509_tbs_certificate::TbsCertificateError>::is_ok

Check 405: std::result::Result::<x509_tbs_certificate::TbsCertificate<'_>, x509_tbs_certificate::TbsCertificateError>::is_ok.pointer_dereference.4
	 - Status: SUCCESS
	 - Description: "dereference failure: dead object"
	 - Location: ../../../runner/.rustup/toolchains/nightly-2025-11-21-x86_64-unknown-linux-gnu/lib/rustlib/src/rust/library/core/src/result.rs:594:18 in function std::result::Result::<x509_tbs_certificate::TbsCertificate<'_>, x509_tbs_certificate::TbsCertificateError>::is_ok

Check 406: std::result::Result::<x509_tbs_certificate::TbsCertificate<'_>, x509_tbs_certificate::TbsCertificateError>::is_ok.pointer_dereference.5
	 - Status: SUCCESS
	 - Description: "dereference failure: pointer outside object bounds"
	 - Location: ../../../runner/.rustup/toolchains/nightly-2025-11-21-x86_64-unknown-linux-gnu/lib/rustlib/src/rust/library/core/src/result.rs:594:18 in function std::result::Result::<x509_tbs_certificate::TbsCertificate<'_>, x509_tbs_certificate::TbsCertificateError>::is_ok

Check 407: std::result::Result::<x509_tbs_certificate::TbsCertificate<'_>, x509_tbs_certificate::TbsCertificateError>::is_ok.pointer_dereference.6
	 - Status: SUCCESS
	 - Description: "dereference failure: invalid integer address"
	 - Location: ../../../runner/.rustup/toolchains/nightly-2025-11-21-x86_64-unknown-linux-gnu/lib/rustlib/src/rust/library/core/src/result.rs:594:18 in function std::result::Result::<x509_tbs_certificate::TbsCertificate<'_>, x509_tbs_certificate::TbsCertificateError>::is_ok

Check 408: <std::result::Result<&[u8], sequence::SequenceError> as std::ops::FromResidual<std::result::Result<std::convert::Infallible, sequence::SequenceError>>>::from_residual.pointer_dereference.1
	 - Status: SUCCESS
	 - Description: "dereference failure: dead object"
	 - Location: ../../../runner/.rustup/toolchains/nightly-2025-11-21-x86_64-unknown-linux-gnu/lib/rustlib/src/rust/library/core/src/result.rs:2189:23 in function <std::result::Result<&[u8], sequence::SequenceError> as std::ops::FromResidual<std::result::Result<std::convert::Infallible, sequence::SequenceError>>>::from_residual

Check 409: length::decode_length.unwind.0
	 - Status: SUCCESS
	 - Description: "unwinding assertion loop 0"
	 - Location: der-verified/src/length.rs:101:5 in function length::decode_length

Check 410: tag::decode_tag.unwind.0
	 - Status: SUCCESS
	 - Description: "unwinding assertion loop 0"
	 - Location: der-verified/src/tag.rs:137:49 in function tag::decode_tag

Check 411: integer::decode_integer.unwind.0
	 - Status: SUCCESS
	 - Description: "unwinding assertion loop 0"
	 - Location: der-verified/src/integer.rs:86:5 in function integer::decode_integer

Check 412: oid::validate_oid.unwind.0
	 - Status: SUCCESS
	 - Description: "unwinding assertion loop 0"
	 - Location: der-verified/src/oid.rs:61:5 in function oid::validate_oid


SUMMARY:
 ** 0 of 411 failed (14 unreachable)

 ** 1 of 1 cover properties satisfied


VERIFICATION:- SUCCESSFUL
Verification Time: 199.3771s

Manual Harness Summary:
Complete - 1 successfully verified harnesses, 0 failures, 1 total.
