Running as unit: run-p71356-i86301.scope; invocation ID: 2380418de4044d6e81b6e6a12ab75275
Kani Rust Verifier 0.67.0 (cargo plugin)
   Compiling der-verified v0.1.1 (/home/ivo/repo/rs-verified-der/der-verified)
warning: Found the following unsupported constructs:
             - caller_location (1)
             - foreign function (1)
         
         Verification will fail if one or more of these constructs is reachable.
         See https://model-checking.github.io/kani/rust-feature-support.html for more details.

    Finished `dev` profile [unoptimized + debuginfo] target(s) in 0.39s
Checking harness octet_string::proofs::constructed_form_is_rejected...
CBMC 6.8.0 (cbmc-6.8.0)
CBMC version 6.8.0 (cbmc-6.8.0) 64-bit x86_64 linux
Reading GOTO program from file /home/ivo/repo/rs-verified-der/target/kani/x86_64-unknown-linux-gnu/debug/deps/der_verified-d9805ef2248139dc__RNvNtNtCs8Uhk9se0wUe_12der_verified12octet_string6proofs28constructed_form_is_rejected.out
Generating GOTO Program
Adding CPROVER library (x86_64)
Removal of function pointers and virtual functions
Generic Property Instrumentation
Running with 16 object bits, 48 offset bits (user-specified)
Starting Bounded Model Checking
aborting path on assume(false) at file /home/runner/.rustup/toolchains/nightly-2025-11-21-x86_64-unknown-linux-gnu/lib/rustlib/src/rust/library/core/src/result.rs line 966 column 15 function std::result::Result::<(tag::Tag, usize), tag::TagError>::map_err::<tlv::TlvError, {closure@der-verified/src/tlv.rs:71:51: 71:54}> thread 0
aborting path on assume(false) at file /home/runner/.rustup/toolchains/nightly-2025-11-21-x86_64-unknown-linux-gnu/lib/rustlib/src/rust/library/core/src/result.rs line 2173 column 15 function <std::result::Result<(tag::Tag, usize), tlv::TlvError> as std::ops::Try>::branch thread 0
aborting path on assume(false) at file /home/runner/.rustup/toolchains/nightly-2025-11-21-x86_64-unknown-linux-gnu/lib/rustlib/src/rust/library/core/src/slice/index.rs line 40 column 9 function core::slice::index::slice_index_fail::do_panic::runtime thread 0
aborting path on assume(false) at file /home/runner/.rustup/toolchains/nightly-2025-11-21-x86_64-unknown-linux-gnu/lib/rustlib/src/rust/library/core/src/intrinsics/mod.rs line 2449 column 9 function core::slice::index::slice_index_fail::do_panic thread 0
aborting path on assume(false) at file /home/runner/.rustup/toolchains/nightly-2025-11-21-x86_64-unknown-linux-gnu/lib/rustlib/src/rust/library/core/src/panic.rs line 178 column 9 function core::slice::index::slice_index_fail thread 0
aborting path on assume(false) at file /home/runner/.rustup/toolchains/nightly-2025-11-21-x86_64-unknown-linux-gnu/lib/rustlib/src/rust/library/core/src/slice/index.rs line 58 column 9 function core::slice::index::slice_index_fail::do_panic::runtime thread 0
aborting path on assume(false) at file /home/runner/.rustup/toolchains/nightly-2025-11-21-x86_64-unknown-linux-gnu/lib/rustlib/src/rust/library/core/src/intrinsics/mod.rs line 2449 column 9 function core::slice::index::slice_index_fail::do_panic thread 0
aborting path on assume(false) at file /home/runner/.rustup/toolchains/nightly-2025-11-21-x86_64-unknown-linux-gnu/lib/rustlib/src/rust/library/core/src/panic.rs line 178 column 9 function core::slice::index::slice_index_fail thread 0
aborting path on assume(false) at file /home/runner/.rustup/toolchains/nightly-2025-11-21-x86_64-unknown-linux-gnu/lib/rustlib/src/rust/library/core/src/slice/index.rs line 68 column 5 function core::slice::index::slice_index_fail::do_panic::runtime thread 0
aborting path on assume(false) at file /home/runner/.rustup/toolchains/nightly-2025-11-21-x86_64-unknown-linux-gnu/lib/rustlib/src/rust/library/core/src/intrinsics/mod.rs line 2449 column 9 function core::slice::index::slice_index_fail::do_panic thread 0
aborting path on assume(false) at file /home/runner/.rustup/toolchains/nightly-2025-11-21-x86_64-unknown-linux-gnu/lib/rustlib/src/rust/library/core/src/panic.rs line 178 column 9 function core::slice::index::slice_index_fail thread 0
aborting path on assume(false) at file /home/runner/.rustup/toolchains/nightly-2025-11-21-x86_64-unknown-linux-gnu/lib/rustlib/src/rust/library/core/src/slice/index.rs line 569 column 13 function <std::ops::RangeFrom<usize> as std::slice::SliceIndex<[u8]>>::index thread 0
aborting path on assume(false) at file /home/runner/work/kani/kani/library/kani_core/src/models.rs line 176 column 17 function <usize as kani::rustc_intrinsics::ToISize>::to_isize thread 0
aborting path on assume(false) at file /home/runner/work/kani/kani/library/kani/src/lib.rs line 57 column 1 function <usize as kani::rustc_intrinsics::ToISize>::to_isize thread 0
aborting path on assume(false) at file /home/runner/work/kani/kani/library/kani/src/lib.rs line 57 column 1 function <usize as kani::rustc_intrinsics::ToISize>::to_isize thread 0
aborting path on assume(false) at file der-verified/src/length.rs line 75 column 23 function length::decode_length thread 0
aborting path on assume(false) at file /home/runner/.rustup/toolchains/nightly-2025-11-21-x86_64-unknown-linux-gnu/lib/rustlib/src/rust/library/core/src/slice/index.rs line 435 column 5 function <std::ops::Range<usize> as std::slice::SliceIndex<[u8]>>::index thread 0
aborting path on assume(false) at file /home/runner/work/kani/kani/library/kani/src/lib.rs line 57 column 1 function kani::mem::cbmc::same_allocation thread 0
aborting path on assume(false) at file /home/runner/.rustup/toolchains/nightly-2025-11-21-x86_64-unknown-linux-gnu/lib/rustlib/src/rust/library/core/src/slice/index.rs line 40 column 9 function core::slice::index::slice_index_fail::do_panic::runtime thread 0
aborting path on assume(false) at file /home/runner/.rustup/toolchains/nightly-2025-11-21-x86_64-unknown-linux-gnu/lib/rustlib/src/rust/library/core/src/intrinsics/mod.rs line 2449 column 9 function core::slice::index::slice_index_fail::do_panic thread 0
aborting path on assume(false) at file /home/runner/.rustup/toolchains/nightly-2025-11-21-x86_64-unknown-linux-gnu/lib/rustlib/src/rust/library/core/src/panic.rs line 178 column 9 function core::slice::index::slice_index_fail thread 0
aborting path on assume(false) at file /home/runner/.rustup/toolchains/nightly-2025-11-21-x86_64-unknown-linux-gnu/lib/rustlib/src/rust/library/core/src/slice/index.rs line 49 column 9 function core::slice::index::slice_index_fail::do_panic::runtime thread 0
aborting path on assume(false) at file /home/runner/.rustup/toolchains/nightly-2025-11-21-x86_64-unknown-linux-gnu/lib/rustlib/src/rust/library/core/src/intrinsics/mod.rs line 2449 column 9 function core::slice::index::slice_index_fail::do_panic thread 0
aborting path on assume(false) at file /home/runner/.rustup/toolchains/nightly-2025-11-21-x86_64-unknown-linux-gnu/lib/rustlib/src/rust/library/core/src/panic.rs line 178 column 9 function core::slice::index::slice_index_fail thread 0
aborting path on assume(false) at file /home/runner/.rustup/toolchains/nightly-2025-11-21-x86_64-unknown-linux-gnu/lib/rustlib/src/rust/library/core/src/slice/index.rs line 58 column 9 function core::slice::index::slice_index_fail::do_panic::runtime thread 0
aborting path on assume(false) at file /home/runner/.rustup/toolchains/nightly-2025-11-21-x86_64-unknown-linux-gnu/lib/rustlib/src/rust/library/core/src/intrinsics/mod.rs line 2449 column 9 function core::slice::index::slice_index_fail::do_panic thread 0
aborting path on assume(false) at file /home/runner/.rustup/toolchains/nightly-2025-11-21-x86_64-unknown-linux-gnu/lib/rustlib/src/rust/library/core/src/panic.rs line 178 column 9 function core::slice::index::slice_index_fail thread 0
aborting path on assume(false) at file /home/runner/.rustup/toolchains/nightly-2025-11-21-x86_64-unknown-linux-gnu/lib/rustlib/src/rust/library/core/src/slice/index.rs line 68 column 5 function core::slice::index::slice_index_fail::do_panic::runtime thread 0
aborting path on assume(false) at file /home/runner/.rustup/toolchains/nightly-2025-11-21-x86_64-unknown-linux-gnu/lib/rustlib/src/rust/library/core/src/intrinsics/mod.rs line 2449 column 9 function core::slice::index::slice_index_fail::do_panic thread 0
aborting path on assume(false) at file /home/runner/.rustup/toolchains/nightly-2025-11-21-x86_64-unknown-linux-gnu/lib/rustlib/src/rust/library/core/src/panic.rs line 178 column 9 function core::slice::index::slice_index_fail thread 0
aborting path on assume(false) at file /home/runner/.rustup/toolchains/nightly-2025-11-21-x86_64-unknown-linux-gnu/lib/rustlib/src/rust/library/core/src/slice/index.rs line 443 column 13 function <std::ops::Range<usize> as std::slice::SliceIndex<[u8]>>::index thread 0
Unwinding loop _RNvNtCs8Uhk9se0wUe_12der_verified6length13decode_length.0 iteration 1 file der-verified/src/length.rs line 101 column 5 function length::decode_length thread 0
Unwinding loop _RNvNtCs8Uhk9se0wUe_12der_verified6length13decode_length.0 iteration 2 file der-verified/src/length.rs line 101 column 5 function length::decode_length thread 0
Unwinding loop _RNvNtCs8Uhk9se0wUe_12der_verified6length13decode_length.0 iteration 3 file der-verified/src/length.rs line 101 column 5 function length::decode_length thread 0
Unwinding loop _RNvNtCs8Uhk9se0wUe_12der_verified6length13decode_length.0 iteration 4 file der-verified/src/length.rs line 101 column 5 function length::decode_length thread 0
Unwinding loop _RNvNtCs8Uhk9se0wUe_12der_verified6length13decode_length.0 iteration 5 file der-verified/src/length.rs line 101 column 5 function length::decode_length thread 0
Unwinding loop _RNvNtCs8Uhk9se0wUe_12der_verified6length13decode_length.0 iteration 6 file der-verified/src/length.rs line 101 column 5 function length::decode_length thread 0
Unwinding loop _RNvNtCs8Uhk9se0wUe_12der_verified6length13decode_length.0 iteration 7 file der-verified/src/length.rs line 101 column 5 function length::decode_length thread 0
Unwinding loop _RNvNtCs8Uhk9se0wUe_12der_verified6length13decode_length.0 iteration 8 file der-verified/src/length.rs line 101 column 5 function length::decode_length thread 0
Unwinding loop _RNvNtCs8Uhk9se0wUe_12der_verified6length13decode_length.0 iteration 9 file der-verified/src/length.rs line 101 column 5 function length::decode_length thread 0
Unwinding loop _RNvNtCs8Uhk9se0wUe_12der_verified6length13decode_length.0 iteration 10 file der-verified/src/length.rs line 101 column 5 function length::decode_length thread 0
Unwinding loop _RNvNtCs8Uhk9se0wUe_12der_verified6length13decode_length.0 iteration 11 file der-verified/src/length.rs line 101 column 5 function length::decode_length thread 0
Unwinding loop _RNvNtCs8Uhk9se0wUe_12der_verified6length13decode_length.0 iteration 12 file der-verified/src/length.rs line 101 column 5 function length::decode_length thread 0
Unwinding loop _RNvNtCs8Uhk9se0wUe_12der_verified6length13decode_length.0 iteration 13 file der-verified/src/length.rs line 101 column 5 function length::decode_length thread 0
Unwinding loop _RNvNtCs8Uhk9se0wUe_12der_verified6length13decode_length.0 iteration 14 file der-verified/src/length.rs line 101 column 5 function length::decode_length thread 0
Unwinding loop _RNvNtCs8Uhk9se0wUe_12der_verified6length13decode_length.0 iteration 15 file der-verified/src/length.rs line 101 column 5 function length::decode_length thread 0
Not unwinding loop _RNvNtCs8Uhk9se0wUe_12der_verified6length13decode_length.0 iteration 16 file der-verified/src/length.rs line 101 column 5 function length::decode_length thread 0
aborting path on assume(false) at file /home/runner/.rustup/toolchains/nightly-2025-11-21-x86_64-unknown-linux-gnu/lib/rustlib/src/rust/library/core/src/result.rs line 966 column 15 function std::result::Result::<(u32, usize), length::LengthError>::map_err::<tlv::TlvError, {closure@der-verified/src/tlv.rs:73:69: 73:72}> thread 0
aborting path on assume(false) at file /home/runner/.rustup/toolchains/nightly-2025-11-21-x86_64-unknown-linux-gnu/lib/rustlib/src/rust/library/core/src/result.rs line 2173 column 15 function <std::result::Result<(u32, usize), tlv::TlvError> as std::ops::Try>::branch thread 0
aborting path on assume(false) at file der-verified/src/lib.rs line 0 column 0 function tlv::decode_tlv thread 0
aborting path on assume(false) at file /home/runner/.rustup/toolchains/nightly-2025-11-21-x86_64-unknown-linux-gnu/lib/rustlib/src/rust/library/core/src/slice/index.rs line 435 column 5 function <std::ops::Range<usize> as std::slice::SliceIndex<[u8]>>::index thread 0
aborting path on assume(false) at file /home/runner/work/kani/kani/library/kani_core/src/models.rs line 176 column 17 function <usize as kani::rustc_intrinsics::ToISize>::to_isize thread 0
aborting path on assume(false) at file /home/runner/work/kani/kani/library/kani/src/lib.rs line 57 column 1 function <usize as kani::rustc_intrinsics::ToISize>::to_isize thread 0
aborting path on assume(false) at file /home/runner/work/kani/kani/library/kani/src/lib.rs line 57 column 1 function <usize as kani::rustc_intrinsics::ToISize>::to_isize thread 0
aborting path on assume(false) at file /home/runner/.rustup/toolchains/nightly-2025-11-21-x86_64-unknown-linux-gnu/lib/rustlib/src/rust/library/core/src/slice/index.rs line 40 column 9 function core::slice::index::slice_index_fail::do_panic::runtime thread 0
aborting path on assume(false) at file /home/runner/.rustup/toolchains/nightly-2025-11-21-x86_64-unknown-linux-gnu/lib/rustlib/src/rust/library/core/src/intrinsics/mod.rs line 2449 column 9 function core::slice::index::slice_index_fail::do_panic thread 0
aborting path on assume(false) at file /home/runner/.rustup/toolchains/nightly-2025-11-21-x86_64-unknown-linux-gnu/lib/rustlib/src/rust/library/core/src/panic.rs line 178 column 9 function core::slice::index::slice_index_fail thread 0
aborting path on assume(false) at file /home/runner/.rustup/toolchains/nightly-2025-11-21-x86_64-unknown-linux-gnu/lib/rustlib/src/rust/library/core/src/slice/index.rs line 49 column 9 function core::slice::index::slice_index_fail::do_panic::runtime thread 0
aborting path on assume(false) at file /home/runner/.rustup/toolchains/nightly-2025-11-21-x86_64-unknown-linux-gnu/lib/rustlib/src/rust/library/core/src/intrinsics/mod.rs line 2449 column 9 function core::slice::index::slice_index_fail::do_panic thread 0
aborting path on assume(false) at file /home/runner/.rustup/toolchains/nightly-2025-11-21-x86_64-unknown-linux-gnu/lib/rustlib/src/rust/library/core/src/panic.rs line 178 column 9 function core::slice::index::slice_index_fail thread 0
aborting path on assume(false) at file /home/runner/.rustup/toolchains/nightly-2025-11-21-x86_64-unknown-linux-gnu/lib/rustlib/src/rust/library/core/src/slice/index.rs line 58 column 9 function core::slice::index::slice_index_fail::do_panic::runtime thread 0
aborting path on assume(false) at file /home/runner/.rustup/toolchains/nightly-2025-11-21-x86_64-unknown-linux-gnu/lib/rustlib/src/rust/library/core/src/intrinsics/mod.rs line 2449 column 9 function core::slice::index::slice_index_fail::do_panic thread 0
aborting path on assume(false) at file /home/runner/.rustup/toolchains/nightly-2025-11-21-x86_64-unknown-linux-gnu/lib/rustlib/src/rust/library/core/src/panic.rs line 178 column 9 function core::slice::index::slice_index_fail thread 0
aborting path on assume(false) at file /home/runner/.rustup/toolchains/nightly-2025-11-21-x86_64-unknown-linux-gnu/lib/rustlib/src/rust/library/core/src/slice/index.rs line 68 column 5 function core::slice::index::slice_index_fail::do_panic::runtime thread 0
aborting path on assume(false) at file /home/runner/.rustup/toolchains/nightly-2025-11-21-x86_64-unknown-linux-gnu/lib/rustlib/src/rust/library/core/src/intrinsics/mod.rs line 2449 column 9 function core::slice::index::slice_index_fail::do_panic thread 0
aborting path on assume(false) at file /home/runner/.rustup/toolchains/nightly-2025-11-21-x86_64-unknown-linux-gnu/lib/rustlib/src/rust/library/core/src/panic.rs line 178 column 9 function core::slice::index::slice_index_fail thread 0
aborting path on assume(false) at file /home/runner/.rustup/toolchains/nightly-2025-11-21-x86_64-unknown-linux-gnu/lib/rustlib/src/rust/library/core/src/slice/index.rs line 443 column 13 function <std::ops::Range<usize> as std::slice::SliceIndex<[u8]>>::index thread 0
aborting path on assume(false) at file /home/runner/.rustup/toolchains/nightly-2025-11-21-x86_64-unknown-linux-gnu/lib/rustlib/src/rust/library/core/src/result.rs line 966 column 15 function std::result::Result::<(tlv::Tlv<'_>, usize), tlv::TlvError>::map_err::<octet_string::OctetStringError, fn(tlv::TlvError) -> octet_string::OctetStringError {octet_string::OctetStringError::Tlv}> thread 0
aborting path on assume(false) at file /home/runner/.rustup/toolchains/nightly-2025-11-21-x86_64-unknown-linux-gnu/lib/rustlib/src/rust/library/core/src/result.rs line 2173 column 15 function <std::result::Result<(tlv::Tlv<'_>, usize), octet_string::OctetStringError> as std::ops::Try>::branch thread 0
aborting path on assume(false) at file der-verified/src/octet_string.rs line 57 column 23 function octet_string::decode_octet_string thread 0
aborting path on assume(false) at file der-verified/src/lib.rs line 0 column 0 function <std::result::Result<(&[u8], usize), octet_string::OctetStringError> as std::cmp::PartialEq>::eq thread 0
Runtime Symex: 0.191311s
size of program expression: 15327 steps
slicing removed 10987 assignments
Generated 396 VCC(s), 205 remaining after simplification
Runtime Postprocess Equation: 0.0020111s
Passing problem to propositional reduction
converting SSA
Runtime Convert SSA: 0.0153954s
Running propositional reduction
Post-processing
Runtime Post-process: 0.00249587s
Solving with CaDiCaL 2.0.0
42210 variables, 93264 clauses
SAT checker: instance is SATISFIABLE
Runtime Solver: 0.00314514s
Runtime decision procedure: 0.0191161s
Running propositional reduction
Solving with CaDiCaL 2.0.0
42211 variables, 93265 clauses
SAT checker: instance is UNSATISFIABLE
Runtime Solver: 1.651e-05s
Runtime decision procedure: 7.762e-05s

RESULTS:
Check 1: tlv::decode_tlv.assertion.1
	 - Status: SUCCESS
	 - Description: "attempt to add with overflow"
	 - Location: der-verified/src/tlv.rs:74:18 in function tlv::decode_tlv

Check 2: tlv::decode_tlv.unreachable.1
	 - Status: SUCCESS
	 - Description: "unreachable code"
	 - Location: der-verified/src/lib.rs:0:0 in function tlv::decode_tlv

Check 3: std::result::Result::<(tlv::Tlv<'_>, usize), tlv::TlvError>::map_err::<octet_string::OctetStringError, fn(tlv::TlvError) -> octet_string::OctetStringError {octet_string::OctetStringError::Tlv}>.unreachable.1
	 - Status: SUCCESS
	 - Description: "unreachable code"
	 - Location: ../../../runner/.rustup/toolchains/nightly-2025-11-21-x86_64-unknown-linux-gnu/lib/rustlib/src/rust/library/core/src/result.rs:966:15 in function std::result::Result::<(tlv::Tlv<'_>, usize), tlv::TlvError>::map_err::<octet_string::OctetStringError, fn(tlv::TlvError) -> octet_string::OctetStringError {octet_string::OctetStringError::Tlv}>

Check 4: <std::result::Result<(tag::Tag, usize), tlv::TlvError> as std::ops::Try>::branch.unreachable.1
	 - Status: SUCCESS
	 - Description: "unreachable code"
	 - Location: ../../../runner/.rustup/toolchains/nightly-2025-11-21-x86_64-unknown-linux-gnu/lib/rustlib/src/rust/library/core/src/result.rs:2173:15 in function <std::result::Result<(tag::Tag, usize), tlv::TlvError> as std::ops::Try>::branch

Check 5: <std::ops::RangeFrom<usize> as std::slice::SliceIndex<[u8]>>::index.arithmetic_overflow.1
	 - Status: SUCCESS
	 - Description: "attempt to compute `unchecked_sub` which would overflow"
	 - Location: ../../../runner/.rustup/toolchains/nightly-2025-11-21-x86_64-unknown-linux-gnu/lib/rustlib/src/rust/library/core/src/slice/index.rs:573:27 in function <std::ops::RangeFrom<usize> as std::slice::SliceIndex<[u8]>>::index

Check 6: <std::ops::RangeFrom<usize> as std::slice::SliceIndex<[u8]>>::index.safety_check.1
	 - Status: SUCCESS
	 - Description: "misaligned pointer to reference cast: address must be a multiple of its type's alignment"
	 - Location: ../../../runner/.rustup/toolchains/nightly-2025-11-21-x86_64-unknown-linux-gnu/lib/rustlib/src/rust/library/core/src/slice/index.rs:574:13 in function <std::ops::RangeFrom<usize> as std::slice::SliceIndex<[u8]>>::index

Check 7: <std::ops::RangeFrom<usize> as std::slice::SliceIndex<[u8]>>::index.safety_check.2
	 - Status: SUCCESS
	 - Description: "dereference failure: pointer invalid"
	 - Location: ../../../runner/.rustup/toolchains/nightly-2025-11-21-x86_64-unknown-linux-gnu/lib/rustlib/src/rust/library/core/src/slice/index.rs:574:13 in function <std::ops::RangeFrom<usize> as std::slice::SliceIndex<[u8]>>::index

Check 8: length::decode_length.unreachable.1
	 - Status: SUCCESS
	 - Description: "unreachable code"
	 - Location: der-verified/src/length.rs:75:23 in function length::decode_length

Check 9: length::decode_length.assertion.1
	 - Status: UNREACHABLE
	 - Description: "attempt to add with overflow"
	 - Location: der-verified/src/length.rs:89:22 in function length::decode_length

Check 10: length::decode_length.assertion.2
	 - Status: UNREACHABLE
	 - Description: "attempt to add with overflow"
	 - Location: der-verified/src/length.rs:92:28 in function length::decode_length

Check 11: length::decode_length.assertion.3
	 - Status: UNREACHABLE
	 - Description: "index out of bounds: the length is less than or equal to the given index"
	 - Location: der-verified/src/length.rs:93:8 in function length::decode_length

Check 12: length::decode_length.assertion.4
	 - Status: UNREACHABLE
	 - Description: "attempt to shift left with overflow"
	 - Location: der-verified/src/length.rs:102:15 in function length::decode_length

Check 13: length::decode_length.assertion.5
	 - Status: UNREACHABLE
	 - Description: "index out of bounds: the length is less than or equal to the given index"
	 - Location: der-verified/src/length.rs:102:28 in function length::decode_length

Check 14: length::decode_length.assertion.6
	 - Status: UNREACHABLE
	 - Description: "attempt to add with overflow"
	 - Location: der-verified/src/length.rs:103:9 in function length::decode_length

Check 15: length::decode_length.assertion.7
	 - Status: UNREACHABLE
	 - Description: "attempt to add with overflow"
	 - Location: der-verified/src/length.rs:108:14 in function length::decode_length

Check 16: memcmp.precondition.1
	 - Status: SUCCESS
	 - Description: "memcmp region 1 readable"
	 - Location: <builtin-library-memcmp>:19 in function memcmp

Check 17: memcmp.precondition.2
	 - Status: SUCCESS
	 - Description: "memcpy region 2 readable"
	 - Location: <builtin-library-memcmp>:21 in function memcmp

Check 18: <std::ops::Range<usize> as std::slice::SliceIndex<[u8]>>::index.unreachable.1
	 - Status: SUCCESS
	 - Description: "unreachable code"
	 - Location: ../../../runner/.rustup/toolchains/nightly-2025-11-21-x86_64-unknown-linux-gnu/lib/rustlib/src/rust/library/core/src/slice/index.rs:435:5 in function <std::ops::Range<usize> as std::slice::SliceIndex<[u8]>>::index

Check 19: <std::ops::Range<usize> as std::slice::SliceIndex<[u8]>>::index.safety_check.1
	 - Status: SUCCESS
	 - Description: "misaligned pointer to reference cast: address must be a multiple of its type's alignment"
	 - Location: ../../../runner/.rustup/toolchains/nightly-2025-11-21-x86_64-unknown-linux-gnu/lib/rustlib/src/rust/library/core/src/slice/index.rs:441:22 in function <std::ops::Range<usize> as std::slice::SliceIndex<[u8]>>::index

Check 20: <std::ops::Range<usize> as std::slice::SliceIndex<[u8]>>::index.safety_check.2
	 - Status: SUCCESS
	 - Description: "dereference failure: pointer invalid"
	 - Location: ../../../runner/.rustup/toolchains/nightly-2025-11-21-x86_64-unknown-linux-gnu/lib/rustlib/src/rust/library/core/src/slice/index.rs:441:22 in function <std::ops::Range<usize> as std::slice::SliceIndex<[u8]>>::index

Check 21: kani::mem::cbmc::same_allocation.unsupported_construct.1
	 - Status: SUCCESS
	 - Description: "Kani does not support reasoning about pointer to unallocated memory"
	 - Location: ../../../runner/work/kani/kani/library/kani/src/lib.rs:57:1 in function kani::mem::cbmc::same_allocation

Check 22: core::slice::index::slice_index_fail::do_panic::runtime.assertion.1
	 - Status: SUCCESS
	 - Description: "This is a placeholder message; Kani doesn't support message formatted at runtime"
	 - Location: ../../../runner/.rustup/toolchains/nightly-2025-11-21-x86_64-unknown-linux-gnu/lib/rustlib/src/rust/library/core/src/slice/index.rs:68:5 in function core::slice::index::slice_index_fail::do_panic::runtime

Check 23: core::slice::index::slice_index_fail::do_panic::runtime.assertion.2
	 - Status: SUCCESS
	 - Description: "This is a placeholder message; Kani doesn't support message formatted at runtime"
	 - Location: ../../../runner/.rustup/toolchains/nightly-2025-11-21-x86_64-unknown-linux-gnu/lib/rustlib/src/rust/library/core/src/slice/index.rs:40:9 in function core::slice::index::slice_index_fail::do_panic::runtime

Check 24: kani::rustc_intrinsics::offset::<u8, *const u8, usize>.safety_check.1
	 - Status: SUCCESS
	 - Description: "Offset in bytes overflows isize"
	 - Location: ../../../runner/work/kani/kani/library/kani/src/lib.rs:57:1 in function kani::rustc_intrinsics::offset::<u8, *const u8, usize>

Check 25: kani::rustc_intrinsics::offset::<u8, *const u8, usize>.safety_check.2
	 - Status: SUCCESS
	 - Description: "Offset result and original pointer must point to the same allocation"
	 - Location: ../../../runner/work/kani/kani/library/kani/src/lib.rs:57:1 in function kani::rustc_intrinsics::offset::<u8, *const u8, usize>

Check 26: <std::result::Result<(u32, usize), tlv::TlvError> as std::ops::Try>::branch.unreachable.1
	 - Status: SUCCESS
	 - Description: "unreachable code"
	 - Location: ../../../runner/.rustup/toolchains/nightly-2025-11-21-x86_64-unknown-linux-gnu/lib/rustlib/src/rust/library/core/src/result.rs:2173:15 in function <std::result::Result<(u32, usize), tlv::TlvError> as std::ops::Try>::branch

Check 27: octet_string::decode_octet_string.unreachable.1
	 - Status: SUCCESS
	 - Description: "unreachable code"
	 - Location: der-verified/src/octet_string.rs:57:23 in function octet_string::decode_octet_string

Check 28: <std::result::Result<(u32, usize), tag::TagError> as std::ops::Try>::branch.unreachable.1
	 - Status: SUCCESS
	 - Description: "unreachable code"
	 - Location: ../../../runner/.rustup/toolchains/nightly-2025-11-21-x86_64-unknown-linux-gnu/lib/rustlib/src/rust/library/core/src/result.rs:2173:15 in function <std::result::Result<(u32, usize), tag::TagError> as std::ops::Try>::branch

Check 29: core::slice::index::slice_index_fail::do_panic::runtime.assertion.3
	 - Status: SUCCESS
	 - Description: "This is a placeholder message; Kani doesn't support message formatted at runtime"
	 - Location: ../../../runner/.rustup/toolchains/nightly-2025-11-21-x86_64-unknown-linux-gnu/lib/rustlib/src/rust/library/core/src/slice/index.rs:58:9 in function core::slice::index::slice_index_fail::do_panic::runtime

Check 30: std::result::Result::<(tag::Tag, usize), tag::TagError>::map_err::<tlv::TlvError, {closure@der-verified/src/tlv.rs:71:51: 71:54}>.unreachable.1
	 - Status: SUCCESS
	 - Description: "unreachable code"
	 - Location: ../../../runner/.rustup/toolchains/nightly-2025-11-21-x86_64-unknown-linux-gnu/lib/rustlib/src/rust/library/core/src/result.rs:966:15 in function std::result::Result::<(tag::Tag, usize), tag::TagError>::map_err::<tlv::TlvError, {closure@der-verified/src/tlv.rs:71:51: 71:54}>

Check 31: octet_string::proofs::constructed_form_is_rejected.assertion.1
	 - Status: SUCCESS
	 - Description: "assertion failed: decode_octet_string(&[0x24, 0x01, a]) == Err(OctetStringError::Constructed)"
	 - Location: der-verified/src/octet_string.rs:152:9 in function octet_string::proofs::constructed_form_is_rejected

Check 32: core::num::<impl usize>::checked_add.arithmetic_overflow.1
	 - Status: SUCCESS
	 - Description: "attempt to compute `unchecked_add` which would overflow"
	 - Location: ../../../runner/.rustup/toolchains/nightly-2025-11-21-x86_64-unknown-linux-gnu/lib/rustlib/src/rust/library/core/src/num/uint_macros.rs:658:31 in function core::num::<impl usize>::checked_add

Check 33: <std::result::Result<(tlv::Tlv<'_>, usize), octet_string::OctetStringError> as std::ops::Try>::branch.unreachable.1
	 - Status: SUCCESS
	 - Description: "unreachable code"
	 - Location: ../../../runner/.rustup/toolchains/nightly-2025-11-21-x86_64-unknown-linux-gnu/lib/rustlib/src/rust/library/core/src/result.rs:2173:15 in function <std::result::Result<(tlv::Tlv<'_>, usize), octet_string::OctetStringError> as std::ops::Try>::branch

Check 34: kani::rustc_intrinsics::size_of_val_raw::<[u8]>.unreachable.1
	 - Status: SUCCESS
	 - Description: "unreachable code"
	 - Location: ../../../runner/work/kani/kani/library/kani_core/src/models.rs:23:13 in function kani::rustc_intrinsics::size_of_val_raw::<[u8]>

Check 35: kani::rustc_intrinsics::size_of_val_raw::<[u8]>.safety_check.1
	 - Status: SUCCESS
	 - Description: "failed to compute `size_of_val`"
	 - Location: ../../../runner/work/kani/kani/library/kani/src/lib.rs:57:1 in function kani::rustc_intrinsics::size_of_val_raw::<[u8]>

Check 36: kani::rustc_intrinsics::size_of_val_raw::<[u8]>.assertion.1
	 - Status: SUCCESS
	 - Description: "cannot compute `size_of_val` for extern types"
	 - Location: ../../../runner/work/kani/kani/library/kani/src/lib.rs:57:1 in function kani::rustc_intrinsics::size_of_val_raw::<[u8]>

Check 37: <std::result::Result<(&[u8], usize), octet_string::OctetStringError> as std::cmp::PartialEq>::eq.unreachable.1
	 - Status: SUCCESS
	 - Description: "unreachable code"
	 - Location: der-verified/src/lib.rs:0:0 in function <std::result::Result<(&[u8], usize), octet_string::OctetStringError> as std::cmp::PartialEq>::eq

Check 38: <usize as kani::rustc_intrinsics::ToISize>::to_isize.unreachable.1
	 - Status: SUCCESS
	 - Description: "unreachable code"
	 - Location: ../../../runner/work/kani/kani/library/kani_core/src/models.rs:176:17 in function <usize as kani::rustc_intrinsics::ToISize>::to_isize

Check 39: <usize as kani::rustc_intrinsics::ToISize>::to_isize.safety_check.1
	 - Status: SUCCESS
	 - Description: "Offset value overflows isize"
	 - Location: ../../../runner/work/kani/kani/library/kani/src/lib.rs:57:1 in function <usize as kani::rustc_intrinsics::ToISize>::to_isize

Check 40: <usize as kani::rustc_intrinsics::ToISize>::to_isize.assertion.1
	 - Status: SUCCESS
	 - Description: "internal error: entered unreachable code"
	 - Location: ../../../runner/work/kani/kani/library/kani/src/lib.rs:57:1 in function <usize as kani::rustc_intrinsics::ToISize>::to_isize

Check 41: std::result::Result::<(u32, usize), length::LengthError>::map_err::<tlv::TlvError, {closure@der-verified/src/tlv.rs:73:69: 73:72}>.unreachable.1
	 - Status: SUCCESS
	 - Description: "unreachable code"
	 - Location: ../../../runner/.rustup/toolchains/nightly-2025-11-21-x86_64-unknown-linux-gnu/lib/rustlib/src/rust/library/core/src/result.rs:966:15 in function std::result::Result::<(u32, usize), length::LengthError>::map_err::<tlv::TlvError, {closure@der-verified/src/tlv.rs:73:69: 73:72}>

Check 42: core::slice::index::slice_index_fail::do_panic::runtime.assertion.4
	 - Status: SUCCESS
	 - Description: "This is a placeholder message; Kani doesn't support message formatted at runtime"
	 - Location: ../../../runner/.rustup/toolchains/nightly-2025-11-21-x86_64-unknown-linux-gnu/lib/rustlib/src/rust/library/core/src/slice/index.rs:49:9 in function core::slice::index::slice_index_fail::do_panic::runtime

Check 43: tag::decode_tag.assertion.1
	 - Status: SUCCESS
	 - Description: "attempt to shift right with overflow"
	 - Location: der-verified/src/tag.rs:111:23 in function tag::decode_tag

Check 44: tag::decode_tag.assertion.2
	 - Status: UNREACHABLE
	 - Description: "attempt to shift right with overflow"
	 - Location: der-verified/src/tag.rs:145:21 in function tag::decode_tag

Check 45: tag::decode_tag.assertion.3
	 - Status: UNREACHABLE
	 - Description: "attempt to shift left with overflow"
	 - Location: der-verified/src/tag.rs:148:18 in function tag::decode_tag

Check 46: tag::decode_tag.assertion.4
	 - Status: UNREACHABLE
	 - Description: "attempt to add with overflow"
	 - Location: der-verified/src/tag.rs:149:9 in function tag::decode_tag

Check 47: tag::decode_tag.assertion.5
	 - Status: UNREACHABLE
	 - Description: "attempt to add with overflow"
	 - Location: der-verified/src/tag.rs:150:9 in function tag::decode_tag

Check 48: tag::decode_tag.unreachable.1
	 - Status: SUCCESS
	 - Description: "unreachable code"
	 - Location: der-verified/src/lib.rs:0:0 in function tag::decode_tag

Check 49: core::num::<impl usize>::checked_sub.arithmetic_overflow.1
	 - Status: SUCCESS
	 - Description: "attempt to compute `unchecked_sub` which would overflow"
	 - Location: ../../../runner/.rustup/toolchains/nightly-2025-11-21-x86_64-unknown-linux-gnu/lib/rustlib/src/rust/library/core/src/num/uint_macros.rs:812:31 in function core::num::<impl usize>::checked_sub

Check 50: tag::decode_tag.pointer_dereference.1
	 - Status: SUCCESS
	 - Description: "dereference failure: dead object"
	 - Location: der-verified/src/tag.rs:107:23 in function tag::decode_tag

Check 51: tag::decode_tag.pointer_dereference.2
	 - Status: SUCCESS
	 - Description: "dereference failure: pointer NULL"
	 - Location: der-verified/src/tag.rs:108:15 in function tag::decode_tag

Check 52: tag::decode_tag.pointer_dereference.3
	 - Status: SUCCESS
	 - Description: "dereference failure: pointer invalid"
	 - Location: der-verified/src/tag.rs:108:15 in function tag::decode_tag

Check 53: tag::decode_tag.pointer_dereference.4
	 - Status: SUCCESS
	 - Description: "dereference failure: deallocated dynamic object"
	 - Location: der-verified/src/tag.rs:108:15 in function tag::decode_tag

Check 54: tag::decode_tag.pointer_dereference.5
	 - Status: SUCCESS
	 - Description: "dereference failure: dead object"
	 - Location: der-verified/src/tag.rs:108:15 in function tag::decode_tag

Check 55: tag::decode_tag.pointer_dereference.6
	 - Status: SUCCESS
	 - Description: "dereference failure: pointer outside object bounds"
	 - Location: der-verified/src/tag.rs:108:15 in function tag::decode_tag

Check 56: tag::decode_tag.pointer_dereference.7
	 - Status: SUCCESS
	 - Description: "dereference failure: invalid integer address"
	 - Location: der-verified/src/tag.rs:108:15 in function tag::decode_tag

Check 57: tag::decode_tag.pointer_dereference.8
	 - Status: SUCCESS
	 - Description: "dereference failure: dead object"
	 - Location: der-verified/src/tag.rs:138:26 in function tag::decode_tag

Check 58: tag::decode_tag.pointer_dereference.9
	 - Status: SUCCESS
	 - Description: "dereference failure: pointer NULL"
	 - Location: der-verified/src/tag.rs:139:19 in function tag::decode_tag

Check 59: tag::decode_tag.pointer_dereference.10
	 - Status: SUCCESS
	 - Description: "dereference failure: pointer invalid"
	 - Location: der-verified/src/tag.rs:139:19 in function tag::decode_tag

Check 60: tag::decode_tag.pointer_dereference.11
	 - Status: SUCCESS
	 - Description: "dereference failure: deallocated dynamic object"
	 - Location: der-verified/src/tag.rs:139:19 in function tag::decode_tag

Check 61: tag::decode_tag.pointer_dereference.12
	 - Status: SUCCESS
	 - Description: "dereference failure: dead object"
	 - Location: der-verified/src/tag.rs:139:19 in function tag::decode_tag

Check 62: tag::decode_tag.pointer_dereference.13
	 - Status: SUCCESS
	 - Description: "dereference failure: pointer outside object bounds"
	 - Location: der-verified/src/tag.rs:139:19 in function tag::decode_tag

Check 63: tag::decode_tag.pointer_dereference.14
	 - Status: SUCCESS
	 - Description: "dereference failure: invalid integer address"
	 - Location: der-verified/src/tag.rs:139:19 in function tag::decode_tag

Check 64: tag::decode_tag.pointer_dereference.15
	 - Status: SUCCESS
	 - Description: "dereference failure: dead object"
	 - Location: der-verified/src/tag.rs:157:16 in function tag::decode_tag

Check 65: tag::decode_tag.pointer_dereference.16
	 - Status: SUCCESS
	 - Description: "dereference failure: dead object"
	 - Location: der-verified/src/tag.rs:109:24 in function tag::decode_tag

Check 66: std::cmp::impls::<impl std::cmp::PartialEq for &[u8]>::eq.pointer_dereference.1
	 - Status: SUCCESS
	 - Description: "dereference failure: pointer NULL"
	 - Location: ../../../runner/.rustup/toolchains/nightly-2025-11-21-x86_64-unknown-linux-gnu/lib/rustlib/src/rust/library/core/src/cmp.rs:2090:27 in function std::cmp::impls::<impl std::cmp::PartialEq for &[u8]>::eq

Check 67: std::cmp::impls::<impl std::cmp::PartialEq for &[u8]>::eq.pointer_dereference.2
	 - Status: SUCCESS
	 - Description: "dereference failure: pointer invalid"
	 - Location: ../../../runner/.rustup/toolchains/nightly-2025-11-21-x86_64-unknown-linux-gnu/lib/rustlib/src/rust/library/core/src/cmp.rs:2090:27 in function std::cmp::impls::<impl std::cmp::PartialEq for &[u8]>::eq

Check 68: std::cmp::impls::<impl std::cmp::PartialEq for &[u8]>::eq.pointer_dereference.3
	 - Status: SUCCESS
	 - Description: "dereference failure: deallocated dynamic object"
	 - Location: ../../../runner/.rustup/toolchains/nightly-2025-11-21-x86_64-unknown-linux-gnu/lib/rustlib/src/rust/library/core/src/cmp.rs:2090:27 in function std::cmp::impls::<impl std::cmp::PartialEq for &[u8]>::eq

Check 69: std::cmp::impls::<impl std::cmp::PartialEq for &[u8]>::eq.pointer_dereference.4
	 - Status: SUCCESS
	 - Description: "dereference failure: dead object"
	 - Location: ../../../runner/.rustup/toolchains/nightly-2025-11-21-x86_64-unknown-linux-gnu/lib/rustlib/src/rust/library/core/src/cmp.rs:2090:27 in function std::cmp::impls::<impl std::cmp::PartialEq for &[u8]>::eq

Check 70: std::cmp::impls::<impl std::cmp::PartialEq for &[u8]>::eq.pointer_dereference.5
	 - Status: SUCCESS
	 - Description: "dereference failure: pointer outside object bounds"
	 - Location: ../../../runner/.rustup/toolchains/nightly-2025-11-21-x86_64-unknown-linux-gnu/lib/rustlib/src/rust/library/core/src/cmp.rs:2090:27 in function std::cmp::impls::<impl std::cmp::PartialEq for &[u8]>::eq

Check 71: std::cmp::impls::<impl std::cmp::PartialEq for &[u8]>::eq.pointer_dereference.6
	 - Status: SUCCESS
	 - Description: "dereference failure: invalid integer address"
	 - Location: ../../../runner/.rustup/toolchains/nightly-2025-11-21-x86_64-unknown-linux-gnu/lib/rustlib/src/rust/library/core/src/cmp.rs:2090:27 in function std::cmp::impls::<impl std::cmp::PartialEq for &[u8]>::eq

Check 72: std::cmp::impls::<impl std::cmp::PartialEq for &[u8]>::eq.pointer_dereference.7
	 - Status: SUCCESS
	 - Description: "dereference failure: pointer NULL"
	 - Location: ../../../runner/.rustup/toolchains/nightly-2025-11-21-x86_64-unknown-linux-gnu/lib/rustlib/src/rust/library/core/src/cmp.rs:2090:34 in function std::cmp::impls::<impl std::cmp::PartialEq for &[u8]>::eq

Check 73: std::cmp::impls::<impl std::cmp::PartialEq for &[u8]>::eq.pointer_dereference.8
	 - Status: SUCCESS
	 - Description: "dereference failure: pointer invalid"
	 - Location: ../../../runner/.rustup/toolchains/nightly-2025-11-21-x86_64-unknown-linux-gnu/lib/rustlib/src/rust/library/core/src/cmp.rs:2090:34 in function std::cmp::impls::<impl std::cmp::PartialEq for &[u8]>::eq

Check 74: std::cmp::impls::<impl std::cmp::PartialEq for &[u8]>::eq.pointer_dereference.9
	 - Status: SUCCESS
	 - Description: "dereference failure: deallocated dynamic object"
	 - Location: ../../../runner/.rustup/toolchains/nightly-2025-11-21-x86_64-unknown-linux-gnu/lib/rustlib/src/rust/library/core/src/cmp.rs:2090:34 in function std::cmp::impls::<impl std::cmp::PartialEq for &[u8]>::eq

Check 75: std::cmp::impls::<impl std::cmp::PartialEq for &[u8]>::eq.pointer_dereference.10
	 - Status: SUCCESS
	 - Description: "dereference failure: dead object"
	 - Location: ../../../runner/.rustup/toolchains/nightly-2025-11-21-x86_64-unknown-linux-gnu/lib/rustlib/src/rust/library/core/src/cmp.rs:2090:34 in function std::cmp::impls::<impl std::cmp::PartialEq for &[u8]>::eq

Check 76: std::cmp::impls::<impl std::cmp::PartialEq for &[u8]>::eq.pointer_dereference.11
	 - Status: SUCCESS
	 - Description: "dereference failure: pointer outside object bounds"
	 - Location: ../../../runner/.rustup/toolchains/nightly-2025-11-21-x86_64-unknown-linux-gnu/lib/rustlib/src/rust/library/core/src/cmp.rs:2090:34 in function std::cmp::impls::<impl std::cmp::PartialEq for &[u8]>::eq

Check 77: std::cmp::impls::<impl std::cmp::PartialEq for &[u8]>::eq.pointer_dereference.12
	 - Status: SUCCESS
	 - Description: "dereference failure: invalid integer address"
	 - Location: ../../../runner/.rustup/toolchains/nightly-2025-11-21-x86_64-unknown-linux-gnu/lib/rustlib/src/rust/library/core/src/cmp.rs:2090:34 in function std::cmp::impls::<impl std::cmp::PartialEq for &[u8]>::eq

Check 78: core::slice::<impl [u8]>::first.pointer_dereference.1
	 - Status: SUCCESS
	 - Description: "dereference failure: dead object"
	 - Location: ../../../runner/.rustup/toolchains/nightly-2025-11-21-x86_64-unknown-linux-gnu/lib/rustlib/src/rust/library/core/src/slice/mod.rs:155:58 in function core::slice::<impl [u8]>::first

Check 79: <tag::Class as std::cmp::PartialEq>::eq.pointer_dereference.1
	 - Status: SUCCESS
	 - Description: "dereference failure: pointer NULL"
	 - Location: der-verified/src/tag.rs:26:17 in function <tag::Class as std::cmp::PartialEq>::eq

Check 80: <tag::Class as std::cmp::PartialEq>::eq.pointer_dereference.2
	 - Status: SUCCESS
	 - Description: "dereference failure: pointer invalid"
	 - Location: der-verified/src/tag.rs:26:17 in function <tag::Class as std::cmp::PartialEq>::eq

Check 81: <tag::Class as std::cmp::PartialEq>::eq.pointer_dereference.3
	 - Status: SUCCESS
	 - Description: "dereference failure: deallocated dynamic object"
	 - Location: der-verified/src/tag.rs:26:17 in function <tag::Class as std::cmp::PartialEq>::eq

Check 82: <tag::Class as std::cmp::PartialEq>::eq.pointer_dereference.4
	 - Status: SUCCESS
	 - Description: "dereference failure: dead object"
	 - Location: der-verified/src/tag.rs:26:17 in function <tag::Class as std::cmp::PartialEq>::eq

Check 83: <tag::Class as std::cmp::PartialEq>::eq.pointer_dereference.5
	 - Status: SUCCESS
	 - Description: "dereference failure: pointer outside object bounds"
	 - Location: der-verified/src/tag.rs:26:17 in function <tag::Class as std::cmp::PartialEq>::eq

Check 84: <tag::Class as std::cmp::PartialEq>::eq.pointer_dereference.6
	 - Status: SUCCESS
	 - Description: "dereference failure: invalid integer address"
	 - Location: der-verified/src/tag.rs:26:17 in function <tag::Class as std::cmp::PartialEq>::eq

Check 85: <tag::Class as std::cmp::PartialEq>::eq.pointer_dereference.7
	 - Status: SUCCESS
	 - Description: "dereference failure: pointer NULL"
	 - Location: der-verified/src/tag.rs:26:17 in function <tag::Class as std::cmp::PartialEq>::eq

Check 86: <tag::Class as std::cmp::PartialEq>::eq.pointer_dereference.8
	 - Status: SUCCESS
	 - Description: "dereference failure: pointer invalid"
	 - Location: der-verified/src/tag.rs:26:17 in function <tag::Class as std::cmp::PartialEq>::eq

Check 87: <tag::Class as std::cmp::PartialEq>::eq.pointer_dereference.9
	 - Status: SUCCESS
	 - Description: "dereference failure: deallocated dynamic object"
	 - Location: der-verified/src/tag.rs:26:17 in function <tag::Class as std::cmp::PartialEq>::eq

Check 88: <tag::Class as std::cmp::PartialEq>::eq.pointer_dereference.10
	 - Status: SUCCESS
	 - Description: "dereference failure: dead object"
	 - Location: der-verified/src/tag.rs:26:17 in function <tag::Class as std::cmp::PartialEq>::eq

Check 89: <tag::Class as std::cmp::PartialEq>::eq.pointer_dereference.11
	 - Status: SUCCESS
	 - Description: "dereference failure: pointer outside object bounds"
	 - Location: der-verified/src/tag.rs:26:17 in function <tag::Class as std::cmp::PartialEq>::eq

Check 90: <tag::Class as std::cmp::PartialEq>::eq.pointer_dereference.12
	 - Status: SUCCESS
	 - Description: "dereference failure: invalid integer address"
	 - Location: der-verified/src/tag.rs:26:17 in function <tag::Class as std::cmp::PartialEq>::eq

Check 91: <std::result::Result<(tag::Tag, usize), tag::TagError> as std::ops::FromResidual<std::result::Result<std::convert::Infallible, tag::TagError>>>::from_residual.pointer_dereference.1
	 - Status: SUCCESS
	 - Description: "dereference failure: dead object"
	 - Location: ../../../runner/.rustup/toolchains/nightly-2025-11-21-x86_64-unknown-linux-gnu/lib/rustlib/src/rust/library/core/src/result.rs:2189:23 in function <std::result::Result<(tag::Tag, usize), tag::TagError> as std::ops::FromResidual<std::result::Result<std::convert::Infallible, tag::TagError>>>::from_residual

Check 92: std::cmp::impls::<impl std::cmp::PartialEq for &(&[u8], usize)>::eq.pointer_dereference.1
	 - Status: SUCCESS
	 - Description: "dereference failure: pointer NULL"
	 - Location: ../../../runner/.rustup/toolchains/nightly-2025-11-21-x86_64-unknown-linux-gnu/lib/rustlib/src/rust/library/core/src/cmp.rs:2090:27 in function std::cmp::impls::<impl std::cmp::PartialEq for &(&[u8], usize)>::eq

Check 93: std::cmp::impls::<impl std::cmp::PartialEq for &(&[u8], usize)>::eq.pointer_dereference.2
	 - Status: SUCCESS
	 - Description: "dereference failure: pointer invalid"
	 - Location: ../../../runner/.rustup/toolchains/nightly-2025-11-21-x86_64-unknown-linux-gnu/lib/rustlib/src/rust/library/core/src/cmp.rs:2090:27 in function std::cmp::impls::<impl std::cmp::PartialEq for &(&[u8], usize)>::eq

Check 94: std::cmp::impls::<impl std::cmp::PartialEq for &(&[u8], usize)>::eq.pointer_dereference.3
	 - Status: SUCCESS
	 - Description: "dereference failure: deallocated dynamic object"
	 - Location: ../../../runner/.rustup/toolchains/nightly-2025-11-21-x86_64-unknown-linux-gnu/lib/rustlib/src/rust/library/core/src/cmp.rs:2090:27 in function std::cmp::impls::<impl std::cmp::PartialEq for &(&[u8], usize)>::eq

Check 95: std::cmp::impls::<impl std::cmp::PartialEq for &(&[u8], usize)>::eq.pointer_dereference.4
	 - Status: SUCCESS
	 - Description: "dereference failure: dead object"
	 - Location: ../../../runner/.rustup/toolchains/nightly-2025-11-21-x86_64-unknown-linux-gnu/lib/rustlib/src/rust/library/core/src/cmp.rs:2090:27 in function std::cmp::impls::<impl std::cmp::PartialEq for &(&[u8], usize)>::eq

Check 96: std::cmp::impls::<impl std::cmp::PartialEq for &(&[u8], usize)>::eq.pointer_dereference.5
	 - Status: SUCCESS
	 - Description: "dereference failure: pointer outside object bounds"
	 - Location: ../../../runner/.rustup/toolchains/nightly-2025-11-21-x86_64-unknown-linux-gnu/lib/rustlib/src/rust/library/core/src/cmp.rs:2090:27 in function std::cmp::impls::<impl std::cmp::PartialEq for &(&[u8], usize)>::eq

Check 97: std::cmp::impls::<impl std::cmp::PartialEq for &(&[u8], usize)>::eq.pointer_dereference.6
	 - Status: SUCCESS
	 - Description: "dereference failure: invalid integer address"
	 - Location: ../../../runner/.rustup/toolchains/nightly-2025-11-21-x86_64-unknown-linux-gnu/lib/rustlib/src/rust/library/core/src/cmp.rs:2090:27 in function std::cmp::impls::<impl std::cmp::PartialEq for &(&[u8], usize)>::eq

Check 98: std::cmp::impls::<impl std::cmp::PartialEq for &(&[u8], usize)>::eq.pointer_dereference.7
	 - Status: SUCCESS
	 - Description: "dereference failure: pointer NULL"
	 - Location: ../../../runner/.rustup/toolchains/nightly-2025-11-21-x86_64-unknown-linux-gnu/lib/rustlib/src/rust/library/core/src/cmp.rs:2090:34 in function std::cmp::impls::<impl std::cmp::PartialEq for &(&[u8], usize)>::eq

Check 99: std::cmp::impls::<impl std::cmp::PartialEq for &(&[u8], usize)>::eq.pointer_dereference.8
	 - Status: SUCCESS
	 - Description: "dereference failure: pointer invalid"
	 - Location: ../../../runner/.rustup/toolchains/nightly-2025-11-21-x86_64-unknown-linux-gnu/lib/rustlib/src/rust/library/core/src/cmp.rs:2090:34 in function std::cmp::impls::<impl std::cmp::PartialEq for &(&[u8], usize)>::eq

Check 100: std::cmp::impls::<impl std::cmp::PartialEq for &(&[u8], usize)>::eq.pointer_dereference.9
	 - Status: SUCCESS
	 - Description: "dereference failure: deallocated dynamic object"
	 - Location: ../../../runner/.rustup/toolchains/nightly-2025-11-21-x86_64-unknown-linux-gnu/lib/rustlib/src/rust/library/core/src/cmp.rs:2090:34 in function std::cmp::impls::<impl std::cmp::PartialEq for &(&[u8], usize)>::eq

Check 101: std::cmp::impls::<impl std::cmp::PartialEq for &(&[u8], usize)>::eq.pointer_dereference.10
	 - Status: SUCCESS
	 - Description: "dereference failure: dead object"
	 - Location: ../../../runner/.rustup/toolchains/nightly-2025-11-21-x86_64-unknown-linux-gnu/lib/rustlib/src/rust/library/core/src/cmp.rs:2090:34 in function std::cmp::impls::<impl std::cmp::PartialEq for &(&[u8], usize)>::eq

Check 102: std::cmp::impls::<impl std::cmp::PartialEq for &(&[u8], usize)>::eq.pointer_dereference.11
	 - Status: SUCCESS
	 - Description: "dereference failure: pointer outside object bounds"
	 - Location: ../../../runner/.rustup/toolchains/nightly-2025-11-21-x86_64-unknown-linux-gnu/lib/rustlib/src/rust/library/core/src/cmp.rs:2090:34 in function std::cmp::impls::<impl std::cmp::PartialEq for &(&[u8], usize)>::eq

Check 103: std::cmp::impls::<impl std::cmp::PartialEq for &(&[u8], usize)>::eq.pointer_dereference.12
	 - Status: SUCCESS
	 - Description: "dereference failure: invalid integer address"
	 - Location: ../../../runner/.rustup/toolchains/nightly-2025-11-21-x86_64-unknown-linux-gnu/lib/rustlib/src/rust/library/core/src/cmp.rs:2090:34 in function std::cmp::impls::<impl std::cmp::PartialEq for &(&[u8], usize)>::eq

Check 104: memcmp.pointer_dereference.1
	 - Status: SUCCESS
	 - Description: "dereference failure: pointer NULL"
	 - Location: <builtin-library-memcmp>:27 in function memcmp

Check 105: memcmp.pointer_dereference.2
	 - Status: SUCCESS
	 - Description: "dereference failure: pointer invalid"
	 - Location: <builtin-library-memcmp>:27 in function memcmp

Check 106: memcmp.pointer_dereference.3
	 - Status: SUCCESS
	 - Description: "dereference failure: deallocated dynamic object"
	 - Location: <builtin-library-memcmp>:27 in function memcmp

Check 107: memcmp.pointer_dereference.4
	 - Status: SUCCESS
	 - Description: "dereference failure: dead object"
	 - Location: <builtin-library-memcmp>:27 in function memcmp

Check 108: memcmp.pointer_dereference.5
	 - Status: SUCCESS
	 - Description: "dereference failure: pointer outside object bounds"
	 - Location: <builtin-library-memcmp>:27 in function memcmp

Check 109: memcmp.pointer_dereference.6
	 - Status: SUCCESS
	 - Description: "dereference failure: invalid integer address"
	 - Location: <builtin-library-memcmp>:27 in function memcmp

Check 110: memcmp.pointer_dereference.7
	 - Status: SUCCESS
	 - Description: "dereference failure: pointer NULL"
	 - Location: <builtin-library-memcmp>:27 in function memcmp

Check 111: memcmp.pointer_dereference.8
	 - Status: SUCCESS
	 - Description: "dereference failure: pointer invalid"
	 - Location: <builtin-library-memcmp>:27 in function memcmp

Check 112: memcmp.pointer_dereference.9
	 - Status: SUCCESS
	 - Description: "dereference failure: deallocated dynamic object"
	 - Location: <builtin-library-memcmp>:27 in function memcmp

Check 113: memcmp.pointer_dereference.10
	 - Status: SUCCESS
	 - Description: "dereference failure: dead object"
	 - Location: <builtin-library-memcmp>:27 in function memcmp

Check 114: memcmp.pointer_dereference.11
	 - Status: SUCCESS
	 - Description: "dereference failure: pointer outside object bounds"
	 - Location: <builtin-library-memcmp>:27 in function memcmp

Check 115: memcmp.pointer_dereference.12
	 - Status: SUCCESS
	 - Description: "dereference failure: invalid integer address"
	 - Location: <builtin-library-memcmp>:27 in function memcmp

Check 116: <tlv::TlvError as std::cmp::PartialEq>::eq.pointer_dereference.1
	 - Status: SUCCESS
	 - Description: "dereference failure: pointer NULL"
	 - Location: der-verified/src/tlv.rs:34:17 in function <tlv::TlvError as std::cmp::PartialEq>::eq

Check 117: <tlv::TlvError as std::cmp::PartialEq>::eq.pointer_dereference.2
	 - Status: SUCCESS
	 - Description: "dereference failure: pointer invalid"
	 - Location: der-verified/src/tlv.rs:34:17 in function <tlv::TlvError as std::cmp::PartialEq>::eq

Check 118: <tlv::TlvError as std::cmp::PartialEq>::eq.pointer_dereference.3
	 - Status: SUCCESS
	 - Description: "dereference failure: deallocated dynamic object"
	 - Location: der-verified/src/tlv.rs:34:17 in function <tlv::TlvError as std::cmp::PartialEq>::eq

Check 119: <tlv::TlvError as std::cmp::PartialEq>::eq.pointer_dereference.4
	 - Status: SUCCESS
	 - Description: "dereference failure: dead object"
	 - Location: der-verified/src/tlv.rs:34:17 in function <tlv::TlvError as std::cmp::PartialEq>::eq

Check 120: <tlv::TlvError as std::cmp::PartialEq>::eq.pointer_dereference.5
	 - Status: SUCCESS
	 - Description: "dereference failure: pointer outside object bounds"
	 - Location: der-verified/src/tlv.rs:34:17 in function <tlv::TlvError as std::cmp::PartialEq>::eq

Check 121: <tlv::TlvError as std::cmp::PartialEq>::eq.pointer_dereference.6
	 - Status: SUCCESS
	 - Description: "dereference failure: invalid integer address"
	 - Location: der-verified/src/tlv.rs:34:17 in function <tlv::TlvError as std::cmp::PartialEq>::eq

Check 122: <tlv::TlvError as std::cmp::PartialEq>::eq.pointer_dereference.7
	 - Status: SUCCESS
	 - Description: "dereference failure: pointer NULL"
	 - Location: der-verified/src/tlv.rs:34:17 in function <tlv::TlvError as std::cmp::PartialEq>::eq

Check 123: <tlv::TlvError as std::cmp::PartialEq>::eq.pointer_dereference.8
	 - Status: SUCCESS
	 - Description: "dereference failure: pointer invalid"
	 - Location: der-verified/src/tlv.rs:34:17 in function <tlv::TlvError as std::cmp::PartialEq>::eq

Check 124: <tlv::TlvError as std::cmp::PartialEq>::eq.pointer_dereference.9
	 - Status: SUCCESS
	 - Description: "dereference failure: deallocated dynamic object"
	 - Location: der-verified/src/tlv.rs:34:17 in function <tlv::TlvError as std::cmp::PartialEq>::eq

Check 125: <tlv::TlvError as std::cmp::PartialEq>::eq.pointer_dereference.10
	 - Status: SUCCESS
	 - Description: "dereference failure: dead object"
	 - Location: der-verified/src/tlv.rs:34:17 in function <tlv::TlvError as std::cmp::PartialEq>::eq

Check 126: <tlv::TlvError as std::cmp::PartialEq>::eq.pointer_dereference.11
	 - Status: SUCCESS
	 - Description: "dereference failure: pointer outside object bounds"
	 - Location: der-verified/src/tlv.rs:34:17 in function <tlv::TlvError as std::cmp::PartialEq>::eq

Check 127: <tlv::TlvError as std::cmp::PartialEq>::eq.pointer_dereference.12
	 - Status: SUCCESS
	 - Description: "dereference failure: invalid integer address"
	 - Location: der-verified/src/tlv.rs:34:17 in function <tlv::TlvError as std::cmp::PartialEq>::eq

Check 128: <tlv::TlvError as std::cmp::PartialEq>::eq.pointer_dereference.13
	 - Status: SUCCESS
	 - Description: "dereference failure: pointer NULL"
	 - Location: der-verified/src/tlv.rs:34:17 in function <tlv::TlvError as std::cmp::PartialEq>::eq

Check 129: <tlv::TlvError as std::cmp::PartialEq>::eq.pointer_dereference.14
	 - Status: SUCCESS
	 - Description: "dereference failure: pointer invalid"
	 - Location: der-verified/src/tlv.rs:34:17 in function <tlv::TlvError as std::cmp::PartialEq>::eq

Check 130: <tlv::TlvError as std::cmp::PartialEq>::eq.pointer_dereference.15
	 - Status: SUCCESS
	 - Description: "dereference failure: deallocated dynamic object"
	 - Location: der-verified/src/tlv.rs:34:17 in function <tlv::TlvError as std::cmp::PartialEq>::eq

Check 131: <tlv::TlvError as std::cmp::PartialEq>::eq.pointer_dereference.16
	 - Status: SUCCESS
	 - Description: "dereference failure: dead object"
	 - Location: der-verified/src/tlv.rs:34:17 in function <tlv::TlvError as std::cmp::PartialEq>::eq

Check 132: <tlv::TlvError as std::cmp::PartialEq>::eq.pointer_dereference.17
	 - Status: SUCCESS
	 - Description: "dereference failure: pointer outside object bounds"
	 - Location: der-verified/src/tlv.rs:34:17 in function <tlv::TlvError as std::cmp::PartialEq>::eq

Check 133: <tlv::TlvError as std::cmp::PartialEq>::eq.pointer_dereference.18
	 - Status: SUCCESS
	 - Description: "dereference failure: invalid integer address"
	 - Location: der-verified/src/tlv.rs:34:17 in function <tlv::TlvError as std::cmp::PartialEq>::eq

Check 134: <tlv::TlvError as std::cmp::PartialEq>::eq.pointer_dereference.19
	 - Status: SUCCESS
	 - Description: "dereference failure: pointer NULL"
	 - Location: der-verified/src/tlv.rs:34:17 in function <tlv::TlvError as std::cmp::PartialEq>::eq

Check 135: <tlv::TlvError as std::cmp::PartialEq>::eq.pointer_dereference.20
	 - Status: SUCCESS
	 - Description: "dereference failure: pointer invalid"
	 - Location: der-verified/src/tlv.rs:34:17 in function <tlv::TlvError as std::cmp::PartialEq>::eq

Check 136: <tlv::TlvError as std::cmp::PartialEq>::eq.pointer_dereference.21
	 - Status: SUCCESS
	 - Description: "dereference failure: deallocated dynamic object"
	 - Location: der-verified/src/tlv.rs:34:17 in function <tlv::TlvError as std::cmp::PartialEq>::eq

Check 137: <tlv::TlvError as std::cmp::PartialEq>::eq.pointer_dereference.22
	 - Status: SUCCESS
	 - Description: "dereference failure: dead object"
	 - Location: der-verified/src/tlv.rs:34:17 in function <tlv::TlvError as std::cmp::PartialEq>::eq

Check 138: <tlv::TlvError as std::cmp::PartialEq>::eq.pointer_dereference.23
	 - Status: SUCCESS
	 - Description: "dereference failure: pointer outside object bounds"
	 - Location: der-verified/src/tlv.rs:34:17 in function <tlv::TlvError as std::cmp::PartialEq>::eq

Check 139: <tlv::TlvError as std::cmp::PartialEq>::eq.pointer_dereference.24
	 - Status: SUCCESS
	 - Description: "dereference failure: invalid integer address"
	 - Location: der-verified/src/tlv.rs:34:17 in function <tlv::TlvError as std::cmp::PartialEq>::eq

Check 140: <tlv::TlvError as std::cmp::PartialEq>::eq.pointer_dereference.25
	 - Status: SUCCESS
	 - Description: "dereference failure: pointer NULL"
	 - Location: der-verified/src/tlv.rs:34:17 in function <tlv::TlvError as std::cmp::PartialEq>::eq

Check 141: <tlv::TlvError as std::cmp::PartialEq>::eq.pointer_dereference.26
	 - Status: SUCCESS
	 - Description: "dereference failure: pointer invalid"
	 - Location: der-verified/src/tlv.rs:34:17 in function <tlv::TlvError as std::cmp::PartialEq>::eq

Check 142: <tlv::TlvError as std::cmp::PartialEq>::eq.pointer_dereference.27
	 - Status: SUCCESS
	 - Description: "dereference failure: deallocated dynamic object"
	 - Location: der-verified/src/tlv.rs:34:17 in function <tlv::TlvError as std::cmp::PartialEq>::eq

Check 143: <tlv::TlvError as std::cmp::PartialEq>::eq.pointer_dereference.28
	 - Status: SUCCESS
	 - Description: "dereference failure: dead object"
	 - Location: der-verified/src/tlv.rs:34:17 in function <tlv::TlvError as std::cmp::PartialEq>::eq

Check 144: <tlv::TlvError as std::cmp::PartialEq>::eq.pointer_dereference.29
	 - Status: SUCCESS
	 - Description: "dereference failure: pointer outside object bounds"
	 - Location: der-verified/src/tlv.rs:34:17 in function <tlv::TlvError as std::cmp::PartialEq>::eq

Check 145: <tlv::TlvError as std::cmp::PartialEq>::eq.pointer_dereference.30
	 - Status: SUCCESS
	 - Description: "dereference failure: invalid integer address"
	 - Location: der-verified/src/tlv.rs:34:17 in function <tlv::TlvError as std::cmp::PartialEq>::eq

Check 146: length::decode_length.pointer_dereference.1
	 - Status: SUCCESS
	 - Description: "dereference failure: dead object"
	 - Location: der-verified/src/length.rs:75:23 in function length::decode_length

Check 147: length::decode_length.pointer_dereference.2
	 - Status: SUCCESS
	 - Description: "dereference failure: pointer NULL"
	 - Location: der-verified/src/length.rs:76:15 in function length::decode_length

Check 148: length::decode_length.pointer_dereference.3
	 - Status: SUCCESS
	 - Description: "dereference failure: pointer invalid"
	 - Location: der-verified/src/length.rs:76:15 in function length::decode_length

Check 149: length::decode_length.pointer_dereference.4
	 - Status: SUCCESS
	 - Description: "dereference failure: deallocated dynamic object"
	 - Location: der-verified/src/length.rs:76:15 in function length::decode_length

Check 150: length::decode_length.pointer_dereference.5
	 - Status: SUCCESS
	 - Description: "dereference failure: dead object"
	 - Location: der-verified/src/length.rs:76:15 in function length::decode_length

Check 151: length::decode_length.pointer_dereference.6
	 - Status: SUCCESS
	 - Description: "dereference failure: pointer outside object bounds"
	 - Location: der-verified/src/length.rs:76:15 in function length::decode_length

Check 152: length::decode_length.pointer_dereference.7
	 - Status: SUCCESS
	 - Description: "dereference failure: invalid integer address"
	 - Location: der-verified/src/length.rs:76:15 in function length::decode_length

Check 153: length::decode_length.pointer_dereference.8
	 - Status: SUCCESS
	 - Description: "dereference failure: pointer NULL"
	 - Location: der-verified/src/length.rs:93:8 in function length::decode_length

Check 154: length::decode_length.pointer_dereference.9
	 - Status: SUCCESS
	 - Description: "dereference failure: pointer invalid"
	 - Location: der-verified/src/length.rs:93:8 in function length::decode_length

Check 155: length::decode_length.pointer_dereference.10
	 - Status: SUCCESS
	 - Description: "dereference failure: deallocated dynamic object"
	 - Location: der-verified/src/length.rs:93:8 in function length::decode_length

Check 156: length::decode_length.pointer_dereference.11
	 - Status: SUCCESS
	 - Description: "dereference failure: dead object"
	 - Location: der-verified/src/length.rs:93:8 in function length::decode_length

Check 157: length::decode_length.pointer_dereference.12
	 - Status: SUCCESS
	 - Description: "dereference failure: pointer outside object bounds"
	 - Location: der-verified/src/length.rs:93:8 in function length::decode_length

Check 158: length::decode_length.pointer_dereference.13
	 - Status: SUCCESS
	 - Description: "dereference failure: invalid integer address"
	 - Location: der-verified/src/length.rs:93:8 in function length::decode_length

Check 159: length::decode_length.pointer_dereference.14
	 - Status: SUCCESS
	 - Description: "dereference failure: pointer NULL"
	 - Location: der-verified/src/length.rs:102:28 in function length::decode_length

Check 160: length::decode_length.pointer_dereference.15
	 - Status: SUCCESS
	 - Description: "dereference failure: pointer invalid"
	 - Location: der-verified/src/length.rs:102:28 in function length::decode_length

Check 161: length::decode_length.pointer_dereference.16
	 - Status: SUCCESS
	 - Description: "dereference failure: deallocated dynamic object"
	 - Location: der-verified/src/length.rs:102:28 in function length::decode_length

Check 162: length::decode_length.pointer_dereference.17
	 - Status: SUCCESS
	 - Description: "dereference failure: dead object"
	 - Location: der-verified/src/length.rs:102:28 in function length::decode_length

Check 163: length::decode_length.pointer_dereference.18
	 - Status: SUCCESS
	 - Description: "dereference failure: pointer outside object bounds"
	 - Location: der-verified/src/length.rs:102:28 in function length::decode_length

Check 164: length::decode_length.pointer_dereference.19
	 - Status: SUCCESS
	 - Description: "dereference failure: invalid integer address"
	 - Location: der-verified/src/length.rs:102:28 in function length::decode_length

Check 165: std::cmp::impls::<impl std::cmp::PartialEq for &tag::TagError>::eq.pointer_dereference.1
	 - Status: SUCCESS
	 - Description: "dereference failure: pointer NULL"
	 - Location: ../../../runner/.rustup/toolchains/nightly-2025-11-21-x86_64-unknown-linux-gnu/lib/rustlib/src/rust/library/core/src/cmp.rs:2090:27 in function std::cmp::impls::<impl std::cmp::PartialEq for &tag::TagError>::eq

Check 166: std::cmp::impls::<impl std::cmp::PartialEq for &tag::TagError>::eq.pointer_dereference.2
	 - Status: SUCCESS
	 - Description: "dereference failure: pointer invalid"
	 - Location: ../../../runner/.rustup/toolchains/nightly-2025-11-21-x86_64-unknown-linux-gnu/lib/rustlib/src/rust/library/core/src/cmp.rs:2090:27 in function std::cmp::impls::<impl std::cmp::PartialEq for &tag::TagError>::eq

Check 167: std::cmp::impls::<impl std::cmp::PartialEq for &tag::TagError>::eq.pointer_dereference.3
	 - Status: SUCCESS
	 - Description: "dereference failure: deallocated dynamic object"
	 - Location: ../../../runner/.rustup/toolchains/nightly-2025-11-21-x86_64-unknown-linux-gnu/lib/rustlib/src/rust/library/core/src/cmp.rs:2090:27 in function std::cmp::impls::<impl std::cmp::PartialEq for &tag::TagError>::eq

Check 168: std::cmp::impls::<impl std::cmp::PartialEq for &tag::TagError>::eq.pointer_dereference.4
	 - Status: SUCCESS
	 - Description: "dereference failure: dead object"
	 - Location: ../../../runner/.rustup/toolchains/nightly-2025-11-21-x86_64-unknown-linux-gnu/lib/rustlib/src/rust/library/core/src/cmp.rs:2090:27 in function std::cmp::impls::<impl std::cmp::PartialEq for &tag::TagError>::eq

Check 169: std::cmp::impls::<impl std::cmp::PartialEq for &tag::TagError>::eq.pointer_dereference.5
	 - Status: SUCCESS
	 - Description: "dereference failure: pointer outside object bounds"
	 - Location: ../../../runner/.rustup/toolchains/nightly-2025-11-21-x86_64-unknown-linux-gnu/lib/rustlib/src/rust/library/core/src/cmp.rs:2090:27 in function std::cmp::impls::<impl std::cmp::PartialEq for &tag::TagError>::eq

Check 170: std::cmp::impls::<impl std::cmp::PartialEq for &tag::TagError>::eq.pointer_dereference.6
	 - Status: SUCCESS
	 - Description: "dereference failure: invalid integer address"
	 - Location: ../../../runner/.rustup/toolchains/nightly-2025-11-21-x86_64-unknown-linux-gnu/lib/rustlib/src/rust/library/core/src/cmp.rs:2090:27 in function std::cmp::impls::<impl std::cmp::PartialEq for &tag::TagError>::eq

Check 171: std::cmp::impls::<impl std::cmp::PartialEq for &tag::TagError>::eq.pointer_dereference.7
	 - Status: SUCCESS
	 - Description: "dereference failure: pointer NULL"
	 - Location: ../../../runner/.rustup/toolchains/nightly-2025-11-21-x86_64-unknown-linux-gnu/lib/rustlib/src/rust/library/core/src/cmp.rs:2090:34 in function std::cmp::impls::<impl std::cmp::PartialEq for &tag::TagError>::eq

Check 172: std::cmp::impls::<impl std::cmp::PartialEq for &tag::TagError>::eq.pointer_dereference.8
	 - Status: SUCCESS
	 - Description: "dereference failure: pointer invalid"
	 - Location: ../../../runner/.rustup/toolchains/nightly-2025-11-21-x86_64-unknown-linux-gnu/lib/rustlib/src/rust/library/core/src/cmp.rs:2090:34 in function std::cmp::impls::<impl std::cmp::PartialEq for &tag::TagError>::eq

Check 173: std::cmp::impls::<impl std::cmp::PartialEq for &tag::TagError>::eq.pointer_dereference.9
	 - Status: SUCCESS
	 - Description: "dereference failure: deallocated dynamic object"
	 - Location: ../../../runner/.rustup/toolchains/nightly-2025-11-21-x86_64-unknown-linux-gnu/lib/rustlib/src/rust/library/core/src/cmp.rs:2090:34 in function std::cmp::impls::<impl std::cmp::PartialEq for &tag::TagError>::eq

Check 174: std::cmp::impls::<impl std::cmp::PartialEq for &tag::TagError>::eq.pointer_dereference.10
	 - Status: SUCCESS
	 - Description: "dereference failure: dead object"
	 - Location: ../../../runner/.rustup/toolchains/nightly-2025-11-21-x86_64-unknown-linux-gnu/lib/rustlib/src/rust/library/core/src/cmp.rs:2090:34 in function std::cmp::impls::<impl std::cmp::PartialEq for &tag::TagError>::eq

Check 175: std::cmp::impls::<impl std::cmp::PartialEq for &tag::TagError>::eq.pointer_dereference.11
	 - Status: SUCCESS
	 - Description: "dereference failure: pointer outside object bounds"
	 - Location: ../../../runner/.rustup/toolchains/nightly-2025-11-21-x86_64-unknown-linux-gnu/lib/rustlib/src/rust/library/core/src/cmp.rs:2090:34 in function std::cmp::impls::<impl std::cmp::PartialEq for &tag::TagError>::eq

Check 176: std::cmp::impls::<impl std::cmp::PartialEq for &tag::TagError>::eq.pointer_dereference.12
	 - Status: SUCCESS
	 - Description: "dereference failure: invalid integer address"
	 - Location: ../../../runner/.rustup/toolchains/nightly-2025-11-21-x86_64-unknown-linux-gnu/lib/rustlib/src/rust/library/core/src/cmp.rs:2090:34 in function std::cmp::impls::<impl std::cmp::PartialEq for &tag::TagError>::eq

Check 177: std::cmp::impls::<impl std::cmp::PartialEq for &length::LengthError>::eq.pointer_dereference.1
	 - Status: SUCCESS
	 - Description: "dereference failure: pointer NULL"
	 - Location: ../../../runner/.rustup/toolchains/nightly-2025-11-21-x86_64-unknown-linux-gnu/lib/rustlib/src/rust/library/core/src/cmp.rs:2090:27 in function std::cmp::impls::<impl std::cmp::PartialEq for &length::LengthError>::eq

Check 178: std::cmp::impls::<impl std::cmp::PartialEq for &length::LengthError>::eq.pointer_dereference.2
	 - Status: SUCCESS
	 - Description: "dereference failure: pointer invalid"
	 - Location: ../../../runner/.rustup/toolchains/nightly-2025-11-21-x86_64-unknown-linux-gnu/lib/rustlib/src/rust/library/core/src/cmp.rs:2090:27 in function std::cmp::impls::<impl std::cmp::PartialEq for &length::LengthError>::eq

Check 179: std::cmp::impls::<impl std::cmp::PartialEq for &length::LengthError>::eq.pointer_dereference.3
	 - Status: SUCCESS
	 - Description: "dereference failure: deallocated dynamic object"
	 - Location: ../../../runner/.rustup/toolchains/nightly-2025-11-21-x86_64-unknown-linux-gnu/lib/rustlib/src/rust/library/core/src/cmp.rs:2090:27 in function std::cmp::impls::<impl std::cmp::PartialEq for &length::LengthError>::eq

Check 180: std::cmp::impls::<impl std::cmp::PartialEq for &length::LengthError>::eq.pointer_dereference.4
	 - Status: SUCCESS
	 - Description: "dereference failure: dead object"
	 - Location: ../../../runner/.rustup/toolchains/nightly-2025-11-21-x86_64-unknown-linux-gnu/lib/rustlib/src/rust/library/core/src/cmp.rs:2090:27 in function std::cmp::impls::<impl std::cmp::PartialEq for &length::LengthError>::eq

Check 181: std::cmp::impls::<impl std::cmp::PartialEq for &length::LengthError>::eq.pointer_dereference.5
	 - Status: SUCCESS
	 - Description: "dereference failure: pointer outside object bounds"
	 - Location: ../../../runner/.rustup/toolchains/nightly-2025-11-21-x86_64-unknown-linux-gnu/lib/rustlib/src/rust/library/core/src/cmp.rs:2090:27 in function std::cmp::impls::<impl std::cmp::PartialEq for &length::LengthError>::eq

Check 182: std::cmp::impls::<impl std::cmp::PartialEq for &length::LengthError>::eq.pointer_dereference.6
	 - Status: SUCCESS
	 - Description: "dereference failure: invalid integer address"
	 - Location: ../../../runner/.rustup/toolchains/nightly-2025-11-21-x86_64-unknown-linux-gnu/lib/rustlib/src/rust/library/core/src/cmp.rs:2090:27 in function std::cmp::impls::<impl std::cmp::PartialEq for &length::LengthError>::eq

Check 183: std::cmp::impls::<impl std::cmp::PartialEq for &length::LengthError>::eq.pointer_dereference.7
	 - Status: SUCCESS
	 - Description: "dereference failure: pointer NULL"
	 - Location: ../../../runner/.rustup/toolchains/nightly-2025-11-21-x86_64-unknown-linux-gnu/lib/rustlib/src/rust/library/core/src/cmp.rs:2090:34 in function std::cmp::impls::<impl std::cmp::PartialEq for &length::LengthError>::eq

Check 184: std::cmp::impls::<impl std::cmp::PartialEq for &length::LengthError>::eq.pointer_dereference.8
	 - Status: SUCCESS
	 - Description: "dereference failure: pointer invalid"
	 - Location: ../../../runner/.rustup/toolchains/nightly-2025-11-21-x86_64-unknown-linux-gnu/lib/rustlib/src/rust/library/core/src/cmp.rs:2090:34 in function std::cmp::impls::<impl std::cmp::PartialEq for &length::LengthError>::eq

Check 185: std::cmp::impls::<impl std::cmp::PartialEq for &length::LengthError>::eq.pointer_dereference.9
	 - Status: SUCCESS
	 - Description: "dereference failure: deallocated dynamic object"
	 - Location: ../../../runner/.rustup/toolchains/nightly-2025-11-21-x86_64-unknown-linux-gnu/lib/rustlib/src/rust/library/core/src/cmp.rs:2090:34 in function std::cmp::impls::<impl std::cmp::PartialEq for &length::LengthError>::eq

Check 186: std::cmp::impls::<impl std::cmp::PartialEq for &length::LengthError>::eq.pointer_dereference.10
	 - Status: SUCCESS
	 - Description: "dereference failure: dead object"
	 - Location: ../../../runner/.rustup/toolchains/nightly-2025-11-21-x86_64-unknown-linux-gnu/lib/rustlib/src/rust/library/core/src/cmp.rs:2090:34 in function std::cmp::impls::<impl std::cmp::PartialEq for &length::LengthError>::eq

Check 187: std::cmp::impls::<impl std::cmp::PartialEq for &length::LengthError>::eq.pointer_dereference.11
	 - Status: SUCCESS
	 - Description: "dereference failure: pointer outside object bounds"
	 - Location: ../../../runner/.rustup/toolchains/nightly-2025-11-21-x86_64-unknown-linux-gnu/lib/rustlib/src/rust/library/core/src/cmp.rs:2090:34 in function std::cmp::impls::<impl std::cmp::PartialEq for &length::LengthError>::eq

Check 188: std::cmp::impls::<impl std::cmp::PartialEq for &length::LengthError>::eq.pointer_dereference.12
	 - Status: SUCCESS
	 - Description: "dereference failure: invalid integer address"
	 - Location: ../../../runner/.rustup/toolchains/nightly-2025-11-21-x86_64-unknown-linux-gnu/lib/rustlib/src/rust/library/core/src/cmp.rs:2090:34 in function std::cmp::impls::<impl std::cmp::PartialEq for &length::LengthError>::eq

Check 189: <length::LengthError as std::cmp::PartialEq>::eq.pointer_dereference.1
	 - Status: SUCCESS
	 - Description: "dereference failure: pointer NULL"
	 - Location: der-verified/src/length.rs:26:17 in function <length::LengthError as std::cmp::PartialEq>::eq

Check 190: <length::LengthError as std::cmp::PartialEq>::eq.pointer_dereference.2
	 - Status: SUCCESS
	 - Description: "dereference failure: pointer invalid"
	 - Location: der-verified/src/length.rs:26:17 in function <length::LengthError as std::cmp::PartialEq>::eq

Check 191: <length::LengthError as std::cmp::PartialEq>::eq.pointer_dereference.3
	 - Status: SUCCESS
	 - Description: "dereference failure: deallocated dynamic object"
	 - Location: der-verified/src/length.rs:26:17 in function <length::LengthError as std::cmp::PartialEq>::eq

Check 192: <length::LengthError as std::cmp::PartialEq>::eq.pointer_dereference.4
	 - Status: SUCCESS
	 - Description: "dereference failure: dead object"
	 - Location: der-verified/src/length.rs:26:17 in function <length::LengthError as std::cmp::PartialEq>::eq

Check 193: <length::LengthError as std::cmp::PartialEq>::eq.pointer_dereference.5
	 - Status: SUCCESS
	 - Description: "dereference failure: pointer outside object bounds"
	 - Location: der-verified/src/length.rs:26:17 in function <length::LengthError as std::cmp::PartialEq>::eq

Check 194: <length::LengthError as std::cmp::PartialEq>::eq.pointer_dereference.6
	 - Status: SUCCESS
	 - Description: "dereference failure: invalid integer address"
	 - Location: der-verified/src/length.rs:26:17 in function <length::LengthError as std::cmp::PartialEq>::eq

Check 195: <length::LengthError as std::cmp::PartialEq>::eq.pointer_dereference.7
	 - Status: SUCCESS
	 - Description: "dereference failure: pointer NULL"
	 - Location: der-verified/src/length.rs:26:17 in function <length::LengthError as std::cmp::PartialEq>::eq

Check 196: <length::LengthError as std::cmp::PartialEq>::eq.pointer_dereference.8
	 - Status: SUCCESS
	 - Description: "dereference failure: pointer invalid"
	 - Location: der-verified/src/length.rs:26:17 in function <length::LengthError as std::cmp::PartialEq>::eq

Check 197: <length::LengthError as std::cmp::PartialEq>::eq.pointer_dereference.9
	 - Status: SUCCESS
	 - Description: "dereference failure: deallocated dynamic object"
	 - Location: der-verified/src/length.rs:26:17 in function <length::LengthError as std::cmp::PartialEq>::eq

Check 198: <length::LengthError as std::cmp::PartialEq>::eq.pointer_dereference.10
	 - Status: SUCCESS
	 - Description: "dereference failure: dead object"
	 - Location: der-verified/src/length.rs:26:17 in function <length::LengthError as std::cmp::PartialEq>::eq

Check 199: <length::LengthError as std::cmp::PartialEq>::eq.pointer_dereference.11
	 - Status: SUCCESS
	 - Description: "dereference failure: pointer outside object bounds"
	 - Location: der-verified/src/length.rs:26:17 in function <length::LengthError as std::cmp::PartialEq>::eq

Check 200: <length::LengthError as std::cmp::PartialEq>::eq.pointer_dereference.12
	 - Status: SUCCESS
	 - Description: "dereference failure: invalid integer address"
	 - Location: der-verified/src/length.rs:26:17 in function <length::LengthError as std::cmp::PartialEq>::eq

Check 201: <octet_string::OctetStringError as std::cmp::PartialEq>::eq.pointer_dereference.1
	 - Status: SUCCESS
	 - Description: "dereference failure: pointer NULL"
	 - Location: der-verified/src/octet_string.rs:35:17 in function <octet_string::OctetStringError as std::cmp::PartialEq>::eq

Check 202: <octet_string::OctetStringError as std::cmp::PartialEq>::eq.pointer_dereference.2
	 - Status: SUCCESS
	 - Description: "dereference failure: pointer invalid"
	 - Location: der-verified/src/octet_string.rs:35:17 in function <octet_string::OctetStringError as std::cmp::PartialEq>::eq

Check 203: <octet_string::OctetStringError as std::cmp::PartialEq>::eq.pointer_dereference.3
	 - Status: SUCCESS
	 - Description: "dereference failure: deallocated dynamic object"
	 - Location: der-verified/src/octet_string.rs:35:17 in function <octet_string::OctetStringError as std::cmp::PartialEq>::eq

Check 204: <octet_string::OctetStringError as std::cmp::PartialEq>::eq.pointer_dereference.4
	 - Status: SUCCESS
	 - Description: "dereference failure: dead object"
	 - Location: der-verified/src/octet_string.rs:35:17 in function <octet_string::OctetStringError as std::cmp::PartialEq>::eq

Check 205: <octet_string::OctetStringError as std::cmp::PartialEq>::eq.pointer_dereference.5
	 - Status: SUCCESS
	 - Description: "dereference failure: pointer outside object bounds"
	 - Location: der-verified/src/octet_string.rs:35:17 in function <octet_string::OctetStringError as std::cmp::PartialEq>::eq

Check 206: <octet_string::OctetStringError as std::cmp::PartialEq>::eq.pointer_dereference.6
	 - Status: SUCCESS
	 - Description: "dereference failure: invalid integer address"
	 - Location: der-verified/src/octet_string.rs:35:17 in function <octet_string::OctetStringError as std::cmp::PartialEq>::eq

Check 207: <octet_string::OctetStringError as std::cmp::PartialEq>::eq.pointer_dereference.7
	 - Status: SUCCESS
	 - Description: "dereference failure: pointer NULL"
	 - Location: der-verified/src/octet_string.rs:35:17 in function <octet_string::OctetStringError as std::cmp::PartialEq>::eq

Check 208: <octet_string::OctetStringError as std::cmp::PartialEq>::eq.pointer_dereference.8
	 - Status: SUCCESS
	 - Description: "dereference failure: pointer invalid"
	 - Location: der-verified/src/octet_string.rs:35:17 in function <octet_string::OctetStringError as std::cmp::PartialEq>::eq

Check 209: <octet_string::OctetStringError as std::cmp::PartialEq>::eq.pointer_dereference.9
	 - Status: SUCCESS
	 - Description: "dereference failure: deallocated dynamic object"
	 - Location: der-verified/src/octet_string.rs:35:17 in function <octet_string::OctetStringError as std::cmp::PartialEq>::eq

Check 210: <octet_string::OctetStringError as std::cmp::PartialEq>::eq.pointer_dereference.10
	 - Status: SUCCESS
	 - Description: "dereference failure: dead object"
	 - Location: der-verified/src/octet_string.rs:35:17 in function <octet_string::OctetStringError as std::cmp::PartialEq>::eq

Check 211: <octet_string::OctetStringError as std::cmp::PartialEq>::eq.pointer_dereference.11
	 - Status: SUCCESS
	 - Description: "dereference failure: pointer outside object bounds"
	 - Location: der-verified/src/octet_string.rs:35:17 in function <octet_string::OctetStringError as std::cmp::PartialEq>::eq

Check 212: <octet_string::OctetStringError as std::cmp::PartialEq>::eq.pointer_dereference.12
	 - Status: SUCCESS
	 - Description: "dereference failure: invalid integer address"
	 - Location: der-verified/src/octet_string.rs:35:17 in function <octet_string::OctetStringError as std::cmp::PartialEq>::eq

Check 213: <octet_string::OctetStringError as std::cmp::PartialEq>::eq.pointer_dereference.13
	 - Status: SUCCESS
	 - Description: "dereference failure: pointer NULL"
	 - Location: der-verified/src/octet_string.rs:35:17 in function <octet_string::OctetStringError as std::cmp::PartialEq>::eq

Check 214: <octet_string::OctetStringError as std::cmp::PartialEq>::eq.pointer_dereference.14
	 - Status: SUCCESS
	 - Description: "dereference failure: pointer invalid"
	 - Location: der-verified/src/octet_string.rs:35:17 in function <octet_string::OctetStringError as std::cmp::PartialEq>::eq

Check 215: <octet_string::OctetStringError as std::cmp::PartialEq>::eq.pointer_dereference.15
	 - Status: SUCCESS
	 - Description: "dereference failure: deallocated dynamic object"
	 - Location: der-verified/src/octet_string.rs:35:17 in function <octet_string::OctetStringError as std::cmp::PartialEq>::eq

Check 216: <octet_string::OctetStringError as std::cmp::PartialEq>::eq.pointer_dereference.16
	 - Status: SUCCESS
	 - Description: "dereference failure: dead object"
	 - Location: der-verified/src/octet_string.rs:35:17 in function <octet_string::OctetStringError as std::cmp::PartialEq>::eq

Check 217: <octet_string::OctetStringError as std::cmp::PartialEq>::eq.pointer_dereference.17
	 - Status: SUCCESS
	 - Description: "dereference failure: pointer outside object bounds"
	 - Location: der-verified/src/octet_string.rs:35:17 in function <octet_string::OctetStringError as std::cmp::PartialEq>::eq

Check 218: <octet_string::OctetStringError as std::cmp::PartialEq>::eq.pointer_dereference.18
	 - Status: SUCCESS
	 - Description: "dereference failure: invalid integer address"
	 - Location: der-verified/src/octet_string.rs:35:17 in function <octet_string::OctetStringError as std::cmp::PartialEq>::eq

Check 219: <octet_string::OctetStringError as std::cmp::PartialEq>::eq.pointer_dereference.19
	 - Status: SUCCESS
	 - Description: "dereference failure: pointer NULL"
	 - Location: der-verified/src/octet_string.rs:35:17 in function <octet_string::OctetStringError as std::cmp::PartialEq>::eq

Check 220: <octet_string::OctetStringError as std::cmp::PartialEq>::eq.pointer_dereference.20
	 - Status: SUCCESS
	 - Description: "dereference failure: pointer invalid"
	 - Location: der-verified/src/octet_string.rs:35:17 in function <octet_string::OctetStringError as std::cmp::PartialEq>::eq

Check 221: <octet_string::OctetStringError as std::cmp::PartialEq>::eq.pointer_dereference.21
	 - Status: SUCCESS
	 - Description: "dereference failure: deallocated dynamic object"
	 - Location: der-verified/src/octet_string.rs:35:17 in function <octet_string::OctetStringError as std::cmp::PartialEq>::eq

Check 222: <octet_string::OctetStringError as std::cmp::PartialEq>::eq.pointer_dereference.22
	 - Status: SUCCESS
	 - Description: "dereference failure: dead object"
	 - Location: der-verified/src/octet_string.rs:35:17 in function <octet_string::OctetStringError as std::cmp::PartialEq>::eq

Check 223: <octet_string::OctetStringError as std::cmp::PartialEq>::eq.pointer_dereference.23
	 - Status: SUCCESS
	 - Description: "dereference failure: pointer outside object bounds"
	 - Location: der-verified/src/octet_string.rs:35:17 in function <octet_string::OctetStringError as std::cmp::PartialEq>::eq

Check 224: <octet_string::OctetStringError as std::cmp::PartialEq>::eq.pointer_dereference.24
	 - Status: SUCCESS
	 - Description: "dereference failure: invalid integer address"
	 - Location: der-verified/src/octet_string.rs:35:17 in function <octet_string::OctetStringError as std::cmp::PartialEq>::eq

Check 225: <octet_string::OctetStringError as std::cmp::PartialEq>::eq.pointer_dereference.25
	 - Status: SUCCESS
	 - Description: "dereference failure: pointer NULL"
	 - Location: der-verified/src/octet_string.rs:35:17 in function <octet_string::OctetStringError as std::cmp::PartialEq>::eq

Check 226: <octet_string::OctetStringError as std::cmp::PartialEq>::eq.pointer_dereference.26
	 - Status: SUCCESS
	 - Description: "dereference failure: pointer invalid"
	 - Location: der-verified/src/octet_string.rs:35:17 in function <octet_string::OctetStringError as std::cmp::PartialEq>::eq

Check 227: <octet_string::OctetStringError as std::cmp::PartialEq>::eq.pointer_dereference.27
	 - Status: SUCCESS
	 - Description: "dereference failure: deallocated dynamic object"
	 - Location: der-verified/src/octet_string.rs:35:17 in function <octet_string::OctetStringError as std::cmp::PartialEq>::eq

Check 228: <octet_string::OctetStringError as std::cmp::PartialEq>::eq.pointer_dereference.28
	 - Status: SUCCESS
	 - Description: "dereference failure: dead object"
	 - Location: der-verified/src/octet_string.rs:35:17 in function <octet_string::OctetStringError as std::cmp::PartialEq>::eq

Check 229: <octet_string::OctetStringError as std::cmp::PartialEq>::eq.pointer_dereference.29
	 - Status: SUCCESS
	 - Description: "dereference failure: pointer outside object bounds"
	 - Location: der-verified/src/octet_string.rs:35:17 in function <octet_string::OctetStringError as std::cmp::PartialEq>::eq

Check 230: <octet_string::OctetStringError as std::cmp::PartialEq>::eq.pointer_dereference.30
	 - Status: SUCCESS
	 - Description: "dereference failure: invalid integer address"
	 - Location: der-verified/src/octet_string.rs:35:17 in function <octet_string::OctetStringError as std::cmp::PartialEq>::eq

Check 231: <octet_string::OctetStringError as std::cmp::PartialEq>::eq.pointer_dereference.31
	 - Status: SUCCESS
	 - Description: "dereference failure: pointer NULL"
	 - Location: der-verified/src/octet_string.rs:35:17 in function <octet_string::OctetStringError as std::cmp::PartialEq>::eq

Check 232: <octet_string::OctetStringError as std::cmp::PartialEq>::eq.pointer_dereference.32
	 - Status: SUCCESS
	 - Description: "dereference failure: pointer invalid"
	 - Location: der-verified/src/octet_string.rs:35:17 in function <octet_string::OctetStringError as std::cmp::PartialEq>::eq

Check 233: <octet_string::OctetStringError as std::cmp::PartialEq>::eq.pointer_dereference.33
	 - Status: SUCCESS
	 - Description: "dereference failure: deallocated dynamic object"
	 - Location: der-verified/src/octet_string.rs:35:17 in function <octet_string::OctetStringError as std::cmp::PartialEq>::eq

Check 234: <octet_string::OctetStringError as std::cmp::PartialEq>::eq.pointer_dereference.34
	 - Status: SUCCESS
	 - Description: "dereference failure: dead object"
	 - Location: der-verified/src/octet_string.rs:35:17 in function <octet_string::OctetStringError as std::cmp::PartialEq>::eq

Check 235: <octet_string::OctetStringError as std::cmp::PartialEq>::eq.pointer_dereference.35
	 - Status: SUCCESS
	 - Description: "dereference failure: pointer outside object bounds"
	 - Location: der-verified/src/octet_string.rs:35:17 in function <octet_string::OctetStringError as std::cmp::PartialEq>::eq

Check 236: <octet_string::OctetStringError as std::cmp::PartialEq>::eq.pointer_dereference.36
	 - Status: SUCCESS
	 - Description: "dereference failure: invalid integer address"
	 - Location: der-verified/src/octet_string.rs:35:17 in function <octet_string::OctetStringError as std::cmp::PartialEq>::eq

Check 237: <octet_string::OctetStringError as std::cmp::PartialEq>::eq.pointer_dereference.37
	 - Status: SUCCESS
	 - Description: "dereference failure: pointer NULL"
	 - Location: der-verified/src/octet_string.rs:35:17 in function <octet_string::OctetStringError as std::cmp::PartialEq>::eq

Check 238: <octet_string::OctetStringError as std::cmp::PartialEq>::eq.pointer_dereference.38
	 - Status: SUCCESS
	 - Description: "dereference failure: pointer invalid"
	 - Location: der-verified/src/octet_string.rs:35:17 in function <octet_string::OctetStringError as std::cmp::PartialEq>::eq

Check 239: <octet_string::OctetStringError as std::cmp::PartialEq>::eq.pointer_dereference.39
	 - Status: SUCCESS
	 - Description: "dereference failure: deallocated dynamic object"
	 - Location: der-verified/src/octet_string.rs:35:17 in function <octet_string::OctetStringError as std::cmp::PartialEq>::eq

Check 240: <octet_string::OctetStringError as std::cmp::PartialEq>::eq.pointer_dereference.40
	 - Status: SUCCESS
	 - Description: "dereference failure: dead object"
	 - Location: der-verified/src/octet_string.rs:35:17 in function <octet_string::OctetStringError as std::cmp::PartialEq>::eq

Check 241: <octet_string::OctetStringError as std::cmp::PartialEq>::eq.pointer_dereference.41
	 - Status: SUCCESS
	 - Description: "dereference failure: pointer outside object bounds"
	 - Location: der-verified/src/octet_string.rs:35:17 in function <octet_string::OctetStringError as std::cmp::PartialEq>::eq

Check 242: <octet_string::OctetStringError as std::cmp::PartialEq>::eq.pointer_dereference.42
	 - Status: SUCCESS
	 - Description: "dereference failure: invalid integer address"
	 - Location: der-verified/src/octet_string.rs:35:17 in function <octet_string::OctetStringError as std::cmp::PartialEq>::eq

Check 243: <octet_string::OctetStringError as std::cmp::PartialEq>::eq.pointer_dereference.43
	 - Status: SUCCESS
	 - Description: "dereference failure: pointer NULL"
	 - Location: der-verified/src/octet_string.rs:35:17 in function <octet_string::OctetStringError as std::cmp::PartialEq>::eq

Check 244: <octet_string::OctetStringError as std::cmp::PartialEq>::eq.pointer_dereference.44
	 - Status: SUCCESS
	 - Description: "dereference failure: pointer invalid"
	 - Location: der-verified/src/octet_string.rs:35:17 in function <octet_string::OctetStringError as std::cmp::PartialEq>::eq

Check 245: <octet_string::OctetStringError as std::cmp::PartialEq>::eq.pointer_dereference.45
	 - Status: SUCCESS
	 - Description: "dereference failure: deallocated dynamic object"
	 - Location: der-verified/src/octet_string.rs:35:17 in function <octet_string::OctetStringError as std::cmp::PartialEq>::eq

Check 246: <octet_string::OctetStringError as std::cmp::PartialEq>::eq.pointer_dereference.46
	 - Status: SUCCESS
	 - Description: "dereference failure: dead object"
	 - Location: der-verified/src/octet_string.rs:35:17 in function <octet_string::OctetStringError as std::cmp::PartialEq>::eq

Check 247: <octet_string::OctetStringError as std::cmp::PartialEq>::eq.pointer_dereference.47
	 - Status: SUCCESS
	 - Description: "dereference failure: pointer outside object bounds"
	 - Location: der-verified/src/octet_string.rs:35:17 in function <octet_string::OctetStringError as std::cmp::PartialEq>::eq

Check 248: <octet_string::OctetStringError as std::cmp::PartialEq>::eq.pointer_dereference.48
	 - Status: SUCCESS
	 - Description: "dereference failure: invalid integer address"
	 - Location: der-verified/src/octet_string.rs:35:17 in function <octet_string::OctetStringError as std::cmp::PartialEq>::eq

Check 249: std::result::Result::<(tlv::Tlv<'_>, usize), tlv::TlvError>::map_err::<octet_string::OctetStringError, fn(tlv::TlvError) -> octet_string::OctetStringError {octet_string::OctetStringError::Tlv}>.pointer_dereference.1
	 - Status: SUCCESS
	 - Description: "dereference failure: dead object"
	 - Location: ../../../runner/.rustup/toolchains/nightly-2025-11-21-x86_64-unknown-linux-gnu/lib/rustlib/src/rust/library/core/src/result.rs:966:15 in function std::result::Result::<(tlv::Tlv<'_>, usize), tlv::TlvError>::map_err::<octet_string::OctetStringError, fn(tlv::TlvError) -> octet_string::OctetStringError {octet_string::OctetStringError::Tlv}>

Check 250: std::result::Result::<(tlv::Tlv<'_>, usize), tlv::TlvError>::map_err::<octet_string::OctetStringError, fn(tlv::TlvError) -> octet_string::OctetStringError {octet_string::OctetStringError::Tlv}>.pointer_dereference.2
	 - Status: SUCCESS
	 - Description: "dereference failure: dead object"
	 - Location: ../../../runner/.rustup/toolchains/nightly-2025-11-21-x86_64-unknown-linux-gnu/lib/rustlib/src/rust/library/core/src/result.rs:968:23 in function std::result::Result::<(tlv::Tlv<'_>, usize), tlv::TlvError>::map_err::<octet_string::OctetStringError, fn(tlv::TlvError) -> octet_string::OctetStringError {octet_string::OctetStringError::Tlv}>

Check 251: <std::result::Result<(tag::Tag, usize), tlv::TlvError> as std::ops::Try>::branch.pointer_dereference.1
	 - Status: SUCCESS
	 - Description: "dereference failure: dead object"
	 - Location: ../../../runner/.rustup/toolchains/nightly-2025-11-21-x86_64-unknown-linux-gnu/lib/rustlib/src/rust/library/core/src/result.rs:2173:15 in function <std::result::Result<(tag::Tag, usize), tlv::TlvError> as std::ops::Try>::branch

Check 252: <std::result::Result<(tag::Tag, usize), tlv::TlvError> as std::ops::Try>::branch.pointer_dereference.2
	 - Status: SUCCESS
	 - Description: "dereference failure: dead object"
	 - Location: ../../../runner/.rustup/toolchains/nightly-2025-11-21-x86_64-unknown-linux-gnu/lib/rustlib/src/rust/library/core/src/result.rs:2175:23 in function <std::result::Result<(tag::Tag, usize), tlv::TlvError> as std::ops::Try>::branch

Check 253: std::cmp::impls::<impl std::cmp::PartialEq for &octet_string::OctetStringError>::eq.pointer_dereference.1
	 - Status: SUCCESS
	 - Description: "dereference failure: pointer NULL"
	 - Location: ../../../runner/.rustup/toolchains/nightly-2025-11-21-x86_64-unknown-linux-gnu/lib/rustlib/src/rust/library/core/src/cmp.rs:2090:27 in function std::cmp::impls::<impl std::cmp::PartialEq for &octet_string::OctetStringError>::eq

Check 254: std::cmp::impls::<impl std::cmp::PartialEq for &octet_string::OctetStringError>::eq.pointer_dereference.2
	 - Status: SUCCESS
	 - Description: "dereference failure: pointer invalid"
	 - Location: ../../../runner/.rustup/toolchains/nightly-2025-11-21-x86_64-unknown-linux-gnu/lib/rustlib/src/rust/library/core/src/cmp.rs:2090:27 in function std::cmp::impls::<impl std::cmp::PartialEq for &octet_string::OctetStringError>::eq

Check 255: std::cmp::impls::<impl std::cmp::PartialEq for &octet_string::OctetStringError>::eq.pointer_dereference.3
	 - Status: SUCCESS
	 - Description: "dereference failure: deallocated dynamic object"
	 - Location: ../../../runner/.rustup/toolchains/nightly-2025-11-21-x86_64-unknown-linux-gnu/lib/rustlib/src/rust/library/core/src/cmp.rs:2090:27 in function std::cmp::impls::<impl std::cmp::PartialEq for &octet_string::OctetStringError>::eq

Check 256: std::cmp::impls::<impl std::cmp::PartialEq for &octet_string::OctetStringError>::eq.pointer_dereference.4
	 - Status: SUCCESS
	 - Description: "dereference failure: dead object"
	 - Location: ../../../runner/.rustup/toolchains/nightly-2025-11-21-x86_64-unknown-linux-gnu/lib/rustlib/src/rust/library/core/src/cmp.rs:2090:27 in function std::cmp::impls::<impl std::cmp::PartialEq for &octet_string::OctetStringError>::eq

Check 257: std::cmp::impls::<impl std::cmp::PartialEq for &octet_string::OctetStringError>::eq.pointer_dereference.5
	 - Status: SUCCESS
	 - Description: "dereference failure: pointer outside object bounds"
	 - Location: ../../../runner/.rustup/toolchains/nightly-2025-11-21-x86_64-unknown-linux-gnu/lib/rustlib/src/rust/library/core/src/cmp.rs:2090:27 in function std::cmp::impls::<impl std::cmp::PartialEq for &octet_string::OctetStringError>::eq

Check 258: std::cmp::impls::<impl std::cmp::PartialEq for &octet_string::OctetStringError>::eq.pointer_dereference.6
	 - Status: SUCCESS
	 - Description: "dereference failure: invalid integer address"
	 - Location: ../../../runner/.rustup/toolchains/nightly-2025-11-21-x86_64-unknown-linux-gnu/lib/rustlib/src/rust/library/core/src/cmp.rs:2090:27 in function std::cmp::impls::<impl std::cmp::PartialEq for &octet_string::OctetStringError>::eq

Check 259: std::cmp::impls::<impl std::cmp::PartialEq for &octet_string::OctetStringError>::eq.pointer_dereference.7
	 - Status: SUCCESS
	 - Description: "dereference failure: pointer NULL"
	 - Location: ../../../runner/.rustup/toolchains/nightly-2025-11-21-x86_64-unknown-linux-gnu/lib/rustlib/src/rust/library/core/src/cmp.rs:2090:34 in function std::cmp::impls::<impl std::cmp::PartialEq for &octet_string::OctetStringError>::eq

Check 260: std::cmp::impls::<impl std::cmp::PartialEq for &octet_string::OctetStringError>::eq.pointer_dereference.8
	 - Status: SUCCESS
	 - Description: "dereference failure: pointer invalid"
	 - Location: ../../../runner/.rustup/toolchains/nightly-2025-11-21-x86_64-unknown-linux-gnu/lib/rustlib/src/rust/library/core/src/cmp.rs:2090:34 in function std::cmp::impls::<impl std::cmp::PartialEq for &octet_string::OctetStringError>::eq

Check 261: std::cmp::impls::<impl std::cmp::PartialEq for &octet_string::OctetStringError>::eq.pointer_dereference.9
	 - Status: SUCCESS
	 - Description: "dereference failure: deallocated dynamic object"
	 - Location: ../../../runner/.rustup/toolchains/nightly-2025-11-21-x86_64-unknown-linux-gnu/lib/rustlib/src/rust/library/core/src/cmp.rs:2090:34 in function std::cmp::impls::<impl std::cmp::PartialEq for &octet_string::OctetStringError>::eq

Check 262: std::cmp::impls::<impl std::cmp::PartialEq for &octet_string::OctetStringError>::eq.pointer_dereference.10
	 - Status: SUCCESS
	 - Description: "dereference failure: dead object"
	 - Location: ../../../runner/.rustup/toolchains/nightly-2025-11-21-x86_64-unknown-linux-gnu/lib/rustlib/src/rust/library/core/src/cmp.rs:2090:34 in function std::cmp::impls::<impl std::cmp::PartialEq for &octet_string::OctetStringError>::eq

Check 263: std::cmp::impls::<impl std::cmp::PartialEq for &octet_string::OctetStringError>::eq.pointer_dereference.11
	 - Status: SUCCESS
	 - Description: "dereference failure: pointer outside object bounds"
	 - Location: ../../../runner/.rustup/toolchains/nightly-2025-11-21-x86_64-unknown-linux-gnu/lib/rustlib/src/rust/library/core/src/cmp.rs:2090:34 in function std::cmp::impls::<impl std::cmp::PartialEq for &octet_string::OctetStringError>::eq

Check 264: std::cmp::impls::<impl std::cmp::PartialEq for &octet_string::OctetStringError>::eq.pointer_dereference.12
	 - Status: SUCCESS
	 - Description: "dereference failure: invalid integer address"
	 - Location: ../../../runner/.rustup/toolchains/nightly-2025-11-21-x86_64-unknown-linux-gnu/lib/rustlib/src/rust/library/core/src/cmp.rs:2090:34 in function std::cmp::impls::<impl std::cmp::PartialEq for &octet_string::OctetStringError>::eq

Check 265: <std::result::Result<(tlv::Tlv<'_>, usize), tlv::TlvError> as std::ops::FromResidual<std::result::Result<std::convert::Infallible, tlv::TlvError>>>::from_residual.pointer_dereference.1
	 - Status: SUCCESS
	 - Description: "dereference failure: dead object"
	 - Location: ../../../runner/.rustup/toolchains/nightly-2025-11-21-x86_64-unknown-linux-gnu/lib/rustlib/src/rust/library/core/src/result.rs:2189:23 in function <std::result::Result<(tlv::Tlv<'_>, usize), tlv::TlvError> as std::ops::FromResidual<std::result::Result<std::convert::Infallible, tlv::TlvError>>>::from_residual

Check 266: std::cmp::impls::<impl std::cmp::PartialEq for &tlv::TlvError>::eq.pointer_dereference.1
	 - Status: SUCCESS
	 - Description: "dereference failure: pointer NULL"
	 - Location: ../../../runner/.rustup/toolchains/nightly-2025-11-21-x86_64-unknown-linux-gnu/lib/rustlib/src/rust/library/core/src/cmp.rs:2090:27 in function std::cmp::impls::<impl std::cmp::PartialEq for &tlv::TlvError>::eq

Check 267: std::cmp::impls::<impl std::cmp::PartialEq for &tlv::TlvError>::eq.pointer_dereference.2
	 - Status: SUCCESS
	 - Description: "dereference failure: pointer invalid"
	 - Location: ../../../runner/.rustup/toolchains/nightly-2025-11-21-x86_64-unknown-linux-gnu/lib/rustlib/src/rust/library/core/src/cmp.rs:2090:27 in function std::cmp::impls::<impl std::cmp::PartialEq for &tlv::TlvError>::eq

Check 268: std::cmp::impls::<impl std::cmp::PartialEq for &tlv::TlvError>::eq.pointer_dereference.3
	 - Status: SUCCESS
	 - Description: "dereference failure: deallocated dynamic object"
	 - Location: ../../../runner/.rustup/toolchains/nightly-2025-11-21-x86_64-unknown-linux-gnu/lib/rustlib/src/rust/library/core/src/cmp.rs:2090:27 in function std::cmp::impls::<impl std::cmp::PartialEq for &tlv::TlvError>::eq

Check 269: std::cmp::impls::<impl std::cmp::PartialEq for &tlv::TlvError>::eq.pointer_dereference.4
	 - Status: SUCCESS
	 - Description: "dereference failure: dead object"
	 - Location: ../../../runner/.rustup/toolchains/nightly-2025-11-21-x86_64-unknown-linux-gnu/lib/rustlib/src/rust/library/core/src/cmp.rs:2090:27 in function std::cmp::impls::<impl std::cmp::PartialEq for &tlv::TlvError>::eq

Check 270: std::cmp::impls::<impl std::cmp::PartialEq for &tlv::TlvError>::eq.pointer_dereference.5
	 - Status: SUCCESS
	 - Description: "dereference failure: pointer outside object bounds"
	 - Location: ../../../runner/.rustup/toolchains/nightly-2025-11-21-x86_64-unknown-linux-gnu/lib/rustlib/src/rust/library/core/src/cmp.rs:2090:27 in function std::cmp::impls::<impl std::cmp::PartialEq for &tlv::TlvError>::eq

Check 271: std::cmp::impls::<impl std::cmp::PartialEq for &tlv::TlvError>::eq.pointer_dereference.6
	 - Status: SUCCESS
	 - Description: "dereference failure: invalid integer address"
	 - Location: ../../../runner/.rustup/toolchains/nightly-2025-11-21-x86_64-unknown-linux-gnu/lib/rustlib/src/rust/library/core/src/cmp.rs:2090:27 in function std::cmp::impls::<impl std::cmp::PartialEq for &tlv::TlvError>::eq

Check 272: std::cmp::impls::<impl std::cmp::PartialEq for &tlv::TlvError>::eq.pointer_dereference.7
	 - Status: SUCCESS
	 - Description: "dereference failure: pointer NULL"
	 - Location: ../../../runner/.rustup/toolchains/nightly-2025-11-21-x86_64-unknown-linux-gnu/lib/rustlib/src/rust/library/core/src/cmp.rs:2090:34 in function std::cmp::impls::<impl std::cmp::PartialEq for &tlv::TlvError>::eq

Check 273: std::cmp::impls::<impl std::cmp::PartialEq for &tlv::TlvError>::eq.pointer_dereference.8
	 - Status: SUCCESS
	 - Description: "dereference failure: pointer invalid"
	 - Location: ../../../runner/.rustup/toolchains/nightly-2025-11-21-x86_64-unknown-linux-gnu/lib/rustlib/src/rust/library/core/src/cmp.rs:2090:34 in function std::cmp::impls::<impl std::cmp::PartialEq for &tlv::TlvError>::eq

Check 274: std::cmp::impls::<impl std::cmp::PartialEq for &tlv::TlvError>::eq.pointer_dereference.9
	 - Status: SUCCESS
	 - Description: "dereference failure: deallocated dynamic object"
	 - Location: ../../../runner/.rustup/toolchains/nightly-2025-11-21-x86_64-unknown-linux-gnu/lib/rustlib/src/rust/library/core/src/cmp.rs:2090:34 in function std::cmp::impls::<impl std::cmp::PartialEq for &tlv::TlvError>::eq

Check 275: std::cmp::impls::<impl std::cmp::PartialEq for &tlv::TlvError>::eq.pointer_dereference.10
	 - Status: SUCCESS
	 - Description: "dereference failure: dead object"
	 - Location: ../../../runner/.rustup/toolchains/nightly-2025-11-21-x86_64-unknown-linux-gnu/lib/rustlib/src/rust/library/core/src/cmp.rs:2090:34 in function std::cmp::impls::<impl std::cmp::PartialEq for &tlv::TlvError>::eq

Check 276: std::cmp::impls::<impl std::cmp::PartialEq for &tlv::TlvError>::eq.pointer_dereference.11
	 - Status: SUCCESS
	 - Description: "dereference failure: pointer outside object bounds"
	 - Location: ../../../runner/.rustup/toolchains/nightly-2025-11-21-x86_64-unknown-linux-gnu/lib/rustlib/src/rust/library/core/src/cmp.rs:2090:34 in function std::cmp::impls::<impl std::cmp::PartialEq for &tlv::TlvError>::eq

Check 277: std::cmp::impls::<impl std::cmp::PartialEq for &tlv::TlvError>::eq.pointer_dereference.12
	 - Status: SUCCESS
	 - Description: "dereference failure: invalid integer address"
	 - Location: ../../../runner/.rustup/toolchains/nightly-2025-11-21-x86_64-unknown-linux-gnu/lib/rustlib/src/rust/library/core/src/cmp.rs:2090:34 in function std::cmp::impls::<impl std::cmp::PartialEq for &tlv::TlvError>::eq

Check 278: tlv::decode_tlv.pointer_dereference.1
	 - Status: SUCCESS
	 - Description: "dereference failure: dead object"
	 - Location: der-verified/src/tlv.rs:71:25 in function tlv::decode_tlv

Check 279: tlv::decode_tlv.pointer_dereference.2
	 - Status: SUCCESS
	 - Description: "dereference failure: dead object"
	 - Location: der-verified/src/tlv.rs:79:26 in function tlv::decode_tlv

Check 280: tlv::decode_tlv.pointer_dereference.3
	 - Status: SUCCESS
	 - Description: "dereference failure: dead object"
	 - Location: der-verified/src/tlv.rs:87:16 in function tlv::decode_tlv

Check 281: tlv::decode_tlv.pointer_dereference.4
	 - Status: SUCCESS
	 - Description: "dereference failure: dead object"
	 - Location: der-verified/src/tlv.rs:84:24 in function tlv::decode_tlv

Check 282: std::cmp::impls::<impl std::cmp::PartialEq for usize>::eq.pointer_dereference.1
	 - Status: SUCCESS
	 - Description: "dereference failure: pointer NULL"
	 - Location: ../../../runner/.rustup/toolchains/nightly-2025-11-21-x86_64-unknown-linux-gnu/lib/rustlib/src/rust/library/core/src/cmp.rs:1865:54 in function std::cmp::impls::<impl std::cmp::PartialEq for usize>::eq

Check 283: std::cmp::impls::<impl std::cmp::PartialEq for usize>::eq.pointer_dereference.2
	 - Status: SUCCESS
	 - Description: "dereference failure: pointer invalid"
	 - Location: ../../../runner/.rustup/toolchains/nightly-2025-11-21-x86_64-unknown-linux-gnu/lib/rustlib/src/rust/library/core/src/cmp.rs:1865:54 in function std::cmp::impls::<impl std::cmp::PartialEq for usize>::eq

Check 284: std::cmp::impls::<impl std::cmp::PartialEq for usize>::eq.pointer_dereference.3
	 - Status: SUCCESS
	 - Description: "dereference failure: deallocated dynamic object"
	 - Location: ../../../runner/.rustup/toolchains/nightly-2025-11-21-x86_64-unknown-linux-gnu/lib/rustlib/src/rust/library/core/src/cmp.rs:1865:54 in function std::cmp::impls::<impl std::cmp::PartialEq for usize>::eq

Check 285: std::cmp::impls::<impl std::cmp::PartialEq for usize>::eq.pointer_dereference.4
	 - Status: SUCCESS
	 - Description: "dereference failure: dead object"
	 - Location: ../../../runner/.rustup/toolchains/nightly-2025-11-21-x86_64-unknown-linux-gnu/lib/rustlib/src/rust/library/core/src/cmp.rs:1865:54 in function std::cmp::impls::<impl std::cmp::PartialEq for usize>::eq

Check 286: std::cmp::impls::<impl std::cmp::PartialEq for usize>::eq.pointer_dereference.5
	 - Status: SUCCESS
	 - Description: "dereference failure: pointer outside object bounds"
	 - Location: ../../../runner/.rustup/toolchains/nightly-2025-11-21-x86_64-unknown-linux-gnu/lib/rustlib/src/rust/library/core/src/cmp.rs:1865:54 in function std::cmp::impls::<impl std::cmp::PartialEq for usize>::eq

Check 287: std::cmp::impls::<impl std::cmp::PartialEq for usize>::eq.pointer_dereference.6
	 - Status: SUCCESS
	 - Description: "dereference failure: invalid integer address"
	 - Location: ../../../runner/.rustup/toolchains/nightly-2025-11-21-x86_64-unknown-linux-gnu/lib/rustlib/src/rust/library/core/src/cmp.rs:1865:54 in function std::cmp::impls::<impl std::cmp::PartialEq for usize>::eq

Check 288: std::cmp::impls::<impl std::cmp::PartialEq for usize>::eq.pointer_dereference.7
	 - Status: SUCCESS
	 - Description: "dereference failure: pointer NULL"
	 - Location: ../../../runner/.rustup/toolchains/nightly-2025-11-21-x86_64-unknown-linux-gnu/lib/rustlib/src/rust/library/core/src/cmp.rs:1865:63 in function std::cmp::impls::<impl std::cmp::PartialEq for usize>::eq

Check 289: std::cmp::impls::<impl std::cmp::PartialEq for usize>::eq.pointer_dereference.8
	 - Status: SUCCESS
	 - Description: "dereference failure: pointer invalid"
	 - Location: ../../../runner/.rustup/toolchains/nightly-2025-11-21-x86_64-unknown-linux-gnu/lib/rustlib/src/rust/library/core/src/cmp.rs:1865:63 in function std::cmp::impls::<impl std::cmp::PartialEq for usize>::eq

Check 290: std::cmp::impls::<impl std::cmp::PartialEq for usize>::eq.pointer_dereference.9
	 - Status: SUCCESS
	 - Description: "dereference failure: deallocated dynamic object"
	 - Location: ../../../runner/.rustup/toolchains/nightly-2025-11-21-x86_64-unknown-linux-gnu/lib/rustlib/src/rust/library/core/src/cmp.rs:1865:63 in function std::cmp::impls::<impl std::cmp::PartialEq for usize>::eq

Check 291: std::cmp::impls::<impl std::cmp::PartialEq for usize>::eq.pointer_dereference.10
	 - Status: SUCCESS
	 - Description: "dereference failure: dead object"
	 - Location: ../../../runner/.rustup/toolchains/nightly-2025-11-21-x86_64-unknown-linux-gnu/lib/rustlib/src/rust/library/core/src/cmp.rs:1865:63 in function std::cmp::impls::<impl std::cmp::PartialEq for usize>::eq

Check 292: std::cmp::impls::<impl std::cmp::PartialEq for usize>::eq.pointer_dereference.11
	 - Status: SUCCESS
	 - Description: "dereference failure: pointer outside object bounds"
	 - Location: ../../../runner/.rustup/toolchains/nightly-2025-11-21-x86_64-unknown-linux-gnu/lib/rustlib/src/rust/library/core/src/cmp.rs:1865:63 in function std::cmp::impls::<impl std::cmp::PartialEq for usize>::eq

Check 293: std::cmp::impls::<impl std::cmp::PartialEq for usize>::eq.pointer_dereference.12
	 - Status: SUCCESS
	 - Description: "dereference failure: invalid integer address"
	 - Location: ../../../runner/.rustup/toolchains/nightly-2025-11-21-x86_64-unknown-linux-gnu/lib/rustlib/src/rust/library/core/src/cmp.rs:1865:63 in function std::cmp::impls::<impl std::cmp::PartialEq for usize>::eq

Check 294: <tag::TagError as std::cmp::PartialEq>::eq.pointer_dereference.1
	 - Status: SUCCESS
	 - Description: "dereference failure: pointer NULL"
	 - Location: der-verified/src/tag.rs:50:17 in function <tag::TagError as std::cmp::PartialEq>::eq

Check 295: <tag::TagError as std::cmp::PartialEq>::eq.pointer_dereference.2
	 - Status: SUCCESS
	 - Description: "dereference failure: pointer invalid"
	 - Location: der-verified/src/tag.rs:50:17 in function <tag::TagError as std::cmp::PartialEq>::eq

Check 296: <tag::TagError as std::cmp::PartialEq>::eq.pointer_dereference.3
	 - Status: SUCCESS
	 - Description: "dereference failure: deallocated dynamic object"
	 - Location: der-verified/src/tag.rs:50:17 in function <tag::TagError as std::cmp::PartialEq>::eq

Check 297: <tag::TagError as std::cmp::PartialEq>::eq.pointer_dereference.4
	 - Status: SUCCESS
	 - Description: "dereference failure: dead object"
	 - Location: der-verified/src/tag.rs:50:17 in function <tag::TagError as std::cmp::PartialEq>::eq

Check 298: <tag::TagError as std::cmp::PartialEq>::eq.pointer_dereference.5
	 - Status: SUCCESS
	 - Description: "dereference failure: pointer outside object bounds"
	 - Location: der-verified/src/tag.rs:50:17 in function <tag::TagError as std::cmp::PartialEq>::eq

Check 299: <tag::TagError as std::cmp::PartialEq>::eq.pointer_dereference.6
	 - Status: SUCCESS
	 - Description: "dereference failure: invalid integer address"
	 - Location: der-verified/src/tag.rs:50:17 in function <tag::TagError as std::cmp::PartialEq>::eq

Check 300: <tag::TagError as std::cmp::PartialEq>::eq.pointer_dereference.7
	 - Status: SUCCESS
	 - Description: "dereference failure: pointer NULL"
	 - Location: der-verified/src/tag.rs:50:17 in function <tag::TagError as std::cmp::PartialEq>::eq

Check 301: <tag::TagError as std::cmp::PartialEq>::eq.pointer_dereference.8
	 - Status: SUCCESS
	 - Description: "dereference failure: pointer invalid"
	 - Location: der-verified/src/tag.rs:50:17 in function <tag::TagError as std::cmp::PartialEq>::eq

Check 302: <tag::TagError as std::cmp::PartialEq>::eq.pointer_dereference.9
	 - Status: SUCCESS
	 - Description: "dereference failure: deallocated dynamic object"
	 - Location: der-verified/src/tag.rs:50:17 in function <tag::TagError as std::cmp::PartialEq>::eq

Check 303: <tag::TagError as std::cmp::PartialEq>::eq.pointer_dereference.10
	 - Status: SUCCESS
	 - Description: "dereference failure: dead object"
	 - Location: der-verified/src/tag.rs:50:17 in function <tag::TagError as std::cmp::PartialEq>::eq

Check 304: <tag::TagError as std::cmp::PartialEq>::eq.pointer_dereference.11
	 - Status: SUCCESS
	 - Description: "dereference failure: pointer outside object bounds"
	 - Location: der-verified/src/tag.rs:50:17 in function <tag::TagError as std::cmp::PartialEq>::eq

Check 305: <tag::TagError as std::cmp::PartialEq>::eq.pointer_dereference.12
	 - Status: SUCCESS
	 - Description: "dereference failure: invalid integer address"
	 - Location: der-verified/src/tag.rs:50:17 in function <tag::TagError as std::cmp::PartialEq>::eq

Check 306: <usize as std::slice::SliceIndex<[u8]>>::get.pointer_dereference.1
	 - Status: SUCCESS
	 - Description: "dereference failure: dead object"
	 - Location: ../../../runner/.rustup/toolchains/nightly-2025-11-21-x86_64-unknown-linux-gnu/lib/rustlib/src/rust/library/core/src/slice/index.rs:223:13 in function <usize as std::slice::SliceIndex<[u8]>>::get

Check 307: octet_string::decode_octet_string.pointer_dereference.1
	 - Status: SUCCESS
	 - Description: "dereference failure: dead object"
	 - Location: der-verified/src/octet_string.rs:57:23 in function octet_string::decode_octet_string

Check 308: octet_string::decode_octet_string.pointer_dereference.2
	 - Status: SUCCESS
	 - Description: "dereference failure: dead object"
	 - Location: der-verified/src/octet_string.rs:59:20 in function octet_string::decode_octet_string

Check 309: octet_string::decode_octet_string.pointer_dereference.3
	 - Status: SUCCESS
	 - Description: "dereference failure: dead object"
	 - Location: der-verified/src/octet_string.rs:59:16 in function octet_string::decode_octet_string

Check 310: octet_string::decode_octet_string.pointer_dereference.4
	 - Status: SUCCESS
	 - Description: "dereference failure: dead object"
	 - Location: der-verified/src/octet_string.rs:62:20 in function octet_string::decode_octet_string

Check 311: octet_string::decode_octet_string.pointer_dereference.5
	 - Status: SUCCESS
	 - Description: "dereference failure: dead object"
	 - Location: der-verified/src/octet_string.rs:62:16 in function octet_string::decode_octet_string

Check 312: std::result::Result::<(tag::Tag, usize), tag::TagError>::map_err::<tlv::TlvError, {closure@der-verified/src/tlv.rs:71:51: 71:54}>.pointer_dereference.1
	 - Status: SUCCESS
	 - Description: "dereference failure: dead object"
	 - Location: ../../../runner/.rustup/toolchains/nightly-2025-11-21-x86_64-unknown-linux-gnu/lib/rustlib/src/rust/library/core/src/result.rs:966:15 in function std::result::Result::<(tag::Tag, usize), tag::TagError>::map_err::<tlv::TlvError, {closure@der-verified/src/tlv.rs:71:51: 71:54}>

Check 313: std::result::Result::<(tag::Tag, usize), tag::TagError>::map_err::<tlv::TlvError, {closure@der-verified/src/tlv.rs:71:51: 71:54}>.pointer_dereference.2
	 - Status: SUCCESS
	 - Description: "dereference failure: dead object"
	 - Location: ../../../runner/.rustup/toolchains/nightly-2025-11-21-x86_64-unknown-linux-gnu/lib/rustlib/src/rust/library/core/src/result.rs:968:23 in function std::result::Result::<(tag::Tag, usize), tag::TagError>::map_err::<tlv::TlvError, {closure@der-verified/src/tlv.rs:71:51: 71:54}>

Check 314: <std::result::Result<(tlv::Tlv<'_>, usize), octet_string::OctetStringError> as std::ops::Try>::branch.pointer_dereference.1
	 - Status: SUCCESS
	 - Description: "dereference failure: dead object"
	 - Location: ../../../runner/.rustup/toolchains/nightly-2025-11-21-x86_64-unknown-linux-gnu/lib/rustlib/src/rust/library/core/src/result.rs:2173:15 in function <std::result::Result<(tlv::Tlv<'_>, usize), octet_string::OctetStringError> as std::ops::Try>::branch

Check 315: <std::result::Result<(tlv::Tlv<'_>, usize), octet_string::OctetStringError> as std::ops::Try>::branch.pointer_dereference.2
	 - Status: SUCCESS
	 - Description: "dereference failure: dead object"
	 - Location: ../../../runner/.rustup/toolchains/nightly-2025-11-21-x86_64-unknown-linux-gnu/lib/rustlib/src/rust/library/core/src/result.rs:2175:23 in function <std::result::Result<(tlv::Tlv<'_>, usize), octet_string::OctetStringError> as std::ops::Try>::branch

Check 316: <std::result::Result<(&[u8], usize), octet_string::OctetStringError> as std::ops::FromResidual<std::result::Result<std::convert::Infallible, octet_string::OctetStringError>>>::from_residual.pointer_dereference.1
	 - Status: SUCCESS
	 - Description: "dereference failure: dead object"
	 - Location: ../../../runner/.rustup/toolchains/nightly-2025-11-21-x86_64-unknown-linux-gnu/lib/rustlib/src/rust/library/core/src/result.rs:2189:23 in function <std::result::Result<(&[u8], usize), octet_string::OctetStringError> as std::ops::FromResidual<std::result::Result<std::convert::Infallible, octet_string::OctetStringError>>>::from_residual

Check 317: <std::result::Result<(&[u8], usize), octet_string::OctetStringError> as std::cmp::PartialEq>::eq.pointer_dereference.1
	 - Status: SUCCESS
	 - Description: "dereference failure: pointer NULL"
	 - Location: ../../../runner/.rustup/toolchains/nightly-2025-11-21-x86_64-unknown-linux-gnu/lib/rustlib/src/rust/library/core/src/result.rs:553:16 in function <std::result::Result<(&[u8], usize), octet_string::OctetStringError> as std::cmp::PartialEq>::eq

Check 318: <std::result::Result<(&[u8], usize), octet_string::OctetStringError> as std::cmp::PartialEq>::eq.pointer_dereference.2
	 - Status: SUCCESS
	 - Description: "dereference failure: pointer invalid"
	 - Location: ../../../runner/.rustup/toolchains/nightly-2025-11-21-x86_64-unknown-linux-gnu/lib/rustlib/src/rust/library/core/src/result.rs:553:16 in function <std::result::Result<(&[u8], usize), octet_string::OctetStringError> as std::cmp::PartialEq>::eq

Check 319: <std::result::Result<(&[u8], usize), octet_string::OctetStringError> as std::cmp::PartialEq>::eq.pointer_dereference.3
	 - Status: SUCCESS
	 - Description: "dereference failure: deallocated dynamic object"
	 - Location: ../../../runner/.rustup/toolchains/nightly-2025-11-21-x86_64-unknown-linux-gnu/lib/rustlib/src/rust/library/core/src/result.rs:553:16 in function <std::result::Result<(&[u8], usize), octet_string::OctetStringError> as std::cmp::PartialEq>::eq

Check 320: <std::result::Result<(&[u8], usize), octet_string::OctetStringError> as std::cmp::PartialEq>::eq.pointer_dereference.4
	 - Status: SUCCESS
	 - Description: "dereference failure: dead object"
	 - Location: ../../../runner/.rustup/toolchains/nightly-2025-11-21-x86_64-unknown-linux-gnu/lib/rustlib/src/rust/library/core/src/result.rs:553:16 in function <std::result::Result<(&[u8], usize), octet_string::OctetStringError> as std::cmp::PartialEq>::eq

Check 321: <std::result::Result<(&[u8], usize), octet_string::OctetStringError> as std::cmp::PartialEq>::eq.pointer_dereference.5
	 - Status: SUCCESS
	 - Description: "dereference failure: pointer outside object bounds"
	 - Location: ../../../runner/.rustup/toolchains/nightly-2025-11-21-x86_64-unknown-linux-gnu/lib/rustlib/src/rust/library/core/src/result.rs:553:16 in function <std::result::Result<(&[u8], usize), octet_string::OctetStringError> as std::cmp::PartialEq>::eq

Check 322: <std::result::Result<(&[u8], usize), octet_string::OctetStringError> as std::cmp::PartialEq>::eq.pointer_dereference.6
	 - Status: SUCCESS
	 - Description: "dereference failure: invalid integer address"
	 - Location: ../../../runner/.rustup/toolchains/nightly-2025-11-21-x86_64-unknown-linux-gnu/lib/rustlib/src/rust/library/core/src/result.rs:553:16 in function <std::result::Result<(&[u8], usize), octet_string::OctetStringError> as std::cmp::PartialEq>::eq

Check 323: <std::result::Result<(&[u8], usize), octet_string::OctetStringError> as std::cmp::PartialEq>::eq.pointer_dereference.7
	 - Status: SUCCESS
	 - Description: "dereference failure: pointer NULL"
	 - Location: ../../../runner/.rustup/toolchains/nightly-2025-11-21-x86_64-unknown-linux-gnu/lib/rustlib/src/rust/library/core/src/result.rs:553:16 in function <std::result::Result<(&[u8], usize), octet_string::OctetStringError> as std::cmp::PartialEq>::eq

Check 324: <std::result::Result<(&[u8], usize), octet_string::OctetStringError> as std::cmp::PartialEq>::eq.pointer_dereference.8
	 - Status: SUCCESS
	 - Description: "dereference failure: pointer invalid"
	 - Location: ../../../runner/.rustup/toolchains/nightly-2025-11-21-x86_64-unknown-linux-gnu/lib/rustlib/src/rust/library/core/src/result.rs:553:16 in function <std::result::Result<(&[u8], usize), octet_string::OctetStringError> as std::cmp::PartialEq>::eq

Check 325: <std::result::Result<(&[u8], usize), octet_string::OctetStringError> as std::cmp::PartialEq>::eq.pointer_dereference.9
	 - Status: SUCCESS
	 - Description: "dereference failure: deallocated dynamic object"
	 - Location: ../../../runner/.rustup/toolchains/nightly-2025-11-21-x86_64-unknown-linux-gnu/lib/rustlib/src/rust/library/core/src/result.rs:553:16 in function <std::result::Result<(&[u8], usize), octet_string::OctetStringError> as std::cmp::PartialEq>::eq

Check 326: <std::result::Result<(&[u8], usize), octet_string::OctetStringError> as std::cmp::PartialEq>::eq.pointer_dereference.10
	 - Status: SUCCESS
	 - Description: "dereference failure: dead object"
	 - Location: ../../../runner/.rustup/toolchains/nightly-2025-11-21-x86_64-unknown-linux-gnu/lib/rustlib/src/rust/library/core/src/result.rs:553:16 in function <std::result::Result<(&[u8], usize), octet_string::OctetStringError> as std::cmp::PartialEq>::eq

Check 327: <std::result::Result<(&[u8], usize), octet_string::OctetStringError> as std::cmp::PartialEq>::eq.pointer_dereference.11
	 - Status: SUCCESS
	 - Description: "dereference failure: pointer outside object bounds"
	 - Location: ../../../runner/.rustup/toolchains/nightly-2025-11-21-x86_64-unknown-linux-gnu/lib/rustlib/src/rust/library/core/src/result.rs:553:16 in function <std::result::Result<(&[u8], usize), octet_string::OctetStringError> as std::cmp::PartialEq>::eq

Check 328: <std::result::Result<(&[u8], usize), octet_string::OctetStringError> as std::cmp::PartialEq>::eq.pointer_dereference.12
	 - Status: SUCCESS
	 - Description: "dereference failure: invalid integer address"
	 - Location: ../../../runner/.rustup/toolchains/nightly-2025-11-21-x86_64-unknown-linux-gnu/lib/rustlib/src/rust/library/core/src/result.rs:553:16 in function <std::result::Result<(&[u8], usize), octet_string::OctetStringError> as std::cmp::PartialEq>::eq

Check 329: <std::result::Result<(&[u8], usize), octet_string::OctetStringError> as std::cmp::PartialEq>::eq.pointer_dereference.13
	 - Status: SUCCESS
	 - Description: "dereference failure: pointer NULL"
	 - Location: ../../../runner/.rustup/toolchains/nightly-2025-11-21-x86_64-unknown-linux-gnu/lib/rustlib/src/rust/library/core/src/result.rs:553:16 in function <std::result::Result<(&[u8], usize), octet_string::OctetStringError> as std::cmp::PartialEq>::eq

Check 330: <std::result::Result<(&[u8], usize), octet_string::OctetStringError> as std::cmp::PartialEq>::eq.pointer_dereference.14
	 - Status: SUCCESS
	 - Description: "dereference failure: pointer invalid"
	 - Location: ../../../runner/.rustup/toolchains/nightly-2025-11-21-x86_64-unknown-linux-gnu/lib/rustlib/src/rust/library/core/src/result.rs:553:16 in function <std::result::Result<(&[u8], usize), octet_string::OctetStringError> as std::cmp::PartialEq>::eq

Check 331: <std::result::Result<(&[u8], usize), octet_string::OctetStringError> as std::cmp::PartialEq>::eq.pointer_dereference.15
	 - Status: SUCCESS
	 - Description: "dereference failure: deallocated dynamic object"
	 - Location: ../../../runner/.rustup/toolchains/nightly-2025-11-21-x86_64-unknown-linux-gnu/lib/rustlib/src/rust/library/core/src/result.rs:553:16 in function <std::result::Result<(&[u8], usize), octet_string::OctetStringError> as std::cmp::PartialEq>::eq

Check 332: <std::result::Result<(&[u8], usize), octet_string::OctetStringError> as std::cmp::PartialEq>::eq.pointer_dereference.16
	 - Status: SUCCESS
	 - Description: "dereference failure: dead object"
	 - Location: ../../../runner/.rustup/toolchains/nightly-2025-11-21-x86_64-unknown-linux-gnu/lib/rustlib/src/rust/library/core/src/result.rs:553:16 in function <std::result::Result<(&[u8], usize), octet_string::OctetStringError> as std::cmp::PartialEq>::eq

Check 333: <std::result::Result<(&[u8], usize), octet_string::OctetStringError> as std::cmp::PartialEq>::eq.pointer_dereference.17
	 - Status: SUCCESS
	 - Description: "dereference failure: pointer outside object bounds"
	 - Location: ../../../runner/.rustup/toolchains/nightly-2025-11-21-x86_64-unknown-linux-gnu/lib/rustlib/src/rust/library/core/src/result.rs:553:16 in function <std::result::Result<(&[u8], usize), octet_string::OctetStringError> as std::cmp::PartialEq>::eq

Check 334: <std::result::Result<(&[u8], usize), octet_string::OctetStringError> as std::cmp::PartialEq>::eq.pointer_dereference.18
	 - Status: SUCCESS
	 - Description: "dereference failure: invalid integer address"
	 - Location: ../../../runner/.rustup/toolchains/nightly-2025-11-21-x86_64-unknown-linux-gnu/lib/rustlib/src/rust/library/core/src/result.rs:553:16 in function <std::result::Result<(&[u8], usize), octet_string::OctetStringError> as std::cmp::PartialEq>::eq

Check 335: <std::result::Result<(&[u8], usize), octet_string::OctetStringError> as std::cmp::PartialEq>::eq.pointer_dereference.19
	 - Status: SUCCESS
	 - Description: "dereference failure: pointer NULL"
	 - Location: ../../../runner/.rustup/toolchains/nightly-2025-11-21-x86_64-unknown-linux-gnu/lib/rustlib/src/rust/library/core/src/result.rs:553:16 in function <std::result::Result<(&[u8], usize), octet_string::OctetStringError> as std::cmp::PartialEq>::eq

Check 336: <std::result::Result<(&[u8], usize), octet_string::OctetStringError> as std::cmp::PartialEq>::eq.pointer_dereference.20
	 - Status: SUCCESS
	 - Description: "dereference failure: pointer invalid"
	 - Location: ../../../runner/.rustup/toolchains/nightly-2025-11-21-x86_64-unknown-linux-gnu/lib/rustlib/src/rust/library/core/src/result.rs:553:16 in function <std::result::Result<(&[u8], usize), octet_string::OctetStringError> as std::cmp::PartialEq>::eq

Check 337: <std::result::Result<(&[u8], usize), octet_string::OctetStringError> as std::cmp::PartialEq>::eq.pointer_dereference.21
	 - Status: SUCCESS
	 - Description: "dereference failure: deallocated dynamic object"
	 - Location: ../../../runner/.rustup/toolchains/nightly-2025-11-21-x86_64-unknown-linux-gnu/lib/rustlib/src/rust/library/core/src/result.rs:553:16 in function <std::result::Result<(&[u8], usize), octet_string::OctetStringError> as std::cmp::PartialEq>::eq

Check 338: <std::result::Result<(&[u8], usize), octet_string::OctetStringError> as std::cmp::PartialEq>::eq.pointer_dereference.22
	 - Status: SUCCESS
	 - Description: "dereference failure: dead object"
	 - Location: ../../../runner/.rustup/toolchains/nightly-2025-11-21-x86_64-unknown-linux-gnu/lib/rustlib/src/rust/library/core/src/result.rs:553:16 in function <std::result::Result<(&[u8], usize), octet_string::OctetStringError> as std::cmp::PartialEq>::eq

Check 339: <std::result::Result<(&[u8], usize), octet_string::OctetStringError> as std::cmp::PartialEq>::eq.pointer_dereference.23
	 - Status: SUCCESS
	 - Description: "dereference failure: pointer outside object bounds"
	 - Location: ../../../runner/.rustup/toolchains/nightly-2025-11-21-x86_64-unknown-linux-gnu/lib/rustlib/src/rust/library/core/src/result.rs:553:16 in function <std::result::Result<(&[u8], usize), octet_string::OctetStringError> as std::cmp::PartialEq>::eq

Check 340: <std::result::Result<(&[u8], usize), octet_string::OctetStringError> as std::cmp::PartialEq>::eq.pointer_dereference.24
	 - Status: SUCCESS
	 - Description: "dereference failure: invalid integer address"
	 - Location: ../../../runner/.rustup/toolchains/nightly-2025-11-21-x86_64-unknown-linux-gnu/lib/rustlib/src/rust/library/core/src/result.rs:553:16 in function <std::result::Result<(&[u8], usize), octet_string::OctetStringError> as std::cmp::PartialEq>::eq

Check 341: <std::result::Result<(&[u8], usize), octet_string::OctetStringError> as std::cmp::PartialEq>::eq.pointer_dereference.25
	 - Status: SUCCESS
	 - Description: "dereference failure: pointer NULL"
	 - Location: ../../../runner/.rustup/toolchains/nightly-2025-11-21-x86_64-unknown-linux-gnu/lib/rustlib/src/rust/library/core/src/result.rs:553:16 in function <std::result::Result<(&[u8], usize), octet_string::OctetStringError> as std::cmp::PartialEq>::eq

Check 342: <std::result::Result<(&[u8], usize), octet_string::OctetStringError> as std::cmp::PartialEq>::eq.pointer_dereference.26
	 - Status: SUCCESS
	 - Description: "dereference failure: pointer invalid"
	 - Location: ../../../runner/.rustup/toolchains/nightly-2025-11-21-x86_64-unknown-linux-gnu/lib/rustlib/src/rust/library/core/src/result.rs:553:16 in function <std::result::Result<(&[u8], usize), octet_string::OctetStringError> as std::cmp::PartialEq>::eq

Check 343: <std::result::Result<(&[u8], usize), octet_string::OctetStringError> as std::cmp::PartialEq>::eq.pointer_dereference.27
	 - Status: SUCCESS
	 - Description: "dereference failure: deallocated dynamic object"
	 - Location: ../../../runner/.rustup/toolchains/nightly-2025-11-21-x86_64-unknown-linux-gnu/lib/rustlib/src/rust/library/core/src/result.rs:553:16 in function <std::result::Result<(&[u8], usize), octet_string::OctetStringError> as std::cmp::PartialEq>::eq

Check 344: <std::result::Result<(&[u8], usize), octet_string::OctetStringError> as std::cmp::PartialEq>::eq.pointer_dereference.28
	 - Status: SUCCESS
	 - Description: "dereference failure: dead object"
	 - Location: ../../../runner/.rustup/toolchains/nightly-2025-11-21-x86_64-unknown-linux-gnu/lib/rustlib/src/rust/library/core/src/result.rs:553:16 in function <std::result::Result<(&[u8], usize), octet_string::OctetStringError> as std::cmp::PartialEq>::eq

Check 345: <std::result::Result<(&[u8], usize), octet_string::OctetStringError> as std::cmp::PartialEq>::eq.pointer_dereference.29
	 - Status: SUCCESS
	 - Description: "dereference failure: pointer outside object bounds"
	 - Location: ../../../runner/.rustup/toolchains/nightly-2025-11-21-x86_64-unknown-linux-gnu/lib/rustlib/src/rust/library/core/src/result.rs:553:16 in function <std::result::Result<(&[u8], usize), octet_string::OctetStringError> as std::cmp::PartialEq>::eq

Check 346: <std::result::Result<(&[u8], usize), octet_string::OctetStringError> as std::cmp::PartialEq>::eq.pointer_dereference.30
	 - Status: SUCCESS
	 - Description: "dereference failure: invalid integer address"
	 - Location: ../../../runner/.rustup/toolchains/nightly-2025-11-21-x86_64-unknown-linux-gnu/lib/rustlib/src/rust/library/core/src/result.rs:553:16 in function <std::result::Result<(&[u8], usize), octet_string::OctetStringError> as std::cmp::PartialEq>::eq

Check 347: length::decode_length.unwind.0
	 - Status: SUCCESS
	 - Description: "unwinding assertion loop 0"
	 - Location: der-verified/src/length.rs:101:5 in function length::decode_length


SUMMARY:
 ** 0 of 347 failed (11 unreachable)

VERIFICATION:- SUCCESSFUL
Verification Time: 0.31015792s

Manual Harness Summary:
Complete - 1 successfully verified harnesses, 0 failures, 1 total.
	Command being timed: "cargo kani --manifest-path der-verified/Cargo.toml --harness octet_string::proofs::constructed_form_is_rejected --exact -Z stubbing"
	User time (seconds): 0.95
	System time (seconds): 0.15
	Percent of CPU this job got: 100%
	Elapsed (wall clock) time (h:mm:ss or m:ss): 0:01.10
	Average shared text size (kbytes): 0
	Average unshared data size (kbytes): 0
	Average stack size (kbytes): 0
	Average total size (kbytes): 0
	Maximum resident set size (kbytes): 303724
	Average resident set size (kbytes): 0
	Major (requiring I/O) page faults: 0
	Minor (reclaiming a frame) page faults: 142958
	Voluntary context switches: 717
	Involuntary context switches: 55
	Swaps: 0
	File system inputs: 0
	File system outputs: 50016
	Socket messages sent: 0
	Socket messages received: 0
	Signals delivered: 0
	Page size (bytes): 4096
	Exit status: 0
