Running as unit: run-p72063-i94265.scope; invocation ID: 1b7f3a0c22f448e8aa2e3b189fca6e9a
Kani Rust Verifier 0.67.0 (cargo plugin)
   Compiling der-verified v0.1.1 (/home/ivo/repo/rs-verified-der/der-verified)
warning: Found the following unsupported constructs:
             - caller_location (1)
             - foreign function (1)
         
         Verification will fail if one or more of these constructs is reachable.
         See https://model-checking.github.io/kani/rust-feature-support.html for more details.

    Finished `dev` profile [unoptimized + debuginfo] target(s) in 0.62s
Checking harness utf8_string::proofs::validate_iff_std...
CBMC 6.8.0 (cbmc-6.8.0)
CBMC version 6.8.0 (cbmc-6.8.0) 64-bit x86_64 linux
Reading GOTO program from file /home/ivo/repo/rs-verified-der/target/kani/x86_64-unknown-linux-gnu/debug/deps/der_verified-a91cd0cf8f4722e8__RNvNtNtCs8Uhk9se0wUe_12der_verified11utf8_string6proofs16validate_iff_std.out
Generating GOTO Program
Adding CPROVER library (x86_64)
Removal of function pointers and virtual functions
Generic Property Instrumentation
Running with 16 object bits, 48 offset bits (user-specified)
Starting Bounded Model Checking
aborting path on assume(false) at file /home/runner/.rustup/toolchains/nightly-2025-11-21-x86_64-unknown-linux-gnu/lib/rustlib/src/rust/library/core/src/slice/index.rs line 49 column 9 function core::slice::index::slice_index_fail::do_panic::runtime thread 0
aborting path on assume(false) at file /home/runner/.rustup/toolchains/nightly-2025-11-21-x86_64-unknown-linux-gnu/lib/rustlib/src/rust/library/core/src/intrinsics/mod.rs line 2449 column 9 function core::slice::index::slice_index_fail::do_panic thread 0
aborting path on assume(false) at file /home/runner/.rustup/toolchains/nightly-2025-11-21-x86_64-unknown-linux-gnu/lib/rustlib/src/rust/library/core/src/panic.rs line 178 column 9 function core::slice::index::slice_index_fail thread 0
aborting path on assume(false) at file /home/runner/.rustup/toolchains/nightly-2025-11-21-x86_64-unknown-linux-gnu/lib/rustlib/src/rust/library/core/src/slice/index.rs line 68 column 5 function core::slice::index::slice_index_fail::do_panic::runtime thread 0
aborting path on assume(false) at file /home/runner/.rustup/toolchains/nightly-2025-11-21-x86_64-unknown-linux-gnu/lib/rustlib/src/rust/library/core/src/intrinsics/mod.rs line 2449 column 9 function core::slice::index::slice_index_fail::do_panic thread 0
aborting path on assume(false) at file /home/runner/.rustup/toolchains/nightly-2025-11-21-x86_64-unknown-linux-gnu/lib/rustlib/src/rust/library/core/src/panic.rs line 178 column 9 function core::slice::index::slice_index_fail thread 0
aborting path on assume(false) at file /home/runner/.rustup/toolchains/nightly-2025-11-21-x86_64-unknown-linux-gnu/lib/rustlib/src/rust/library/core/src/slice/index.rs line 443 column 13 function <std::ops::Range<usize> as std::slice::SliceIndex<[u8]>>::index thread 0
aborting path on assume(false) at file der-verified/src/utf8_string.rs line 126 column 25 function utf8_string::validate_utf8 thread 0
Unwinding loop _RNvNtCs8Uhk9se0wUe_12der_verified11utf8_string13validate_utf8.0 iteration 1 file der-verified/src/utf8_string.rs line 145 column 9 function utf8_string::validate_utf8 thread 0
Unwinding loop _RNvNtCs8Uhk9se0wUe_12der_verified11utf8_string13validate_utf8.0 iteration 2 file der-verified/src/utf8_string.rs line 145 column 9 function utf8_string::validate_utf8 thread 0
Unwinding loop _RNvNtCs8Uhk9se0wUe_12der_verified11utf8_string13validate_utf8.0 iteration 3 file der-verified/src/utf8_string.rs line 145 column 9 function utf8_string::validate_utf8 thread 0
Unwinding loop _RNvNtCs8Uhk9se0wUe_12der_verified11utf8_string13validate_utf8.0 iteration 4 file der-verified/src/utf8_string.rs line 145 column 9 function utf8_string::validate_utf8 thread 0
Unwinding loop _RNvNtCs8Uhk9se0wUe_12der_verified11utf8_string13validate_utf8.0 iteration 5 file der-verified/src/utf8_string.rs line 145 column 9 function utf8_string::validate_utf8 thread 0
Not unwinding loop _RNvNtCs8Uhk9se0wUe_12der_verified11utf8_string13validate_utf8.0 iteration 6 file der-verified/src/utf8_string.rs line 145 column 9 function utf8_string::validate_utf8 thread 0
Unwinding loop _RNvNtCs8Uhk9se0wUe_12der_verified11utf8_string13validate_utf8.1 iteration 1 file der-verified/src/lib.rs line 0 column 0 function utf8_string::validate_utf8 thread 0
aborting path on assume(false) at file der-verified/src/utf8_string.rs line 126 column 25 function utf8_string::validate_utf8 thread 0
Unwinding loop _RNvNtCs8Uhk9se0wUe_12der_verified11utf8_string13validate_utf8.0 iteration 1 file der-verified/src/utf8_string.rs line 145 column 9 function utf8_string::validate_utf8 thread 0
Unwinding loop _RNvNtCs8Uhk9se0wUe_12der_verified11utf8_string13validate_utf8.0 iteration 2 file der-verified/src/utf8_string.rs line 145 column 9 function utf8_string::validate_utf8 thread 0
Unwinding loop _RNvNtCs8Uhk9se0wUe_12der_verified11utf8_string13validate_utf8.0 iteration 3 file der-verified/src/utf8_string.rs line 145 column 9 function utf8_string::validate_utf8 thread 0
Unwinding loop _RNvNtCs8Uhk9se0wUe_12der_verified11utf8_string13validate_utf8.0 iteration 4 file der-verified/src/utf8_string.rs line 145 column 9 function utf8_string::validate_utf8 thread 0
Unwinding loop _RNvNtCs8Uhk9se0wUe_12der_verified11utf8_string13validate_utf8.0 iteration 5 file der-verified/src/utf8_string.rs line 145 column 9 function utf8_string::validate_utf8 thread 0
Not unwinding loop _RNvNtCs8Uhk9se0wUe_12der_verified11utf8_string13validate_utf8.0 iteration 6 file der-verified/src/utf8_string.rs line 145 column 9 function utf8_string::validate_utf8 thread 0
Unwinding loop _RNvNtCs8Uhk9se0wUe_12der_verified11utf8_string13validate_utf8.1 iteration 2 file der-verified/src/lib.rs line 0 column 0 function utf8_string::validate_utf8 thread 0
aborting path on assume(false) at file der-verified/src/utf8_string.rs line 126 column 25 function utf8_string::validate_utf8 thread 0
Unwinding loop _RNvNtCs8Uhk9se0wUe_12der_verified11utf8_string13validate_utf8.0 iteration 1 file der-verified/src/utf8_string.rs line 145 column 9 function utf8_string::validate_utf8 thread 0
Unwinding loop _RNvNtCs8Uhk9se0wUe_12der_verified11utf8_string13validate_utf8.0 iteration 2 file der-verified/src/utf8_string.rs line 145 column 9 function utf8_string::validate_utf8 thread 0
Unwinding loop _RNvNtCs8Uhk9se0wUe_12der_verified11utf8_string13validate_utf8.0 iteration 3 file der-verified/src/utf8_string.rs line 145 column 9 function utf8_string::validate_utf8 thread 0
Unwinding loop _RNvNtCs8Uhk9se0wUe_12der_verified11utf8_string13validate_utf8.0 iteration 4 file der-verified/src/utf8_string.rs line 145 column 9 function utf8_string::validate_utf8 thread 0
Unwinding loop _RNvNtCs8Uhk9se0wUe_12der_verified11utf8_string13validate_utf8.0 iteration 5 file der-verified/src/utf8_string.rs line 145 column 9 function utf8_string::validate_utf8 thread 0
Not unwinding loop _RNvNtCs8Uhk9se0wUe_12der_verified11utf8_string13validate_utf8.0 iteration 6 file der-verified/src/utf8_string.rs line 145 column 9 function utf8_string::validate_utf8 thread 0
Unwinding loop _RNvNtCs8Uhk9se0wUe_12der_verified11utf8_string13validate_utf8.1 iteration 3 file der-verified/src/lib.rs line 0 column 0 function utf8_string::validate_utf8 thread 0
aborting path on assume(false) at file der-verified/src/utf8_string.rs line 126 column 25 function utf8_string::validate_utf8 thread 0
Unwinding loop _RNvNtCs8Uhk9se0wUe_12der_verified11utf8_string13validate_utf8.0 iteration 1 file der-verified/src/utf8_string.rs line 145 column 9 function utf8_string::validate_utf8 thread 0
Unwinding loop _RNvNtCs8Uhk9se0wUe_12der_verified11utf8_string13validate_utf8.0 iteration 2 file der-verified/src/utf8_string.rs line 145 column 9 function utf8_string::validate_utf8 thread 0
Unwinding loop _RNvNtCs8Uhk9se0wUe_12der_verified11utf8_string13validate_utf8.0 iteration 3 file der-verified/src/utf8_string.rs line 145 column 9 function utf8_string::validate_utf8 thread 0
Unwinding loop _RNvNtCs8Uhk9se0wUe_12der_verified11utf8_string13validate_utf8.0 iteration 4 file der-verified/src/utf8_string.rs line 145 column 9 function utf8_string::validate_utf8 thread 0
Unwinding loop _RNvNtCs8Uhk9se0wUe_12der_verified11utf8_string13validate_utf8.0 iteration 5 file der-verified/src/utf8_string.rs line 145 column 9 function utf8_string::validate_utf8 thread 0
Not unwinding loop _RNvNtCs8Uhk9se0wUe_12der_verified11utf8_string13validate_utf8.0 iteration 6 file der-verified/src/utf8_string.rs line 145 column 9 function utf8_string::validate_utf8 thread 0
Unwinding loop _RNvNtCs8Uhk9se0wUe_12der_verified11utf8_string13validate_utf8.1 iteration 4 file der-verified/src/lib.rs line 0 column 0 function utf8_string::validate_utf8 thread 0
aborting path on assume(false) at file der-verified/src/utf8_string.rs line 126 column 25 function utf8_string::validate_utf8 thread 0
Unwinding loop _RNvNtCs8Uhk9se0wUe_12der_verified11utf8_string13validate_utf8.0 iteration 1 file der-verified/src/utf8_string.rs line 145 column 9 function utf8_string::validate_utf8 thread 0
Unwinding loop _RNvNtCs8Uhk9se0wUe_12der_verified11utf8_string13validate_utf8.0 iteration 2 file der-verified/src/utf8_string.rs line 145 column 9 function utf8_string::validate_utf8 thread 0
Unwinding loop _RNvNtCs8Uhk9se0wUe_12der_verified11utf8_string13validate_utf8.0 iteration 3 file der-verified/src/utf8_string.rs line 145 column 9 function utf8_string::validate_utf8 thread 0
Unwinding loop _RNvNtCs8Uhk9se0wUe_12der_verified11utf8_string13validate_utf8.0 iteration 4 file der-verified/src/utf8_string.rs line 145 column 9 function utf8_string::validate_utf8 thread 0
Unwinding loop _RNvNtCs8Uhk9se0wUe_12der_verified11utf8_string13validate_utf8.0 iteration 5 file der-verified/src/utf8_string.rs line 145 column 9 function utf8_string::validate_utf8 thread 0
Not unwinding loop _RNvNtCs8Uhk9se0wUe_12der_verified11utf8_string13validate_utf8.0 iteration 6 file der-verified/src/utf8_string.rs line 145 column 9 function utf8_string::validate_utf8 thread 0
Unwinding loop _RNvNtCs8Uhk9se0wUe_12der_verified11utf8_string13validate_utf8.1 iteration 5 file der-verified/src/lib.rs line 0 column 0 function utf8_string::validate_utf8 thread 0
aborting path on assume(false) at file der-verified/src/utf8_string.rs line 126 column 25 function utf8_string::validate_utf8 thread 0
Unwinding loop _RNvNtCs8Uhk9se0wUe_12der_verified11utf8_string13validate_utf8.0 iteration 1 file der-verified/src/utf8_string.rs line 145 column 9 function utf8_string::validate_utf8 thread 0
Unwinding loop _RNvNtCs8Uhk9se0wUe_12der_verified11utf8_string13validate_utf8.0 iteration 2 file der-verified/src/utf8_string.rs line 145 column 9 function utf8_string::validate_utf8 thread 0
Unwinding loop _RNvNtCs8Uhk9se0wUe_12der_verified11utf8_string13validate_utf8.0 iteration 3 file der-verified/src/utf8_string.rs line 145 column 9 function utf8_string::validate_utf8 thread 0
Unwinding loop _RNvNtCs8Uhk9se0wUe_12der_verified11utf8_string13validate_utf8.0 iteration 4 file der-verified/src/utf8_string.rs line 145 column 9 function utf8_string::validate_utf8 thread 0
Unwinding loop _RNvNtCs8Uhk9se0wUe_12der_verified11utf8_string13validate_utf8.0 iteration 5 file der-verified/src/utf8_string.rs line 145 column 9 function utf8_string::validate_utf8 thread 0
Not unwinding loop _RNvNtCs8Uhk9se0wUe_12der_verified11utf8_string13validate_utf8.0 iteration 6 file der-verified/src/utf8_string.rs line 145 column 9 function utf8_string::validate_utf8 thread 0
Not unwinding loop _RNvNtCs8Uhk9se0wUe_12der_verified11utf8_string13validate_utf8.1 iteration 6 file der-verified/src/lib.rs line 0 column 0 function utf8_string::validate_utf8 thread 0
aborting path on assume(false) at file /home/runner/.rustup/toolchains/nightly-2025-11-21-x86_64-unknown-linux-gnu/lib/rustlib/src/rust/library/core/src/slice/index.rs line 49 column 9 function core::slice::index::slice_index_fail::do_panic::runtime thread 0
aborting path on assume(false) at file /home/runner/.rustup/toolchains/nightly-2025-11-21-x86_64-unknown-linux-gnu/lib/rustlib/src/rust/library/core/src/intrinsics/mod.rs line 2449 column 9 function core::slice::index::slice_index_fail::do_panic thread 0
aborting path on assume(false) at file /home/runner/.rustup/toolchains/nightly-2025-11-21-x86_64-unknown-linux-gnu/lib/rustlib/src/rust/library/core/src/panic.rs line 178 column 9 function core::slice::index::slice_index_fail thread 0
aborting path on assume(false) at file /home/runner/.rustup/toolchains/nightly-2025-11-21-x86_64-unknown-linux-gnu/lib/rustlib/src/rust/library/core/src/slice/index.rs line 68 column 5 function core::slice::index::slice_index_fail::do_panic::runtime thread 0
aborting path on assume(false) at file /home/runner/.rustup/toolchains/nightly-2025-11-21-x86_64-unknown-linux-gnu/lib/rustlib/src/rust/library/core/src/intrinsics/mod.rs line 2449 column 9 function core::slice::index::slice_index_fail::do_panic thread 0
aborting path on assume(false) at file /home/runner/.rustup/toolchains/nightly-2025-11-21-x86_64-unknown-linux-gnu/lib/rustlib/src/rust/library/core/src/panic.rs line 178 column 9 function core::slice::index::slice_index_fail thread 0
aborting path on assume(false) at file /home/runner/.rustup/toolchains/nightly-2025-11-21-x86_64-unknown-linux-gnu/lib/rustlib/src/rust/library/core/src/slice/index.rs line 443 column 13 function <std::ops::Range<usize> as std::slice::SliceIndex<[u8]>>::index thread 0
Unwinding loop _RNvNtNtCsci0VKyKEi6N_4core3str11validations19run_utf8_validation.1 iteration 1 file /home/runner/.rustup/toolchains/nightly-2025-11-21-x86_64-unknown-linux-gnu/lib/rustlib/src/rust/library/core/src/str/validations.rs line 241 column 17 function core::str::validations::run_utf8_validation thread 0
Unwinding loop _RNvNtNtCsci0VKyKEi6N_4core3str11validations19run_utf8_validation.1 iteration 2 file /home/runner/.rustup/toolchains/nightly-2025-11-21-x86_64-unknown-linux-gnu/lib/rustlib/src/rust/library/core/src/str/validations.rs line 241 column 17 function core::str::validations::run_utf8_validation thread 0
Unwinding loop _RNvNtNtCsci0VKyKEi6N_4core3str11validations19run_utf8_validation.1 iteration 3 file /home/runner/.rustup/toolchains/nightly-2025-11-21-x86_64-unknown-linux-gnu/lib/rustlib/src/rust/library/core/src/str/validations.rs line 241 column 17 function core::str::validations::run_utf8_validation thread 0
Unwinding loop _RNvNtNtCsci0VKyKEi6N_4core3str11validations19run_utf8_validation.1 iteration 4 file /home/runner/.rustup/toolchains/nightly-2025-11-21-x86_64-unknown-linux-gnu/lib/rustlib/src/rust/library/core/src/str/validations.rs line 241 column 17 function core::str::validations::run_utf8_validation thread 0
Unwinding loop _RNvNtNtCsci0VKyKEi6N_4core3str11validations19run_utf8_validation.1 iteration 5 file /home/runner/.rustup/toolchains/nightly-2025-11-21-x86_64-unknown-linux-gnu/lib/rustlib/src/rust/library/core/src/str/validations.rs line 241 column 17 function core::str::validations::run_utf8_validation thread 0
Not unwinding loop _RNvNtNtCsci0VKyKEi6N_4core3str11validations19run_utf8_validation.1 iteration 6 file /home/runner/.rustup/toolchains/nightly-2025-11-21-x86_64-unknown-linux-gnu/lib/rustlib/src/rust/library/core/src/str/validations.rs line 241 column 17 function core::str::validations::run_utf8_validation thread 0
Unwinding loop _RNvNtNtCsci0VKyKEi6N_4core3str11validations19run_utf8_validation.2 iteration 1 file /home/runner/.rustup/toolchains/nightly-2025-11-21-x86_64-unknown-linux-gnu/lib/rustlib/src/rust/library/core/src/str/validations.rs line 145 column 5 function core::str::validations::run_utf8_validation thread 0
aborting path on assume(false) at file /home/runner/work/kani/kani/library/kani_core/src/models.rs line 176 column 17 function <usize as kani::rustc_intrinsics::ToISize>::to_isize thread 0
aborting path on assume(false) at file /home/runner/work/kani/kani/library/kani/src/lib.rs line 57 column 1 function <usize as kani::rustc_intrinsics::ToISize>::to_isize thread 0
aborting path on assume(false) at file /home/runner/work/kani/kani/library/kani/src/lib.rs line 57 column 1 function <usize as kani::rustc_intrinsics::ToISize>::to_isize thread 0
aborting path on assume(false) at file /home/runner/work/kani/kani/library/kani/src/lib.rs line 57 column 1 function kani::mem::cbmc::same_allocation thread 0
Unwinding loop _RNvNtNtCsci0VKyKEi6N_4core3str11validations19run_utf8_validation.0 iteration 1 file /home/runner/.rustup/toolchains/nightly-2025-11-21-x86_64-unknown-linux-gnu/lib/rustlib/src/rust/library/core/src/str/validations.rs line 224 column 17 function core::str::validations::run_utf8_validation thread 0
aborting path on assume(false) at file /home/runner/work/kani/kani/library/kani_core/src/models.rs line 176 column 17 function <usize as kani::rustc_intrinsics::ToISize>::to_isize thread 0
aborting path on assume(false) at file /home/runner/work/kani/kani/library/kani/src/lib.rs line 57 column 1 function <usize as kani::rustc_intrinsics::ToISize>::to_isize thread 0
aborting path on assume(false) at file /home/runner/work/kani/kani/library/kani/src/lib.rs line 57 column 1 function <usize as kani::rustc_intrinsics::ToISize>::to_isize thread 0
aborting path on assume(false) at file /home/runner/work/kani/kani/library/kani/src/lib.rs line 57 column 1 function kani::mem::cbmc::same_allocation thread 0
Unwinding loop _RNvNtNtCsci0VKyKEi6N_4core3str11validations19run_utf8_validation.0 iteration 2 file /home/runner/.rustup/toolchains/nightly-2025-11-21-x86_64-unknown-linux-gnu/lib/rustlib/src/rust/library/core/src/str/validations.rs line 224 column 17 function core::str::validations::run_utf8_validation thread 0
aborting path on assume(false) at file /home/runner/work/kani/kani/library/kani_core/src/models.rs line 176 column 17 function <usize as kani::rustc_intrinsics::ToISize>::to_isize thread 0
aborting path on assume(false) at file /home/runner/work/kani/kani/library/kani/src/lib.rs line 57 column 1 function <usize as kani::rustc_intrinsics::ToISize>::to_isize thread 0
aborting path on assume(false) at file /home/runner/work/kani/kani/library/kani/src/lib.rs line 57 column 1 function <usize as kani::rustc_intrinsics::ToISize>::to_isize thread 0
aborting path on assume(false) at file /home/runner/work/kani/kani/library/kani/src/lib.rs line 57 column 1 function kani::mem::cbmc::same_allocation thread 0
Unwinding loop _RNvNtNtCsci0VKyKEi6N_4core3str11validations19run_utf8_validation.0 iteration 3 file /home/runner/.rustup/toolchains/nightly-2025-11-21-x86_64-unknown-linux-gnu/lib/rustlib/src/rust/library/core/src/str/validations.rs line 224 column 17 function core::str::validations::run_utf8_validation thread 0
aborting path on assume(false) at file /home/runner/work/kani/kani/library/kani_core/src/models.rs line 176 column 17 function <usize as kani::rustc_intrinsics::ToISize>::to_isize thread 0
aborting path on assume(false) at file /home/runner/work/kani/kani/library/kani/src/lib.rs line 57 column 1 function <usize as kani::rustc_intrinsics::ToISize>::to_isize thread 0
aborting path on assume(false) at file /home/runner/work/kani/kani/library/kani/src/lib.rs line 57 column 1 function <usize as kani::rustc_intrinsics::ToISize>::to_isize thread 0
aborting path on assume(false) at file /home/runner/work/kani/kani/library/kani/src/lib.rs line 57 column 1 function kani::mem::cbmc::same_allocation thread 0
Unwinding loop _RNvNtNtCsci0VKyKEi6N_4core3str11validations19run_utf8_validation.0 iteration 4 file /home/runner/.rustup/toolchains/nightly-2025-11-21-x86_64-unknown-linux-gnu/lib/rustlib/src/rust/library/core/src/str/validations.rs line 224 column 17 function core::str::validations::run_utf8_validation thread 0
aborting path on assume(false) at file /home/runner/work/kani/kani/library/kani_core/src/models.rs line 176 column 17 function <usize as kani::rustc_intrinsics::ToISize>::to_isize thread 0
aborting path on assume(false) at file /home/runner/work/kani/kani/library/kani/src/lib.rs line 57 column 1 function <usize as kani::rustc_intrinsics::ToISize>::to_isize thread 0
aborting path on assume(false) at file /home/runner/work/kani/kani/library/kani/src/lib.rs line 57 column 1 function <usize as kani::rustc_intrinsics::ToISize>::to_isize thread 0
aborting path on assume(false) at file /home/runner/work/kani/kani/library/kani/src/lib.rs line 57 column 1 function kani::mem::cbmc::same_allocation thread 0
Unwinding loop _RNvNtNtCsci0VKyKEi6N_4core3str11validations19run_utf8_validation.0 iteration 5 file /home/runner/.rustup/toolchains/nightly-2025-11-21-x86_64-unknown-linux-gnu/lib/rustlib/src/rust/library/core/src/str/validations.rs line 224 column 17 function core::str::validations::run_utf8_validation thread 0
aborting path on assume(false) at file /home/runner/work/kani/kani/library/kani_core/src/models.rs line 176 column 17 function <usize as kani::rustc_intrinsics::ToISize>::to_isize thread 0
aborting path on assume(false) at file /home/runner/work/kani/kani/library/kani/src/lib.rs line 57 column 1 function <usize as kani::rustc_intrinsics::ToISize>::to_isize thread 0
aborting path on assume(false) at file /home/runner/work/kani/kani/library/kani/src/lib.rs line 57 column 1 function <usize as kani::rustc_intrinsics::ToISize>::to_isize thread 0
aborting path on assume(false) at file /home/runner/work/kani/kani/library/kani/src/lib.rs line 57 column 1 function kani::mem::cbmc::same_allocation thread 0
Not unwinding loop _RNvNtNtCsci0VKyKEi6N_4core3str11validations19run_utf8_validation.0 iteration 6 file /home/runner/.rustup/toolchains/nightly-2025-11-21-x86_64-unknown-linux-gnu/lib/rustlib/src/rust/library/core/src/str/validations.rs line 224 column 17 function core::str::validations::run_utf8_validation thread 0
Unwinding loop _RNvNtNtCsci0VKyKEi6N_4core3str11validations19run_utf8_validation.1 iteration 1 file /home/runner/.rustup/toolchains/nightly-2025-11-21-x86_64-unknown-linux-gnu/lib/rustlib/src/rust/library/core/src/str/validations.rs line 241 column 17 function core::str::validations::run_utf8_validation thread 0
Unwinding loop _RNvNtNtCsci0VKyKEi6N_4core3str11validations19run_utf8_validation.1 iteration 2 file /home/runner/.rustup/toolchains/nightly-2025-11-21-x86_64-unknown-linux-gnu/lib/rustlib/src/rust/library/core/src/str/validations.rs line 241 column 17 function core::str::validations::run_utf8_validation thread 0
Unwinding loop _RNvNtNtCsci0VKyKEi6N_4core3str11validations19run_utf8_validation.1 iteration 3 file /home/runner/.rustup/toolchains/nightly-2025-11-21-x86_64-unknown-linux-gnu/lib/rustlib/src/rust/library/core/src/str/validations.rs line 241 column 17 function core::str::validations::run_utf8_validation thread 0
Unwinding loop _RNvNtNtCsci0VKyKEi6N_4core3str11validations19run_utf8_validation.1 iteration 4 file /home/runner/.rustup/toolchains/nightly-2025-11-21-x86_64-unknown-linux-gnu/lib/rustlib/src/rust/library/core/src/str/validations.rs line 241 column 17 function core::str::validations::run_utf8_validation thread 0
Unwinding loop _RNvNtNtCsci0VKyKEi6N_4core3str11validations19run_utf8_validation.1 iteration 5 file /home/runner/.rustup/toolchains/nightly-2025-11-21-x86_64-unknown-linux-gnu/lib/rustlib/src/rust/library/core/src/str/validations.rs line 241 column 17 function core::str::validations::run_utf8_validation thread 0
Not unwinding loop _RNvNtNtCsci0VKyKEi6N_4core3str11validations19run_utf8_validation.1 iteration 6 file /home/runner/.rustup/toolchains/nightly-2025-11-21-x86_64-unknown-linux-gnu/lib/rustlib/src/rust/library/core/src/str/validations.rs line 241 column 17 function core::str::validations::run_utf8_validation thread 0
Unwinding loop _RNvNtNtCsci0VKyKEi6N_4core3str11validations19run_utf8_validation.2 iteration 2 file /home/runner/.rustup/toolchains/nightly-2025-11-21-x86_64-unknown-linux-gnu/lib/rustlib/src/rust/library/core/src/str/validations.rs line 145 column 5 function core::str::validations::run_utf8_validation thread 0
aborting path on assume(false) at file /home/runner/work/kani/kani/library/kani_core/src/models.rs line 176 column 17 function <usize as kani::rustc_intrinsics::ToISize>::to_isize thread 0
aborting path on assume(false) at file /home/runner/work/kani/kani/library/kani/src/lib.rs line 57 column 1 function <usize as kani::rustc_intrinsics::ToISize>::to_isize thread 0
aborting path on assume(false) at file /home/runner/work/kani/kani/library/kani/src/lib.rs line 57 column 1 function <usize as kani::rustc_intrinsics::ToISize>::to_isize thread 0
aborting path on assume(false) at file /home/runner/work/kani/kani/library/kani/src/lib.rs line 57 column 1 function kani::mem::cbmc::same_allocation thread 0
Unwinding loop _RNvNtNtCsci0VKyKEi6N_4core3str11validations19run_utf8_validation.0 iteration 1 file /home/runner/.rustup/toolchains/nightly-2025-11-21-x86_64-unknown-linux-gnu/lib/rustlib/src/rust/library/core/src/str/validations.rs line 224 column 17 function core::str::validations::run_utf8_validation thread 0
aborting path on assume(false) at file /home/runner/work/kani/kani/library/kani_core/src/models.rs line 176 column 17 function <usize as kani::rustc_intrinsics::ToISize>::to_isize thread 0
aborting path on assume(false) at file /home/runner/work/kani/kani/library/kani/src/lib.rs line 57 column 1 function <usize as kani::rustc_intrinsics::ToISize>::to_isize thread 0
aborting path on assume(false) at file /home/runner/work/kani/kani/library/kani/src/lib.rs line 57 column 1 function <usize as kani::rustc_intrinsics::ToISize>::to_isize thread 0
aborting path on assume(false) at file /home/runner/work/kani/kani/library/kani/src/lib.rs line 57 column 1 function kani::mem::cbmc::same_allocation thread 0
Unwinding loop _RNvNtNtCsci0VKyKEi6N_4core3str11validations19run_utf8_validation.0 iteration 2 file /home/runner/.rustup/toolchains/nightly-2025-11-21-x86_64-unknown-linux-gnu/lib/rustlib/src/rust/library/core/src/str/validations.rs line 224 column 17 function core::str::validations::run_utf8_validation thread 0
aborting path on assume(false) at file /home/runner/work/kani/kani/library/kani_core/src/models.rs line 176 column 17 function <usize as kani::rustc_intrinsics::ToISize>::to_isize thread 0
aborting path on assume(false) at file /home/runner/work/kani/kani/library/kani/src/lib.rs line 57 column 1 function <usize as kani::rustc_intrinsics::ToISize>::to_isize thread 0
aborting path on assume(false) at file /home/runner/work/kani/kani/library/kani/src/lib.rs line 57 column 1 function <usize as kani::rustc_intrinsics::ToISize>::to_isize thread 0
aborting path on assume(false) at file /home/runner/work/kani/kani/library/kani/src/lib.rs line 57 column 1 function kani::mem::cbmc::same_allocation thread 0
Unwinding loop _RNvNtNtCsci0VKyKEi6N_4core3str11validations19run_utf8_validation.0 iteration 3 file /home/runner/.rustup/toolchains/nightly-2025-11-21-x86_64-unknown-linux-gnu/lib/rustlib/src/rust/library/core/src/str/validations.rs line 224 column 17 function core::str::validations::run_utf8_validation thread 0
aborting path on assume(false) at file /home/runner/work/kani/kani/library/kani_core/src/models.rs line 176 column 17 function <usize as kani::rustc_intrinsics::ToISize>::to_isize thread 0
aborting path on assume(false) at file /home/runner/work/kani/kani/library/kani/src/lib.rs line 57 column 1 function <usize as kani::rustc_intrinsics::ToISize>::to_isize thread 0
aborting path on assume(false) at file /home/runner/work/kani/kani/library/kani/src/lib.rs line 57 column 1 function <usize as kani::rustc_intrinsics::ToISize>::to_isize thread 0
aborting path on assume(false) at file /home/runner/work/kani/kani/library/kani/src/lib.rs line 57 column 1 function kani::mem::cbmc::same_allocation thread 0
Unwinding loop _RNvNtNtCsci0VKyKEi6N_4core3str11validations19run_utf8_validation.0 iteration 4 file /home/runner/.rustup/toolchains/nightly-2025-11-21-x86_64-unknown-linux-gnu/lib/rustlib/src/rust/library/core/src/str/validations.rs line 224 column 17 function core::str::validations::run_utf8_validation thread 0
aborting path on assume(false) at file /home/runner/work/kani/kani/library/kani_core/src/models.rs line 176 column 17 function <usize as kani::rustc_intrinsics::ToISize>::to_isize thread 0
aborting path on assume(false) at file /home/runner/work/kani/kani/library/kani/src/lib.rs line 57 column 1 function <usize as kani::rustc_intrinsics::ToISize>::to_isize thread 0
aborting path on assume(false) at file /home/runner/work/kani/kani/library/kani/src/lib.rs line 57 column 1 function <usize as kani::rustc_intrinsics::ToISize>::to_isize thread 0
aborting path on assume(false) at file /home/runner/work/kani/kani/library/kani/src/lib.rs line 57 column 1 function kani::mem::cbmc::same_allocation thread 0
Unwinding loop _RNvNtNtCsci0VKyKEi6N_4core3str11validations19run_utf8_validation.0 iteration 5 file /home/runner/.rustup/toolchains/nightly-2025-11-21-x86_64-unknown-linux-gnu/lib/rustlib/src/rust/library/core/src/str/validations.rs line 224 column 17 function core::str::validations::run_utf8_validation thread 0
aborting path on assume(false) at file /home/runner/work/kani/kani/library/kani_core/src/models.rs line 176 column 17 function <usize as kani::rustc_intrinsics::ToISize>::to_isize thread 0
aborting path on assume(false) at file /home/runner/work/kani/kani/library/kani/src/lib.rs line 57 column 1 function <usize as kani::rustc_intrinsics::ToISize>::to_isize thread 0
aborting path on assume(false) at file /home/runner/work/kani/kani/library/kani/src/lib.rs line 57 column 1 function <usize as kani::rustc_intrinsics::ToISize>::to_isize thread 0
aborting path on assume(false) at file /home/runner/work/kani/kani/library/kani/src/lib.rs line 57 column 1 function kani::mem::cbmc::same_allocation thread 0
Not unwinding loop _RNvNtNtCsci0VKyKEi6N_4core3str11validations19run_utf8_validation.0 iteration 6 file /home/runner/.rustup/toolchains/nightly-2025-11-21-x86_64-unknown-linux-gnu/lib/rustlib/src/rust/library/core/src/str/validations.rs line 224 column 17 function core::str::validations::run_utf8_validation thread 0
Unwinding loop _RNvNtNtCsci0VKyKEi6N_4core3str11validations19run_utf8_validation.1 iteration 1 file /home/runner/.rustup/toolchains/nightly-2025-11-21-x86_64-unknown-linux-gnu/lib/rustlib/src/rust/library/core/src/str/validations.rs line 241 column 17 function core::str::validations::run_utf8_validation thread 0
Unwinding loop _RNvNtNtCsci0VKyKEi6N_4core3str11validations19run_utf8_validation.1 iteration 2 file /home/runner/.rustup/toolchains/nightly-2025-11-21-x86_64-unknown-linux-gnu/lib/rustlib/src/rust/library/core/src/str/validations.rs line 241 column 17 function core::str::validations::run_utf8_validation thread 0
Unwinding loop _RNvNtNtCsci0VKyKEi6N_4core3str11validations19run_utf8_validation.1 iteration 3 file /home/runner/.rustup/toolchains/nightly-2025-11-21-x86_64-unknown-linux-gnu/lib/rustlib/src/rust/library/core/src/str/validations.rs line 241 column 17 function core::str::validations::run_utf8_validation thread 0
Unwinding loop _RNvNtNtCsci0VKyKEi6N_4core3str11validations19run_utf8_validation.1 iteration 4 file /home/runner/.rustup/toolchains/nightly-2025-11-21-x86_64-unknown-linux-gnu/lib/rustlib/src/rust/library/core/src/str/validations.rs line 241 column 17 function core::str::validations::run_utf8_validation thread 0
Unwinding loop _RNvNtNtCsci0VKyKEi6N_4core3str11validations19run_utf8_validation.1 iteration 5 file /home/runner/.rustup/toolchains/nightly-2025-11-21-x86_64-unknown-linux-gnu/lib/rustlib/src/rust/library/core/src/str/validations.rs line 241 column 17 function core::str::validations::run_utf8_validation thread 0
Not unwinding loop _RNvNtNtCsci0VKyKEi6N_4core3str11validations19run_utf8_validation.1 iteration 6 file /home/runner/.rustup/toolchains/nightly-2025-11-21-x86_64-unknown-linux-gnu/lib/rustlib/src/rust/library/core/src/str/validations.rs line 241 column 17 function core::str::validations::run_utf8_validation thread 0
Unwinding loop _RNvNtNtCsci0VKyKEi6N_4core3str11validations19run_utf8_validation.2 iteration 3 file /home/runner/.rustup/toolchains/nightly-2025-11-21-x86_64-unknown-linux-gnu/lib/rustlib/src/rust/library/core/src/str/validations.rs line 145 column 5 function core::str::validations::run_utf8_validation thread 0
aborting path on assume(false) at file /home/runner/work/kani/kani/library/kani_core/src/models.rs line 176 column 17 function <usize as kani::rustc_intrinsics::ToISize>::to_isize thread 0
aborting path on assume(false) at file /home/runner/work/kani/kani/library/kani/src/lib.rs line 57 column 1 function <usize as kani::rustc_intrinsics::ToISize>::to_isize thread 0
aborting path on assume(false) at file /home/runner/work/kani/kani/library/kani/src/lib.rs line 57 column 1 function <usize as kani::rustc_intrinsics::ToISize>::to_isize thread 0
aborting path on assume(false) at file /home/runner/work/kani/kani/library/kani/src/lib.rs line 57 column 1 function kani::mem::cbmc::same_allocation thread 0
Unwinding loop _RNvNtNtCsci0VKyKEi6N_4core3str11validations19run_utf8_validation.0 iteration 1 file /home/runner/.rustup/toolchains/nightly-2025-11-21-x86_64-unknown-linux-gnu/lib/rustlib/src/rust/library/core/src/str/validations.rs line 224 column 17 function core::str::validations::run_utf8_validation thread 0
aborting path on assume(false) at file /home/runner/work/kani/kani/library/kani_core/src/models.rs line 176 column 17 function <usize as kani::rustc_intrinsics::ToISize>::to_isize thread 0
aborting path on assume(false) at file /home/runner/work/kani/kani/library/kani/src/lib.rs line 57 column 1 function <usize as kani::rustc_intrinsics::ToISize>::to_isize thread 0
aborting path on assume(false) at file /home/runner/work/kani/kani/library/kani/src/lib.rs line 57 column 1 function <usize as kani::rustc_intrinsics::ToISize>::to_isize thread 0
aborting path on assume(false) at file /home/runner/work/kani/kani/library/kani/src/lib.rs line 57 column 1 function kani::mem::cbmc::same_allocation thread 0
Unwinding loop _RNvNtNtCsci0VKyKEi6N_4core3str11validations19run_utf8_validation.0 iteration 2 file /home/runner/.rustup/toolchains/nightly-2025-11-21-x86_64-unknown-linux-gnu/lib/rustlib/src/rust/library/core/src/str/validations.rs line 224 column 17 function core::str::validations::run_utf8_validation thread 0
aborting path on assume(false) at file /home/runner/work/kani/kani/library/kani_core/src/models.rs line 176 column 17 function <usize as kani::rustc_intrinsics::ToISize>::to_isize thread 0
aborting path on assume(false) at file /home/runner/work/kani/kani/library/kani/src/lib.rs line 57 column 1 function <usize as kani::rustc_intrinsics::ToISize>::to_isize thread 0
aborting path on assume(false) at file /home/runner/work/kani/kani/library/kani/src/lib.rs line 57 column 1 function <usize as kani::rustc_intrinsics::ToISize>::to_isize thread 0
aborting path on assume(false) at file /home/runner/work/kani/kani/library/kani/src/lib.rs line 57 column 1 function kani::mem::cbmc::same_allocation thread 0
Unwinding loop _RNvNtNtCsci0VKyKEi6N_4core3str11validations19run_utf8_validation.0 iteration 3 file /home/runner/.rustup/toolchains/nightly-2025-11-21-x86_64-unknown-linux-gnu/lib/rustlib/src/rust/library/core/src/str/validations.rs line 224 column 17 function core::str::validations::run_utf8_validation thread 0
aborting path on assume(false) at file /home/runner/work/kani/kani/library/kani_core/src/models.rs line 176 column 17 function <usize as kani::rustc_intrinsics::ToISize>::to_isize thread 0
aborting path on assume(false) at file /home/runner/work/kani/kani/library/kani/src/lib.rs line 57 column 1 function <usize as kani::rustc_intrinsics::ToISize>::to_isize thread 0
aborting path on assume(false) at file /home/runner/work/kani/kani/library/kani/src/lib.rs line 57 column 1 function <usize as kani::rustc_intrinsics::ToISize>::to_isize thread 0
aborting path on assume(false) at file /home/runner/work/kani/kani/library/kani/src/lib.rs line 57 column 1 function kani::mem::cbmc::same_allocation thread 0
Unwinding loop _RNvNtNtCsci0VKyKEi6N_4core3str11validations19run_utf8_validation.0 iteration 4 file /home/runner/.rustup/toolchains/nightly-2025-11-21-x86_64-unknown-linux-gnu/lib/rustlib/src/rust/library/core/src/str/validations.rs line 224 column 17 function core::str::validations::run_utf8_validation thread 0
aborting path on assume(false) at file /home/runner/work/kani/kani/library/kani_core/src/models.rs line 176 column 17 function <usize as kani::rustc_intrinsics::ToISize>::to_isize thread 0
aborting path on assume(false) at file /home/runner/work/kani/kani/library/kani/src/lib.rs line 57 column 1 function <usize as kani::rustc_intrinsics::ToISize>::to_isize thread 0
aborting path on assume(false) at file /home/runner/work/kani/kani/library/kani/src/lib.rs line 57 column 1 function <usize as kani::rustc_intrinsics::ToISize>::to_isize thread 0
aborting path on assume(false) at file /home/runner/work/kani/kani/library/kani/src/lib.rs line 57 column 1 function kani::mem::cbmc::same_allocation thread 0
Unwinding loop _RNvNtNtCsci0VKyKEi6N_4core3str11validations19run_utf8_validation.0 iteration 5 file /home/runner/.rustup/toolchains/nightly-2025-11-21-x86_64-unknown-linux-gnu/lib/rustlib/src/rust/library/core/src/str/validations.rs line 224 column 17 function core::str::validations::run_utf8_validation thread 0
aborting path on assume(false) at file /home/runner/work/kani/kani/library/kani_core/src/models.rs line 176 column 17 function <usize as kani::rustc_intrinsics::ToISize>::to_isize thread 0
aborting path on assume(false) at file /home/runner/work/kani/kani/library/kani/src/lib.rs line 57 column 1 function <usize as kani::rustc_intrinsics::ToISize>::to_isize thread 0
aborting path on assume(false) at file /home/runner/work/kani/kani/library/kani/src/lib.rs line 57 column 1 function <usize as kani::rustc_intrinsics::ToISize>::to_isize thread 0
aborting path on assume(false) at file /home/runner/work/kani/kani/library/kani/src/lib.rs line 57 column 1 function kani::mem::cbmc::same_allocation thread 0
Not unwinding loop _RNvNtNtCsci0VKyKEi6N_4core3str11validations19run_utf8_validation.0 iteration 6 file /home/runner/.rustup/toolchains/nightly-2025-11-21-x86_64-unknown-linux-gnu/lib/rustlib/src/rust/library/core/src/str/validations.rs line 224 column 17 function core::str::validations::run_utf8_validation thread 0
Unwinding loop _RNvNtNtCsci0VKyKEi6N_4core3str11validations19run_utf8_validation.1 iteration 1 file /home/runner/.rustup/toolchains/nightly-2025-11-21-x86_64-unknown-linux-gnu/lib/rustlib/src/rust/library/core/src/str/validations.rs line 241 column 17 function core::str::validations::run_utf8_validation thread 0
Unwinding loop _RNvNtNtCsci0VKyKEi6N_4core3str11validations19run_utf8_validation.1 iteration 2 file /home/runner/.rustup/toolchains/nightly-2025-11-21-x86_64-unknown-linux-gnu/lib/rustlib/src/rust/library/core/src/str/validations.rs line 241 column 17 function core::str::validations::run_utf8_validation thread 0
Unwinding loop _RNvNtNtCsci0VKyKEi6N_4core3str11validations19run_utf8_validation.1 iteration 3 file /home/runner/.rustup/toolchains/nightly-2025-11-21-x86_64-unknown-linux-gnu/lib/rustlib/src/rust/library/core/src/str/validations.rs line 241 column 17 function core::str::validations::run_utf8_validation thread 0
Unwinding loop _RNvNtNtCsci0VKyKEi6N_4core3str11validations19run_utf8_validation.1 iteration 4 file /home/runner/.rustup/toolchains/nightly-2025-11-21-x86_64-unknown-linux-gnu/lib/rustlib/src/rust/library/core/src/str/validations.rs line 241 column 17 function core::str::validations::run_utf8_validation thread 0
Unwinding loop _RNvNtNtCsci0VKyKEi6N_4core3str11validations19run_utf8_validation.1 iteration 5 file /home/runner/.rustup/toolchains/nightly-2025-11-21-x86_64-unknown-linux-gnu/lib/rustlib/src/rust/library/core/src/str/validations.rs line 241 column 17 function core::str::validations::run_utf8_validation thread 0
Not unwinding loop _RNvNtNtCsci0VKyKEi6N_4core3str11validations19run_utf8_validation.1 iteration 6 file /home/runner/.rustup/toolchains/nightly-2025-11-21-x86_64-unknown-linux-gnu/lib/rustlib/src/rust/library/core/src/str/validations.rs line 241 column 17 function core::str::validations::run_utf8_validation thread 0
Unwinding loop _RNvNtNtCsci0VKyKEi6N_4core3str11validations19run_utf8_validation.2 iteration 4 file /home/runner/.rustup/toolchains/nightly-2025-11-21-x86_64-unknown-linux-gnu/lib/rustlib/src/rust/library/core/src/str/validations.rs line 145 column 5 function core::str::validations::run_utf8_validation thread 0
aborting path on assume(false) at file /home/runner/work/kani/kani/library/kani_core/src/models.rs line 176 column 17 function <usize as kani::rustc_intrinsics::ToISize>::to_isize thread 0
aborting path on assume(false) at file /home/runner/work/kani/kani/library/kani/src/lib.rs line 57 column 1 function <usize as kani::rustc_intrinsics::ToISize>::to_isize thread 0
aborting path on assume(false) at file /home/runner/work/kani/kani/library/kani/src/lib.rs line 57 column 1 function <usize as kani::rustc_intrinsics::ToISize>::to_isize thread 0
aborting path on assume(false) at file /home/runner/work/kani/kani/library/kani/src/lib.rs line 57 column 1 function kani::mem::cbmc::same_allocation thread 0
Unwinding loop _RNvNtNtCsci0VKyKEi6N_4core3str11validations19run_utf8_validation.0 iteration 1 file /home/runner/.rustup/toolchains/nightly-2025-11-21-x86_64-unknown-linux-gnu/lib/rustlib/src/rust/library/core/src/str/validations.rs line 224 column 17 function core::str::validations::run_utf8_validation thread 0
aborting path on assume(false) at file /home/runner/work/kani/kani/library/kani_core/src/models.rs line 176 column 17 function <usize as kani::rustc_intrinsics::ToISize>::to_isize thread 0
aborting path on assume(false) at file /home/runner/work/kani/kani/library/kani/src/lib.rs line 57 column 1 function <usize as kani::rustc_intrinsics::ToISize>::to_isize thread 0
aborting path on assume(false) at file /home/runner/work/kani/kani/library/kani/src/lib.rs line 57 column 1 function <usize as kani::rustc_intrinsics::ToISize>::to_isize thread 0
aborting path on assume(false) at file /home/runner/work/kani/kani/library/kani/src/lib.rs line 57 column 1 function kani::mem::cbmc::same_allocation thread 0
Unwinding loop _RNvNtNtCsci0VKyKEi6N_4core3str11validations19run_utf8_validation.0 iteration 2 file /home/runner/.rustup/toolchains/nightly-2025-11-21-x86_64-unknown-linux-gnu/lib/rustlib/src/rust/library/core/src/str/validations.rs line 224 column 17 function core::str::validations::run_utf8_validation thread 0
aborting path on assume(false) at file /home/runner/work/kani/kani/library/kani_core/src/models.rs line 176 column 17 function <usize as kani::rustc_intrinsics::ToISize>::to_isize thread 0
aborting path on assume(false) at file /home/runner/work/kani/kani/library/kani/src/lib.rs line 57 column 1 function <usize as kani::rustc_intrinsics::ToISize>::to_isize thread 0
aborting path on assume(false) at file /home/runner/work/kani/kani/library/kani/src/lib.rs line 57 column 1 function <usize as kani::rustc_intrinsics::ToISize>::to_isize thread 0
aborting path on assume(false) at file /home/runner/work/kani/kani/library/kani/src/lib.rs line 57 column 1 function kani::mem::cbmc::same_allocation thread 0
Unwinding loop _RNvNtNtCsci0VKyKEi6N_4core3str11validations19run_utf8_validation.0 iteration 3 file /home/runner/.rustup/toolchains/nightly-2025-11-21-x86_64-unknown-linux-gnu/lib/rustlib/src/rust/library/core/src/str/validations.rs line 224 column 17 function core::str::validations::run_utf8_validation thread 0
aborting path on assume(false) at file /home/runner/work/kani/kani/library/kani_core/src/models.rs line 176 column 17 function <usize as kani::rustc_intrinsics::ToISize>::to_isize thread 0
aborting path on assume(false) at file /home/runner/work/kani/kani/library/kani/src/lib.rs line 57 column 1 function <usize as kani::rustc_intrinsics::ToISize>::to_isize thread 0
aborting path on assume(false) at file /home/runner/work/kani/kani/library/kani/src/lib.rs line 57 column 1 function <usize as kani::rustc_intrinsics::ToISize>::to_isize thread 0
aborting path on assume(false) at file /home/runner/work/kani/kani/library/kani/src/lib.rs line 57 column 1 function kani::mem::cbmc::same_allocation thread 0
Unwinding loop _RNvNtNtCsci0VKyKEi6N_4core3str11validations19run_utf8_validation.0 iteration 4 file /home/runner/.rustup/toolchains/nightly-2025-11-21-x86_64-unknown-linux-gnu/lib/rustlib/src/rust/library/core/src/str/validations.rs line 224 column 17 function core::str::validations::run_utf8_validation thread 0
aborting path on assume(false) at file /home/runner/work/kani/kani/library/kani_core/src/models.rs line 176 column 17 function <usize as kani::rustc_intrinsics::ToISize>::to_isize thread 0
aborting path on assume(false) at file /home/runner/work/kani/kani/library/kani/src/lib.rs line 57 column 1 function <usize as kani::rustc_intrinsics::ToISize>::to_isize thread 0
aborting path on assume(false) at file /home/runner/work/kani/kani/library/kani/src/lib.rs line 57 column 1 function <usize as kani::rustc_intrinsics::ToISize>::to_isize thread 0
aborting path on assume(false) at file /home/runner/work/kani/kani/library/kani/src/lib.rs line 57 column 1 function kani::mem::cbmc::same_allocation thread 0
Unwinding loop _RNvNtNtCsci0VKyKEi6N_4core3str11validations19run_utf8_validation.0 iteration 5 file /home/runner/.rustup/toolchains/nightly-2025-11-21-x86_64-unknown-linux-gnu/lib/rustlib/src/rust/library/core/src/str/validations.rs line 224 column 17 function core::str::validations::run_utf8_validation thread 0
aborting path on assume(false) at file /home/runner/work/kani/kani/library/kani_core/src/models.rs line 176 column 17 function <usize as kani::rustc_intrinsics::ToISize>::to_isize thread 0
aborting path on assume(false) at file /home/runner/work/kani/kani/library/kani/src/lib.rs line 57 column 1 function <usize as kani::rustc_intrinsics::ToISize>::to_isize thread 0
aborting path on assume(false) at file /home/runner/work/kani/kani/library/kani/src/lib.rs line 57 column 1 function <usize as kani::rustc_intrinsics::ToISize>::to_isize thread 0
aborting path on assume(false) at file /home/runner/work/kani/kani/library/kani/src/lib.rs line 57 column 1 function kani::mem::cbmc::same_allocation thread 0
Not unwinding loop _RNvNtNtCsci0VKyKEi6N_4core3str11validations19run_utf8_validation.0 iteration 6 file /home/runner/.rustup/toolchains/nightly-2025-11-21-x86_64-unknown-linux-gnu/lib/rustlib/src/rust/library/core/src/str/validations.rs line 224 column 17 function core::str::validations::run_utf8_validation thread 0
Unwinding loop _RNvNtNtCsci0VKyKEi6N_4core3str11validations19run_utf8_validation.1 iteration 1 file /home/runner/.rustup/toolchains/nightly-2025-11-21-x86_64-unknown-linux-gnu/lib/rustlib/src/rust/library/core/src/str/validations.rs line 241 column 17 function core::str::validations::run_utf8_validation thread 0
Unwinding loop _RNvNtNtCsci0VKyKEi6N_4core3str11validations19run_utf8_validation.1 iteration 2 file /home/runner/.rustup/toolchains/nightly-2025-11-21-x86_64-unknown-linux-gnu/lib/rustlib/src/rust/library/core/src/str/validations.rs line 241 column 17 function core::str::validations::run_utf8_validation thread 0
Unwinding loop _RNvNtNtCsci0VKyKEi6N_4core3str11validations19run_utf8_validation.1 iteration 3 file /home/runner/.rustup/toolchains/nightly-2025-11-21-x86_64-unknown-linux-gnu/lib/rustlib/src/rust/library/core/src/str/validations.rs line 241 column 17 function core::str::validations::run_utf8_validation thread 0
Unwinding loop _RNvNtNtCsci0VKyKEi6N_4core3str11validations19run_utf8_validation.1 iteration 4 file /home/runner/.rustup/toolchains/nightly-2025-11-21-x86_64-unknown-linux-gnu/lib/rustlib/src/rust/library/core/src/str/validations.rs line 241 column 17 function core::str::validations::run_utf8_validation thread 0
Unwinding loop _RNvNtNtCsci0VKyKEi6N_4core3str11validations19run_utf8_validation.1 iteration 5 file /home/runner/.rustup/toolchains/nightly-2025-11-21-x86_64-unknown-linux-gnu/lib/rustlib/src/rust/library/core/src/str/validations.rs line 241 column 17 function core::str::validations::run_utf8_validation thread 0
Not unwinding loop _RNvNtNtCsci0VKyKEi6N_4core3str11validations19run_utf8_validation.1 iteration 6 file /home/runner/.rustup/toolchains/nightly-2025-11-21-x86_64-unknown-linux-gnu/lib/rustlib/src/rust/library/core/src/str/validations.rs line 241 column 17 function core::str::validations::run_utf8_validation thread 0
Unwinding loop _RNvNtNtCsci0VKyKEi6N_4core3str11validations19run_utf8_validation.2 iteration 5 file /home/runner/.rustup/toolchains/nightly-2025-11-21-x86_64-unknown-linux-gnu/lib/rustlib/src/rust/library/core/src/str/validations.rs line 145 column 5 function core::str::validations::run_utf8_validation thread 0
aborting path on assume(false) at file /home/runner/work/kani/kani/library/kani_core/src/models.rs line 176 column 17 function <usize as kani::rustc_intrinsics::ToISize>::to_isize thread 0
aborting path on assume(false) at file /home/runner/work/kani/kani/library/kani/src/lib.rs line 57 column 1 function <usize as kani::rustc_intrinsics::ToISize>::to_isize thread 0
aborting path on assume(false) at file /home/runner/work/kani/kani/library/kani/src/lib.rs line 57 column 1 function <usize as kani::rustc_intrinsics::ToISize>::to_isize thread 0
aborting path on assume(false) at file /home/runner/work/kani/kani/library/kani/src/lib.rs line 57 column 1 function kani::mem::cbmc::same_allocation thread 0
Unwinding loop _RNvNtNtCsci0VKyKEi6N_4core3str11validations19run_utf8_validation.0 iteration 1 file /home/runner/.rustup/toolchains/nightly-2025-11-21-x86_64-unknown-linux-gnu/lib/rustlib/src/rust/library/core/src/str/validations.rs line 224 column 17 function core::str::validations::run_utf8_validation thread 0
aborting path on assume(false) at file /home/runner/work/kani/kani/library/kani_core/src/models.rs line 176 column 17 function <usize as kani::rustc_intrinsics::ToISize>::to_isize thread 0
aborting path on assume(false) at file /home/runner/work/kani/kani/library/kani/src/lib.rs line 57 column 1 function <usize as kani::rustc_intrinsics::ToISize>::to_isize thread 0
aborting path on assume(false) at file /home/runner/work/kani/kani/library/kani/src/lib.rs line 57 column 1 function <usize as kani::rustc_intrinsics::ToISize>::to_isize thread 0
aborting path on assume(false) at file /home/runner/work/kani/kani/library/kani/src/lib.rs line 57 column 1 function kani::mem::cbmc::same_allocation thread 0
Unwinding loop _RNvNtNtCsci0VKyKEi6N_4core3str11validations19run_utf8_validation.0 iteration 2 file /home/runner/.rustup/toolchains/nightly-2025-11-21-x86_64-unknown-linux-gnu/lib/rustlib/src/rust/library/core/src/str/validations.rs line 224 column 17 function core::str::validations::run_utf8_validation thread 0
aborting path on assume(false) at file /home/runner/work/kani/kani/library/kani_core/src/models.rs line 176 column 17 function <usize as kani::rustc_intrinsics::ToISize>::to_isize thread 0
aborting path on assume(false) at file /home/runner/work/kani/kani/library/kani/src/lib.rs line 57 column 1 function <usize as kani::rustc_intrinsics::ToISize>::to_isize thread 0
aborting path on assume(false) at file /home/runner/work/kani/kani/library/kani/src/lib.rs line 57 column 1 function <usize as kani::rustc_intrinsics::ToISize>::to_isize thread 0
aborting path on assume(false) at file /home/runner/work/kani/kani/library/kani/src/lib.rs line 57 column 1 function kani::mem::cbmc::same_allocation thread 0
Unwinding loop _RNvNtNtCsci0VKyKEi6N_4core3str11validations19run_utf8_validation.0 iteration 3 file /home/runner/.rustup/toolchains/nightly-2025-11-21-x86_64-unknown-linux-gnu/lib/rustlib/src/rust/library/core/src/str/validations.rs line 224 column 17 function core::str::validations::run_utf8_validation thread 0
aborting path on assume(false) at file /home/runner/work/kani/kani/library/kani_core/src/models.rs line 176 column 17 function <usize as kani::rustc_intrinsics::ToISize>::to_isize thread 0
aborting path on assume(false) at file /home/runner/work/kani/kani/library/kani/src/lib.rs line 57 column 1 function <usize as kani::rustc_intrinsics::ToISize>::to_isize thread 0
aborting path on assume(false) at file /home/runner/work/kani/kani/library/kani/src/lib.rs line 57 column 1 function <usize as kani::rustc_intrinsics::ToISize>::to_isize thread 0
aborting path on assume(false) at file /home/runner/work/kani/kani/library/kani/src/lib.rs line 57 column 1 function kani::mem::cbmc::same_allocation thread 0
Unwinding loop _RNvNtNtCsci0VKyKEi6N_4core3str11validations19run_utf8_validation.0 iteration 4 file /home/runner/.rustup/toolchains/nightly-2025-11-21-x86_64-unknown-linux-gnu/lib/rustlib/src/rust/library/core/src/str/validations.rs line 224 column 17 function core::str::validations::run_utf8_validation thread 0
aborting path on assume(false) at file /home/runner/work/kani/kani/library/kani_core/src/models.rs line 176 column 17 function <usize as kani::rustc_intrinsics::ToISize>::to_isize thread 0
aborting path on assume(false) at file /home/runner/work/kani/kani/library/kani/src/lib.rs line 57 column 1 function <usize as kani::rustc_intrinsics::ToISize>::to_isize thread 0
aborting path on assume(false) at file /home/runner/work/kani/kani/library/kani/src/lib.rs line 57 column 1 function <usize as kani::rustc_intrinsics::ToISize>::to_isize thread 0
aborting path on assume(false) at file /home/runner/work/kani/kani/library/kani/src/lib.rs line 57 column 1 function kani::mem::cbmc::same_allocation thread 0
Unwinding loop _RNvNtNtCsci0VKyKEi6N_4core3str11validations19run_utf8_validation.0 iteration 5 file /home/runner/.rustup/toolchains/nightly-2025-11-21-x86_64-unknown-linux-gnu/lib/rustlib/src/rust/library/core/src/str/validations.rs line 224 column 17 function core::str::validations::run_utf8_validation thread 0
aborting path on assume(false) at file /home/runner/work/kani/kani/library/kani_core/src/models.rs line 176 column 17 function <usize as kani::rustc_intrinsics::ToISize>::to_isize thread 0
aborting path on assume(false) at file /home/runner/work/kani/kani/library/kani/src/lib.rs line 57 column 1 function <usize as kani::rustc_intrinsics::ToISize>::to_isize thread 0
aborting path on assume(false) at file /home/runner/work/kani/kani/library/kani/src/lib.rs line 57 column 1 function <usize as kani::rustc_intrinsics::ToISize>::to_isize thread 0
aborting path on assume(false) at file /home/runner/work/kani/kani/library/kani/src/lib.rs line 57 column 1 function kani::mem::cbmc::same_allocation thread 0
Not unwinding loop _RNvNtNtCsci0VKyKEi6N_4core3str11validations19run_utf8_validation.0 iteration 6 file /home/runner/.rustup/toolchains/nightly-2025-11-21-x86_64-unknown-linux-gnu/lib/rustlib/src/rust/library/core/src/str/validations.rs line 224 column 17 function core::str::validations::run_utf8_validation thread 0
Unwinding loop _RNvNtNtCsci0VKyKEi6N_4core3str11validations19run_utf8_validation.1 iteration 1 file /home/runner/.rustup/toolchains/nightly-2025-11-21-x86_64-unknown-linux-gnu/lib/rustlib/src/rust/library/core/src/str/validations.rs line 241 column 17 function core::str::validations::run_utf8_validation thread 0
Unwinding loop _RNvNtNtCsci0VKyKEi6N_4core3str11validations19run_utf8_validation.1 iteration 2 file /home/runner/.rustup/toolchains/nightly-2025-11-21-x86_64-unknown-linux-gnu/lib/rustlib/src/rust/library/core/src/str/validations.rs line 241 column 17 function core::str::validations::run_utf8_validation thread 0
Unwinding loop _RNvNtNtCsci0VKyKEi6N_4core3str11validations19run_utf8_validation.1 iteration 3 file /home/runner/.rustup/toolchains/nightly-2025-11-21-x86_64-unknown-linux-gnu/lib/rustlib/src/rust/library/core/src/str/validations.rs line 241 column 17 function core::str::validations::run_utf8_validation thread 0
Unwinding loop _RNvNtNtCsci0VKyKEi6N_4core3str11validations19run_utf8_validation.1 iteration 4 file /home/runner/.rustup/toolchains/nightly-2025-11-21-x86_64-unknown-linux-gnu/lib/rustlib/src/rust/library/core/src/str/validations.rs line 241 column 17 function core::str::validations::run_utf8_validation thread 0
Unwinding loop _RNvNtNtCsci0VKyKEi6N_4core3str11validations19run_utf8_validation.1 iteration 5 file /home/runner/.rustup/toolchains/nightly-2025-11-21-x86_64-unknown-linux-gnu/lib/rustlib/src/rust/library/core/src/str/validations.rs line 241 column 17 function core::str::validations::run_utf8_validation thread 0
Not unwinding loop _RNvNtNtCsci0VKyKEi6N_4core3str11validations19run_utf8_validation.1 iteration 6 file /home/runner/.rustup/toolchains/nightly-2025-11-21-x86_64-unknown-linux-gnu/lib/rustlib/src/rust/library/core/src/str/validations.rs line 241 column 17 function core::str::validations::run_utf8_validation thread 0
Not unwinding loop _RNvNtNtCsci0VKyKEi6N_4core3str11validations19run_utf8_validation.2 iteration 6 file /home/runner/.rustup/toolchains/nightly-2025-11-21-x86_64-unknown-linux-gnu/lib/rustlib/src/rust/library/core/src/str/validations.rs line 145 column 5 function core::str::validations::run_utf8_validation thread 0
aborting path on assume(false) at file /home/runner/.rustup/toolchains/nightly-2025-11-21-x86_64-unknown-linux-gnu/lib/rustlib/src/rust/library/core/src/str/converts.rs line 91 column 11 function std::str::from_utf8 thread 0
Runtime Symex: 1.94428s
size of program expression: 90473 steps
slicing removed 73359 assignments
Generated 2493 VCC(s), 1197 remaining after simplification
Runtime Postprocess Equation: 0.0449324s
Passing problem to propositional reduction
converting SSA
Runtime Convert SSA: 0.140453s
Running propositional reduction
Post-processing
Runtime Post-process: 0.0096761s
Solving with CaDiCaL 2.0.0
203227 variables, 605243 clauses
SAT checker: instance is SATISFIABLE
Runtime Solver: 0.0478552s
Runtime decision procedure: 0.191302s
Running propositional reduction
Solving with CaDiCaL 2.0.0
203228 variables, 605244 clauses
SAT checker: instance is SATISFIABLE
Runtime Solver: 0.0616849s
Runtime decision procedure: 0.0627142s
Running propositional reduction
Solving with CaDiCaL 2.0.0
203229 variables, 605245 clauses
SAT checker: instance is SATISFIABLE
Runtime Solver: 0.0506716s
Runtime decision procedure: 0.0517053s
Running propositional reduction
Solving with CaDiCaL 2.0.0
203230 variables, 605246 clauses
SAT checker: instance is SATISFIABLE
Runtime Solver: 0.00772766s
Runtime decision procedure: 0.00836742s
Running propositional reduction
Solving with CaDiCaL 2.0.0
203231 variables, 605247 clauses
SAT checker: instance is SATISFIABLE
Runtime Solver: 0.00760461s
Runtime decision procedure: 0.00820758s
Running propositional reduction
Solving with CaDiCaL 2.0.0
203232 variables, 605248 clauses
SAT checker: instance is SATISFIABLE
Runtime Solver: 0.0159971s
Runtime decision procedure: 0.0168338s
Running propositional reduction
Solving with CaDiCaL 2.0.0
203233 variables, 605249 clauses
SAT checker: instance is SATISFIABLE
Runtime Solver: 0.0167433s
Runtime decision procedure: 0.0176267s
Running propositional reduction
Solving with CaDiCaL 2.0.0
203234 variables, 605250 clauses
SAT checker: instance is SATISFIABLE
Runtime Solver: 0.0277685s
Runtime decision procedure: 0.0287371s
Running propositional reduction
Solving with CaDiCaL 2.0.0
203235 variables, 605251 clauses
SAT checker: instance is SATISFIABLE
Runtime Solver: 0.00855028s
Runtime decision procedure: 0.00930451s
Running propositional reduction
Solving with CaDiCaL 2.0.0
203236 variables, 605252 clauses
SAT checker: instance is SATISFIABLE
Runtime Solver: 0.0736499s
Runtime decision procedure: 0.0743491s
Running propositional reduction
Solving with CaDiCaL 2.0.0
203237 variables, 605253 clauses
SAT checker: instance is SATISFIABLE
Runtime Solver: 0.0147584s
Runtime decision procedure: 0.0158017s
Running propositional reduction
Solving with CaDiCaL 2.0.0
203238 variables, 605254 clauses
SAT checker: instance is SATISFIABLE
Runtime Solver: 0.0317064s
Runtime decision procedure: 0.0325923s
Running propositional reduction
Solving with CaDiCaL 2.0.0
203239 variables, 605255 clauses
SAT checker: instance is SATISFIABLE
Runtime Solver: 0.0394551s
Runtime decision procedure: 0.0400452s
Running propositional reduction
Solving with CaDiCaL 2.0.0
203240 variables, 605256 clauses
SAT checker: instance is SATISFIABLE
Runtime Solver: 0.0051791s
Runtime decision procedure: 0.00595683s
Running propositional reduction
Solving with CaDiCaL 2.0.0
203241 variables, 605257 clauses
SAT checker: instance is SATISFIABLE
Runtime Solver: 0.076397s
Runtime decision procedure: 0.0770381s
Running propositional reduction
Solving with CaDiCaL 2.0.0
203242 variables, 605258 clauses
SAT checker: instance is UNSATISFIABLE
Runtime Solver: 0.16671s
Runtime decision procedure: 0.167348s

RESULTS:
Check 1: core::str::utf8_char_width.assertion.1
	 - Status: SUCCESS
	 - Description: "index out of bounds: the length is less than or equal to the given index"
	 - Location: ../../../runner/.rustup/toolchains/nightly-2025-11-21-x86_64-unknown-linux-gnu/lib/rustlib/src/rust/library/core/src/str/validations.rs:279:5 in function core::str::utf8_char_width

Check 2: std::ptr::align_offset::mod_inv.arithmetic_overflow.1
	 - Status: SUCCESS
	 - Description: "attempt to compute `unchecked_sub` which would overflow"
	 - Location: ../../../runner/.rustup/toolchains/nightly-2025-11-21-x86_64-unknown-linux-gnu/lib/rustlib/src/rust/library/core/src/ptr/mod.rs:2218:36 in function std::ptr::align_offset::mod_inv

Check 3: std::ptr::align_offset::mod_inv.assertion.1
	 - Status: UNREACHABLE
	 - Description: "attempt to subtract with overflow"
	 - Location: ../../../runner/.rustup/toolchains/nightly-2025-11-21-x86_64-unknown-linux-gnu/lib/rustlib/src/rust/library/core/src/ptr/mod.rs:2219:49 in function std::ptr::align_offset::mod_inv

Check 4: std::ptr::align_offset::mod_inv.assertion.2
	 - Status: UNREACHABLE
	 - Description: "attempt to shift right with overflow"
	 - Location: ../../../runner/.rustup/toolchains/nightly-2025-11-21-x86_64-unknown-linux-gnu/lib/rustlib/src/rust/library/core/src/ptr/mod.rs:2219:44 in function std::ptr::align_offset::mod_inv

Check 5: std::ptr::align_offset::mod_inv.assertion.3
	 - Status: UNREACHABLE
	 - Description: "index out of bounds: the length is less than or equal to the given index"
	 - Location: ../../../runner/.rustup/toolchains/nightly-2025-11-21-x86_64-unknown-linux-gnu/lib/rustlib/src/rust/library/core/src/ptr/mod.rs:2219:27 in function std::ptr::align_offset::mod_inv

Check 6: <std::ops::RangeInclusive<u32> as std::ops::RangeBounds<u32>>::contains::<u32>.unreachable.1
	 - Status: SUCCESS
	 - Description: "unreachable code"
	 - Location: der-verified/src/lib.rs:0:0 in function <std::ops::RangeInclusive<u32> as std::ops::RangeBounds<u32>>::contains::<u32>

Check 7: utf8_string::proofs::validate_iff_std.assertion.1
	 - Status: SUCCESS
	 - Description: "assertion failed: validate_utf8(&buf[..n]).is_ok() == core::str::from_utf8(&buf[..n]).is_ok()"
	 - Location: der-verified/src/utf8_string.rs:359:9 in function utf8_string::proofs::validate_iff_std

Check 8: core::slice::index::slice_index_fail::do_panic::runtime.assertion.1
	 - Status: SUCCESS
	 - Description: "This is a placeholder message; Kani doesn't support message formatted at runtime"
	 - Location: ../../../runner/.rustup/toolchains/nightly-2025-11-21-x86_64-unknown-linux-gnu/lib/rustlib/src/rust/library/core/src/slice/index.rs:68:5 in function core::slice::index::slice_index_fail::do_panic::runtime

Check 9: core::slice::index::slice_index_fail::do_panic::runtime.assertion.2
	 - Status: SUCCESS
	 - Description: "This is a placeholder message; Kani doesn't support message formatted at runtime"
	 - Location: ../../../runner/.rustup/toolchains/nightly-2025-11-21-x86_64-unknown-linux-gnu/lib/rustlib/src/rust/library/core/src/slice/index.rs:40:9 in function core::slice::index::slice_index_fail::do_panic::runtime

Check 10: kani::mem::cbmc::same_allocation.unsupported_construct.1
	 - Status: SUCCESS
	 - Description: "Kani does not support reasoning about pointer to unallocated memory"
	 - Location: ../../../runner/work/kani/kani/library/kani/src/lib.rs:57:1 in function kani::mem::cbmc::same_allocation

Check 11: std::str::from_utf8.unreachable.1
	 - Status: SUCCESS
	 - Description: "unreachable code"
	 - Location: ../../../runner/.rustup/toolchains/nightly-2025-11-21-x86_64-unknown-linux-gnu/lib/rustlib/src/rust/library/core/src/str/converts.rs:91:11 in function std::str::from_utf8

Check 12: core::str::validations::run_utf8_validation.assertion.1
	 - Status: SUCCESS
	 - Description: "attempt to multiply with overflow"
	 - Location: ../../../runner/.rustup/toolchains/nightly-2025-11-21-x86_64-unknown-linux-gnu/lib/rustlib/src/rust/library/core/src/str/validations.rs:132:28 in function core::str::validations::run_utf8_validation

Check 13: core::str::validations::run_utf8_validation.assertion.2
	 - Status: UNREACHABLE
	 - Description: "attempt to subtract with overflow"
	 - Location: ../../../runner/.rustup/toolchains/nightly-2025-11-21-x86_64-unknown-linux-gnu/lib/rustlib/src/rust/library/core/src/str/validations.rs:133:51 in function core::str::validations::run_utf8_validation

Check 14: core::str::validations::run_utf8_validation.assertion.3
	 - Status: UNREACHABLE
	 - Description: "attempt to add with overflow"
	 - Location: ../../../runner/.rustup/toolchains/nightly-2025-11-21-x86_64-unknown-linux-gnu/lib/rustlib/src/rust/library/core/src/str/validations.rs:133:51 in function core::str::validations::run_utf8_validation

Check 15: core::str::validations::run_utf8_validation.assertion.4
	 - Status: SUCCESS
	 - Description: "index out of bounds: the length is less than or equal to the given index"
	 - Location: ../../../runner/.rustup/toolchains/nightly-2025-11-21-x86_64-unknown-linux-gnu/lib/rustlib/src/rust/library/core/src/str/validations.rs:164:21 in function core::str::validations::run_utf8_validation

Check 16: core::str::validations::run_utf8_validation.assertion.5
	 - Status: SUCCESS
	 - Description: "attempt to add with overflow"
	 - Location: ../../../runner/.rustup/toolchains/nightly-2025-11-21-x86_64-unknown-linux-gnu/lib/rustlib/src/rust/library/core/src/str/validations.rs:155:17 in function core::str::validations::run_utf8_validation

Check 17: core::str::validations::run_utf8_validation.assertion.6
	 - Status: SUCCESS
	 - Description: "index out of bounds: the length is less than or equal to the given index"
	 - Location: ../../../runner/.rustup/toolchains/nightly-2025-11-21-x86_64-unknown-linux-gnu/lib/rustlib/src/rust/library/core/src/str/validations.rs:160:17 in function core::str::validations::run_utf8_validation

Check 18: core::str::validations::run_utf8_validation.assertion.7
	 - Status: SUCCESS
	 - Description: "attempt to add with overflow"
	 - Location: ../../../runner/.rustup/toolchains/nightly-2025-11-21-x86_64-unknown-linux-gnu/lib/rustlib/src/rust/library/core/src/str/validations.rs:155:17 in function core::str::validations::run_utf8_validation

Check 19: core::str::validations::run_utf8_validation.assertion.8
	 - Status: SUCCESS
	 - Description: "index out of bounds: the length is less than or equal to the given index"
	 - Location: ../../../runner/.rustup/toolchains/nightly-2025-11-21-x86_64-unknown-linux-gnu/lib/rustlib/src/rust/library/core/src/str/validations.rs:160:17 in function core::str::validations::run_utf8_validation

Check 20: core::str::validations::run_utf8_validation.assertion.9
	 - Status: SUCCESS
	 - Description: "attempt to add with overflow"
	 - Location: ../../../runner/.rustup/toolchains/nightly-2025-11-21-x86_64-unknown-linux-gnu/lib/rustlib/src/rust/library/core/src/str/validations.rs:155:17 in function core::str::validations::run_utf8_validation

Check 21: core::str::validations::run_utf8_validation.assertion.10
	 - Status: SUCCESS
	 - Description: "index out of bounds: the length is less than or equal to the given index"
	 - Location: ../../../runner/.rustup/toolchains/nightly-2025-11-21-x86_64-unknown-linux-gnu/lib/rustlib/src/rust/library/core/src/str/validations.rs:160:17 in function core::str::validations::run_utf8_validation

Check 22: core::str::validations::run_utf8_validation.assertion.11
	 - Status: SUCCESS
	 - Description: "attempt to add with overflow"
	 - Location: ../../../runner/.rustup/toolchains/nightly-2025-11-21-x86_64-unknown-linux-gnu/lib/rustlib/src/rust/library/core/src/str/validations.rs:155:17 in function core::str::validations::run_utf8_validation

Check 23: core::str::validations::run_utf8_validation.assertion.12
	 - Status: SUCCESS
	 - Description: "index out of bounds: the length is less than or equal to the given index"
	 - Location: ../../../runner/.rustup/toolchains/nightly-2025-11-21-x86_64-unknown-linux-gnu/lib/rustlib/src/rust/library/core/src/str/validations.rs:160:17 in function core::str::validations::run_utf8_validation

Check 24: core::str::validations::run_utf8_validation.assertion.13
	 - Status: SUCCESS
	 - Description: "attempt to add with overflow"
	 - Location: ../../../runner/.rustup/toolchains/nightly-2025-11-21-x86_64-unknown-linux-gnu/lib/rustlib/src/rust/library/core/src/str/validations.rs:155:17 in function core::str::validations::run_utf8_validation

Check 25: core::str::validations::run_utf8_validation.assertion.14
	 - Status: SUCCESS
	 - Description: "index out of bounds: the length is less than or equal to the given index"
	 - Location: ../../../runner/.rustup/toolchains/nightly-2025-11-21-x86_64-unknown-linux-gnu/lib/rustlib/src/rust/library/core/src/str/validations.rs:160:17 in function core::str::validations::run_utf8_validation

Check 26: core::str::validations::run_utf8_validation.assertion.15
	 - Status: SUCCESS
	 - Description: "attempt to add with overflow"
	 - Location: ../../../runner/.rustup/toolchains/nightly-2025-11-21-x86_64-unknown-linux-gnu/lib/rustlib/src/rust/library/core/src/str/validations.rs:155:17 in function core::str::validations::run_utf8_validation

Check 27: core::str::validations::run_utf8_validation.assertion.16
	 - Status: SUCCESS
	 - Description: "index out of bounds: the length is less than or equal to the given index"
	 - Location: ../../../runner/.rustup/toolchains/nightly-2025-11-21-x86_64-unknown-linux-gnu/lib/rustlib/src/rust/library/core/src/str/validations.rs:160:17 in function core::str::validations::run_utf8_validation

Check 28: core::str::validations::run_utf8_validation.assertion.17
	 - Status: SUCCESS
	 - Description: "attempt to add with overflow"
	 - Location: ../../../runner/.rustup/toolchains/nightly-2025-11-21-x86_64-unknown-linux-gnu/lib/rustlib/src/rust/library/core/src/str/validations.rs:217:13 in function core::str::validations::run_utf8_validation

Check 29: core::str::validations::run_utf8_validation.assertion.18
	 - Status: UNREACHABLE
	 - Description: "attempt to add with overflow"
	 - Location: ../../../runner/.rustup/toolchains/nightly-2025-11-21-x86_64-unknown-linux-gnu/lib/rustlib/src/rust/library/core/src/str/validations.rs:238:21 in function core::str::validations::run_utf8_validation

Check 30: core::str::validations::run_utf8_validation.assertion.19
	 - Status: SUCCESS
	 - Description: "index out of bounds: the length is less than or equal to the given index"
	 - Location: ../../../runner/.rustup/toolchains/nightly-2025-11-21-x86_64-unknown-linux-gnu/lib/rustlib/src/rust/library/core/src/str/validations.rs:241:38 in function core::str::validations::run_utf8_validation

Check 31: core::str::validations::run_utf8_validation.assertion.20
	 - Status: SUCCESS
	 - Description: "attempt to add with overflow"
	 - Location: ../../../runner/.rustup/toolchains/nightly-2025-11-21-x86_64-unknown-linux-gnu/lib/rustlib/src/rust/library/core/src/str/validations.rs:242:21 in function core::str::validations::run_utf8_validation

Check 32: core::str::validations::run_utf8_validation.assertion.21
	 - Status: SUCCESS
	 - Description: "attempt to add with overflow"
	 - Location: ../../../runner/.rustup/toolchains/nightly-2025-11-21-x86_64-unknown-linux-gnu/lib/rustlib/src/rust/library/core/src/str/validations.rs:245:17 in function core::str::validations::run_utf8_validation

Check 33: core::num::<impl usize>::checked_sub.arithmetic_overflow.1
	 - Status: SUCCESS
	 - Description: "attempt to compute `unchecked_sub` which would overflow"
	 - Location: ../../../runner/.rustup/toolchains/nightly-2025-11-21-x86_64-unknown-linux-gnu/lib/rustlib/src/rust/library/core/src/num/uint_macros.rs:812:31 in function core::num::<impl usize>::checked_sub

Check 34: utf8_string::validate_utf8.assertion.1
	 - Status: SUCCESS
	 - Description: "index out of bounds: the length is less than or equal to the given index"
	 - Location: der-verified/src/utf8_string.rs:125:20 in function utf8_string::validate_utf8

Check 35: utf8_string::validate_utf8.unreachable.1
	 - Status: SUCCESS
	 - Description: "unreachable code"
	 - Location: der-verified/src/utf8_string.rs:126:25 in function utf8_string::validate_utf8

Check 36: utf8_string::validate_utf8.assertion.2
	 - Status: SUCCESS
	 - Description: "attempt to add with overflow"
	 - Location: der-verified/src/utf8_string.rs:134:12 in function utf8_string::validate_utf8

Check 37: utf8_string::validate_utf8.assertion.3
	 - Status: SUCCESS
	 - Description: "attempt to add with overflow"
	 - Location: der-verified/src/utf8_string.rs:146:32 in function utf8_string::validate_utf8

Check 38: utf8_string::validate_utf8.assertion.4
	 - Status: SUCCESS
	 - Description: "index out of bounds: the length is less than or equal to the given index"
	 - Location: der-verified/src/utf8_string.rs:146:24 in function utf8_string::validate_utf8

Check 39: utf8_string::validate_utf8.assertion.5
	 - Status: SUCCESS
	 - Description: "attempt to shift left with overflow"
	 - Location: der-verified/src/utf8_string.rs:150:18 in function utf8_string::validate_utf8

Check 40: utf8_string::validate_utf8.assertion.6
	 - Status: SUCCESS
	 - Description: "attempt to add with overflow"
	 - Location: der-verified/src/utf8_string.rs:151:13 in function utf8_string::validate_utf8

Check 41: utf8_string::validate_utf8.assertion.7
	 - Status: SUCCESS
	 - Description: "attempt to add with overflow"
	 - Location: der-verified/src/utf8_string.rs:168:9 in function utf8_string::validate_utf8

Check 42: utf8_string::validate_utf8.assertion.8
	 - Status: SUCCESS
	 - Description: "attempt to add with overflow"
	 - Location: der-verified/src/utf8_string.rs:131:13 in function utf8_string::validate_utf8

Check 43: std::fmt::Arguments::<'_>::from_str.assertion.1
	 - Status: UNREACHABLE
	 - Description: "attempt to shift left with overflow"
	 - Location: ../../../runner/.rustup/toolchains/nightly-2025-11-21-x86_64-unknown-linux-gnu/lib/rustlib/src/rust/library/core/src/fmt/mod.rs:820:38 in function std::fmt::Arguments::<'_>::from_str

Check 44: core::slice::index::slice_index_fail::do_panic::runtime.assertion.3
	 - Status: SUCCESS
	 - Description: "This is a placeholder message; Kani doesn't support message formatted at runtime"
	 - Location: ../../../runner/.rustup/toolchains/nightly-2025-11-21-x86_64-unknown-linux-gnu/lib/rustlib/src/rust/library/core/src/slice/index.rs:58:9 in function core::slice::index::slice_index_fail::do_panic::runtime

Check 45: <std::ops::Range<usize> as std::slice::SliceIndex<[u8]>>::index.unreachable.1
	 - Status: SUCCESS
	 - Description: "unreachable code"
	 - Location: ../../../runner/.rustup/toolchains/nightly-2025-11-21-x86_64-unknown-linux-gnu/lib/rustlib/src/rust/library/core/src/slice/index.rs:435:5 in function <std::ops::Range<usize> as std::slice::SliceIndex<[u8]>>::index

Check 46: <std::ops::Range<usize> as std::slice::SliceIndex<[u8]>>::index.safety_check.1
	 - Status: SUCCESS
	 - Description: "misaligned pointer to reference cast: address must be a multiple of its type's alignment"
	 - Location: ../../../runner/.rustup/toolchains/nightly-2025-11-21-x86_64-unknown-linux-gnu/lib/rustlib/src/rust/library/core/src/slice/index.rs:441:22 in function <std::ops::Range<usize> as std::slice::SliceIndex<[u8]>>::index

Check 47: <std::ops::Range<usize> as std::slice::SliceIndex<[u8]>>::index.safety_check.2
	 - Status: SUCCESS
	 - Description: "dereference failure: pointer invalid"
	 - Location: ../../../runner/.rustup/toolchains/nightly-2025-11-21-x86_64-unknown-linux-gnu/lib/rustlib/src/rust/library/core/src/slice/index.rs:441:22 in function <std::ops::Range<usize> as std::slice::SliceIndex<[u8]>>::index

Check 48: <usize as kani::rustc_intrinsics::ToISize>::to_isize.unreachable.1
	 - Status: SUCCESS
	 - Description: "unreachable code"
	 - Location: ../../../runner/work/kani/kani/library/kani_core/src/models.rs:176:17 in function <usize as kani::rustc_intrinsics::ToISize>::to_isize

Check 49: <usize as kani::rustc_intrinsics::ToISize>::to_isize.safety_check.1
	 - Status: SUCCESS
	 - Description: "Offset value overflows isize"
	 - Location: ../../../runner/work/kani/kani/library/kani/src/lib.rs:57:1 in function <usize as kani::rustc_intrinsics::ToISize>::to_isize

Check 50: <usize as kani::rustc_intrinsics::ToISize>::to_isize.assertion.1
	 - Status: SUCCESS
	 - Description: "internal error: entered unreachable code"
	 - Location: ../../../runner/work/kani/kani/library/kani/src/lib.rs:57:1 in function <usize as kani::rustc_intrinsics::ToISize>::to_isize

Check 51: core::num::<impl usize>::is_multiple_of.assertion.1
	 - Status: SUCCESS
	 - Description: "attempt to calculate the remainder with a divisor of zero"
	 - Location: ../../../runner/.rustup/toolchains/nightly-2025-11-21-x86_64-unknown-linux-gnu/lib/rustlib/src/rust/library/core/src/num/uint_macros.rs:3574:22 in function core::num::<impl usize>::is_multiple_of

Check 52: core::num::<impl usize>::is_multiple_of.arithmetic_overflow.1
	 - Status: SUCCESS
	 - Description: "attempt to calculate the remainder with a divisor of zero"
	 - Location: ../../../runner/.rustup/toolchains/nightly-2025-11-21-x86_64-unknown-linux-gnu/lib/rustlib/src/rust/library/core/src/num/uint_macros.rs:3574:22 in function core::num::<impl usize>::is_multiple_of

Check 53: core::slice::index::slice_index_fail::do_panic::runtime.assertion.4
	 - Status: SUCCESS
	 - Description: "This is a placeholder message; Kani doesn't support message formatted at runtime"
	 - Location: ../../../runner/.rustup/toolchains/nightly-2025-11-21-x86_64-unknown-linux-gnu/lib/rustlib/src/rust/library/core/src/slice/index.rs:49:9 in function core::slice::index::slice_index_fail::do_panic::runtime

Check 54: kani::rustc_intrinsics::offset::<u8, *const u8, usize>.safety_check.1
	 - Status: SUCCESS
	 - Description: "Offset in bytes overflows isize"
	 - Location: ../../../runner/work/kani/kani/library/kani/src/lib.rs:57:1 in function kani::rustc_intrinsics::offset::<u8, *const u8, usize>

Check 55: kani::rustc_intrinsics::offset::<u8, *const u8, usize>.safety_check.2
	 - Status: SUCCESS
	 - Description: "Offset result and original pointer must point to the same allocation"
	 - Location: ../../../runner/work/kani/kani/library/kani/src/lib.rs:57:1 in function kani::rustc_intrinsics::offset::<u8, *const u8, usize>

Check 56: std::ptr::align_offset::<u8>.arithmetic_overflow.1
	 - Status: SUCCESS
	 - Description: "attempt to compute `unchecked_sub` which would overflow"
	 - Location: ../../../runner/.rustup/toolchains/nightly-2025-11-21-x86_64-unknown-linux-gnu/lib/rustlib/src/rust/library/core/src/ptr/mod.rs:2255:32 in function std::ptr::align_offset::<u8>

Check 57: std::ptr::align_offset::<u8>.arithmetic_overflow.2
	 - Status: SUCCESS
	 - Description: "attempt to calculate the remainder with a divisor of zero"
	 - Location: ../../../runner/.rustup/toolchains/nightly-2025-11-21-x86_64-unknown-linux-gnu/lib/rustlib/src/rust/library/core/src/ptr/mod.rs:2266:33 in function std::ptr::align_offset::<u8>

Check 58: std::ptr::align_offset::<u8>.arithmetic_overflow.3
	 - Status: SUCCESS
	 - Description: "attempt to shift by excessive shift distance"
	 - Location: ../../../runner/.rustup/toolchains/nightly-2025-11-21-x86_64-unknown-linux-gnu/lib/rustlib/src/rust/library/core/src/ptr/mod.rs:2317:24 in function std::ptr::align_offset::<u8>

Check 59: std::ptr::align_offset::<u8>.arithmetic_overflow.4
	 - Status: SUCCESS
	 - Description: "attempt to compute `unchecked_sub` which would overflow"
	 - Location: ../../../runner/.rustup/toolchains/nightly-2025-11-21-x86_64-unknown-linux-gnu/lib/rustlib/src/rust/library/core/src/ptr/mod.rs:2319:24 in function std::ptr::align_offset::<u8>

Check 60: std::ptr::align_offset::<u8>.arithmetic_overflow.5
	 - Status: SUCCESS
	 - Description: "attempt to shift by excessive shift distance"
	 - Location: ../../../runner/.rustup/toolchains/nightly-2025-11-21-x86_64-unknown-linux-gnu/lib/rustlib/src/rust/library/core/src/ptr/mod.rs:2343:27 in function std::ptr::align_offset::<u8>

Check 61: std::ptr::align_offset::<u8>.arithmetic_overflow.6
	 - Status: SUCCESS
	 - Description: "attempt to compute `unchecked_sub` which would overflow"
	 - Location: ../../../runner/.rustup/toolchains/nightly-2025-11-21-x86_64-unknown-linux-gnu/lib/rustlib/src/rust/library/core/src/ptr/mod.rs:2346:33 in function std::ptr::align_offset::<u8>

Check 62: std::ptr::align_offset::<u8>.arithmetic_overflow.7
	 - Status: SUCCESS
	 - Description: "attempt to shift by excessive shift distance"
	 - Location: ../../../runner/.rustup/toolchains/nightly-2025-11-21-x86_64-unknown-linux-gnu/lib/rustlib/src/rust/library/core/src/ptr/mod.rs:2349:27 in function std::ptr::align_offset::<u8>

Check 63: std::ptr::align_offset::<u8>.arithmetic_overflow.8
	 - Status: SUCCESS
	 - Description: "attempt to shift by excessive shift distance"
	 - Location: ../../../runner/.rustup/toolchains/nightly-2025-11-21-x86_64-unknown-linux-gnu/lib/rustlib/src/rust/library/core/src/ptr/mod.rs:2353:50 in function std::ptr::align_offset::<u8>

Check 64: std::ptr::align_offset::<u8>.arithmetic_overflow.9
	 - Status: SUCCESS
	 - Description: "attempt to compute `unchecked_sub` which would overflow"
	 - Location: ../../../runner/.rustup/toolchains/nightly-2025-11-21-x86_64-unknown-linux-gnu/lib/rustlib/src/rust/library/core/src/ptr/mod.rs:2353:32 in function std::ptr::align_offset::<u8>

Check 65: std::ptr::align_offset::<u8>.assume.1
	 - Status: SUCCESS
	 - Description: "Rust intrinsic assumption failed"
	 - Location: ../../../runner/.rustup/toolchains/nightly-2025-11-21-x86_64-unknown-linux-gnu/lib/rustlib/src/rust/library/core/src/ptr/mod.rs:2289:18 in function std::ptr::align_offset::<u8>

Check 66: std::ptr::align_offset::<u8>.arithmetic_overflow.10
	 - Status: SUCCESS
	 - Description: "attempt to calculate the remainder with a divisor of zero"
	 - Location: ../../../runner/.rustup/toolchains/nightly-2025-11-21-x86_64-unknown-linux-gnu/lib/rustlib/src/rust/library/core/src/ptr/mod.rs:2292:40 in function std::ptr::align_offset::<u8>

Check 67: std::ptr::align_offset::<u8>.exact_div.1
	 - Status: SUCCESS
	 - Description: "exact_div arguments divide exactly"
	 - Location: ../../../runner/.rustup/toolchains/nightly-2025-11-21-x86_64-unknown-linux-gnu/lib/rustlib/src/rust/library/core/src/ptr/mod.rs:2297:22 in function std::ptr::align_offset::<u8>

Check 68: std::ptr::align_offset::<u8>.exact_div.2
	 - Status: SUCCESS
	 - Description: "exact_div divisor is nonzero"
	 - Location: ../../../runner/.rustup/toolchains/nightly-2025-11-21-x86_64-unknown-linux-gnu/lib/rustlib/src/rust/library/core/src/ptr/mod.rs:2297:22 in function std::ptr::align_offset::<u8>

Check 69: std::ptr::align_offset::<u8>.exact_div.3
	 - Status: SUCCESS
	 - Description: "exact_div division does not overflow"
	 - Location: ../../../runner/.rustup/toolchains/nightly-2025-11-21-x86_64-unknown-linux-gnu/lib/rustlib/src/rust/library/core/src/ptr/mod.rs:2297:22 in function std::ptr::align_offset::<u8>

Check 70: std::ptr::const_ptr::<impl *const u8>::align_offset.assertion.1
	 - Status: SUCCESS
	 - Description: "This is a placeholder message; Kani doesn't support message formatted at runtime"
	 - Location: ../../../runner/.rustup/toolchains/nightly-2025-11-21-x86_64-unknown-linux-gnu/lib/rustlib/src/rust/library/core/src/ptr/const_ptr.rs:1299:13 in function std::ptr::const_ptr::<impl *const u8>::align_offset

Check 71: kani::rustc_intrinsics::offset::<usize, *const usize, usize>.safety_check.1
	 - Status: SUCCESS
	 - Description: "Offset in bytes overflows isize"
	 - Location: ../../../runner/work/kani/kani/library/kani/src/lib.rs:57:1 in function kani::rustc_intrinsics::offset::<usize, *const usize, usize>

Check 72: kani::rustc_intrinsics::offset::<usize, *const usize, usize>.safety_check.2
	 - Status: SUCCESS
	 - Description: "Offset result and original pointer must point to the same allocation"
	 - Location: ../../../runner/work/kani/kani/library/kani/src/lib.rs:57:1 in function kani::rustc_intrinsics::offset::<usize, *const usize, usize>

Check 73: std::cmp::impls::<impl std::cmp::PartialOrd for u32>::lt.pointer_dereference.1
	 - Status: SUCCESS
	 - Description: "dereference failure: pointer NULL"
	 - Location: ../../../runner/.rustup/toolchains/nightly-2025-11-21-x86_64-unknown-linux-gnu/lib/rustlib/src/rust/library/core/src/cmp.rs:1903:50 in function std::cmp::impls::<impl std::cmp::PartialOrd for u32>::lt

Check 74: std::cmp::impls::<impl std::cmp::PartialOrd for u32>::lt.pointer_dereference.2
	 - Status: SUCCESS
	 - Description: "dereference failure: pointer invalid"
	 - Location: ../../../runner/.rustup/toolchains/nightly-2025-11-21-x86_64-unknown-linux-gnu/lib/rustlib/src/rust/library/core/src/cmp.rs:1903:50 in function std::cmp::impls::<impl std::cmp::PartialOrd for u32>::lt

Check 75: std::cmp::impls::<impl std::cmp::PartialOrd for u32>::lt.pointer_dereference.3
	 - Status: SUCCESS
	 - Description: "dereference failure: deallocated dynamic object"
	 - Location: ../../../runner/.rustup/toolchains/nightly-2025-11-21-x86_64-unknown-linux-gnu/lib/rustlib/src/rust/library/core/src/cmp.rs:1903:50 in function std::cmp::impls::<impl std::cmp::PartialOrd for u32>::lt

Check 76: std::cmp::impls::<impl std::cmp::PartialOrd for u32>::lt.pointer_dereference.4
	 - Status: SUCCESS
	 - Description: "dereference failure: dead object"
	 - Location: ../../../runner/.rustup/toolchains/nightly-2025-11-21-x86_64-unknown-linux-gnu/lib/rustlib/src/rust/library/core/src/cmp.rs:1903:50 in function std::cmp::impls::<impl std::cmp::PartialOrd for u32>::lt

Check 77: std::cmp::impls::<impl std::cmp::PartialOrd for u32>::lt.pointer_dereference.5
	 - Status: SUCCESS
	 - Description: "dereference failure: pointer outside object bounds"
	 - Location: ../../../runner/.rustup/toolchains/nightly-2025-11-21-x86_64-unknown-linux-gnu/lib/rustlib/src/rust/library/core/src/cmp.rs:1903:50 in function std::cmp::impls::<impl std::cmp::PartialOrd for u32>::lt

Check 78: std::cmp::impls::<impl std::cmp::PartialOrd for u32>::lt.pointer_dereference.6
	 - Status: SUCCESS
	 - Description: "dereference failure: invalid integer address"
	 - Location: ../../../runner/.rustup/toolchains/nightly-2025-11-21-x86_64-unknown-linux-gnu/lib/rustlib/src/rust/library/core/src/cmp.rs:1903:50 in function std::cmp::impls::<impl std::cmp::PartialOrd for u32>::lt

Check 79: std::cmp::impls::<impl std::cmp::PartialOrd for u32>::lt.pointer_dereference.7
	 - Status: SUCCESS
	 - Description: "dereference failure: pointer NULL"
	 - Location: ../../../runner/.rustup/toolchains/nightly-2025-11-21-x86_64-unknown-linux-gnu/lib/rustlib/src/rust/library/core/src/cmp.rs:1903:59 in function std::cmp::impls::<impl std::cmp::PartialOrd for u32>::lt

Check 80: std::cmp::impls::<impl std::cmp::PartialOrd for u32>::lt.pointer_dereference.8
	 - Status: SUCCESS
	 - Description: "dereference failure: pointer invalid"
	 - Location: ../../../runner/.rustup/toolchains/nightly-2025-11-21-x86_64-unknown-linux-gnu/lib/rustlib/src/rust/library/core/src/cmp.rs:1903:59 in function std::cmp::impls::<impl std::cmp::PartialOrd for u32>::lt

Check 81: std::cmp::impls::<impl std::cmp::PartialOrd for u32>::lt.pointer_dereference.9
	 - Status: SUCCESS
	 - Description: "dereference failure: deallocated dynamic object"
	 - Location: ../../../runner/.rustup/toolchains/nightly-2025-11-21-x86_64-unknown-linux-gnu/lib/rustlib/src/rust/library/core/src/cmp.rs:1903:59 in function std::cmp::impls::<impl std::cmp::PartialOrd for u32>::lt

Check 82: std::cmp::impls::<impl std::cmp::PartialOrd for u32>::lt.pointer_dereference.10
	 - Status: SUCCESS
	 - Description: "dereference failure: dead object"
	 - Location: ../../../runner/.rustup/toolchains/nightly-2025-11-21-x86_64-unknown-linux-gnu/lib/rustlib/src/rust/library/core/src/cmp.rs:1903:59 in function std::cmp::impls::<impl std::cmp::PartialOrd for u32>::lt

Check 83: std::cmp::impls::<impl std::cmp::PartialOrd for u32>::lt.pointer_dereference.11
	 - Status: SUCCESS
	 - Description: "dereference failure: pointer outside object bounds"
	 - Location: ../../../runner/.rustup/toolchains/nightly-2025-11-21-x86_64-unknown-linux-gnu/lib/rustlib/src/rust/library/core/src/cmp.rs:1903:59 in function std::cmp::impls::<impl std::cmp::PartialOrd for u32>::lt

Check 84: std::cmp::impls::<impl std::cmp::PartialOrd for u32>::lt.pointer_dereference.12
	 - Status: SUCCESS
	 - Description: "dereference failure: invalid integer address"
	 - Location: ../../../runner/.rustup/toolchains/nightly-2025-11-21-x86_64-unknown-linux-gnu/lib/rustlib/src/rust/library/core/src/cmp.rs:1903:59 in function std::cmp::impls::<impl std::cmp::PartialOrd for u32>::lt

Check 85: std::ptr::align_offset::<u8>.division-by-zero.1
	 - Status: SUCCESS
	 - Description: "division by zero"
	 - Location: ../../../runner/.rustup/toolchains/nightly-2025-11-21-x86_64-unknown-linux-gnu/lib/rustlib/src/rust/library/core/src/ptr/mod.rs:2266:33 in function std::ptr::align_offset::<u8>

Check 86: std::ptr::align_offset::<u8>.bit_count.1
	 - Status: SUCCESS
	 - Description: "count trailing zeros is undefined for value zero"
	 - Location: ../../../runner/.rustup/toolchains/nightly-2025-11-21-x86_64-unknown-linux-gnu/lib/rustlib/src/rust/library/core/src/ptr/mod.rs:2312:17 in function std::ptr::align_offset::<u8>

Check 87: std::ptr::align_offset::<u8>.bit_count.2
	 - Status: SUCCESS
	 - Description: "count trailing zeros is undefined for value zero"
	 - Location: ../../../runner/.rustup/toolchains/nightly-2025-11-21-x86_64-unknown-linux-gnu/lib/rustlib/src/rust/library/core/src/ptr/mod.rs:2313:17 in function std::ptr::align_offset::<u8>

Check 88: std::ptr::align_offset::<u8>.division-by-zero.2
	 - Status: SUCCESS
	 - Description: "division by zero"
	 - Location: ../../../runner/.rustup/toolchains/nightly-2025-11-21-x86_64-unknown-linux-gnu/lib/rustlib/src/rust/library/core/src/ptr/mod.rs:2292:40 in function std::ptr::align_offset::<u8>

Check 89: std::ptr::align_offset::<u8>.division-by-zero.3
	 - Status: SUCCESS
	 - Description: "division by zero"
	 - Location: ../../../runner/.rustup/toolchains/nightly-2025-11-21-x86_64-unknown-linux-gnu/lib/rustlib/src/rust/library/core/src/ptr/mod.rs:2297:22 in function std::ptr::align_offset::<u8>

Check 90: std::ptr::align_offset::<u8>.division-by-zero.4
	 - Status: SUCCESS
	 - Description: "division by zero"
	 - Location: ../../../runner/.rustup/toolchains/nightly-2025-11-21-x86_64-unknown-linux-gnu/lib/rustlib/src/rust/library/core/src/ptr/mod.rs:2297:22 in function std::ptr::align_offset::<u8>

Check 91: std::cmp::impls::<impl std::cmp::PartialOrd for &u32>::lt.pointer_dereference.1
	 - Status: SUCCESS
	 - Description: "dereference failure: pointer NULL"
	 - Location: ../../../runner/.rustup/toolchains/nightly-2025-11-21-x86_64-unknown-linux-gnu/lib/rustlib/src/rust/library/core/src/cmp.rs:2109:28 in function std::cmp::impls::<impl std::cmp::PartialOrd for &u32>::lt

Check 92: std::cmp::impls::<impl std::cmp::PartialOrd for &u32>::lt.pointer_dereference.2
	 - Status: SUCCESS
	 - Description: "dereference failure: pointer invalid"
	 - Location: ../../../runner/.rustup/toolchains/nightly-2025-11-21-x86_64-unknown-linux-gnu/lib/rustlib/src/rust/library/core/src/cmp.rs:2109:28 in function std::cmp::impls::<impl std::cmp::PartialOrd for &u32>::lt

Check 93: std::cmp::impls::<impl std::cmp::PartialOrd for &u32>::lt.pointer_dereference.3
	 - Status: SUCCESS
	 - Description: "dereference failure: deallocated dynamic object"
	 - Location: ../../../runner/.rustup/toolchains/nightly-2025-11-21-x86_64-unknown-linux-gnu/lib/rustlib/src/rust/library/core/src/cmp.rs:2109:28 in function std::cmp::impls::<impl std::cmp::PartialOrd for &u32>::lt

Check 94: std::cmp::impls::<impl std::cmp::PartialOrd for &u32>::lt.pointer_dereference.4
	 - Status: SUCCESS
	 - Description: "dereference failure: dead object"
	 - Location: ../../../runner/.rustup/toolchains/nightly-2025-11-21-x86_64-unknown-linux-gnu/lib/rustlib/src/rust/library/core/src/cmp.rs:2109:28 in function std::cmp::impls::<impl std::cmp::PartialOrd for &u32>::lt

Check 95: std::cmp::impls::<impl std::cmp::PartialOrd for &u32>::lt.pointer_dereference.5
	 - Status: SUCCESS
	 - Description: "dereference failure: pointer outside object bounds"
	 - Location: ../../../runner/.rustup/toolchains/nightly-2025-11-21-x86_64-unknown-linux-gnu/lib/rustlib/src/rust/library/core/src/cmp.rs:2109:28 in function std::cmp::impls::<impl std::cmp::PartialOrd for &u32>::lt

Check 96: std::cmp::impls::<impl std::cmp::PartialOrd for &u32>::lt.pointer_dereference.6
	 - Status: SUCCESS
	 - Description: "dereference failure: invalid integer address"
	 - Location: ../../../runner/.rustup/toolchains/nightly-2025-11-21-x86_64-unknown-linux-gnu/lib/rustlib/src/rust/library/core/src/cmp.rs:2109:28 in function std::cmp::impls::<impl std::cmp::PartialOrd for &u32>::lt

Check 97: std::cmp::impls::<impl std::cmp::PartialOrd for &u32>::lt.pointer_dereference.7
	 - Status: SUCCESS
	 - Description: "dereference failure: pointer NULL"
	 - Location: ../../../runner/.rustup/toolchains/nightly-2025-11-21-x86_64-unknown-linux-gnu/lib/rustlib/src/rust/library/core/src/cmp.rs:2109:35 in function std::cmp::impls::<impl std::cmp::PartialOrd for &u32>::lt

Check 98: std::cmp::impls::<impl std::cmp::PartialOrd for &u32>::lt.pointer_dereference.8
	 - Status: SUCCESS
	 - Description: "dereference failure: pointer invalid"
	 - Location: ../../../runner/.rustup/toolchains/nightly-2025-11-21-x86_64-unknown-linux-gnu/lib/rustlib/src/rust/library/core/src/cmp.rs:2109:35 in function std::cmp::impls::<impl std::cmp::PartialOrd for &u32>::lt

Check 99: std::cmp::impls::<impl std::cmp::PartialOrd for &u32>::lt.pointer_dereference.9
	 - Status: SUCCESS
	 - Description: "dereference failure: deallocated dynamic object"
	 - Location: ../../../runner/.rustup/toolchains/nightly-2025-11-21-x86_64-unknown-linux-gnu/lib/rustlib/src/rust/library/core/src/cmp.rs:2109:35 in function std::cmp::impls::<impl std::cmp::PartialOrd for &u32>::lt

Check 100: std::cmp::impls::<impl std::cmp::PartialOrd for &u32>::lt.pointer_dereference.10
	 - Status: SUCCESS
	 - Description: "dereference failure: dead object"
	 - Location: ../../../runner/.rustup/toolchains/nightly-2025-11-21-x86_64-unknown-linux-gnu/lib/rustlib/src/rust/library/core/src/cmp.rs:2109:35 in function std::cmp::impls::<impl std::cmp::PartialOrd for &u32>::lt

Check 101: std::cmp::impls::<impl std::cmp::PartialOrd for &u32>::lt.pointer_dereference.11
	 - Status: SUCCESS
	 - Description: "dereference failure: pointer outside object bounds"
	 - Location: ../../../runner/.rustup/toolchains/nightly-2025-11-21-x86_64-unknown-linux-gnu/lib/rustlib/src/rust/library/core/src/cmp.rs:2109:35 in function std::cmp::impls::<impl std::cmp::PartialOrd for &u32>::lt

Check 102: std::cmp::impls::<impl std::cmp::PartialOrd for &u32>::lt.pointer_dereference.12
	 - Status: SUCCESS
	 - Description: "dereference failure: invalid integer address"
	 - Location: ../../../runner/.rustup/toolchains/nightly-2025-11-21-x86_64-unknown-linux-gnu/lib/rustlib/src/rust/library/core/src/cmp.rs:2109:35 in function std::cmp::impls::<impl std::cmp::PartialOrd for &u32>::lt

Check 103: std::result::Result::<&str, std::str::Utf8Error>::is_ok.pointer_dereference.1
	 - Status: SUCCESS
	 - Description: "dereference failure: pointer NULL"
	 - Location: ../../../runner/.rustup/toolchains/nightly-2025-11-21-x86_64-unknown-linux-gnu/lib/rustlib/src/rust/library/core/src/result.rs:594:18 in function std::result::Result::<&str, std::str::Utf8Error>::is_ok

Check 104: std::result::Result::<&str, std::str::Utf8Error>::is_ok.pointer_dereference.2
	 - Status: SUCCESS
	 - Description: "dereference failure: pointer invalid"
	 - Location: ../../../runner/.rustup/toolchains/nightly-2025-11-21-x86_64-unknown-linux-gnu/lib/rustlib/src/rust/library/core/src/result.rs:594:18 in function std::result::Result::<&str, std::str::Utf8Error>::is_ok

Check 105: std::result::Result::<&str, std::str::Utf8Error>::is_ok.pointer_dereference.3
	 - Status: SUCCESS
	 - Description: "dereference failure: deallocated dynamic object"
	 - Location: ../../../runner/.rustup/toolchains/nightly-2025-11-21-x86_64-unknown-linux-gnu/lib/rustlib/src/rust/library/core/src/result.rs:594:18 in function std::result::Result::<&str, std::str::Utf8Error>::is_ok

Check 106: std::result::Result::<&str, std::str::Utf8Error>::is_ok.pointer_dereference.4
	 - Status: SUCCESS
	 - Description: "dereference failure: dead object"
	 - Location: ../../../runner/.rustup/toolchains/nightly-2025-11-21-x86_64-unknown-linux-gnu/lib/rustlib/src/rust/library/core/src/result.rs:594:18 in function std::result::Result::<&str, std::str::Utf8Error>::is_ok

Check 107: std::result::Result::<&str, std::str::Utf8Error>::is_ok.pointer_dereference.5
	 - Status: SUCCESS
	 - Description: "dereference failure: pointer outside object bounds"
	 - Location: ../../../runner/.rustup/toolchains/nightly-2025-11-21-x86_64-unknown-linux-gnu/lib/rustlib/src/rust/library/core/src/result.rs:594:18 in function std::result::Result::<&str, std::str::Utf8Error>::is_ok

Check 108: std::result::Result::<&str, std::str::Utf8Error>::is_ok.pointer_dereference.6
	 - Status: SUCCESS
	 - Description: "dereference failure: invalid integer address"
	 - Location: ../../../runner/.rustup/toolchains/nightly-2025-11-21-x86_64-unknown-linux-gnu/lib/rustlib/src/rust/library/core/src/result.rs:594:18 in function std::result::Result::<&str, std::str::Utf8Error>::is_ok

Check 109: std::str::from_utf8.pointer_dereference.1
	 - Status: SUCCESS
	 - Description: "dereference failure: dead object"
	 - Location: ../../../runner/.rustup/toolchains/nightly-2025-11-21-x86_64-unknown-linux-gnu/lib/rustlib/src/rust/library/core/src/str/converts.rs:91:11 in function std::str::from_utf8

Check 110: core::str::utf8_char_width.pointer_dereference.1
	 - Status: SUCCESS
	 - Description: "dereference failure: pointer NULL"
	 - Location: ../../../runner/.rustup/toolchains/nightly-2025-11-21-x86_64-unknown-linux-gnu/lib/rustlib/src/rust/library/core/src/str/validations.rs:279:5 in function core::str::utf8_char_width

Check 111: core::str::utf8_char_width.pointer_dereference.2
	 - Status: SUCCESS
	 - Description: "dereference failure: pointer invalid"
	 - Location: ../../../runner/.rustup/toolchains/nightly-2025-11-21-x86_64-unknown-linux-gnu/lib/rustlib/src/rust/library/core/src/str/validations.rs:279:5 in function core::str::utf8_char_width

Check 112: core::str::utf8_char_width.pointer_dereference.3
	 - Status: SUCCESS
	 - Description: "dereference failure: deallocated dynamic object"
	 - Location: ../../../runner/.rustup/toolchains/nightly-2025-11-21-x86_64-unknown-linux-gnu/lib/rustlib/src/rust/library/core/src/str/validations.rs:279:5 in function core::str::utf8_char_width

Check 113: core::str::utf8_char_width.pointer_dereference.4
	 - Status: SUCCESS
	 - Description: "dereference failure: dead object"
	 - Location: ../../../runner/.rustup/toolchains/nightly-2025-11-21-x86_64-unknown-linux-gnu/lib/rustlib/src/rust/library/core/src/str/validations.rs:279:5 in function core::str::utf8_char_width

Check 114: core::str::utf8_char_width.pointer_dereference.5
	 - Status: SUCCESS
	 - Description: "dereference failure: pointer outside object bounds"
	 - Location: ../../../runner/.rustup/toolchains/nightly-2025-11-21-x86_64-unknown-linux-gnu/lib/rustlib/src/rust/library/core/src/str/validations.rs:279:5 in function core::str::utf8_char_width

Check 115: core::str::utf8_char_width.pointer_dereference.6
	 - Status: SUCCESS
	 - Description: "dereference failure: invalid integer address"
	 - Location: ../../../runner/.rustup/toolchains/nightly-2025-11-21-x86_64-unknown-linux-gnu/lib/rustlib/src/rust/library/core/src/str/validations.rs:279:5 in function core::str::utf8_char_width

Check 116: core::str::utf8_char_width.array_bounds.1
	 - Status: SUCCESS
	 - Description: "index out of bounds: the length is less than or equal to the given index"
	 - Location: ../../../runner/.rustup/toolchains/nightly-2025-11-21-x86_64-unknown-linux-gnu/lib/rustlib/src/rust/library/core/src/str/validations.rs:279:5 in function core::str::utf8_char_width

Check 117: std::cmp::impls::<impl std::cmp::PartialOrd for &u32>::le.pointer_dereference.1
	 - Status: SUCCESS
	 - Description: "dereference failure: pointer NULL"
	 - Location: ../../../runner/.rustup/toolchains/nightly-2025-11-21-x86_64-unknown-linux-gnu/lib/rustlib/src/rust/library/core/src/cmp.rs:2113:28 in function std::cmp::impls::<impl std::cmp::PartialOrd for &u32>::le

Check 118: std::cmp::impls::<impl std::cmp::PartialOrd for &u32>::le.pointer_dereference.2
	 - Status: SUCCESS
	 - Description: "dereference failure: pointer invalid"
	 - Location: ../../../runner/.rustup/toolchains/nightly-2025-11-21-x86_64-unknown-linux-gnu/lib/rustlib/src/rust/library/core/src/cmp.rs:2113:28 in function std::cmp::impls::<impl std::cmp::PartialOrd for &u32>::le

Check 119: std::cmp::impls::<impl std::cmp::PartialOrd for &u32>::le.pointer_dereference.3
	 - Status: SUCCESS
	 - Description: "dereference failure: deallocated dynamic object"
	 - Location: ../../../runner/.rustup/toolchains/nightly-2025-11-21-x86_64-unknown-linux-gnu/lib/rustlib/src/rust/library/core/src/cmp.rs:2113:28 in function std::cmp::impls::<impl std::cmp::PartialOrd for &u32>::le

Check 120: std::cmp::impls::<impl std::cmp::PartialOrd for &u32>::le.pointer_dereference.4
	 - Status: SUCCESS
	 - Description: "dereference failure: dead object"
	 - Location: ../../../runner/.rustup/toolchains/nightly-2025-11-21-x86_64-unknown-linux-gnu/lib/rustlib/src/rust/library/core/src/cmp.rs:2113:28 in function std::cmp::impls::<impl std::cmp::PartialOrd for &u32>::le

Check 121: std::cmp::impls::<impl std::cmp::PartialOrd for &u32>::le.pointer_dereference.5
	 - Status: SUCCESS
	 - Description: "dereference failure: pointer outside object bounds"
	 - Location: ../../../runner/.rustup/toolchains/nightly-2025-11-21-x86_64-unknown-linux-gnu/lib/rustlib/src/rust/library/core/src/cmp.rs:2113:28 in function std::cmp::impls::<impl std::cmp::PartialOrd for &u32>::le

Check 122: std::cmp::impls::<impl std::cmp::PartialOrd for &u32>::le.pointer_dereference.6
	 - Status: SUCCESS
	 - Description: "dereference failure: invalid integer address"
	 - Location: ../../../runner/.rustup/toolchains/nightly-2025-11-21-x86_64-unknown-linux-gnu/lib/rustlib/src/rust/library/core/src/cmp.rs:2113:28 in function std::cmp::impls::<impl std::cmp::PartialOrd for &u32>::le

Check 123: std::cmp::impls::<impl std::cmp::PartialOrd for &u32>::le.pointer_dereference.7
	 - Status: SUCCESS
	 - Description: "dereference failure: pointer NULL"
	 - Location: ../../../runner/.rustup/toolchains/nightly-2025-11-21-x86_64-unknown-linux-gnu/lib/rustlib/src/rust/library/core/src/cmp.rs:2113:35 in function std::cmp::impls::<impl std::cmp::PartialOrd for &u32>::le

Check 124: std::cmp::impls::<impl std::cmp::PartialOrd for &u32>::le.pointer_dereference.8
	 - Status: SUCCESS
	 - Description: "dereference failure: pointer invalid"
	 - Location: ../../../runner/.rustup/toolchains/nightly-2025-11-21-x86_64-unknown-linux-gnu/lib/rustlib/src/rust/library/core/src/cmp.rs:2113:35 in function std::cmp::impls::<impl std::cmp::PartialOrd for &u32>::le

Check 125: std::cmp::impls::<impl std::cmp::PartialOrd for &u32>::le.pointer_dereference.9
	 - Status: SUCCESS
	 - Description: "dereference failure: deallocated dynamic object"
	 - Location: ../../../runner/.rustup/toolchains/nightly-2025-11-21-x86_64-unknown-linux-gnu/lib/rustlib/src/rust/library/core/src/cmp.rs:2113:35 in function std::cmp::impls::<impl std::cmp::PartialOrd for &u32>::le

Check 126: std::cmp::impls::<impl std::cmp::PartialOrd for &u32>::le.pointer_dereference.10
	 - Status: SUCCESS
	 - Description: "dereference failure: dead object"
	 - Location: ../../../runner/.rustup/toolchains/nightly-2025-11-21-x86_64-unknown-linux-gnu/lib/rustlib/src/rust/library/core/src/cmp.rs:2113:35 in function std::cmp::impls::<impl std::cmp::PartialOrd for &u32>::le

Check 127: std::cmp::impls::<impl std::cmp::PartialOrd for &u32>::le.pointer_dereference.11
	 - Status: SUCCESS
	 - Description: "dereference failure: pointer outside object bounds"
	 - Location: ../../../runner/.rustup/toolchains/nightly-2025-11-21-x86_64-unknown-linux-gnu/lib/rustlib/src/rust/library/core/src/cmp.rs:2113:35 in function std::cmp::impls::<impl std::cmp::PartialOrd for &u32>::le

Check 128: std::cmp::impls::<impl std::cmp::PartialOrd for &u32>::le.pointer_dereference.12
	 - Status: SUCCESS
	 - Description: "dereference failure: invalid integer address"
	 - Location: ../../../runner/.rustup/toolchains/nightly-2025-11-21-x86_64-unknown-linux-gnu/lib/rustlib/src/rust/library/core/src/cmp.rs:2113:35 in function std::cmp::impls::<impl std::cmp::PartialOrd for &u32>::le

Check 129: std::cmp::impls::<impl std::cmp::PartialOrd for u32>::le.pointer_dereference.1
	 - Status: SUCCESS
	 - Description: "dereference failure: pointer NULL"
	 - Location: ../../../runner/.rustup/toolchains/nightly-2025-11-21-x86_64-unknown-linux-gnu/lib/rustlib/src/rust/library/core/src/cmp.rs:1905:50 in function std::cmp::impls::<impl std::cmp::PartialOrd for u32>::le

Check 130: std::cmp::impls::<impl std::cmp::PartialOrd for u32>::le.pointer_dereference.2
	 - Status: SUCCESS
	 - Description: "dereference failure: pointer invalid"
	 - Location: ../../../runner/.rustup/toolchains/nightly-2025-11-21-x86_64-unknown-linux-gnu/lib/rustlib/src/rust/library/core/src/cmp.rs:1905:50 in function std::cmp::impls::<impl std::cmp::PartialOrd for u32>::le

Check 131: std::cmp::impls::<impl std::cmp::PartialOrd for u32>::le.pointer_dereference.3
	 - Status: SUCCESS
	 - Description: "dereference failure: deallocated dynamic object"
	 - Location: ../../../runner/.rustup/toolchains/nightly-2025-11-21-x86_64-unknown-linux-gnu/lib/rustlib/src/rust/library/core/src/cmp.rs:1905:50 in function std::cmp::impls::<impl std::cmp::PartialOrd for u32>::le

Check 132: std::cmp::impls::<impl std::cmp::PartialOrd for u32>::le.pointer_dereference.4
	 - Status: SUCCESS
	 - Description: "dereference failure: dead object"
	 - Location: ../../../runner/.rustup/toolchains/nightly-2025-11-21-x86_64-unknown-linux-gnu/lib/rustlib/src/rust/library/core/src/cmp.rs:1905:50 in function std::cmp::impls::<impl std::cmp::PartialOrd for u32>::le

Check 133: std::cmp::impls::<impl std::cmp::PartialOrd for u32>::le.pointer_dereference.5
	 - Status: SUCCESS
	 - Description: "dereference failure: pointer outside object bounds"
	 - Location: ../../../runner/.rustup/toolchains/nightly-2025-11-21-x86_64-unknown-linux-gnu/lib/rustlib/src/rust/library/core/src/cmp.rs:1905:50 in function std::cmp::impls::<impl std::cmp::PartialOrd for u32>::le

Check 134: std::cmp::impls::<impl std::cmp::PartialOrd for u32>::le.pointer_dereference.6
	 - Status: SUCCESS
	 - Description: "dereference failure: invalid integer address"
	 - Location: ../../../runner/.rustup/toolchains/nightly-2025-11-21-x86_64-unknown-linux-gnu/lib/rustlib/src/rust/library/core/src/cmp.rs:1905:50 in function std::cmp::impls::<impl std::cmp::PartialOrd for u32>::le

Check 135: std::cmp::impls::<impl std::cmp::PartialOrd for u32>::le.pointer_dereference.7
	 - Status: SUCCESS
	 - Description: "dereference failure: pointer NULL"
	 - Location: ../../../runner/.rustup/toolchains/nightly-2025-11-21-x86_64-unknown-linux-gnu/lib/rustlib/src/rust/library/core/src/cmp.rs:1905:59 in function std::cmp::impls::<impl std::cmp::PartialOrd for u32>::le

Check 136: std::cmp::impls::<impl std::cmp::PartialOrd for u32>::le.pointer_dereference.8
	 - Status: SUCCESS
	 - Description: "dereference failure: pointer invalid"
	 - Location: ../../../runner/.rustup/toolchains/nightly-2025-11-21-x86_64-unknown-linux-gnu/lib/rustlib/src/rust/library/core/src/cmp.rs:1905:59 in function std::cmp::impls::<impl std::cmp::PartialOrd for u32>::le

Check 137: std::cmp::impls::<impl std::cmp::PartialOrd for u32>::le.pointer_dereference.9
	 - Status: SUCCESS
	 - Description: "dereference failure: deallocated dynamic object"
	 - Location: ../../../runner/.rustup/toolchains/nightly-2025-11-21-x86_64-unknown-linux-gnu/lib/rustlib/src/rust/library/core/src/cmp.rs:1905:59 in function std::cmp::impls::<impl std::cmp::PartialOrd for u32>::le

Check 138: std::cmp::impls::<impl std::cmp::PartialOrd for u32>::le.pointer_dereference.10
	 - Status: SUCCESS
	 - Description: "dereference failure: dead object"
	 - Location: ../../../runner/.rustup/toolchains/nightly-2025-11-21-x86_64-unknown-linux-gnu/lib/rustlib/src/rust/library/core/src/cmp.rs:1905:59 in function std::cmp::impls::<impl std::cmp::PartialOrd for u32>::le

Check 139: std::cmp::impls::<impl std::cmp::PartialOrd for u32>::le.pointer_dereference.11
	 - Status: SUCCESS
	 - Description: "dereference failure: pointer outside object bounds"
	 - Location: ../../../runner/.rustup/toolchains/nightly-2025-11-21-x86_64-unknown-linux-gnu/lib/rustlib/src/rust/library/core/src/cmp.rs:1905:59 in function std::cmp::impls::<impl std::cmp::PartialOrd for u32>::le

Check 140: std::cmp::impls::<impl std::cmp::PartialOrd for u32>::le.pointer_dereference.12
	 - Status: SUCCESS
	 - Description: "dereference failure: invalid integer address"
	 - Location: ../../../runner/.rustup/toolchains/nightly-2025-11-21-x86_64-unknown-linux-gnu/lib/rustlib/src/rust/library/core/src/cmp.rs:1905:59 in function std::cmp::impls::<impl std::cmp::PartialOrd for u32>::le

Check 141: std::result::Result::<(), utf8_string::Utf8Error>::is_ok.pointer_dereference.1
	 - Status: SUCCESS
	 - Description: "dereference failure: pointer NULL"
	 - Location: ../../../runner/.rustup/toolchains/nightly-2025-11-21-x86_64-unknown-linux-gnu/lib/rustlib/src/rust/library/core/src/result.rs:594:18 in function std::result::Result::<(), utf8_string::Utf8Error>::is_ok

Check 142: std::result::Result::<(), utf8_string::Utf8Error>::is_ok.pointer_dereference.2
	 - Status: SUCCESS
	 - Description: "dereference failure: pointer invalid"
	 - Location: ../../../runner/.rustup/toolchains/nightly-2025-11-21-x86_64-unknown-linux-gnu/lib/rustlib/src/rust/library/core/src/result.rs:594:18 in function std::result::Result::<(), utf8_string::Utf8Error>::is_ok

Check 143: std::result::Result::<(), utf8_string::Utf8Error>::is_ok.pointer_dereference.3
	 - Status: SUCCESS
	 - Description: "dereference failure: deallocated dynamic object"
	 - Location: ../../../runner/.rustup/toolchains/nightly-2025-11-21-x86_64-unknown-linux-gnu/lib/rustlib/src/rust/library/core/src/result.rs:594:18 in function std::result::Result::<(), utf8_string::Utf8Error>::is_ok

Check 144: std::result::Result::<(), utf8_string::Utf8Error>::is_ok.pointer_dereference.4
	 - Status: SUCCESS
	 - Description: "dereference failure: dead object"
	 - Location: ../../../runner/.rustup/toolchains/nightly-2025-11-21-x86_64-unknown-linux-gnu/lib/rustlib/src/rust/library/core/src/result.rs:594:18 in function std::result::Result::<(), utf8_string::Utf8Error>::is_ok

Check 145: std::result::Result::<(), utf8_string::Utf8Error>::is_ok.pointer_dereference.5
	 - Status: SUCCESS
	 - Description: "dereference failure: pointer outside object bounds"
	 - Location: ../../../runner/.rustup/toolchains/nightly-2025-11-21-x86_64-unknown-linux-gnu/lib/rustlib/src/rust/library/core/src/result.rs:594:18 in function std::result::Result::<(), utf8_string::Utf8Error>::is_ok

Check 146: std::result::Result::<(), utf8_string::Utf8Error>::is_ok.pointer_dereference.6
	 - Status: SUCCESS
	 - Description: "dereference failure: invalid integer address"
	 - Location: ../../../runner/.rustup/toolchains/nightly-2025-11-21-x86_64-unknown-linux-gnu/lib/rustlib/src/rust/library/core/src/result.rs:594:18 in function std::result::Result::<(), utf8_string::Utf8Error>::is_ok

Check 147: std::ptr::align_offset::mod_inv.array_bounds.1
	 - Status: SUCCESS
	 - Description: "index out of bounds: the length is less than or equal to the given index"
	 - Location: ../../../runner/.rustup/toolchains/nightly-2025-11-21-x86_64-unknown-linux-gnu/lib/rustlib/src/rust/library/core/src/ptr/mod.rs:2219:27 in function std::ptr::align_offset::mod_inv

Check 148: core::str::validations::run_utf8_validation.pointer_dereference.1
	 - Status: SUCCESS
	 - Description: "dereference failure: pointer NULL"
	 - Location: ../../../runner/.rustup/toolchains/nightly-2025-11-21-x86_64-unknown-linux-gnu/lib/rustlib/src/rust/library/core/src/str/validations.rs:164:21 in function core::str::validations::run_utf8_validation

Check 149: core::str::validations::run_utf8_validation.pointer_dereference.2
	 - Status: SUCCESS
	 - Description: "dereference failure: pointer invalid"
	 - Location: ../../../runner/.rustup/toolchains/nightly-2025-11-21-x86_64-unknown-linux-gnu/lib/rustlib/src/rust/library/core/src/str/validations.rs:164:21 in function core::str::validations::run_utf8_validation

Check 150: core::str::validations::run_utf8_validation.pointer_dereference.3
	 - Status: SUCCESS
	 - Description: "dereference failure: deallocated dynamic object"
	 - Location: ../../../runner/.rustup/toolchains/nightly-2025-11-21-x86_64-unknown-linux-gnu/lib/rustlib/src/rust/library/core/src/str/validations.rs:164:21 in function core::str::validations::run_utf8_validation

Check 151: core::str::validations::run_utf8_validation.pointer_dereference.4
	 - Status: SUCCESS
	 - Description: "dereference failure: dead object"
	 - Location: ../../../runner/.rustup/toolchains/nightly-2025-11-21-x86_64-unknown-linux-gnu/lib/rustlib/src/rust/library/core/src/str/validations.rs:164:21 in function core::str::validations::run_utf8_validation

Check 152: core::str::validations::run_utf8_validation.pointer_dereference.5
	 - Status: SUCCESS
	 - Description: "dereference failure: pointer outside object bounds"
	 - Location: ../../../runner/.rustup/toolchains/nightly-2025-11-21-x86_64-unknown-linux-gnu/lib/rustlib/src/rust/library/core/src/str/validations.rs:164:21 in function core::str::validations::run_utf8_validation

Check 153: core::str::validations::run_utf8_validation.pointer_dereference.6
	 - Status: SUCCESS
	 - Description: "dereference failure: invalid integer address"
	 - Location: ../../../runner/.rustup/toolchains/nightly-2025-11-21-x86_64-unknown-linux-gnu/lib/rustlib/src/rust/library/core/src/str/validations.rs:164:21 in function core::str::validations::run_utf8_validation

Check 154: core::str::validations::run_utf8_validation.pointer_dereference.7
	 - Status: SUCCESS
	 - Description: "dereference failure: pointer NULL"
	 - Location: ../../../runner/.rustup/toolchains/nightly-2025-11-21-x86_64-unknown-linux-gnu/lib/rustlib/src/rust/library/core/src/str/validations.rs:160:17 in function core::str::validations::run_utf8_validation

Check 155: core::str::validations::run_utf8_validation.pointer_dereference.8
	 - Status: SUCCESS
	 - Description: "dereference failure: pointer invalid"
	 - Location: ../../../runner/.rustup/toolchains/nightly-2025-11-21-x86_64-unknown-linux-gnu/lib/rustlib/src/rust/library/core/src/str/validations.rs:160:17 in function core::str::validations::run_utf8_validation

Check 156: core::str::validations::run_utf8_validation.pointer_dereference.9
	 - Status: SUCCESS
	 - Description: "dereference failure: deallocated dynamic object"
	 - Location: ../../../runner/.rustup/toolchains/nightly-2025-11-21-x86_64-unknown-linux-gnu/lib/rustlib/src/rust/library/core/src/str/validations.rs:160:17 in function core::str::validations::run_utf8_validation

Check 157: core::str::validations::run_utf8_validation.pointer_dereference.10
	 - Status: SUCCESS
	 - Description: "dereference failure: dead object"
	 - Location: ../../../runner/.rustup/toolchains/nightly-2025-11-21-x86_64-unknown-linux-gnu/lib/rustlib/src/rust/library/core/src/str/validations.rs:160:17 in function core::str::validations::run_utf8_validation

Check 158: core::str::validations::run_utf8_validation.pointer_dereference.11
	 - Status: SUCCESS
	 - Description: "dereference failure: pointer outside object bounds"
	 - Location: ../../../runner/.rustup/toolchains/nightly-2025-11-21-x86_64-unknown-linux-gnu/lib/rustlib/src/rust/library/core/src/str/validations.rs:160:17 in function core::str::validations::run_utf8_validation

Check 159: core::str::validations::run_utf8_validation.pointer_dereference.12
	 - Status: SUCCESS
	 - Description: "dereference failure: invalid integer address"
	 - Location: ../../../runner/.rustup/toolchains/nightly-2025-11-21-x86_64-unknown-linux-gnu/lib/rustlib/src/rust/library/core/src/str/validations.rs:160:17 in function core::str::validations::run_utf8_validation

Check 160: core::str::validations::run_utf8_validation.pointer_dereference.13
	 - Status: SUCCESS
	 - Description: "dereference failure: pointer NULL"
	 - Location: ../../../runner/.rustup/toolchains/nightly-2025-11-21-x86_64-unknown-linux-gnu/lib/rustlib/src/rust/library/core/src/str/validations.rs:160:17 in function core::str::validations::run_utf8_validation

Check 161: core::str::validations::run_utf8_validation.pointer_dereference.14
	 - Status: SUCCESS
	 - Description: "dereference failure: pointer invalid"
	 - Location: ../../../runner/.rustup/toolchains/nightly-2025-11-21-x86_64-unknown-linux-gnu/lib/rustlib/src/rust/library/core/src/str/validations.rs:160:17 in function core::str::validations::run_utf8_validation

Check 162: core::str::validations::run_utf8_validation.pointer_dereference.15
	 - Status: SUCCESS
	 - Description: "dereference failure: deallocated dynamic object"
	 - Location: ../../../runner/.rustup/toolchains/nightly-2025-11-21-x86_64-unknown-linux-gnu/lib/rustlib/src/rust/library/core/src/str/validations.rs:160:17 in function core::str::validations::run_utf8_validation

Check 163: core::str::validations::run_utf8_validation.pointer_dereference.16
	 - Status: SUCCESS
	 - Description: "dereference failure: dead object"
	 - Location: ../../../runner/.rustup/toolchains/nightly-2025-11-21-x86_64-unknown-linux-gnu/lib/rustlib/src/rust/library/core/src/str/validations.rs:160:17 in function core::str::validations::run_utf8_validation

Check 164: core::str::validations::run_utf8_validation.pointer_dereference.17
	 - Status: SUCCESS
	 - Description: "dereference failure: pointer outside object bounds"
	 - Location: ../../../runner/.rustup/toolchains/nightly-2025-11-21-x86_64-unknown-linux-gnu/lib/rustlib/src/rust/library/core/src/str/validations.rs:160:17 in function core::str::validations::run_utf8_validation

Check 165: core::str::validations::run_utf8_validation.pointer_dereference.18
	 - Status: SUCCESS
	 - Description: "dereference failure: invalid integer address"
	 - Location: ../../../runner/.rustup/toolchains/nightly-2025-11-21-x86_64-unknown-linux-gnu/lib/rustlib/src/rust/library/core/src/str/validations.rs:160:17 in function core::str::validations::run_utf8_validation

Check 166: core::str::validations::run_utf8_validation.pointer_dereference.19
	 - Status: SUCCESS
	 - Description: "dereference failure: pointer NULL"
	 - Location: ../../../runner/.rustup/toolchains/nightly-2025-11-21-x86_64-unknown-linux-gnu/lib/rustlib/src/rust/library/core/src/str/validations.rs:160:17 in function core::str::validations::run_utf8_validation

Check 167: core::str::validations::run_utf8_validation.pointer_dereference.20
	 - Status: SUCCESS
	 - Description: "dereference failure: pointer invalid"
	 - Location: ../../../runner/.rustup/toolchains/nightly-2025-11-21-x86_64-unknown-linux-gnu/lib/rustlib/src/rust/library/core/src/str/validations.rs:160:17 in function core::str::validations::run_utf8_validation

Check 168: core::str::validations::run_utf8_validation.pointer_dereference.21
	 - Status: SUCCESS
	 - Description: "dereference failure: deallocated dynamic object"
	 - Location: ../../../runner/.rustup/toolchains/nightly-2025-11-21-x86_64-unknown-linux-gnu/lib/rustlib/src/rust/library/core/src/str/validations.rs:160:17 in function core::str::validations::run_utf8_validation

Check 169: core::str::validations::run_utf8_validation.pointer_dereference.22
	 - Status: SUCCESS
	 - Description: "dereference failure: dead object"
	 - Location: ../../../runner/.rustup/toolchains/nightly-2025-11-21-x86_64-unknown-linux-gnu/lib/rustlib/src/rust/library/core/src/str/validations.rs:160:17 in function core::str::validations::run_utf8_validation

Check 170: core::str::validations::run_utf8_validation.pointer_dereference.23
	 - Status: SUCCESS
	 - Description: "dereference failure: pointer outside object bounds"
	 - Location: ../../../runner/.rustup/toolchains/nightly-2025-11-21-x86_64-unknown-linux-gnu/lib/rustlib/src/rust/library/core/src/str/validations.rs:160:17 in function core::str::validations::run_utf8_validation

Check 171: core::str::validations::run_utf8_validation.pointer_dereference.24
	 - Status: SUCCESS
	 - Description: "dereference failure: invalid integer address"
	 - Location: ../../../runner/.rustup/toolchains/nightly-2025-11-21-x86_64-unknown-linux-gnu/lib/rustlib/src/rust/library/core/src/str/validations.rs:160:17 in function core::str::validations::run_utf8_validation

Check 172: core::str::validations::run_utf8_validation.pointer_dereference.25
	 - Status: SUCCESS
	 - Description: "dereference failure: pointer NULL"
	 - Location: ../../../runner/.rustup/toolchains/nightly-2025-11-21-x86_64-unknown-linux-gnu/lib/rustlib/src/rust/library/core/src/str/validations.rs:160:17 in function core::str::validations::run_utf8_validation

Check 173: core::str::validations::run_utf8_validation.pointer_dereference.26
	 - Status: SUCCESS
	 - Description: "dereference failure: pointer invalid"
	 - Location: ../../../runner/.rustup/toolchains/nightly-2025-11-21-x86_64-unknown-linux-gnu/lib/rustlib/src/rust/library/core/src/str/validations.rs:160:17 in function core::str::validations::run_utf8_validation

Check 174: core::str::validations::run_utf8_validation.pointer_dereference.27
	 - Status: SUCCESS
	 - Description: "dereference failure: deallocated dynamic object"
	 - Location: ../../../runner/.rustup/toolchains/nightly-2025-11-21-x86_64-unknown-linux-gnu/lib/rustlib/src/rust/library/core/src/str/validations.rs:160:17 in function core::str::validations::run_utf8_validation

Check 175: core::str::validations::run_utf8_validation.pointer_dereference.28
	 - Status: SUCCESS
	 - Description: "dereference failure: dead object"
	 - Location: ../../../runner/.rustup/toolchains/nightly-2025-11-21-x86_64-unknown-linux-gnu/lib/rustlib/src/rust/library/core/src/str/validations.rs:160:17 in function core::str::validations::run_utf8_validation

Check 176: core::str::validations::run_utf8_validation.pointer_dereference.29
	 - Status: SUCCESS
	 - Description: "dereference failure: pointer outside object bounds"
	 - Location: ../../../runner/.rustup/toolchains/nightly-2025-11-21-x86_64-unknown-linux-gnu/lib/rustlib/src/rust/library/core/src/str/validations.rs:160:17 in function core::str::validations::run_utf8_validation

Check 177: core::str::validations::run_utf8_validation.pointer_dereference.30
	 - Status: SUCCESS
	 - Description: "dereference failure: invalid integer address"
	 - Location: ../../../runner/.rustup/toolchains/nightly-2025-11-21-x86_64-unknown-linux-gnu/lib/rustlib/src/rust/library/core/src/str/validations.rs:160:17 in function core::str::validations::run_utf8_validation

Check 178: core::str::validations::run_utf8_validation.pointer_dereference.31
	 - Status: SUCCESS
	 - Description: "dereference failure: pointer NULL"
	 - Location: ../../../runner/.rustup/toolchains/nightly-2025-11-21-x86_64-unknown-linux-gnu/lib/rustlib/src/rust/library/core/src/str/validations.rs:160:17 in function core::str::validations::run_utf8_validation

Check 179: core::str::validations::run_utf8_validation.pointer_dereference.32
	 - Status: SUCCESS
	 - Description: "dereference failure: pointer invalid"
	 - Location: ../../../runner/.rustup/toolchains/nightly-2025-11-21-x86_64-unknown-linux-gnu/lib/rustlib/src/rust/library/core/src/str/validations.rs:160:17 in function core::str::validations::run_utf8_validation

Check 180: core::str::validations::run_utf8_validation.pointer_dereference.33
	 - Status: SUCCESS
	 - Description: "dereference failure: deallocated dynamic object"
	 - Location: ../../../runner/.rustup/toolchains/nightly-2025-11-21-x86_64-unknown-linux-gnu/lib/rustlib/src/rust/library/core/src/str/validations.rs:160:17 in function core::str::validations::run_utf8_validation

Check 181: core::str::validations::run_utf8_validation.pointer_dereference.34
	 - Status: SUCCESS
	 - Description: "dereference failure: dead object"
	 - Location: ../../../runner/.rustup/toolchains/nightly-2025-11-21-x86_64-unknown-linux-gnu/lib/rustlib/src/rust/library/core/src/str/validations.rs:160:17 in function core::str::validations::run_utf8_validation

Check 182: core::str::validations::run_utf8_validation.pointer_dereference.35
	 - Status: SUCCESS
	 - Description: "dereference failure: pointer outside object bounds"
	 - Location: ../../../runner/.rustup/toolchains/nightly-2025-11-21-x86_64-unknown-linux-gnu/lib/rustlib/src/rust/library/core/src/str/validations.rs:160:17 in function core::str::validations::run_utf8_validation

Check 183: core::str::validations::run_utf8_validation.pointer_dereference.36
	 - Status: SUCCESS
	 - Description: "dereference failure: invalid integer address"
	 - Location: ../../../runner/.rustup/toolchains/nightly-2025-11-21-x86_64-unknown-linux-gnu/lib/rustlib/src/rust/library/core/src/str/validations.rs:160:17 in function core::str::validations::run_utf8_validation

Check 184: core::str::validations::run_utf8_validation.pointer_dereference.37
	 - Status: SUCCESS
	 - Description: "dereference failure: pointer NULL"
	 - Location: ../../../runner/.rustup/toolchains/nightly-2025-11-21-x86_64-unknown-linux-gnu/lib/rustlib/src/rust/library/core/src/str/validations.rs:160:17 in function core::str::validations::run_utf8_validation

Check 185: core::str::validations::run_utf8_validation.pointer_dereference.38
	 - Status: SUCCESS
	 - Description: "dereference failure: pointer invalid"
	 - Location: ../../../runner/.rustup/toolchains/nightly-2025-11-21-x86_64-unknown-linux-gnu/lib/rustlib/src/rust/library/core/src/str/validations.rs:160:17 in function core::str::validations::run_utf8_validation

Check 186: core::str::validations::run_utf8_validation.pointer_dereference.39
	 - Status: SUCCESS
	 - Description: "dereference failure: deallocated dynamic object"
	 - Location: ../../../runner/.rustup/toolchains/nightly-2025-11-21-x86_64-unknown-linux-gnu/lib/rustlib/src/rust/library/core/src/str/validations.rs:160:17 in function core::str::validations::run_utf8_validation

Check 187: core::str::validations::run_utf8_validation.pointer_dereference.40
	 - Status: SUCCESS
	 - Description: "dereference failure: dead object"
	 - Location: ../../../runner/.rustup/toolchains/nightly-2025-11-21-x86_64-unknown-linux-gnu/lib/rustlib/src/rust/library/core/src/str/validations.rs:160:17 in function core::str::validations::run_utf8_validation

Check 188: core::str::validations::run_utf8_validation.pointer_dereference.41
	 - Status: SUCCESS
	 - Description: "dereference failure: pointer outside object bounds"
	 - Location: ../../../runner/.rustup/toolchains/nightly-2025-11-21-x86_64-unknown-linux-gnu/lib/rustlib/src/rust/library/core/src/str/validations.rs:160:17 in function core::str::validations::run_utf8_validation

Check 189: core::str::validations::run_utf8_validation.pointer_dereference.42
	 - Status: SUCCESS
	 - Description: "dereference failure: invalid integer address"
	 - Location: ../../../runner/.rustup/toolchains/nightly-2025-11-21-x86_64-unknown-linux-gnu/lib/rustlib/src/rust/library/core/src/str/validations.rs:160:17 in function core::str::validations::run_utf8_validation

Check 190: core::str::validations::run_utf8_validation.pointer_dereference.43
	 - Status: SUCCESS
	 - Description: "dereference failure: pointer NULL"
	 - Location: ../../../runner/.rustup/toolchains/nightly-2025-11-21-x86_64-unknown-linux-gnu/lib/rustlib/src/rust/library/core/src/str/validations.rs:232:52 in function core::str::validations::run_utf8_validation

Check 191: core::str::validations::run_utf8_validation.pointer_dereference.44
	 - Status: SUCCESS
	 - Description: "dereference failure: pointer invalid"
	 - Location: ../../../runner/.rustup/toolchains/nightly-2025-11-21-x86_64-unknown-linux-gnu/lib/rustlib/src/rust/library/core/src/str/validations.rs:232:52 in function core::str::validations::run_utf8_validation

Check 192: core::str::validations::run_utf8_validation.pointer_dereference.45
	 - Status: SUCCESS
	 - Description: "dereference failure: deallocated dynamic object"
	 - Location: ../../../runner/.rustup/toolchains/nightly-2025-11-21-x86_64-unknown-linux-gnu/lib/rustlib/src/rust/library/core/src/str/validations.rs:232:52 in function core::str::validations::run_utf8_validation

Check 193: core::str::validations::run_utf8_validation.pointer_dereference.46
	 - Status: SUCCESS
	 - Description: "dereference failure: dead object"
	 - Location: ../../../runner/.rustup/toolchains/nightly-2025-11-21-x86_64-unknown-linux-gnu/lib/rustlib/src/rust/library/core/src/str/validations.rs:232:52 in function core::str::validations::run_utf8_validation

Check 194: core::str::validations::run_utf8_validation.pointer_dereference.47
	 - Status: SUCCESS
	 - Description: "dereference failure: pointer outside object bounds"
	 - Location: ../../../runner/.rustup/toolchains/nightly-2025-11-21-x86_64-unknown-linux-gnu/lib/rustlib/src/rust/library/core/src/str/validations.rs:232:52 in function core::str::validations::run_utf8_validation

Check 195: core::str::validations::run_utf8_validation.pointer_dereference.48
	 - Status: SUCCESS
	 - Description: "dereference failure: invalid integer address"
	 - Location: ../../../runner/.rustup/toolchains/nightly-2025-11-21-x86_64-unknown-linux-gnu/lib/rustlib/src/rust/library/core/src/str/validations.rs:232:52 in function core::str::validations::run_utf8_validation

Check 196: core::str::validations::run_utf8_validation.pointer_dereference.49
	 - Status: SUCCESS
	 - Description: "dereference failure: pointer NULL"
	 - Location: ../../../runner/.rustup/toolchains/nightly-2025-11-21-x86_64-unknown-linux-gnu/lib/rustlib/src/rust/library/core/src/str/validations.rs:233:52 in function core::str::validations::run_utf8_validation

Check 197: core::str::validations::run_utf8_validation.pointer_dereference.50
	 - Status: SUCCESS
	 - Description: "dereference failure: pointer invalid"
	 - Location: ../../../runner/.rustup/toolchains/nightly-2025-11-21-x86_64-unknown-linux-gnu/lib/rustlib/src/rust/library/core/src/str/validations.rs:233:52 in function core::str::validations::run_utf8_validation

Check 198: core::str::validations::run_utf8_validation.pointer_dereference.51
	 - Status: SUCCESS
	 - Description: "dereference failure: deallocated dynamic object"
	 - Location: ../../../runner/.rustup/toolchains/nightly-2025-11-21-x86_64-unknown-linux-gnu/lib/rustlib/src/rust/library/core/src/str/validations.rs:233:52 in function core::str::validations::run_utf8_validation

Check 199: core::str::validations::run_utf8_validation.pointer_dereference.52
	 - Status: SUCCESS
	 - Description: "dereference failure: dead object"
	 - Location: ../../../runner/.rustup/toolchains/nightly-2025-11-21-x86_64-unknown-linux-gnu/lib/rustlib/src/rust/library/core/src/str/validations.rs:233:52 in function core::str::validations::run_utf8_validation

Check 200: core::str::validations::run_utf8_validation.pointer_dereference.53
	 - Status: SUCCESS
	 - Description: "dereference failure: pointer outside object bounds"
	 - Location: ../../../runner/.rustup/toolchains/nightly-2025-11-21-x86_64-unknown-linux-gnu/lib/rustlib/src/rust/library/core/src/str/validations.rs:233:52 in function core::str::validations::run_utf8_validation

Check 201: core::str::validations::run_utf8_validation.pointer_dereference.54
	 - Status: SUCCESS
	 - Description: "dereference failure: invalid integer address"
	 - Location: ../../../runner/.rustup/toolchains/nightly-2025-11-21-x86_64-unknown-linux-gnu/lib/rustlib/src/rust/library/core/src/str/validations.rs:233:52 in function core::str::validations::run_utf8_validation

Check 202: core::str::validations::run_utf8_validation.pointer_dereference.55
	 - Status: SUCCESS
	 - Description: "dereference failure: pointer NULL"
	 - Location: ../../../runner/.rustup/toolchains/nightly-2025-11-21-x86_64-unknown-linux-gnu/lib/rustlib/src/rust/library/core/src/str/validations.rs:241:38 in function core::str::validations::run_utf8_validation

Check 203: core::str::validations::run_utf8_validation.pointer_dereference.56
	 - Status: SUCCESS
	 - Description: "dereference failure: pointer invalid"
	 - Location: ../../../runner/.rustup/toolchains/nightly-2025-11-21-x86_64-unknown-linux-gnu/lib/rustlib/src/rust/library/core/src/str/validations.rs:241:38 in function core::str::validations::run_utf8_validation

Check 204: core::str::validations::run_utf8_validation.pointer_dereference.57
	 - Status: SUCCESS
	 - Description: "dereference failure: deallocated dynamic object"
	 - Location: ../../../runner/.rustup/toolchains/nightly-2025-11-21-x86_64-unknown-linux-gnu/lib/rustlib/src/rust/library/core/src/str/validations.rs:241:38 in function core::str::validations::run_utf8_validation

Check 205: core::str::validations::run_utf8_validation.pointer_dereference.58
	 - Status: SUCCESS
	 - Description: "dereference failure: dead object"
	 - Location: ../../../runner/.rustup/toolchains/nightly-2025-11-21-x86_64-unknown-linux-gnu/lib/rustlib/src/rust/library/core/src/str/validations.rs:241:38 in function core::str::validations::run_utf8_validation

Check 206: core::str::validations::run_utf8_validation.pointer_dereference.59
	 - Status: SUCCESS
	 - Description: "dereference failure: pointer outside object bounds"
	 - Location: ../../../runner/.rustup/toolchains/nightly-2025-11-21-x86_64-unknown-linux-gnu/lib/rustlib/src/rust/library/core/src/str/validations.rs:241:38 in function core::str::validations::run_utf8_validation

Check 207: core::str::validations::run_utf8_validation.pointer_dereference.60
	 - Status: SUCCESS
	 - Description: "dereference failure: invalid integer address"
	 - Location: ../../../runner/.rustup/toolchains/nightly-2025-11-21-x86_64-unknown-linux-gnu/lib/rustlib/src/rust/library/core/src/str/validations.rs:241:38 in function core::str::validations::run_utf8_validation

Check 208: core::str::validations::run_utf8_validation.pointer_dereference.61
	 - Status: SUCCESS
	 - Description: "dereference failure: dead object"
	 - Location: ../../../runner/.rustup/toolchains/nightly-2025-11-21-x86_64-unknown-linux-gnu/lib/rustlib/src/rust/library/core/src/str/validations.rs:250:5 in function core::str::validations::run_utf8_validation

Check 209: <std::ops::RangeInclusive<u32> as std::ops::RangeBounds<u32>>::end_bound.pointer_dereference.1
	 - Status: SUCCESS
	 - Description: "dereference failure: pointer NULL"
	 - Location: ../../../runner/.rustup/toolchains/nightly-2025-11-21-x86_64-unknown-linux-gnu/lib/rustlib/src/rust/library/core/src/ops/range.rs:1129:12 in function <std::ops::RangeInclusive<u32> as std::ops::RangeBounds<u32>>::end_bound

Check 210: <std::ops::RangeInclusive<u32> as std::ops::RangeBounds<u32>>::end_bound.pointer_dereference.2
	 - Status: SUCCESS
	 - Description: "dereference failure: pointer invalid"
	 - Location: ../../../runner/.rustup/toolchains/nightly-2025-11-21-x86_64-unknown-linux-gnu/lib/rustlib/src/rust/library/core/src/ops/range.rs:1129:12 in function <std::ops::RangeInclusive<u32> as std::ops::RangeBounds<u32>>::end_bound

Check 211: <std::ops::RangeInclusive<u32> as std::ops::RangeBounds<u32>>::end_bound.pointer_dereference.3
	 - Status: SUCCESS
	 - Description: "dereference failure: deallocated dynamic object"
	 - Location: ../../../runner/.rustup/toolchains/nightly-2025-11-21-x86_64-unknown-linux-gnu/lib/rustlib/src/rust/library/core/src/ops/range.rs:1129:12 in function <std::ops::RangeInclusive<u32> as std::ops::RangeBounds<u32>>::end_bound

Check 212: <std::ops::RangeInclusive<u32> as std::ops::RangeBounds<u32>>::end_bound.pointer_dereference.4
	 - Status: SUCCESS
	 - Description: "dereference failure: dead object"
	 - Location: ../../../runner/.rustup/toolchains/nightly-2025-11-21-x86_64-unknown-linux-gnu/lib/rustlib/src/rust/library/core/src/ops/range.rs:1129:12 in function <std::ops::RangeInclusive<u32> as std::ops::RangeBounds<u32>>::end_bound

Check 213: <std::ops::RangeInclusive<u32> as std::ops::RangeBounds<u32>>::end_bound.pointer_dereference.5
	 - Status: SUCCESS
	 - Description: "dereference failure: pointer outside object bounds"
	 - Location: ../../../runner/.rustup/toolchains/nightly-2025-11-21-x86_64-unknown-linux-gnu/lib/rustlib/src/rust/library/core/src/ops/range.rs:1129:12 in function <std::ops::RangeInclusive<u32> as std::ops::RangeBounds<u32>>::end_bound

Check 214: <std::ops::RangeInclusive<u32> as std::ops::RangeBounds<u32>>::end_bound.pointer_dereference.6
	 - Status: SUCCESS
	 - Description: "dereference failure: invalid integer address"
	 - Location: ../../../runner/.rustup/toolchains/nightly-2025-11-21-x86_64-unknown-linux-gnu/lib/rustlib/src/rust/library/core/src/ops/range.rs:1129:12 in function <std::ops::RangeInclusive<u32> as std::ops::RangeBounds<u32>>::end_bound

Check 215: core::num::<impl usize>::is_multiple_of.division-by-zero.1
	 - Status: SUCCESS
	 - Description: "division by zero"
	 - Location: ../../../runner/.rustup/toolchains/nightly-2025-11-21-x86_64-unknown-linux-gnu/lib/rustlib/src/rust/library/core/src/num/uint_macros.rs:3574:22 in function core::num::<impl usize>::is_multiple_of

Check 216: utf8_string::validate_utf8.pointer_dereference.1
	 - Status: SUCCESS
	 - Description: "dereference failure: pointer NULL"
	 - Location: der-verified/src/utf8_string.rs:125:20 in function utf8_string::validate_utf8

Check 217: utf8_string::validate_utf8.pointer_dereference.2
	 - Status: SUCCESS
	 - Description: "dereference failure: pointer invalid"
	 - Location: der-verified/src/utf8_string.rs:125:20 in function utf8_string::validate_utf8

Check 218: utf8_string::validate_utf8.pointer_dereference.3
	 - Status: SUCCESS
	 - Description: "dereference failure: deallocated dynamic object"
	 - Location: der-verified/src/utf8_string.rs:125:20 in function utf8_string::validate_utf8

Check 219: utf8_string::validate_utf8.pointer_dereference.4
	 - Status: SUCCESS
	 - Description: "dereference failure: dead object"
	 - Location: der-verified/src/utf8_string.rs:125:20 in function utf8_string::validate_utf8

Check 220: utf8_string::validate_utf8.pointer_dereference.5
	 - Status: SUCCESS
	 - Description: "dereference failure: pointer outside object bounds"
	 - Location: der-verified/src/utf8_string.rs:125:20 in function utf8_string::validate_utf8

Check 221: utf8_string::validate_utf8.pointer_dereference.6
	 - Status: SUCCESS
	 - Description: "dereference failure: invalid integer address"
	 - Location: der-verified/src/utf8_string.rs:125:20 in function utf8_string::validate_utf8

Check 222: utf8_string::validate_utf8.pointer_dereference.7
	 - Status: SUCCESS
	 - Description: "dereference failure: pointer NULL"
	 - Location: der-verified/src/utf8_string.rs:146:24 in function utf8_string::validate_utf8

Check 223: utf8_string::validate_utf8.pointer_dereference.8
	 - Status: SUCCESS
	 - Description: "dereference failure: pointer invalid"
	 - Location: der-verified/src/utf8_string.rs:146:24 in function utf8_string::validate_utf8

Check 224: utf8_string::validate_utf8.pointer_dereference.9
	 - Status: SUCCESS
	 - Description: "dereference failure: deallocated dynamic object"
	 - Location: der-verified/src/utf8_string.rs:146:24 in function utf8_string::validate_utf8

Check 225: utf8_string::validate_utf8.pointer_dereference.10
	 - Status: SUCCESS
	 - Description: "dereference failure: dead object"
	 - Location: der-verified/src/utf8_string.rs:146:24 in function utf8_string::validate_utf8

Check 226: utf8_string::validate_utf8.pointer_dereference.11
	 - Status: SUCCESS
	 - Description: "dereference failure: pointer outside object bounds"
	 - Location: der-verified/src/utf8_string.rs:146:24 in function utf8_string::validate_utf8

Check 227: utf8_string::validate_utf8.pointer_dereference.12
	 - Status: SUCCESS
	 - Description: "dereference failure: invalid integer address"
	 - Location: der-verified/src/utf8_string.rs:146:24 in function utf8_string::validate_utf8

Check 228: utf8_string::validate_utf8.pointer_dereference.13
	 - Status: SUCCESS
	 - Description: "dereference failure: dead object"
	 - Location: der-verified/src/utf8_string.rs:170:5 in function utf8_string::validate_utf8

Check 229: utf8_string::validate_utf8.unwind.0
	 - Status: SUCCESS
	 - Description: "unwinding assertion loop 0"
	 - Location: der-verified/src/utf8_string.rs:145:9 in function utf8_string::validate_utf8

Check 230: utf8_string::validate_utf8.unwind.1
	 - Status: SUCCESS
	 - Description: "unwinding assertion loop 1"
	 - Location: der-verified/src/lib.rs:0:0 in function utf8_string::validate_utf8

Check 231: core::str::validations::run_utf8_validation.unwind.1
	 - Status: SUCCESS
	 - Description: "unwinding assertion loop 1"
	 - Location: ../../../runner/.rustup/toolchains/nightly-2025-11-21-x86_64-unknown-linux-gnu/lib/rustlib/src/rust/library/core/src/str/validations.rs:241:17 in function core::str::validations::run_utf8_validation

Check 232: core::str::validations::run_utf8_validation.unwind.0
	 - Status: SUCCESS
	 - Description: "unwinding assertion loop 0"
	 - Location: ../../../runner/.rustup/toolchains/nightly-2025-11-21-x86_64-unknown-linux-gnu/lib/rustlib/src/rust/library/core/src/str/validations.rs:224:17 in function core::str::validations::run_utf8_validation

Check 233: core::str::validations::run_utf8_validation.unwind.2
	 - Status: SUCCESS
	 - Description: "unwinding assertion loop 2"
	 - Location: ../../../runner/.rustup/toolchains/nightly-2025-11-21-x86_64-unknown-linux-gnu/lib/rustlib/src/rust/library/core/src/str/validations.rs:145:5 in function core::str::validations::run_utf8_validation


SUMMARY:
 ** 0 of 233 failed (7 unreachable)

VERIFICATION:- SUCCESSFUL
Verification Time: 3.8650463s

Manual Harness Summary:
Complete - 1 successfully verified harnesses, 0 failures, 1 total.
	Command being timed: "cargo kani --manifest-path der-verified/Cargo.toml --harness utf8_string::proofs::validate_iff_std --exact -Z stubbing"
	User time (seconds): 4.70
	System time (seconds): 0.21
	Percent of CPU this job got: 100%
	Elapsed (wall clock) time (h:mm:ss or m:ss): 0:04.88
	Average shared text size (kbytes): 0
	Average unshared data size (kbytes): 0
	Average stack size (kbytes): 0
	Average total size (kbytes): 0
	Maximum resident set size (kbytes): 332356
	Average resident set size (kbytes): 0
	Major (requiring I/O) page faults: 1
	Minor (reclaiming a frame) page faults: 232302
	Voluntary context switches: 2556
	Involuntary context switches: 83
	Swaps: 0
	File system inputs: 152
	File system outputs: 49408
	Socket messages sent: 0
	Socket messages received: 0
	Signals delivered: 0
	Page size (bytes): 4096
	Exit status: 0
