Running as unit: run-p72271-i78876.scope; invocation ID: cf1816d2ef954c3bb5a51acfbf6d81e3
Kani Rust Verifier 0.67.0 (cargo plugin)
   Compiling der-verified v0.1.1 (/home/ivo/repo/rs-verified-der/der-verified)
warning: Found the following unsupported constructs:
             - caller_location (1)
             - foreign function (1)
         
         Verification will fail if one or more of these constructs is reachable.
         See https://model-checking.github.io/kani/rust-feature-support.html for more details.

    Finished `dev` profile [unoptimized + debuginfo] target(s) in 0.39s
Checking harness utf8_string::proofs::validate_iff_std...
CBMC 6.8.0 (cbmc-6.8.0)
CBMC version 6.8.0 (cbmc-6.8.0) 64-bit x86_64 linux
Reading GOTO program from file /home/ivo/repo/rs-verified-der/target/kani/x86_64-unknown-linux-gnu/debug/deps/der_verified-a91cd0cf8f4722e8__RNvNtNtCs8Uhk9se0wUe_12der_verified11utf8_string6proofs16validate_iff_std.out
Generating GOTO Program
Adding CPROVER library (x86_64)
Removal of function pointers and virtual functions
Generic Property Instrumentation
Running with 16 object bits, 48 offset bits (user-specified)
Starting Bounded Model Checking
aborting path on assume(false) at file /home/runner/.rustup/toolchains/nightly-2025-11-21-x86_64-unknown-linux-gnu/lib/rustlib/src/rust/library/core/src/slice/index.rs line 49 column 9 function core::slice::index::slice_index_fail::do_panic::runtime thread 0
aborting path on assume(false) at file /home/runner/.rustup/toolchains/nightly-2025-11-21-x86_64-unknown-linux-gnu/lib/rustlib/src/rust/library/core/src/intrinsics/mod.rs line 2449 column 9 function core::slice::index::slice_index_fail::do_panic thread 0
aborting path on assume(false) at file /home/runner/.rustup/toolchains/nightly-2025-11-21-x86_64-unknown-linux-gnu/lib/rustlib/src/rust/library/core/src/panic.rs line 178 column 9 function core::slice::index::slice_index_fail thread 0
aborting path on assume(false) at file /home/runner/.rustup/toolchains/nightly-2025-11-21-x86_64-unknown-linux-gnu/lib/rustlib/src/rust/library/core/src/slice/index.rs line 68 column 5 function core::slice::index::slice_index_fail::do_panic::runtime thread 0
aborting path on assume(false) at file /home/runner/.rustup/toolchains/nightly-2025-11-21-x86_64-unknown-linux-gnu/lib/rustlib/src/rust/library/core/src/intrinsics/mod.rs line 2449 column 9 function core::slice::index::slice_index_fail::do_panic thread 0
aborting path on assume(false) at file /home/runner/.rustup/toolchains/nightly-2025-11-21-x86_64-unknown-linux-gnu/lib/rustlib/src/rust/library/core/src/panic.rs line 178 column 9 function core::slice::index::slice_index_fail thread 0
aborting path on assume(false) at file /home/runner/.rustup/toolchains/nightly-2025-11-21-x86_64-unknown-linux-gnu/lib/rustlib/src/rust/library/core/src/slice/index.rs line 443 column 13 function <std::ops::Range<usize> as std::slice::SliceIndex<[u8]>>::index thread 0
aborting path on assume(false) at file der-verified/src/utf8_string.rs line 126 column 25 function utf8_string::validate_utf8 thread 0
Unwinding loop _RNvNtCs8Uhk9se0wUe_12der_verified11utf8_string13validate_utf8.0 iteration 1 file der-verified/src/utf8_string.rs line 145 column 9 function utf8_string::validate_utf8 thread 0
Unwinding loop _RNvNtCs8Uhk9se0wUe_12der_verified11utf8_string13validate_utf8.0 iteration 2 file der-verified/src/utf8_string.rs line 145 column 9 function utf8_string::validate_utf8 thread 0
Unwinding loop _RNvNtCs8Uhk9se0wUe_12der_verified11utf8_string13validate_utf8.0 iteration 3 file der-verified/src/utf8_string.rs line 145 column 9 function utf8_string::validate_utf8 thread 0
Unwinding loop _RNvNtCs8Uhk9se0wUe_12der_verified11utf8_string13validate_utf8.0 iteration 4 file der-verified/src/utf8_string.rs line 145 column 9 function utf8_string::validate_utf8 thread 0
Unwinding loop _RNvNtCs8Uhk9se0wUe_12der_verified11utf8_string13validate_utf8.0 iteration 5 file der-verified/src/utf8_string.rs line 145 column 9 function utf8_string::validate_utf8 thread 0
Not unwinding loop _RNvNtCs8Uhk9se0wUe_12der_verified11utf8_string13validate_utf8.0 iteration 6 file der-verified/src/utf8_string.rs line 145 column 9 function utf8_string::validate_utf8 thread 0
Unwinding loop _RNvNtCs8Uhk9se0wUe_12der_verified11utf8_string13validate_utf8.1 iteration 1 file der-verified/src/lib.rs line 0 column 0 function utf8_string::validate_utf8 thread 0
aborting path on assume(false) at file der-verified/src/utf8_string.rs line 126 column 25 function utf8_string::validate_utf8 thread 0
Unwinding loop _RNvNtCs8Uhk9se0wUe_12der_verified11utf8_string13validate_utf8.0 iteration 1 file der-verified/src/utf8_string.rs line 145 column 9 function utf8_string::validate_utf8 thread 0
Unwinding loop _RNvNtCs8Uhk9se0wUe_12der_verified11utf8_string13validate_utf8.0 iteration 2 file der-verified/src/utf8_string.rs line 145 column 9 function utf8_string::validate_utf8 thread 0
Unwinding loop _RNvNtCs8Uhk9se0wUe_12der_verified11utf8_string13validate_utf8.0 iteration 3 file der-verified/src/utf8_string.rs line 145 column 9 function utf8_string::validate_utf8 thread 0
Unwinding loop _RNvNtCs8Uhk9se0wUe_12der_verified11utf8_string13validate_utf8.0 iteration 4 file der-verified/src/utf8_string.rs line 145 column 9 function utf8_string::validate_utf8 thread 0
Unwinding loop _RNvNtCs8Uhk9se0wUe_12der_verified11utf8_string13validate_utf8.0 iteration 5 file der-verified/src/utf8_string.rs line 145 column 9 function utf8_string::validate_utf8 thread 0
Not unwinding loop _RNvNtCs8Uhk9se0wUe_12der_verified11utf8_string13validate_utf8.0 iteration 6 file der-verified/src/utf8_string.rs line 145 column 9 function utf8_string::validate_utf8 thread 0
Unwinding loop _RNvNtCs8Uhk9se0wUe_12der_verified11utf8_string13validate_utf8.1 iteration 2 file der-verified/src/lib.rs line 0 column 0 function utf8_string::validate_utf8 thread 0
aborting path on assume(false) at file der-verified/src/utf8_string.rs line 126 column 25 function utf8_string::validate_utf8 thread 0
Unwinding loop _RNvNtCs8Uhk9se0wUe_12der_verified11utf8_string13validate_utf8.0 iteration 1 file der-verified/src/utf8_string.rs line 145 column 9 function utf8_string::validate_utf8 thread 0
Unwinding loop _RNvNtCs8Uhk9se0wUe_12der_verified11utf8_string13validate_utf8.0 iteration 2 file der-verified/src/utf8_string.rs line 145 column 9 function utf8_string::validate_utf8 thread 0
Unwinding loop _RNvNtCs8Uhk9se0wUe_12der_verified11utf8_string13validate_utf8.0 iteration 3 file der-verified/src/utf8_string.rs line 145 column 9 function utf8_string::validate_utf8 thread 0
Unwinding loop _RNvNtCs8Uhk9se0wUe_12der_verified11utf8_string13validate_utf8.0 iteration 4 file der-verified/src/utf8_string.rs line 145 column 9 function utf8_string::validate_utf8 thread 0
Unwinding loop _RNvNtCs8Uhk9se0wUe_12der_verified11utf8_string13validate_utf8.0 iteration 5 file der-verified/src/utf8_string.rs line 145 column 9 function utf8_string::validate_utf8 thread 0
Not unwinding loop _RNvNtCs8Uhk9se0wUe_12der_verified11utf8_string13validate_utf8.0 iteration 6 file der-verified/src/utf8_string.rs line 145 column 9 function utf8_string::validate_utf8 thread 0
Unwinding loop _RNvNtCs8Uhk9se0wUe_12der_verified11utf8_string13validate_utf8.1 iteration 3 file der-verified/src/lib.rs line 0 column 0 function utf8_string::validate_utf8 thread 0
aborting path on assume(false) at file der-verified/src/utf8_string.rs line 126 column 25 function utf8_string::validate_utf8 thread 0
Unwinding loop _RNvNtCs8Uhk9se0wUe_12der_verified11utf8_string13validate_utf8.0 iteration 1 file der-verified/src/utf8_string.rs line 145 column 9 function utf8_string::validate_utf8 thread 0
Unwinding loop _RNvNtCs8Uhk9se0wUe_12der_verified11utf8_string13validate_utf8.0 iteration 2 file der-verified/src/utf8_string.rs line 145 column 9 function utf8_string::validate_utf8 thread 0
Unwinding loop _RNvNtCs8Uhk9se0wUe_12der_verified11utf8_string13validate_utf8.0 iteration 3 file der-verified/src/utf8_string.rs line 145 column 9 function utf8_string::validate_utf8 thread 0
Unwinding loop _RNvNtCs8Uhk9se0wUe_12der_verified11utf8_string13validate_utf8.0 iteration 4 file der-verified/src/utf8_string.rs line 145 column 9 function utf8_string::validate_utf8 thread 0
Unwinding loop _RNvNtCs8Uhk9se0wUe_12der_verified11utf8_string13validate_utf8.0 iteration 5 file der-verified/src/utf8_string.rs line 145 column 9 function utf8_string::validate_utf8 thread 0
Not unwinding loop _RNvNtCs8Uhk9se0wUe_12der_verified11utf8_string13validate_utf8.0 iteration 6 file der-verified/src/utf8_string.rs line 145 column 9 function utf8_string::validate_utf8 thread 0
Unwinding loop _RNvNtCs8Uhk9se0wUe_12der_verified11utf8_string13validate_utf8.1 iteration 4 file der-verified/src/lib.rs line 0 column 0 function utf8_string::validate_utf8 thread 0
aborting path on assume(false) at file der-verified/src/utf8_string.rs line 126 column 25 function utf8_string::validate_utf8 thread 0
Unwinding loop _RNvNtCs8Uhk9se0wUe_12der_verified11utf8_string13validate_utf8.0 iteration 1 file der-verified/src/utf8_string.rs line 145 column 9 function utf8_string::validate_utf8 thread 0
Unwinding loop _RNvNtCs8Uhk9se0wUe_12der_verified11utf8_string13validate_utf8.0 iteration 2 file der-verified/src/utf8_string.rs line 145 column 9 function utf8_string::validate_utf8 thread 0
Unwinding loop _RNvNtCs8Uhk9se0wUe_12der_verified11utf8_string13validate_utf8.0 iteration 3 file der-verified/src/utf8_string.rs line 145 column 9 function utf8_string::validate_utf8 thread 0
Unwinding loop _RNvNtCs8Uhk9se0wUe_12der_verified11utf8_string13validate_utf8.0 iteration 4 file der-verified/src/utf8_string.rs line 145 column 9 function utf8_string::validate_utf8 thread 0
Unwinding loop _RNvNtCs8Uhk9se0wUe_12der_verified11utf8_string13validate_utf8.0 iteration 5 file der-verified/src/utf8_string.rs line 145 column 9 function utf8_string::validate_utf8 thread 0
Not unwinding loop _RNvNtCs8Uhk9se0wUe_12der_verified11utf8_string13validate_utf8.0 iteration 6 file der-verified/src/utf8_string.rs line 145 column 9 function utf8_string::validate_utf8 thread 0
Unwinding loop _RNvNtCs8Uhk9se0wUe_12der_verified11utf8_string13validate_utf8.1 iteration 5 file der-verified/src/lib.rs line 0 column 0 function utf8_string::validate_utf8 thread 0
aborting path on assume(false) at file der-verified/src/utf8_string.rs line 126 column 25 function utf8_string::validate_utf8 thread 0
Unwinding loop _RNvNtCs8Uhk9se0wUe_12der_verified11utf8_string13validate_utf8.0 iteration 1 file der-verified/src/utf8_string.rs line 145 column 9 function utf8_string::validate_utf8 thread 0
Unwinding loop _RNvNtCs8Uhk9se0wUe_12der_verified11utf8_string13validate_utf8.0 iteration 2 file der-verified/src/utf8_string.rs line 145 column 9 function utf8_string::validate_utf8 thread 0
Unwinding loop _RNvNtCs8Uhk9se0wUe_12der_verified11utf8_string13validate_utf8.0 iteration 3 file der-verified/src/utf8_string.rs line 145 column 9 function utf8_string::validate_utf8 thread 0
Unwinding loop _RNvNtCs8Uhk9se0wUe_12der_verified11utf8_string13validate_utf8.0 iteration 4 file der-verified/src/utf8_string.rs line 145 column 9 function utf8_string::validate_utf8 thread 0
Unwinding loop _RNvNtCs8Uhk9se0wUe_12der_verified11utf8_string13validate_utf8.0 iteration 5 file der-verified/src/utf8_string.rs line 145 column 9 function utf8_string::validate_utf8 thread 0
Not unwinding loop _RNvNtCs8Uhk9se0wUe_12der_verified11utf8_string13validate_utf8.0 iteration 6 file der-verified/src/utf8_string.rs line 145 column 9 function utf8_string::validate_utf8 thread 0
Not unwinding loop _RNvNtCs8Uhk9se0wUe_12der_verified11utf8_string13validate_utf8.1 iteration 6 file der-verified/src/lib.rs line 0 column 0 function utf8_string::validate_utf8 thread 0
aborting path on assume(false) at file /home/runner/.rustup/toolchains/nightly-2025-11-21-x86_64-unknown-linux-gnu/lib/rustlib/src/rust/library/core/src/slice/index.rs line 49 column 9 function core::slice::index::slice_index_fail::do_panic::runtime thread 0
aborting path on assume(false) at file /home/runner/.rustup/toolchains/nightly-2025-11-21-x86_64-unknown-linux-gnu/lib/rustlib/src/rust/library/core/src/intrinsics/mod.rs line 2449 column 9 function core::slice::index::slice_index_fail::do_panic thread 0
aborting path on assume(false) at file /home/runner/.rustup/toolchains/nightly-2025-11-21-x86_64-unknown-linux-gnu/lib/rustlib/src/rust/library/core/src/panic.rs line 178 column 9 function core::slice::index::slice_index_fail thread 0
aborting path on assume(false) at file /home/runner/.rustup/toolchains/nightly-2025-11-21-x86_64-unknown-linux-gnu/lib/rustlib/src/rust/library/core/src/slice/index.rs line 68 column 5 function core::slice::index::slice_index_fail::do_panic::runtime thread 0
aborting path on assume(false) at file /home/runner/.rustup/toolchains/nightly-2025-11-21-x86_64-unknown-linux-gnu/lib/rustlib/src/rust/library/core/src/intrinsics/mod.rs line 2449 column 9 function core::slice::index::slice_index_fail::do_panic thread 0
aborting path on assume(false) at file /home/runner/.rustup/toolchains/nightly-2025-11-21-x86_64-unknown-linux-gnu/lib/rustlib/src/rust/library/core/src/panic.rs line 178 column 9 function core::slice::index::slice_index_fail thread 0
aborting path on assume(false) at file /home/runner/.rustup/toolchains/nightly-2025-11-21-x86_64-unknown-linux-gnu/lib/rustlib/src/rust/library/core/src/slice/index.rs line 443 column 13 function <std::ops::Range<usize> as std::slice::SliceIndex<[u8]>>::index thread 0
Unwinding loop _RNvNtNtCsci0VKyKEi6N_4core3str11validations19run_utf8_validation.1 iteration 1 file /home/runner/.rustup/toolchains/nightly-2025-11-21-x86_64-unknown-linux-gnu/lib/rustlib/src/rust/library/core/src/str/validations.rs line 241 column 17 function core::str::validations::run_utf8_validation thread 0
Unwinding loop _RNvNtNtCsci0VKyKEi6N_4core3str11validations19run_utf8_validation.1 iteration 2 file /home/runner/.rustup/toolchains/nightly-2025-11-21-x86_64-unknown-linux-gnu/lib/rustlib/src/rust/library/core/src/str/validations.rs line 241 column 17 function core::str::validations::run_utf8_validation thread 0
Unwinding loop _RNvNtNtCsci0VKyKEi6N_4core3str11validations19run_utf8_validation.1 iteration 3 file /home/runner/.rustup/toolchains/nightly-2025-11-21-x86_64-unknown-linux-gnu/lib/rustlib/src/rust/library/core/src/str/validations.rs line 241 column 17 function core::str::validations::run_utf8_validation thread 0
Unwinding loop _RNvNtNtCsci0VKyKEi6N_4core3str11validations19run_utf8_validation.1 iteration 4 file /home/runner/.rustup/toolchains/nightly-2025-11-21-x86_64-unknown-linux-gnu/lib/rustlib/src/rust/library/core/src/str/validations.rs line 241 column 17 function core::str::validations::run_utf8_validation thread 0
Unwinding loop _RNvNtNtCsci0VKyKEi6N_4core3str11validations19run_utf8_validation.1 iteration 5 file /home/runner/.rustup/toolchains/nightly-2025-11-21-x86_64-unknown-linux-gnu/lib/rustlib/src/rust/library/core/src/str/validations.rs line 241 column 17 function core::str::validations::run_utf8_validation thread 0
Not unwinding loop _RNvNtNtCsci0VKyKEi6N_4core3str11validations19run_utf8_validation.1 iteration 6 file /home/runner/.rustup/toolchains/nightly-2025-11-21-x86_64-unknown-linux-gnu/lib/rustlib/src/rust/library/core/src/str/validations.rs line 241 column 17 function core::str::validations::run_utf8_validation thread 0
Unwinding loop _RNvNtNtCsci0VKyKEi6N_4core3str11validations19run_utf8_validation.2 iteration 1 file /home/runner/.rustup/toolchains/nightly-2025-11-21-x86_64-unknown-linux-gnu/lib/rustlib/src/rust/library/core/src/str/validations.rs line 145 column 5 function core::str::validations::run_utf8_validation thread 0
aborting path on assume(false) at file /home/runner/work/kani/kani/library/kani_core/src/models.rs line 176 column 17 function <usize as kani::rustc_intrinsics::ToISize>::to_isize thread 0
aborting path on assume(false) at file /home/runner/work/kani/kani/library/kani/src/lib.rs line 57 column 1 function <usize as kani::rustc_intrinsics::ToISize>::to_isize thread 0
aborting path on assume(false) at file /home/runner/work/kani/kani/library/kani/src/lib.rs line 57 column 1 function <usize as kani::rustc_intrinsics::ToISize>::to_isize thread 0
aborting path on assume(false) at file /home/runner/work/kani/kani/library/kani/src/lib.rs line 57 column 1 function kani::mem::cbmc::same_allocation thread 0
Unwinding loop _RNvNtNtCsci0VKyKEi6N_4core3str11validations19run_utf8_validation.0 iteration 1 file /home/runner/.rustup/toolchains/nightly-2025-11-21-x86_64-unknown-linux-gnu/lib/rustlib/src/rust/library/core/src/str/validations.rs line 224 column 17 function core::str::validations::run_utf8_validation thread 0
aborting path on assume(false) at file /home/runner/work/kani/kani/library/kani_core/src/models.rs line 176 column 17 function <usize as kani::rustc_intrinsics::ToISize>::to_isize thread 0
aborting path on assume(false) at file /home/runner/work/kani/kani/library/kani/src/lib.rs line 57 column 1 function <usize as kani::rustc_intrinsics::ToISize>::to_isize thread 0
aborting path on assume(false) at file /home/runner/work/kani/kani/library/kani/src/lib.rs line 57 column 1 function <usize as kani::rustc_intrinsics::ToISize>::to_isize thread 0
aborting path on assume(false) at file /home/runner/work/kani/kani/library/kani/src/lib.rs line 57 column 1 function kani::mem::cbmc::same_allocation thread 0
Unwinding loop _RNvNtNtCsci0VKyKEi6N_4core3str11validations19run_utf8_validation.0 iteration 2 file /home/runner/.rustup/toolchains/nightly-2025-11-21-x86_64-unknown-linux-gnu/lib/rustlib/src/rust/library/core/src/str/validations.rs line 224 column 17 function core::str::validations::run_utf8_validation thread 0
aborting path on assume(false) at file /home/runner/work/kani/kani/library/kani_core/src/models.rs line 176 column 17 function <usize as kani::rustc_intrinsics::ToISize>::to_isize thread 0
aborting path on assume(false) at file /home/runner/work/kani/kani/library/kani/src/lib.rs line 57 column 1 function <usize as kani::rustc_intrinsics::ToISize>::to_isize thread 0
aborting path on assume(false) at file /home/runner/work/kani/kani/library/kani/src/lib.rs line 57 column 1 function <usize as kani::rustc_intrinsics::ToISize>::to_isize thread 0
aborting path on assume(false) at file /home/runner/work/kani/kani/library/kani/src/lib.rs line 57 column 1 function kani::mem::cbmc::same_allocation thread 0
Unwinding loop _RNvNtNtCsci0VKyKEi6N_4core3str11validations19run_utf8_validation.0 iteration 3 file /home/runner/.rustup/toolchains/nightly-2025-11-21-x86_64-unknown-linux-gnu/lib/rustlib/src/rust/library/core/src/str/validations.rs line 224 column 17 function core::str::validations::run_utf8_validation thread 0
aborting path on assume(false) at file /home/runner/work/kani/kani/library/kani_core/src/models.rs line 176 column 17 function <usize as kani::rustc_intrinsics::ToISize>::to_isize thread 0
aborting path on assume(false) at file /home/runner/work/kani/kani/library/kani/src/lib.rs line 57 column 1 function <usize as kani::rustc_intrinsics::ToISize>::to_isize thread 0
aborting path on assume(false) at file /home/runner/work/kani/kani/library/kani/src/lib.rs line 57 column 1 function <usize as kani::rustc_intrinsics::ToISize>::to_isize thread 0
aborting path on assume(false) at file /home/runner/work/kani/kani/library/kani/src/lib.rs line 57 column 1 function kani::mem::cbmc::same_allocation thread 0
Unwinding loop _RNvNtNtCsci0VKyKEi6N_4core3str11validations19run_utf8_validation.0 iteration 4 file /home/runner/.rustup/toolchains/nightly-2025-11-21-x86_64-unknown-linux-gnu/lib/rustlib/src/rust/library/core/src/str/validations.rs line 224 column 17 function core::str::validations::run_utf8_validation thread 0
aborting path on assume(false) at file /home/runner/work/kani/kani/library/kani_core/src/models.rs line 176 column 17 function <usize as kani::rustc_intrinsics::ToISize>::to_isize thread 0
aborting path on assume(false) at file /home/runner/work/kani/kani/library/kani/src/lib.rs line 57 column 1 function <usize as kani::rustc_intrinsics::ToISize>::to_isize thread 0
aborting path on assume(false) at file /home/runner/work/kani/kani/library/kani/src/lib.rs line 57 column 1 function <usize as kani::rustc_intrinsics::ToISize>::to_isize thread 0
aborting path on assume(false) at file /home/runner/work/kani/kani/library/kani/src/lib.rs line 57 column 1 function kani::mem::cbmc::same_allocation thread 0
Unwinding loop _RNvNtNtCsci0VKyKEi6N_4core3str11validations19run_utf8_validation.0 iteration 5 file /home/runner/.rustup/toolchains/nightly-2025-11-21-x86_64-unknown-linux-gnu/lib/rustlib/src/rust/library/core/src/str/validations.rs line 224 column 17 function core::str::validations::run_utf8_validation thread 0
aborting path on assume(false) at file /home/runner/work/kani/kani/library/kani_core/src/models.rs line 176 column 17 function <usize as kani::rustc_intrinsics::ToISize>::to_isize thread 0
aborting path on assume(false) at file /home/runner/work/kani/kani/library/kani/src/lib.rs line 57 column 1 function <usize as kani::rustc_intrinsics::ToISize>::to_isize thread 0
aborting path on assume(false) at file /home/runner/work/kani/kani/library/kani/src/lib.rs line 57 column 1 function <usize as kani::rustc_intrinsics::ToISize>::to_isize thread 0
aborting path on assume(false) at file /home/runner/work/kani/kani/library/kani/src/lib.rs line 57 column 1 function kani::mem::cbmc::same_allocation thread 0
Not unwinding loop _RNvNtNtCsci0VKyKEi6N_4core3str11validations19run_utf8_validation.0 iteration 6 file /home/runner/.rustup/toolchains/nightly-2025-11-21-x86_64-unknown-linux-gnu/lib/rustlib/src/rust/library/core/src/str/validations.rs line 224 column 17 function core::str::validations::run_utf8_validation thread 0
Unwinding loop _RNvNtNtCsci0VKyKEi6N_4core3str11validations19run_utf8_validation.1 iteration 1 file /home/runner/.rustup/toolchains/nightly-2025-11-21-x86_64-unknown-linux-gnu/lib/rustlib/src/rust/library/core/src/str/validations.rs line 241 column 17 function core::str::validations::run_utf8_validation thread 0
Unwinding loop _RNvNtNtCsci0VKyKEi6N_4core3str11validations19run_utf8_validation.1 iteration 2 file /home/runner/.rustup/toolchains/nightly-2025-11-21-x86_64-unknown-linux-gnu/lib/rustlib/src/rust/library/core/src/str/validations.rs line 241 column 17 function core::str::validations::run_utf8_validation thread 0
Unwinding loop _RNvNtNtCsci0VKyKEi6N_4core3str11validations19run_utf8_validation.1 iteration 3 file /home/runner/.rustup/toolchains/nightly-2025-11-21-x86_64-unknown-linux-gnu/lib/rustlib/src/rust/library/core/src/str/validations.rs line 241 column 17 function core::str::validations::run_utf8_validation thread 0
Unwinding loop _RNvNtNtCsci0VKyKEi6N_4core3str11validations19run_utf8_validation.1 iteration 4 file /home/runner/.rustup/toolchains/nightly-2025-11-21-x86_64-unknown-linux-gnu/lib/rustlib/src/rust/library/core/src/str/validations.rs line 241 column 17 function core::str::validations::run_utf8_validation thread 0
Unwinding loop _RNvNtNtCsci0VKyKEi6N_4core3str11validations19run_utf8_validation.1 iteration 5 file /home/runner/.rustup/toolchains/nightly-2025-11-21-x86_64-unknown-linux-gnu/lib/rustlib/src/rust/library/core/src/str/validations.rs line 241 column 17 function core::str::validations::run_utf8_validation thread 0
Not unwinding loop _RNvNtNtCsci0VKyKEi6N_4core3str11validations19run_utf8_validation.1 iteration 6 file /home/runner/.rustup/toolchains/nightly-2025-11-21-x86_64-unknown-linux-gnu/lib/rustlib/src/rust/library/core/src/str/validations.rs line 241 column 17 function core::str::validations::run_utf8_validation thread 0
Unwinding loop _RNvNtNtCsci0VKyKEi6N_4core3str11validations19run_utf8_validation.2 iteration 2 file /home/runner/.rustup/toolchains/nightly-2025-11-21-x86_64-unknown-linux-gnu/lib/rustlib/src/rust/library/core/src/str/validations.rs line 145 column 5 function core::str::validations::run_utf8_validation thread 0
aborting path on assume(false) at file /home/runner/work/kani/kani/library/kani_core/src/models.rs line 176 column 17 function <usize as kani::rustc_intrinsics::ToISize>::to_isize thread 0
aborting path on assume(false) at file /home/runner/work/kani/kani/library/kani/src/lib.rs line 57 column 1 function <usize as kani::rustc_intrinsics::ToISize>::to_isize thread 0
aborting path on assume(false) at file /home/runner/work/kani/kani/library/kani/src/lib.rs line 57 column 1 function <usize as kani::rustc_intrinsics::ToISize>::to_isize thread 0
aborting path on assume(false) at file /home/runner/work/kani/kani/library/kani/src/lib.rs line 57 column 1 function kani::mem::cbmc::same_allocation thread 0
Unwinding loop _RNvNtNtCsci0VKyKEi6N_4core3str11validations19run_utf8_validation.0 iteration 1 file /home/runner/.rustup/toolchains/nightly-2025-11-21-x86_64-unknown-linux-gnu/lib/rustlib/src/rust/library/core/src/str/validations.rs line 224 column 17 function core::str::validations::run_utf8_validation thread 0
aborting path on assume(false) at file /home/runner/work/kani/kani/library/kani_core/src/models.rs line 176 column 17 function <usize as kani::rustc_intrinsics::ToISize>::to_isize thread 0
aborting path on assume(false) at file /home/runner/work/kani/kani/library/kani/src/lib.rs line 57 column 1 function <usize as kani::rustc_intrinsics::ToISize>::to_isize thread 0
aborting path on assume(false) at file /home/runner/work/kani/kani/library/kani/src/lib.rs line 57 column 1 function <usize as kani::rustc_intrinsics::ToISize>::to_isize thread 0
aborting path on assume(false) at file /home/runner/work/kani/kani/library/kani/src/lib.rs line 57 column 1 function kani::mem::cbmc::same_allocation thread 0
Unwinding loop _RNvNtNtCsci0VKyKEi6N_4core3str11validations19run_utf8_validation.0 iteration 2 file /home/runner/.rustup/toolchains/nightly-2025-11-21-x86_64-unknown-linux-gnu/lib/rustlib/src/rust/library/core/src/str/validations.rs line 224 column 17 function core::str::validations::run_utf8_validation thread 0
aborting path on assume(false) at file /home/runner/work/kani/kani/library/kani_core/src/models.rs line 176 column 17 function <usize as kani::rustc_intrinsics::ToISize>::to_isize thread 0
aborting path on assume(false) at file /home/runner/work/kani/kani/library/kani/src/lib.rs line 57 column 1 function <usize as kani::rustc_intrinsics::ToISize>::to_isize thread 0
aborting path on assume(false) at file /home/runner/work/kani/kani/library/kani/src/lib.rs line 57 column 1 function <usize as kani::rustc_intrinsics::ToISize>::to_isize thread 0
aborting path on assume(false) at file /home/runner/work/kani/kani/library/kani/src/lib.rs line 57 column 1 function kani::mem::cbmc::same_allocation thread 0
Unwinding loop _RNvNtNtCsci0VKyKEi6N_4core3str11validations19run_utf8_validation.0 iteration 3 file /home/runner/.rustup/toolchains/nightly-2025-11-21-x86_64-unknown-linux-gnu/lib/rustlib/src/rust/library/core/src/str/validations.rs line 224 column 17 function core::str::validations::run_utf8_validation thread 0
aborting path on assume(false) at file /home/runner/work/kani/kani/library/kani_core/src/models.rs line 176 column 17 function <usize as kani::rustc_intrinsics::ToISize>::to_isize thread 0
aborting path on assume(false) at file /home/runner/work/kani/kani/library/kani/src/lib.rs line 57 column 1 function <usize as kani::rustc_intrinsics::ToISize>::to_isize thread 0
aborting path on assume(false) at file /home/runner/work/kani/kani/library/kani/src/lib.rs line 57 column 1 function <usize as kani::rustc_intrinsics::ToISize>::to_isize thread 0
aborting path on assume(false) at file /home/runner/work/kani/kani/library/kani/src/lib.rs line 57 column 1 function kani::mem::cbmc::same_allocation thread 0
Unwinding loop _RNvNtNtCsci0VKyKEi6N_4core3str11validations19run_utf8_validation.0 iteration 4 file /home/runner/.rustup/toolchains/nightly-2025-11-21-x86_64-unknown-linux-gnu/lib/rustlib/src/rust/library/core/src/str/validations.rs line 224 column 17 function core::str::validations::run_utf8_validation thread 0
aborting path on assume(false) at file /home/runner/work/kani/kani/library/kani_core/src/models.rs line 176 column 17 function <usize as kani::rustc_intrinsics::ToISize>::to_isize thread 0
aborting path on assume(false) at file /home/runner/work/kani/kani/library/kani/src/lib.rs line 57 column 1 function <usize as kani::rustc_intrinsics::ToISize>::to_isize thread 0
aborting path on assume(false) at file /home/runner/work/kani/kani/library/kani/src/lib.rs line 57 column 1 function <usize as kani::rustc_intrinsics::ToISize>::to_isize thread 0
aborting path on assume(false) at file /home/runner/work/kani/kani/library/kani/src/lib.rs line 57 column 1 function kani::mem::cbmc::same_allocation thread 0
Unwinding loop _RNvNtNtCsci0VKyKEi6N_4core3str11validations19run_utf8_validation.0 iteration 5 file /home/runner/.rustup/toolchains/nightly-2025-11-21-x86_64-unknown-linux-gnu/lib/rustlib/src/rust/library/core/src/str/validations.rs line 224 column 17 function core::str::validations::run_utf8_validation thread 0
aborting path on assume(false) at file /home/runner/work/kani/kani/library/kani_core/src/models.rs line 176 column 17 function <usize as kani::rustc_intrinsics::ToISize>::to_isize thread 0
aborting path on assume(false) at file /home/runner/work/kani/kani/library/kani/src/lib.rs line 57 column 1 function <usize as kani::rustc_intrinsics::ToISize>::to_isize thread 0
aborting path on assume(false) at file /home/runner/work/kani/kani/library/kani/src/lib.rs line 57 column 1 function <usize as kani::rustc_intrinsics::ToISize>::to_isize thread 0
aborting path on assume(false) at file /home/runner/work/kani/kani/library/kani/src/lib.rs line 57 column 1 function kani::mem::cbmc::same_allocation thread 0
Not unwinding loop _RNvNtNtCsci0VKyKEi6N_4core3str11validations19run_utf8_validation.0 iteration 6 file /home/runner/.rustup/toolchains/nightly-2025-11-21-x86_64-unknown-linux-gnu/lib/rustlib/src/rust/library/core/src/str/validations.rs line 224 column 17 function core::str::validations::run_utf8_validation thread 0
Unwinding loop _RNvNtNtCsci0VKyKEi6N_4core3str11validations19run_utf8_validation.1 iteration 1 file /home/runner/.rustup/toolchains/nightly-2025-11-21-x86_64-unknown-linux-gnu/lib/rustlib/src/rust/library/core/src/str/validations.rs line 241 column 17 function core::str::validations::run_utf8_validation thread 0
Unwinding loop _RNvNtNtCsci0VKyKEi6N_4core3str11validations19run_utf8_validation.1 iteration 2 file /home/runner/.rustup/toolchains/nightly-2025-11-21-x86_64-unknown-linux-gnu/lib/rustlib/src/rust/library/core/src/str/validations.rs line 241 column 17 function core::str::validations::run_utf8_validation thread 0
Unwinding loop _RNvNtNtCsci0VKyKEi6N_4core3str11validations19run_utf8_validation.1 iteration 3 file /home/runner/.rustup/toolchains/nightly-2025-11-21-x86_64-unknown-linux-gnu/lib/rustlib/src/rust/library/core/src/str/validations.rs line 241 column 17 function core::str::validations::run_utf8_validation thread 0
Unwinding loop _RNvNtNtCsci0VKyKEi6N_4core3str11validations19run_utf8_validation.1 iteration 4 file /home/runner/.rustup/toolchains/nightly-2025-11-21-x86_64-unknown-linux-gnu/lib/rustlib/src/rust/library/core/src/str/validations.rs line 241 column 17 function core::str::validations::run_utf8_validation thread 0
Unwinding loop _RNvNtNtCsci0VKyKEi6N_4core3str11validations19run_utf8_validation.1 iteration 5 file /home/runner/.rustup/toolchains/nightly-2025-11-21-x86_64-unknown-linux-gnu/lib/rustlib/src/rust/library/core/src/str/validations.rs line 241 column 17 function core::str::validations::run_utf8_validation thread 0
Not unwinding loop _RNvNtNtCsci0VKyKEi6N_4core3str11validations19run_utf8_validation.1 iteration 6 file /home/runner/.rustup/toolchains/nightly-2025-11-21-x86_64-unknown-linux-gnu/lib/rustlib/src/rust/library/core/src/str/validations.rs line 241 column 17 function core::str::validations::run_utf8_validation thread 0
Unwinding loop _RNvNtNtCsci0VKyKEi6N_4core3str11validations19run_utf8_validation.2 iteration 3 file /home/runner/.rustup/toolchains/nightly-2025-11-21-x86_64-unknown-linux-gnu/lib/rustlib/src/rust/library/core/src/str/validations.rs line 145 column 5 function core::str::validations::run_utf8_validation thread 0
aborting path on assume(false) at file /home/runner/work/kani/kani/library/kani_core/src/models.rs line 176 column 17 function <usize as kani::rustc_intrinsics::ToISize>::to_isize thread 0
aborting path on assume(false) at file /home/runner/work/kani/kani/library/kani/src/lib.rs line 57 column 1 function <usize as kani::rustc_intrinsics::ToISize>::to_isize thread 0
aborting path on assume(false) at file /home/runner/work/kani/kani/library/kani/src/lib.rs line 57 column 1 function <usize as kani::rustc_intrinsics::ToISize>::to_isize thread 0
aborting path on assume(false) at file /home/runner/work/kani/kani/library/kani/src/lib.rs line 57 column 1 function kani::mem::cbmc::same_allocation thread 0
Unwinding loop _RNvNtNtCsci0VKyKEi6N_4core3str11validations19run_utf8_validation.0 iteration 1 file /home/runner/.rustup/toolchains/nightly-2025-11-21-x86_64-unknown-linux-gnu/lib/rustlib/src/rust/library/core/src/str/validations.rs line 224 column 17 function core::str::validations::run_utf8_validation thread 0
aborting path on assume(false) at file /home/runner/work/kani/kani/library/kani_core/src/models.rs line 176 column 17 function <usize as kani::rustc_intrinsics::ToISize>::to_isize thread 0
aborting path on assume(false) at file /home/runner/work/kani/kani/library/kani/src/lib.rs line 57 column 1 function <usize as kani::rustc_intrinsics::ToISize>::to_isize thread 0
aborting path on assume(false) at file /home/runner/work/kani/kani/library/kani/src/lib.rs line 57 column 1 function <usize as kani::rustc_intrinsics::ToISize>::to_isize thread 0
aborting path on assume(false) at file /home/runner/work/kani/kani/library/kani/src/lib.rs line 57 column 1 function kani::mem::cbmc::same_allocation thread 0
Unwinding loop _RNvNtNtCsci0VKyKEi6N_4core3str11validations19run_utf8_validation.0 iteration 2 file /home/runner/.rustup/toolchains/nightly-2025-11-21-x86_64-unknown-linux-gnu/lib/rustlib/src/rust/library/core/src/str/validations.rs line 224 column 17 function core::str::validations::run_utf8_validation thread 0
aborting path on assume(false) at file /home/runner/work/kani/kani/library/kani_core/src/models.rs line 176 column 17 function <usize as kani::rustc_intrinsics::ToISize>::to_isize thread 0
aborting path on assume(false) at file /home/runner/work/kani/kani/library/kani/src/lib.rs line 57 column 1 function <usize as kani::rustc_intrinsics::ToISize>::to_isize thread 0
aborting path on assume(false) at file /home/runner/work/kani/kani/library/kani/src/lib.rs line 57 column 1 function <usize as kani::rustc_intrinsics::ToISize>::to_isize thread 0
aborting path on assume(false) at file /home/runner/work/kani/kani/library/kani/src/lib.rs line 57 column 1 function kani::mem::cbmc::same_allocation thread 0
Unwinding loop _RNvNtNtCsci0VKyKEi6N_4core3str11validations19run_utf8_validation.0 iteration 3 file /home/runner/.rustup/toolchains/nightly-2025-11-21-x86_64-unknown-linux-gnu/lib/rustlib/src/rust/library/core/src/str/validations.rs line 224 column 17 function core::str::validations::run_utf8_validation thread 0
aborting path on assume(false) at file /home/runner/work/kani/kani/library/kani_core/src/models.rs line 176 column 17 function <usize as kani::rustc_intrinsics::ToISize>::to_isize thread 0
aborting path on assume(false) at file /home/runner/work/kani/kani/library/kani/src/lib.rs line 57 column 1 function <usize as kani::rustc_intrinsics::ToISize>::to_isize thread 0
aborting path on assume(false) at file /home/runner/work/kani/kani/library/kani/src/lib.rs line 57 column 1 function <usize as kani::rustc_intrinsics::ToISize>::to_isize thread 0
aborting path on assume(false) at file /home/runner/work/kani/kani/library/kani/src/lib.rs line 57 column 1 function kani::mem::cbmc::same_allocation thread 0
Unwinding loop _RNvNtNtCsci0VKyKEi6N_4core3str11validations19run_utf8_validation.0 iteration 4 file /home/runner/.rustup/toolchains/nightly-2025-11-21-x86_64-unknown-linux-gnu/lib/rustlib/src/rust/library/core/src/str/validations.rs line 224 column 17 function core::str::validations::run_utf8_validation thread 0
aborting path on assume(false) at file /home/runner/work/kani/kani/library/kani_core/src/models.rs line 176 column 17 function <usize as kani::rustc_intrinsics::ToISize>::to_isize thread 0
aborting path on assume(false) at file /home/runner/work/kani/kani/library/kani/src/lib.rs line 57 column 1 function <usize as kani::rustc_intrinsics::ToISize>::to_isize thread 0
aborting path on assume(false) at file /home/runner/work/kani/kani/library/kani/src/lib.rs line 57 column 1 function <usize as kani::rustc_intrinsics::ToISize>::to_isize thread 0
aborting path on assume(false) at file /home/runner/work/kani/kani/library/kani/src/lib.rs line 57 column 1 function kani::mem::cbmc::same_allocation thread 0
Unwinding loop _RNvNtNtCsci0VKyKEi6N_4core3str11validations19run_utf8_validation.0 iteration 5 file /home/runner/.rustup/toolchains/nightly-2025-11-21-x86_64-unknown-linux-gnu/lib/rustlib/src/rust/library/core/src/str/validations.rs line 224 column 17 function core::str::validations::run_utf8_validation thread 0
aborting path on assume(false) at file /home/runner/work/kani/kani/library/kani_core/src/models.rs line 176 column 17 function <usize as kani::rustc_intrinsics::ToISize>::to_isize thread 0
aborting path on assume(false) at file /home/runner/work/kani/kani/library/kani/src/lib.rs line 57 column 1 function <usize as kani::rustc_intrinsics::ToISize>::to_isize thread 0
aborting path on assume(false) at file /home/runner/work/kani/kani/library/kani/src/lib.rs line 57 column 1 function <usize as kani::rustc_intrinsics::ToISize>::to_isize thread 0
aborting path on assume(false) at file /home/runner/work/kani/kani/library/kani/src/lib.rs line 57 column 1 function kani::mem::cbmc::same_allocation thread 0
Not unwinding loop _RNvNtNtCsci0VKyKEi6N_4core3str11validations19run_utf8_validation.0 iteration 6 file /home/runner/.rustup/toolchains/nightly-2025-11-21-x86_64-unknown-linux-gnu/lib/rustlib/src/rust/library/core/src/str/validations.rs line 224 column 17 function core::str::validations::run_utf8_validation thread 0
Unwinding loop _RNvNtNtCsci0VKyKEi6N_4core3str11validations19run_utf8_validation.1 iteration 1 file /home/runner/.rustup/toolchains/nightly-2025-11-21-x86_64-unknown-linux-gnu/lib/rustlib/src/rust/library/core/src/str/validations.rs line 241 column 17 function core::str::validations::run_utf8_validation thread 0
Unwinding loop _RNvNtNtCsci0VKyKEi6N_4core3str11validations19run_utf8_validation.1 iteration 2 file /home/runner/.rustup/toolchains/nightly-2025-11-21-x86_64-unknown-linux-gnu/lib/rustlib/src/rust/library/core/src/str/validations.rs line 241 column 17 function core::str::validations::run_utf8_validation thread 0
Unwinding loop _RNvNtNtCsci0VKyKEi6N_4core3str11validations19run_utf8_validation.1 iteration 3 file /home/runner/.rustup/toolchains/nightly-2025-11-21-x86_64-unknown-linux-gnu/lib/rustlib/src/rust/library/core/src/str/validations.rs line 241 column 17 function core::str::validations::run_utf8_validation thread 0
Unwinding loop _RNvNtNtCsci0VKyKEi6N_4core3str11validations19run_utf8_validation.1 iteration 4 file /home/runner/.rustup/toolchains/nightly-2025-11-21-x86_64-unknown-linux-gnu/lib/rustlib/src/rust/library/core/src/str/validations.rs line 241 column 17 function core::str::validations::run_utf8_validation thread 0
Unwinding loop _RNvNtNtCsci0VKyKEi6N_4core3str11validations19run_utf8_validation.1 iteration 5 file /home/runner/.rustup/toolchains/nightly-2025-11-21-x86_64-unknown-linux-gnu/lib/rustlib/src/rust/library/core/src/str/validations.rs line 241 column 17 function core::str::validations::run_utf8_validation thread 0
Not unwinding loop _RNvNtNtCsci0VKyKEi6N_4core3str11validations19run_utf8_validation.1 iteration 6 file /home/runner/.rustup/toolchains/nightly-2025-11-21-x86_64-unknown-linux-gnu/lib/rustlib/src/rust/library/core/src/str/validations.rs line 241 column 17 function core::str::validations::run_utf8_validation thread 0
Unwinding loop _RNvNtNtCsci0VKyKEi6N_4core3str11validations19run_utf8_validation.2 iteration 4 file /home/runner/.rustup/toolchains/nightly-2025-11-21-x86_64-unknown-linux-gnu/lib/rustlib/src/rust/library/core/src/str/validations.rs line 145 column 5 function core::str::validations::run_utf8_validation thread 0
aborting path on assume(false) at file /home/runner/work/kani/kani/library/kani_core/src/models.rs line 176 column 17 function <usize as kani::rustc_intrinsics::ToISize>::to_isize thread 0
aborting path on assume(false) at file /home/runner/work/kani/kani/library/kani/src/lib.rs line 57 column 1 function <usize as kani::rustc_intrinsics::ToISize>::to_isize thread 0
aborting path on assume(false) at file /home/runner/work/kani/kani/library/kani/src/lib.rs line 57 column 1 function <usize as kani::rustc_intrinsics::ToISize>::to_isize thread 0
aborting path on assume(false) at file /home/runner/work/kani/kani/library/kani/src/lib.rs line 57 column 1 function kani::mem::cbmc::same_allocation thread 0
Unwinding loop _RNvNtNtCsci0VKyKEi6N_4core3str11validations19run_utf8_validation.0 iteration 1 file /home/runner/.rustup/toolchains/nightly-2025-11-21-x86_64-unknown-linux-gnu/lib/rustlib/src/rust/library/core/src/str/validations.rs line 224 column 17 function core::str::validations::run_utf8_validation thread 0
aborting path on assume(false) at file /home/runner/work/kani/kani/library/kani_core/src/models.rs line 176 column 17 function <usize as kani::rustc_intrinsics::ToISize>::to_isize thread 0
aborting path on assume(false) at file /home/runner/work/kani/kani/library/kani/src/lib.rs line 57 column 1 function <usize as kani::rustc_intrinsics::ToISize>::to_isize thread 0
aborting path on assume(false) at file /home/runner/work/kani/kani/library/kani/src/lib.rs line 57 column 1 function <usize as kani::rustc_intrinsics::ToISize>::to_isize thread 0
aborting path on assume(false) at file /home/runner/work/kani/kani/library/kani/src/lib.rs line 57 column 1 function kani::mem::cbmc::same_allocation thread 0
Unwinding loop _RNvNtNtCsci0VKyKEi6N_4core3str11validations19run_utf8_validation.0 iteration 2 file /home/runner/.rustup/toolchains/nightly-2025-11-21-x86_64-unknown-linux-gnu/lib/rustlib/src/rust/library/core/src/str/validations.rs line 224 column 17 function core::str::validations::run_utf8_validation thread 0
aborting path on assume(false) at file /home/runner/work/kani/kani/library/kani_core/src/models.rs line 176 column 17 function <usize as kani::rustc_intrinsics::ToISize>::to_isize thread 0
aborting path on assume(false) at file /home/runner/work/kani/kani/library/kani/src/lib.rs line 57 column 1 function <usize as kani::rustc_intrinsics::ToISize>::to_isize thread 0
aborting path on assume(false) at file /home/runner/work/kani/kani/library/kani/src/lib.rs line 57 column 1 function <usize as kani::rustc_intrinsics::ToISize>::to_isize thread 0
aborting path on assume(false) at file /home/runner/work/kani/kani/library/kani/src/lib.rs line 57 column 1 function kani::mem::cbmc::same_allocation thread 0
Unwinding loop _RNvNtNtCsci0VKyKEi6N_4core3str11validations19run_utf8_validation.0 iteration 3 file /home/runner/.rustup/toolchains/nightly-2025-11-21-x86_64-unknown-linux-gnu/lib/rustlib/src/rust/library/core/src/str/validations.rs line 224 column 17 function core::str::validations::run_utf8_validation thread 0
aborting path on assume(false) at file /home/runner/work/kani/kani/library/kani_core/src/models.rs line 176 column 17 function <usize as kani::rustc_intrinsics::ToISize>::to_isize thread 0
aborting path on assume(false) at file /home/runner/work/kani/kani/library/kani/src/lib.rs line 57 column 1 function <usize as kani::rustc_intrinsics::ToISize>::to_isize thread 0
aborting path on assume(false) at file /home/runner/work/kani/kani/library/kani/src/lib.rs line 57 column 1 function <usize as kani::rustc_intrinsics::ToISize>::to_isize thread 0
aborting path on assume(false) at file /home/runner/work/kani/kani/library/kani/src/lib.rs line 57 column 1 function kani::mem::cbmc::same_allocation thread 0
Unwinding loop _RNvNtNtCsci0VKyKEi6N_4core3str11validations19run_utf8_validation.0 iteration 4 file /home/runner/.rustup/toolchains/nightly-2025-11-21-x86_64-unknown-linux-gnu/lib/rustlib/src/rust/library/core/src/str/validations.rs line 224 column 17 function core::str::validations::run_utf8_validation thread 0
aborting path on assume(false) at file /home/runner/work/kani/kani/library/kani_core/src/models.rs line 176 column 17 function <usize as kani::rustc_intrinsics::ToISize>::to_isize thread 0
aborting path on assume(false) at file /home/runner/work/kani/kani/library/kani/src/lib.rs line 57 column 1 function <usize as kani::rustc_intrinsics::ToISize>::to_isize thread 0
aborting path on assume(false) at file /home/runner/work/kani/kani/library/kani/src/lib.rs line 57 column 1 function <usize as kani::rustc_intrinsics::ToISize>::to_isize thread 0
aborting path on assume(false) at file /home/runner/work/kani/kani/library/kani/src/lib.rs line 57 column 1 function kani::mem::cbmc::same_allocation thread 0
Unwinding loop _RNvNtNtCsci0VKyKEi6N_4core3str11validations19run_utf8_validation.0 iteration 5 file /home/runner/.rustup/toolchains/nightly-2025-11-21-x86_64-unknown-linux-gnu/lib/rustlib/src/rust/library/core/src/str/validations.rs line 224 column 17 function core::str::validations::run_utf8_validation thread 0
aborting path on assume(false) at file /home/runner/work/kani/kani/library/kani_core/src/models.rs line 176 column 17 function <usize as kani::rustc_intrinsics::ToISize>::to_isize thread 0
aborting path on assume(false) at file /home/runner/work/kani/kani/library/kani/src/lib.rs line 57 column 1 function <usize as kani::rustc_intrinsics::ToISize>::to_isize thread 0
aborting path on assume(false) at file /home/runner/work/kani/kani/library/kani/src/lib.rs line 57 column 1 function <usize as kani::rustc_intrinsics::ToISize>::to_isize thread 0
aborting path on assume(false) at file /home/runner/work/kani/kani/library/kani/src/lib.rs line 57 column 1 function kani::mem::cbmc::same_allocation thread 0
Not unwinding loop _RNvNtNtCsci0VKyKEi6N_4core3str11validations19run_utf8_validation.0 iteration 6 file /home/runner/.rustup/toolchains/nightly-2025-11-21-x86_64-unknown-linux-gnu/lib/rustlib/src/rust/library/core/src/str/validations.rs line 224 column 17 function core::str::validations::run_utf8_validation thread 0
Unwinding loop _RNvNtNtCsci0VKyKEi6N_4core3str11validations19run_utf8_validation.1 iteration 1 file /home/runner/.rustup/toolchains/nightly-2025-11-21-x86_64-unknown-linux-gnu/lib/rustlib/src/rust/library/core/src/str/validations.rs line 241 column 17 function core::str::validations::run_utf8_validation thread 0
Unwinding loop _RNvNtNtCsci0VKyKEi6N_4core3str11validations19run_utf8_validation.1 iteration 2 file /home/runner/.rustup/toolchains/nightly-2025-11-21-x86_64-unknown-linux-gnu/lib/rustlib/src/rust/library/core/src/str/validations.rs line 241 column 17 function core::str::validations::run_utf8_validation thread 0
Unwinding loop _RNvNtNtCsci0VKyKEi6N_4core3str11validations19run_utf8_validation.1 iteration 3 file /home/runner/.rustup/toolchains/nightly-2025-11-21-x86_64-unknown-linux-gnu/lib/rustlib/src/rust/library/core/src/str/validations.rs line 241 column 17 function core::str::validations::run_utf8_validation thread 0
Unwinding loop _RNvNtNtCsci0VKyKEi6N_4core3str11validations19run_utf8_validation.1 iteration 4 file /home/runner/.rustup/toolchains/nightly-2025-11-21-x86_64-unknown-linux-gnu/lib/rustlib/src/rust/library/core/src/str/validations.rs line 241 column 17 function core::str::validations::run_utf8_validation thread 0
Unwinding loop _RNvNtNtCsci0VKyKEi6N_4core3str11validations19run_utf8_validation.1 iteration 5 file /home/runner/.rustup/toolchains/nightly-2025-11-21-x86_64-unknown-linux-gnu/lib/rustlib/src/rust/library/core/src/str/validations.rs line 241 column 17 function core::str::validations::run_utf8_validation thread 0
Not unwinding loop _RNvNtNtCsci0VKyKEi6N_4core3str11validations19run_utf8_validation.1 iteration 6 file /home/runner/.rustup/toolchains/nightly-2025-11-21-x86_64-unknown-linux-gnu/lib/rustlib/src/rust/library/core/src/str/validations.rs line 241 column 17 function core::str::validations::run_utf8_validation thread 0
Unwinding loop _RNvNtNtCsci0VKyKEi6N_4core3str11validations19run_utf8_validation.2 iteration 5 file /home/runner/.rustup/toolchains/nightly-2025-11-21-x86_64-unknown-linux-gnu/lib/rustlib/src/rust/library/core/src/str/validations.rs line 145 column 5 function core::str::validations::run_utf8_validation thread 0
aborting path on assume(false) at file /home/runner/work/kani/kani/library/kani_core/src/models.rs line 176 column 17 function <usize as kani::rustc_intrinsics::ToISize>::to_isize thread 0
aborting path on assume(false) at file /home/runner/work/kani/kani/library/kani/src/lib.rs line 57 column 1 function <usize as kani::rustc_intrinsics::ToISize>::to_isize thread 0
aborting path on assume(false) at file /home/runner/work/kani/kani/library/kani/src/lib.rs line 57 column 1 function <usize as kani::rustc_intrinsics::ToISize>::to_isize thread 0
aborting path on assume(false) at file /home/runner/work/kani/kani/library/kani/src/lib.rs line 57 column 1 function kani::mem::cbmc::same_allocation thread 0
Unwinding loop _RNvNtNtCsci0VKyKEi6N_4core3str11validations19run_utf8_validation.0 iteration 1 file /home/runner/.rustup/toolchains/nightly-2025-11-21-x86_64-unknown-linux-gnu/lib/rustlib/src/rust/library/core/src/str/validations.rs line 224 column 17 function core::str::validations::run_utf8_validation thread 0
aborting path on assume(false) at file /home/runner/work/kani/kani/library/kani_core/src/models.rs line 176 column 17 function <usize as kani::rustc_intrinsics::ToISize>::to_isize thread 0
aborting path on assume(false) at file /home/runner/work/kani/kani/library/kani/src/lib.rs line 57 column 1 function <usize as kani::rustc_intrinsics::ToISize>::to_isize thread 0
aborting path on assume(false) at file /home/runner/work/kani/kani/library/kani/src/lib.rs line 57 column 1 function <usize as kani::rustc_intrinsics::ToISize>::to_isize thread 0
aborting path on assume(false) at file /home/runner/work/kani/kani/library/kani/src/lib.rs line 57 column 1 function kani::mem::cbmc::same_allocation thread 0
Unwinding loop _RNvNtNtCsci0VKyKEi6N_4core3str11validations19run_utf8_validation.0 iteration 2 file /home/runner/.rustup/toolchains/nightly-2025-11-21-x86_64-unknown-linux-gnu/lib/rustlib/src/rust/library/core/src/str/validations.rs line 224 column 17 function core::str::validations::run_utf8_validation thread 0
aborting path on assume(false) at file /home/runner/work/kani/kani/library/kani_core/src/models.rs line 176 column 17 function <usize as kani::rustc_intrinsics::ToISize>::to_isize thread 0
aborting path on assume(false) at file /home/runner/work/kani/kani/library/kani/src/lib.rs line 57 column 1 function <usize as kani::rustc_intrinsics::ToISize>::to_isize thread 0
aborting path on assume(false) at file /home/runner/work/kani/kani/library/kani/src/lib.rs line 57 column 1 function <usize as kani::rustc_intrinsics::ToISize>::to_isize thread 0
aborting path on assume(false) at file /home/runner/work/kani/kani/library/kani/src/lib.rs line 57 column 1 function kani::mem::cbmc::same_allocation thread 0
Unwinding loop _RNvNtNtCsci0VKyKEi6N_4core3str11validations19run_utf8_validation.0 iteration 3 file /home/runner/.rustup/toolchains/nightly-2025-11-21-x86_64-unknown-linux-gnu/lib/rustlib/src/rust/library/core/src/str/validations.rs line 224 column 17 function core::str::validations::run_utf8_validation thread 0
aborting path on assume(false) at file /home/runner/work/kani/kani/library/kani_core/src/models.rs line 176 column 17 function <usize as kani::rustc_intrinsics::ToISize>::to_isize thread 0
aborting path on assume(false) at file /home/runner/work/kani/kani/library/kani/src/lib.rs line 57 column 1 function <usize as kani::rustc_intrinsics::ToISize>::to_isize thread 0
aborting path on assume(false) at file /home/runner/work/kani/kani/library/kani/src/lib.rs line 57 column 1 function <usize as kani::rustc_intrinsics::ToISize>::to_isize thread 0
aborting path on assume(false) at file /home/runner/work/kani/kani/library/kani/src/lib.rs line 57 column 1 function kani::mem::cbmc::same_allocation thread 0
Unwinding loop _RNvNtNtCsci0VKyKEi6N_4core3str11validations19run_utf8_validation.0 iteration 4 file /home/runner/.rustup/toolchains/nightly-2025-11-21-x86_64-unknown-linux-gnu/lib/rustlib/src/rust/library/core/src/str/validations.rs line 224 column 17 function core::str::validations::run_utf8_validation thread 0
aborting path on assume(false) at file /home/runner/work/kani/kani/library/kani_core/src/models.rs line 176 column 17 function <usize as kani::rustc_intrinsics::ToISize>::to_isize thread 0
aborting path on assume(false) at file /home/runner/work/kani/kani/library/kani/src/lib.rs line 57 column 1 function <usize as kani::rustc_intrinsics::ToISize>::to_isize thread 0
aborting path on assume(false) at file /home/runner/work/kani/kani/library/kani/src/lib.rs line 57 column 1 function <usize as kani::rustc_intrinsics::ToISize>::to_isize thread 0
aborting path on assume(false) at file /home/runner/work/kani/kani/library/kani/src/lib.rs line 57 column 1 function kani::mem::cbmc::same_allocation thread 0
Unwinding loop _RNvNtNtCsci0VKyKEi6N_4core3str11validations19run_utf8_validation.0 iteration 5 file /home/runner/.rustup/toolchains/nightly-2025-11-21-x86_64-unknown-linux-gnu/lib/rustlib/src/rust/library/core/src/str/validations.rs line 224 column 17 function core::str::validations::run_utf8_validation thread 0
aborting path on assume(false) at file /home/runner/work/kani/kani/library/kani_core/src/models.rs line 176 column 17 function <usize as kani::rustc_intrinsics::ToISize>::to_isize thread 0
aborting path on assume(false) at file /home/runner/work/kani/kani/library/kani/src/lib.rs line 57 column 1 function <usize as kani::rustc_intrinsics::ToISize>::to_isize thread 0
aborting path on assume(false) at file /home/runner/work/kani/kani/library/kani/src/lib.rs line 57 column 1 function <usize as kani::rustc_intrinsics::ToISize>::to_isize thread 0
aborting path on assume(false) at file /home/runner/work/kani/kani/library/kani/src/lib.rs line 57 column 1 function kani::mem::cbmc::same_allocation thread 0
Not unwinding loop _RNvNtNtCsci0VKyKEi6N_4core3str11validations19run_utf8_validation.0 iteration 6 file /home/runner/.rustup/toolchains/nightly-2025-11-21-x86_64-unknown-linux-gnu/lib/rustlib/src/rust/library/core/src/str/validations.rs line 224 column 17 function core::str::validations::run_utf8_validation thread 0
Unwinding loop _RNvNtNtCsci0VKyKEi6N_4core3str11validations19run_utf8_validation.1 iteration 1 file /home/runner/.rustup/toolchains/nightly-2025-11-21-x86_64-unknown-linux-gnu/lib/rustlib/src/rust/library/core/src/str/validations.rs line 241 column 17 function core::str::validations::run_utf8_validation thread 0
Unwinding loop _RNvNtNtCsci0VKyKEi6N_4core3str11validations19run_utf8_validation.1 iteration 2 file /home/runner/.rustup/toolchains/nightly-2025-11-21-x86_64-unknown-linux-gnu/lib/rustlib/src/rust/library/core/src/str/validations.rs line 241 column 17 function core::str::validations::run_utf8_validation thread 0
Unwinding loop _RNvNtNtCsci0VKyKEi6N_4core3str11validations19run_utf8_validation.1 iteration 3 file /home/runner/.rustup/toolchains/nightly-2025-11-21-x86_64-unknown-linux-gnu/lib/rustlib/src/rust/library/core/src/str/validations.rs line 241 column 17 function core::str::validations::run_utf8_validation thread 0
Unwinding loop _RNvNtNtCsci0VKyKEi6N_4core3str11validations19run_utf8_validation.1 iteration 4 file /home/runner/.rustup/toolchains/nightly-2025-11-21-x86_64-unknown-linux-gnu/lib/rustlib/src/rust/library/core/src/str/validations.rs line 241 column 17 function core::str::validations::run_utf8_validation thread 0
Unwinding loop _RNvNtNtCsci0VKyKEi6N_4core3str11validations19run_utf8_validation.1 iteration 5 file /home/runner/.rustup/toolchains/nightly-2025-11-21-x86_64-unknown-linux-gnu/lib/rustlib/src/rust/library/core/src/str/validations.rs line 241 column 17 function core::str::validations::run_utf8_validation thread 0
Not unwinding loop _RNvNtNtCsci0VKyKEi6N_4core3str11validations19run_utf8_validation.1 iteration 6 file /home/runner/.rustup/toolchains/nightly-2025-11-21-x86_64-unknown-linux-gnu/lib/rustlib/src/rust/library/core/src/str/validations.rs line 241 column 17 function core::str::validations::run_utf8_validation thread 0
Not unwinding loop _RNvNtNtCsci0VKyKEi6N_4core3str11validations19run_utf8_validation.2 iteration 6 file /home/runner/.rustup/toolchains/nightly-2025-11-21-x86_64-unknown-linux-gnu/lib/rustlib/src/rust/library/core/src/str/validations.rs line 145 column 5 function core::str::validations::run_utf8_validation thread 0
aborting path on assume(false) at file /home/runner/.rustup/toolchains/nightly-2025-11-21-x86_64-unknown-linux-gnu/lib/rustlib/src/rust/library/core/src/str/converts.rs line 91 column 11 function std::str::from_utf8 thread 0
Runtime Symex: 1.77576s
size of program expression: 83374 steps
slicing removed 66977 assignments
Generated 2169 VCC(s), 1187 remaining after simplification
Runtime Postprocess Equation: 0.0429139s
Passing problem to propositional reduction
converting SSA
Runtime Convert SSA: 0.137257s
Running propositional reduction
Post-processing
Runtime Post-process: 0.00569715s
Solving with CaDiCaL 2.0.0
196448 variables, 595394 clauses
SAT checker: instance is SATISFIABLE
Runtime Solver: 0.0477964s
Runtime decision procedure: 0.188004s
Running propositional reduction
Solving with CaDiCaL 2.0.0
196449 variables, 595395 clauses
SAT checker: instance is SATISFIABLE
Runtime Solver: 0.0108768s
Runtime decision procedure: 0.011797s
Running propositional reduction
Solving with CaDiCaL 2.0.0
196450 variables, 595396 clauses
SAT checker: instance is SATISFIABLE
Runtime Solver: 0.0541959s
Runtime decision procedure: 0.0550028s
Running propositional reduction
Solving with CaDiCaL 2.0.0
196451 variables, 595397 clauses
SAT checker: instance is SATISFIABLE
Runtime Solver: 0.0123211s
Runtime decision procedure: 0.0132411s
Running propositional reduction
Solving with CaDiCaL 2.0.0
196452 variables, 595398 clauses
SAT checker: instance is SATISFIABLE
Runtime Solver: 0.00632725s
Runtime decision procedure: 0.00691197s
Running propositional reduction
Solving with CaDiCaL 2.0.0
196453 variables, 595399 clauses
SAT checker: instance is SATISFIABLE
Runtime Solver: 0.0116459s
Runtime decision procedure: 0.0123157s
Running propositional reduction
Solving with CaDiCaL 2.0.0
196454 variables, 595400 clauses
SAT checker: instance is SATISFIABLE
Runtime Solver: 0.00958469s
Runtime decision procedure: 0.010482s
Running propositional reduction
Solving with CaDiCaL 2.0.0
196455 variables, 595401 clauses
SAT checker: instance is SATISFIABLE
Runtime Solver: 0.0434562s
Runtime decision procedure: 0.0439661s
Running propositional reduction
Solving with CaDiCaL 2.0.0
196456 variables, 595402 clauses
SAT checker: instance is SATISFIABLE
Runtime Solver: 0.00767892s
Runtime decision procedure: 0.00863025s
Running propositional reduction
Solving with CaDiCaL 2.0.0
196457 variables, 595403 clauses
SAT checker: instance is SATISFIABLE
Runtime Solver: 0.0866845s
Runtime decision procedure: 0.0874775s
Running propositional reduction
Solving with CaDiCaL 2.0.0
196458 variables, 595404 clauses
SAT checker: instance is SATISFIABLE
Runtime Solver: 0.111786s
Runtime decision procedure: 0.112816s
Running propositional reduction
Solving with CaDiCaL 2.0.0
196459 variables, 595405 clauses
SAT checker: instance is SATISFIABLE
Runtime Solver: 0.00951577s
Runtime decision procedure: 0.0102941s
Running propositional reduction
Solving with CaDiCaL 2.0.0
196460 variables, 595406 clauses
SAT checker: instance is SATISFIABLE
Runtime Solver: 0.0128799s
Runtime decision procedure: 0.0135906s
Running propositional reduction
Solving with CaDiCaL 2.0.0
196461 variables, 595407 clauses
SAT checker: instance is SATISFIABLE
Runtime Solver: 0.0646273s
Runtime decision procedure: 0.0651851s
Running propositional reduction
Solving with CaDiCaL 2.0.0
196462 variables, 595408 clauses
SAT checker: instance is SATISFIABLE
Runtime Solver: 0.00937324s
Runtime decision procedure: 0.0100574s
Running propositional reduction
Solving with CaDiCaL 2.0.0
196463 variables, 595409 clauses
SAT checker: instance is SATISFIABLE
Runtime Solver: 0.00852927s
Runtime decision procedure: 0.00907775s
Running propositional reduction
Solving with CaDiCaL 2.0.0
196464 variables, 595410 clauses
SAT checker: instance is SATISFIABLE
Runtime Solver: 0.0265396s
Runtime decision procedure: 0.0271774s
Running propositional reduction
Solving with CaDiCaL 2.0.0
196465 variables, 595411 clauses
SAT checker: instance is UNSATISFIABLE
Runtime Solver: 0.0759212s
Runtime decision procedure: 0.0764954s

RESULTS:
Check 1: std::str::from_utf8.unreachable.1
	 - Status: SUCCESS
	 - Description: "unreachable code"
	 - Location: ../../../runner/.rustup/toolchains/nightly-2025-11-21-x86_64-unknown-linux-gnu/lib/rustlib/src/rust/library/core/src/str/converts.rs:91:11 in function std::str::from_utf8

Check 2: std::ptr::const_ptr::<impl *const u8>::align_offset.assertion.1
	 - Status: SUCCESS
	 - Description: "This is a placeholder message; Kani doesn't support message formatted at runtime"
	 - Location: ../../../runner/.rustup/toolchains/nightly-2025-11-21-x86_64-unknown-linux-gnu/lib/rustlib/src/rust/library/core/src/ptr/const_ptr.rs:1299:13 in function std::ptr::const_ptr::<impl *const u8>::align_offset

Check 3: std::ptr::align_offset::mod_inv.arithmetic_overflow.1
	 - Status: SUCCESS
	 - Description: "attempt to compute `unchecked_sub` which would overflow"
	 - Location: ../../../runner/.rustup/toolchains/nightly-2025-11-21-x86_64-unknown-linux-gnu/lib/rustlib/src/rust/library/core/src/ptr/mod.rs:2218:36 in function std::ptr::align_offset::mod_inv

Check 4: std::ptr::align_offset::mod_inv.assertion.1
	 - Status: UNREACHABLE
	 - Description: "attempt to subtract with overflow"
	 - Location: ../../../runner/.rustup/toolchains/nightly-2025-11-21-x86_64-unknown-linux-gnu/lib/rustlib/src/rust/library/core/src/ptr/mod.rs:2219:49 in function std::ptr::align_offset::mod_inv

Check 5: std::ptr::align_offset::mod_inv.assertion.2
	 - Status: UNREACHABLE
	 - Description: "attempt to shift right with overflow"
	 - Location: ../../../runner/.rustup/toolchains/nightly-2025-11-21-x86_64-unknown-linux-gnu/lib/rustlib/src/rust/library/core/src/ptr/mod.rs:2219:44 in function std::ptr::align_offset::mod_inv

Check 6: std::ptr::align_offset::mod_inv.assertion.3
	 - Status: UNREACHABLE
	 - Description: "index out of bounds: the length is less than or equal to the given index"
	 - Location: ../../../runner/.rustup/toolchains/nightly-2025-11-21-x86_64-unknown-linux-gnu/lib/rustlib/src/rust/library/core/src/ptr/mod.rs:2219:27 in function std::ptr::align_offset::mod_inv

Check 7: core::str::validations::run_utf8_validation.assertion.1
	 - Status: SUCCESS
	 - Description: "attempt to multiply with overflow"
	 - Location: ../../../runner/.rustup/toolchains/nightly-2025-11-21-x86_64-unknown-linux-gnu/lib/rustlib/src/rust/library/core/src/str/validations.rs:132:28 in function core::str::validations::run_utf8_validation

Check 8: core::str::validations::run_utf8_validation.assertion.2
	 - Status: UNREACHABLE
	 - Description: "attempt to subtract with overflow"
	 - Location: ../../../runner/.rustup/toolchains/nightly-2025-11-21-x86_64-unknown-linux-gnu/lib/rustlib/src/rust/library/core/src/str/validations.rs:133:51 in function core::str::validations::run_utf8_validation

Check 9: core::str::validations::run_utf8_validation.assertion.3
	 - Status: UNREACHABLE
	 - Description: "attempt to add with overflow"
	 - Location: ../../../runner/.rustup/toolchains/nightly-2025-11-21-x86_64-unknown-linux-gnu/lib/rustlib/src/rust/library/core/src/str/validations.rs:133:51 in function core::str::validations::run_utf8_validation

Check 10: core::str::validations::run_utf8_validation.assertion.4
	 - Status: SUCCESS
	 - Description: "index out of bounds: the length is less than or equal to the given index"
	 - Location: ../../../runner/.rustup/toolchains/nightly-2025-11-21-x86_64-unknown-linux-gnu/lib/rustlib/src/rust/library/core/src/str/validations.rs:164:21 in function core::str::validations::run_utf8_validation

Check 11: core::str::validations::run_utf8_validation.assertion.5
	 - Status: SUCCESS
	 - Description: "attempt to add with overflow"
	 - Location: ../../../runner/.rustup/toolchains/nightly-2025-11-21-x86_64-unknown-linux-gnu/lib/rustlib/src/rust/library/core/src/str/validations.rs:155:17 in function core::str::validations::run_utf8_validation

Check 12: core::str::validations::run_utf8_validation.assertion.6
	 - Status: SUCCESS
	 - Description: "index out of bounds: the length is less than or equal to the given index"
	 - Location: ../../../runner/.rustup/toolchains/nightly-2025-11-21-x86_64-unknown-linux-gnu/lib/rustlib/src/rust/library/core/src/str/validations.rs:160:17 in function core::str::validations::run_utf8_validation

Check 13: core::str::validations::run_utf8_validation.assertion.7
	 - Status: SUCCESS
	 - Description: "attempt to add with overflow"
	 - Location: ../../../runner/.rustup/toolchains/nightly-2025-11-21-x86_64-unknown-linux-gnu/lib/rustlib/src/rust/library/core/src/str/validations.rs:155:17 in function core::str::validations::run_utf8_validation

Check 14: core::str::validations::run_utf8_validation.assertion.8
	 - Status: SUCCESS
	 - Description: "index out of bounds: the length is less than or equal to the given index"
	 - Location: ../../../runner/.rustup/toolchains/nightly-2025-11-21-x86_64-unknown-linux-gnu/lib/rustlib/src/rust/library/core/src/str/validations.rs:160:17 in function core::str::validations::run_utf8_validation

Check 15: core::str::validations::run_utf8_validation.assertion.9
	 - Status: SUCCESS
	 - Description: "attempt to add with overflow"
	 - Location: ../../../runner/.rustup/toolchains/nightly-2025-11-21-x86_64-unknown-linux-gnu/lib/rustlib/src/rust/library/core/src/str/validations.rs:155:17 in function core::str::validations::run_utf8_validation

Check 16: core::str::validations::run_utf8_validation.assertion.10
	 - Status: SUCCESS
	 - Description: "index out of bounds: the length is less than or equal to the given index"
	 - Location: ../../../runner/.rustup/toolchains/nightly-2025-11-21-x86_64-unknown-linux-gnu/lib/rustlib/src/rust/library/core/src/str/validations.rs:160:17 in function core::str::validations::run_utf8_validation

Check 17: core::str::validations::run_utf8_validation.assertion.11
	 - Status: SUCCESS
	 - Description: "attempt to add with overflow"
	 - Location: ../../../runner/.rustup/toolchains/nightly-2025-11-21-x86_64-unknown-linux-gnu/lib/rustlib/src/rust/library/core/src/str/validations.rs:155:17 in function core::str::validations::run_utf8_validation

Check 18: core::str::validations::run_utf8_validation.assertion.12
	 - Status: SUCCESS
	 - Description: "index out of bounds: the length is less than or equal to the given index"
	 - Location: ../../../runner/.rustup/toolchains/nightly-2025-11-21-x86_64-unknown-linux-gnu/lib/rustlib/src/rust/library/core/src/str/validations.rs:160:17 in function core::str::validations::run_utf8_validation

Check 19: core::str::validations::run_utf8_validation.assertion.13
	 - Status: SUCCESS
	 - Description: "attempt to add with overflow"
	 - Location: ../../../runner/.rustup/toolchains/nightly-2025-11-21-x86_64-unknown-linux-gnu/lib/rustlib/src/rust/library/core/src/str/validations.rs:155:17 in function core::str::validations::run_utf8_validation

Check 20: core::str::validations::run_utf8_validation.assertion.14
	 - Status: SUCCESS
	 - Description: "index out of bounds: the length is less than or equal to the given index"
	 - Location: ../../../runner/.rustup/toolchains/nightly-2025-11-21-x86_64-unknown-linux-gnu/lib/rustlib/src/rust/library/core/src/str/validations.rs:160:17 in function core::str::validations::run_utf8_validation

Check 21: core::str::validations::run_utf8_validation.assertion.15
	 - Status: SUCCESS
	 - Description: "attempt to add with overflow"
	 - Location: ../../../runner/.rustup/toolchains/nightly-2025-11-21-x86_64-unknown-linux-gnu/lib/rustlib/src/rust/library/core/src/str/validations.rs:155:17 in function core::str::validations::run_utf8_validation

Check 22: core::str::validations::run_utf8_validation.assertion.16
	 - Status: SUCCESS
	 - Description: "index out of bounds: the length is less than or equal to the given index"
	 - Location: ../../../runner/.rustup/toolchains/nightly-2025-11-21-x86_64-unknown-linux-gnu/lib/rustlib/src/rust/library/core/src/str/validations.rs:160:17 in function core::str::validations::run_utf8_validation

Check 23: core::str::validations::run_utf8_validation.assertion.17
	 - Status: SUCCESS
	 - Description: "attempt to add with overflow"
	 - Location: ../../../runner/.rustup/toolchains/nightly-2025-11-21-x86_64-unknown-linux-gnu/lib/rustlib/src/rust/library/core/src/str/validations.rs:217:13 in function core::str::validations::run_utf8_validation

Check 24: core::str::validations::run_utf8_validation.assertion.18
	 - Status: UNREACHABLE
	 - Description: "attempt to add with overflow"
	 - Location: ../../../runner/.rustup/toolchains/nightly-2025-11-21-x86_64-unknown-linux-gnu/lib/rustlib/src/rust/library/core/src/str/validations.rs:238:21 in function core::str::validations::run_utf8_validation

Check 25: core::str::validations::run_utf8_validation.assertion.19
	 - Status: SUCCESS
	 - Description: "index out of bounds: the length is less than or equal to the given index"
	 - Location: ../../../runner/.rustup/toolchains/nightly-2025-11-21-x86_64-unknown-linux-gnu/lib/rustlib/src/rust/library/core/src/str/validations.rs:241:38 in function core::str::validations::run_utf8_validation

Check 26: core::str::validations::run_utf8_validation.assertion.20
	 - Status: SUCCESS
	 - Description: "attempt to add with overflow"
	 - Location: ../../../runner/.rustup/toolchains/nightly-2025-11-21-x86_64-unknown-linux-gnu/lib/rustlib/src/rust/library/core/src/str/validations.rs:242:21 in function core::str::validations::run_utf8_validation

Check 27: core::str::validations::run_utf8_validation.assertion.21
	 - Status: SUCCESS
	 - Description: "attempt to add with overflow"
	 - Location: ../../../runner/.rustup/toolchains/nightly-2025-11-21-x86_64-unknown-linux-gnu/lib/rustlib/src/rust/library/core/src/str/validations.rs:245:17 in function core::str::validations::run_utf8_validation

Check 28: kani::rustc_intrinsics::offset::<u8, *const u8, usize>.safety_check.1
	 - Status: SUCCESS
	 - Description: "Offset in bytes overflows isize"
	 - Location: ../../../runner/work/kani/kani/library/kani/src/lib.rs:57:1 in function kani::rustc_intrinsics::offset::<u8, *const u8, usize>

Check 29: kani::rustc_intrinsics::offset::<u8, *const u8, usize>.safety_check.2
	 - Status: SUCCESS
	 - Description: "Offset result and original pointer must point to the same allocation"
	 - Location: ../../../runner/work/kani/kani/library/kani/src/lib.rs:57:1 in function kani::rustc_intrinsics::offset::<u8, *const u8, usize>

Check 30: utf8_string::validate_utf8.assertion.1
	 - Status: SUCCESS
	 - Description: "index out of bounds: the length is less than or equal to the given index"
	 - Location: der-verified/src/utf8_string.rs:125:20 in function utf8_string::validate_utf8

Check 31: utf8_string::validate_utf8.unreachable.1
	 - Status: SUCCESS
	 - Description: "unreachable code"
	 - Location: der-verified/src/utf8_string.rs:126:25 in function utf8_string::validate_utf8

Check 32: utf8_string::validate_utf8.assertion.2
	 - Status: SUCCESS
	 - Description: "attempt to add with overflow"
	 - Location: der-verified/src/utf8_string.rs:134:12 in function utf8_string::validate_utf8

Check 33: utf8_string::validate_utf8.assertion.3
	 - Status: SUCCESS
	 - Description: "attempt to add with overflow"
	 - Location: der-verified/src/utf8_string.rs:146:32 in function utf8_string::validate_utf8

Check 34: utf8_string::validate_utf8.assertion.4
	 - Status: SUCCESS
	 - Description: "index out of bounds: the length is less than or equal to the given index"
	 - Location: der-verified/src/utf8_string.rs:146:24 in function utf8_string::validate_utf8

Check 35: utf8_string::validate_utf8.assertion.5
	 - Status: SUCCESS
	 - Description: "attempt to shift left with overflow"
	 - Location: der-verified/src/utf8_string.rs:150:18 in function utf8_string::validate_utf8

Check 36: utf8_string::validate_utf8.assertion.6
	 - Status: SUCCESS
	 - Description: "attempt to add with overflow"
	 - Location: der-verified/src/utf8_string.rs:151:13 in function utf8_string::validate_utf8

Check 37: utf8_string::validate_utf8.assertion.7
	 - Status: SUCCESS
	 - Description: "attempt to add with overflow"
	 - Location: der-verified/src/utf8_string.rs:168:9 in function utf8_string::validate_utf8

Check 38: utf8_string::validate_utf8.assertion.8
	 - Status: SUCCESS
	 - Description: "attempt to add with overflow"
	 - Location: der-verified/src/utf8_string.rs:131:13 in function utf8_string::validate_utf8

Check 39: kani::mem::cbmc::same_allocation.unsupported_construct.1
	 - Status: SUCCESS
	 - Description: "Kani does not support reasoning about pointer to unallocated memory"
	 - Location: ../../../runner/work/kani/kani/library/kani/src/lib.rs:57:1 in function kani::mem::cbmc::same_allocation

Check 40: std::ptr::align_offset::<u8>.arithmetic_overflow.1
	 - Status: SUCCESS
	 - Description: "attempt to compute `unchecked_sub` which would overflow"
	 - Location: ../../../runner/.rustup/toolchains/nightly-2025-11-21-x86_64-unknown-linux-gnu/lib/rustlib/src/rust/library/core/src/ptr/mod.rs:2255:32 in function std::ptr::align_offset::<u8>

Check 41: std::ptr::align_offset::<u8>.arithmetic_overflow.2
	 - Status: SUCCESS
	 - Description: "attempt to calculate the remainder with a divisor of zero"
	 - Location: ../../../runner/.rustup/toolchains/nightly-2025-11-21-x86_64-unknown-linux-gnu/lib/rustlib/src/rust/library/core/src/ptr/mod.rs:2266:33 in function std::ptr::align_offset::<u8>

Check 42: std::ptr::align_offset::<u8>.arithmetic_overflow.3
	 - Status: SUCCESS
	 - Description: "attempt to shift by excessive shift distance"
	 - Location: ../../../runner/.rustup/toolchains/nightly-2025-11-21-x86_64-unknown-linux-gnu/lib/rustlib/src/rust/library/core/src/ptr/mod.rs:2317:24 in function std::ptr::align_offset::<u8>

Check 43: std::ptr::align_offset::<u8>.arithmetic_overflow.4
	 - Status: SUCCESS
	 - Description: "attempt to compute `unchecked_sub` which would overflow"
	 - Location: ../../../runner/.rustup/toolchains/nightly-2025-11-21-x86_64-unknown-linux-gnu/lib/rustlib/src/rust/library/core/src/ptr/mod.rs:2319:24 in function std::ptr::align_offset::<u8>

Check 44: std::ptr::align_offset::<u8>.arithmetic_overflow.5
	 - Status: SUCCESS
	 - Description: "attempt to shift by excessive shift distance"
	 - Location: ../../../runner/.rustup/toolchains/nightly-2025-11-21-x86_64-unknown-linux-gnu/lib/rustlib/src/rust/library/core/src/ptr/mod.rs:2343:27 in function std::ptr::align_offset::<u8>

Check 45: std::ptr::align_offset::<u8>.arithmetic_overflow.6
	 - Status: SUCCESS
	 - Description: "attempt to compute `unchecked_sub` which would overflow"
	 - Location: ../../../runner/.rustup/toolchains/nightly-2025-11-21-x86_64-unknown-linux-gnu/lib/rustlib/src/rust/library/core/src/ptr/mod.rs:2346:33 in function std::ptr::align_offset::<u8>

Check 46: std::ptr::align_offset::<u8>.arithmetic_overflow.7
	 - Status: SUCCESS
	 - Description: "attempt to shift by excessive shift distance"
	 - Location: ../../../runner/.rustup/toolchains/nightly-2025-11-21-x86_64-unknown-linux-gnu/lib/rustlib/src/rust/library/core/src/ptr/mod.rs:2349:27 in function std::ptr::align_offset::<u8>

Check 47: std::ptr::align_offset::<u8>.arithmetic_overflow.8
	 - Status: SUCCESS
	 - Description: "attempt to shift by excessive shift distance"
	 - Location: ../../../runner/.rustup/toolchains/nightly-2025-11-21-x86_64-unknown-linux-gnu/lib/rustlib/src/rust/library/core/src/ptr/mod.rs:2353:50 in function std::ptr::align_offset::<u8>

Check 48: std::ptr::align_offset::<u8>.arithmetic_overflow.9
	 - Status: SUCCESS
	 - Description: "attempt to compute `unchecked_sub` which would overflow"
	 - Location: ../../../runner/.rustup/toolchains/nightly-2025-11-21-x86_64-unknown-linux-gnu/lib/rustlib/src/rust/library/core/src/ptr/mod.rs:2353:32 in function std::ptr::align_offset::<u8>

Check 49: std::ptr::align_offset::<u8>.assume.1
	 - Status: SUCCESS
	 - Description: "Rust intrinsic assumption failed"
	 - Location: ../../../runner/.rustup/toolchains/nightly-2025-11-21-x86_64-unknown-linux-gnu/lib/rustlib/src/rust/library/core/src/ptr/mod.rs:2289:18 in function std::ptr::align_offset::<u8>

Check 50: std::ptr::align_offset::<u8>.arithmetic_overflow.10
	 - Status: SUCCESS
	 - Description: "attempt to calculate the remainder with a divisor of zero"
	 - Location: ../../../runner/.rustup/toolchains/nightly-2025-11-21-x86_64-unknown-linux-gnu/lib/rustlib/src/rust/library/core/src/ptr/mod.rs:2292:40 in function std::ptr::align_offset::<u8>

Check 51: std::ptr::align_offset::<u8>.exact_div.1
	 - Status: SUCCESS
	 - Description: "exact_div arguments divide exactly"
	 - Location: ../../../runner/.rustup/toolchains/nightly-2025-11-21-x86_64-unknown-linux-gnu/lib/rustlib/src/rust/library/core/src/ptr/mod.rs:2297:22 in function std::ptr::align_offset::<u8>

Check 52: std::ptr::align_offset::<u8>.exact_div.2
	 - Status: SUCCESS
	 - Description: "exact_div divisor is nonzero"
	 - Location: ../../../runner/.rustup/toolchains/nightly-2025-11-21-x86_64-unknown-linux-gnu/lib/rustlib/src/rust/library/core/src/ptr/mod.rs:2297:22 in function std::ptr::align_offset::<u8>

Check 53: std::ptr::align_offset::<u8>.exact_div.3
	 - Status: SUCCESS
	 - Description: "exact_div division does not overflow"
	 - Location: ../../../runner/.rustup/toolchains/nightly-2025-11-21-x86_64-unknown-linux-gnu/lib/rustlib/src/rust/library/core/src/ptr/mod.rs:2297:22 in function std::ptr::align_offset::<u8>

Check 54: core::slice::index::slice_index_fail::do_panic::runtime.assertion.1
	 - Status: SUCCESS
	 - Description: "This is a placeholder message; Kani doesn't support message formatted at runtime"
	 - Location: ../../../runner/.rustup/toolchains/nightly-2025-11-21-x86_64-unknown-linux-gnu/lib/rustlib/src/rust/library/core/src/slice/index.rs:40:9 in function core::slice::index::slice_index_fail::do_panic::runtime

Check 55: core::slice::index::slice_index_fail::do_panic::runtime.assertion.2
	 - Status: SUCCESS
	 - Description: "This is a placeholder message; Kani doesn't support message formatted at runtime"
	 - Location: ../../../runner/.rustup/toolchains/nightly-2025-11-21-x86_64-unknown-linux-gnu/lib/rustlib/src/rust/library/core/src/slice/index.rs:49:9 in function core::slice::index::slice_index_fail::do_panic::runtime

Check 56: core::num::<impl usize>::checked_sub.arithmetic_overflow.1
	 - Status: SUCCESS
	 - Description: "attempt to compute `unchecked_sub` which would overflow"
	 - Location: ../../../runner/.rustup/toolchains/nightly-2025-11-21-x86_64-unknown-linux-gnu/lib/rustlib/src/rust/library/core/src/num/uint_macros.rs:812:31 in function core::num::<impl usize>::checked_sub

Check 57: core::slice::index::slice_index_fail::do_panic::runtime.assertion.3
	 - Status: SUCCESS
	 - Description: "This is a placeholder message; Kani doesn't support message formatted at runtime"
	 - Location: ../../../runner/.rustup/toolchains/nightly-2025-11-21-x86_64-unknown-linux-gnu/lib/rustlib/src/rust/library/core/src/slice/index.rs:58:9 in function core::slice::index::slice_index_fail::do_panic::runtime

Check 58: <usize as kani::rustc_intrinsics::ToISize>::to_isize.unreachable.1
	 - Status: SUCCESS
	 - Description: "unreachable code"
	 - Location: ../../../runner/work/kani/kani/library/kani_core/src/models.rs:176:17 in function <usize as kani::rustc_intrinsics::ToISize>::to_isize

Check 59: <usize as kani::rustc_intrinsics::ToISize>::to_isize.safety_check.1
	 - Status: SUCCESS
	 - Description: "Offset value overflows isize"
	 - Location: ../../../runner/work/kani/kani/library/kani/src/lib.rs:57:1 in function <usize as kani::rustc_intrinsics::ToISize>::to_isize

Check 60: <usize as kani::rustc_intrinsics::ToISize>::to_isize.assertion.1
	 - Status: SUCCESS
	 - Description: "internal error: entered unreachable code"
	 - Location: ../../../runner/work/kani/kani/library/kani/src/lib.rs:57:1 in function <usize as kani::rustc_intrinsics::ToISize>::to_isize

Check 61: std::fmt::Arguments::<'_>::from_str.assertion.1
	 - Status: UNREACHABLE
	 - Description: "attempt to shift left with overflow"
	 - Location: ../../../runner/.rustup/toolchains/nightly-2025-11-21-x86_64-unknown-linux-gnu/lib/rustlib/src/rust/library/core/src/fmt/mod.rs:820:38 in function std::fmt::Arguments::<'_>::from_str

Check 62: core::str::utf8_char_width.assertion.1
	 - Status: SUCCESS
	 - Description: "index out of bounds: the length is less than or equal to the given index"
	 - Location: ../../../runner/.rustup/toolchains/nightly-2025-11-21-x86_64-unknown-linux-gnu/lib/rustlib/src/rust/library/core/src/str/validations.rs:279:5 in function core::str::utf8_char_width

Check 63: utf8_string::proofs::validate_iff_std.assertion.1
	 - Status: FAILURE
	 - Description: "assertion failed: validate_utf8(&buf[..n]).is_ok() == core::str::from_utf8(&buf[..n]).is_ok()"
	 - Location: der-verified/src/utf8_string.rs:359:9 in function utf8_string::proofs::validate_iff_std

Check 64: core::num::<impl usize>::is_multiple_of.assertion.1
	 - Status: SUCCESS
	 - Description: "attempt to calculate the remainder with a divisor of zero"
	 - Location: ../../../runner/.rustup/toolchains/nightly-2025-11-21-x86_64-unknown-linux-gnu/lib/rustlib/src/rust/library/core/src/num/uint_macros.rs:3574:22 in function core::num::<impl usize>::is_multiple_of

Check 65: core::num::<impl usize>::is_multiple_of.arithmetic_overflow.1
	 - Status: SUCCESS
	 - Description: "attempt to calculate the remainder with a divisor of zero"
	 - Location: ../../../runner/.rustup/toolchains/nightly-2025-11-21-x86_64-unknown-linux-gnu/lib/rustlib/src/rust/library/core/src/num/uint_macros.rs:3574:22 in function core::num::<impl usize>::is_multiple_of

Check 66: <std::ops::Range<usize> as std::slice::SliceIndex<[u8]>>::index.unreachable.1
	 - Status: SUCCESS
	 - Description: "unreachable code"
	 - Location: ../../../runner/.rustup/toolchains/nightly-2025-11-21-x86_64-unknown-linux-gnu/lib/rustlib/src/rust/library/core/src/slice/index.rs:435:5 in function <std::ops::Range<usize> as std::slice::SliceIndex<[u8]>>::index

Check 67: <std::ops::Range<usize> as std::slice::SliceIndex<[u8]>>::index.safety_check.1
	 - Status: SUCCESS
	 - Description: "misaligned pointer to reference cast: address must be a multiple of its type's alignment"
	 - Location: ../../../runner/.rustup/toolchains/nightly-2025-11-21-x86_64-unknown-linux-gnu/lib/rustlib/src/rust/library/core/src/slice/index.rs:441:22 in function <std::ops::Range<usize> as std::slice::SliceIndex<[u8]>>::index

Check 68: <std::ops::Range<usize> as std::slice::SliceIndex<[u8]>>::index.safety_check.2
	 - Status: SUCCESS
	 - Description: "dereference failure: pointer invalid"
	 - Location: ../../../runner/.rustup/toolchains/nightly-2025-11-21-x86_64-unknown-linux-gnu/lib/rustlib/src/rust/library/core/src/slice/index.rs:441:22 in function <std::ops::Range<usize> as std::slice::SliceIndex<[u8]>>::index

Check 69: core::slice::index::slice_index_fail::do_panic::runtime.assertion.4
	 - Status: SUCCESS
	 - Description: "This is a placeholder message; Kani doesn't support message formatted at runtime"
	 - Location: ../../../runner/.rustup/toolchains/nightly-2025-11-21-x86_64-unknown-linux-gnu/lib/rustlib/src/rust/library/core/src/slice/index.rs:68:5 in function core::slice::index::slice_index_fail::do_panic::runtime

Check 70: kani::rustc_intrinsics::offset::<usize, *const usize, usize>.safety_check.1
	 - Status: SUCCESS
	 - Description: "Offset in bytes overflows isize"
	 - Location: ../../../runner/work/kani/kani/library/kani/src/lib.rs:57:1 in function kani::rustc_intrinsics::offset::<usize, *const usize, usize>

Check 71: kani::rustc_intrinsics::offset::<usize, *const usize, usize>.safety_check.2
	 - Status: SUCCESS
	 - Description: "Offset result and original pointer must point to the same allocation"
	 - Location: ../../../runner/work/kani/kani/library/kani/src/lib.rs:57:1 in function kani::rustc_intrinsics::offset::<usize, *const usize, usize>

Check 72: std::result::Result::<&str, std::str::Utf8Error>::is_ok.pointer_dereference.1
	 - Status: SUCCESS
	 - Description: "dereference failure: pointer NULL"
	 - Location: ../../../runner/.rustup/toolchains/nightly-2025-11-21-x86_64-unknown-linux-gnu/lib/rustlib/src/rust/library/core/src/result.rs:594:18 in function std::result::Result::<&str, std::str::Utf8Error>::is_ok

Check 73: std::result::Result::<&str, std::str::Utf8Error>::is_ok.pointer_dereference.2
	 - Status: SUCCESS
	 - Description: "dereference failure: pointer invalid"
	 - Location: ../../../runner/.rustup/toolchains/nightly-2025-11-21-x86_64-unknown-linux-gnu/lib/rustlib/src/rust/library/core/src/result.rs:594:18 in function std::result::Result::<&str, std::str::Utf8Error>::is_ok

Check 74: std::result::Result::<&str, std::str::Utf8Error>::is_ok.pointer_dereference.3
	 - Status: SUCCESS
	 - Description: "dereference failure: deallocated dynamic object"
	 - Location: ../../../runner/.rustup/toolchains/nightly-2025-11-21-x86_64-unknown-linux-gnu/lib/rustlib/src/rust/library/core/src/result.rs:594:18 in function std::result::Result::<&str, std::str::Utf8Error>::is_ok

Check 75: std::result::Result::<&str, std::str::Utf8Error>::is_ok.pointer_dereference.4
	 - Status: SUCCESS
	 - Description: "dereference failure: dead object"
	 - Location: ../../../runner/.rustup/toolchains/nightly-2025-11-21-x86_64-unknown-linux-gnu/lib/rustlib/src/rust/library/core/src/result.rs:594:18 in function std::result::Result::<&str, std::str::Utf8Error>::is_ok

Check 76: std::result::Result::<&str, std::str::Utf8Error>::is_ok.pointer_dereference.5
	 - Status: SUCCESS
	 - Description: "dereference failure: pointer outside object bounds"
	 - Location: ../../../runner/.rustup/toolchains/nightly-2025-11-21-x86_64-unknown-linux-gnu/lib/rustlib/src/rust/library/core/src/result.rs:594:18 in function std::result::Result::<&str, std::str::Utf8Error>::is_ok

Check 77: std::result::Result::<&str, std::str::Utf8Error>::is_ok.pointer_dereference.6
	 - Status: SUCCESS
	 - Description: "dereference failure: invalid integer address"
	 - Location: ../../../runner/.rustup/toolchains/nightly-2025-11-21-x86_64-unknown-linux-gnu/lib/rustlib/src/rust/library/core/src/result.rs:594:18 in function std::result::Result::<&str, std::str::Utf8Error>::is_ok

Check 78: std::ptr::align_offset::<u8>.division-by-zero.1
	 - Status: SUCCESS
	 - Description: "division by zero"
	 - Location: ../../../runner/.rustup/toolchains/nightly-2025-11-21-x86_64-unknown-linux-gnu/lib/rustlib/src/rust/library/core/src/ptr/mod.rs:2266:33 in function std::ptr::align_offset::<u8>

Check 79: std::ptr::align_offset::<u8>.bit_count.1
	 - Status: SUCCESS
	 - Description: "count trailing zeros is undefined for value zero"
	 - Location: ../../../runner/.rustup/toolchains/nightly-2025-11-21-x86_64-unknown-linux-gnu/lib/rustlib/src/rust/library/core/src/ptr/mod.rs:2312:17 in function std::ptr::align_offset::<u8>

Check 80: std::ptr::align_offset::<u8>.bit_count.2
	 - Status: SUCCESS
	 - Description: "count trailing zeros is undefined for value zero"
	 - Location: ../../../runner/.rustup/toolchains/nightly-2025-11-21-x86_64-unknown-linux-gnu/lib/rustlib/src/rust/library/core/src/ptr/mod.rs:2313:17 in function std::ptr::align_offset::<u8>

Check 81: std::ptr::align_offset::<u8>.division-by-zero.2
	 - Status: SUCCESS
	 - Description: "division by zero"
	 - Location: ../../../runner/.rustup/toolchains/nightly-2025-11-21-x86_64-unknown-linux-gnu/lib/rustlib/src/rust/library/core/src/ptr/mod.rs:2292:40 in function std::ptr::align_offset::<u8>

Check 82: std::ptr::align_offset::<u8>.division-by-zero.3
	 - Status: SUCCESS
	 - Description: "division by zero"
	 - Location: ../../../runner/.rustup/toolchains/nightly-2025-11-21-x86_64-unknown-linux-gnu/lib/rustlib/src/rust/library/core/src/ptr/mod.rs:2297:22 in function std::ptr::align_offset::<u8>

Check 83: std::ptr::align_offset::<u8>.division-by-zero.4
	 - Status: SUCCESS
	 - Description: "division by zero"
	 - Location: ../../../runner/.rustup/toolchains/nightly-2025-11-21-x86_64-unknown-linux-gnu/lib/rustlib/src/rust/library/core/src/ptr/mod.rs:2297:22 in function std::ptr::align_offset::<u8>

Check 84: utf8_string::validate_utf8.pointer_dereference.1
	 - Status: SUCCESS
	 - Description: "dereference failure: pointer NULL"
	 - Location: der-verified/src/utf8_string.rs:125:20 in function utf8_string::validate_utf8

Check 85: utf8_string::validate_utf8.pointer_dereference.2
	 - Status: SUCCESS
	 - Description: "dereference failure: pointer invalid"
	 - Location: der-verified/src/utf8_string.rs:125:20 in function utf8_string::validate_utf8

Check 86: utf8_string::validate_utf8.pointer_dereference.3
	 - Status: SUCCESS
	 - Description: "dereference failure: deallocated dynamic object"
	 - Location: der-verified/src/utf8_string.rs:125:20 in function utf8_string::validate_utf8

Check 87: utf8_string::validate_utf8.pointer_dereference.4
	 - Status: SUCCESS
	 - Description: "dereference failure: dead object"
	 - Location: der-verified/src/utf8_string.rs:125:20 in function utf8_string::validate_utf8

Check 88: utf8_string::validate_utf8.pointer_dereference.5
	 - Status: SUCCESS
	 - Description: "dereference failure: pointer outside object bounds"
	 - Location: der-verified/src/utf8_string.rs:125:20 in function utf8_string::validate_utf8

Check 89: utf8_string::validate_utf8.pointer_dereference.6
	 - Status: SUCCESS
	 - Description: "dereference failure: invalid integer address"
	 - Location: der-verified/src/utf8_string.rs:125:20 in function utf8_string::validate_utf8

Check 90: utf8_string::validate_utf8.pointer_dereference.7
	 - Status: SUCCESS
	 - Description: "dereference failure: pointer NULL"
	 - Location: der-verified/src/utf8_string.rs:146:24 in function utf8_string::validate_utf8

Check 91: utf8_string::validate_utf8.pointer_dereference.8
	 - Status: SUCCESS
	 - Description: "dereference failure: pointer invalid"
	 - Location: der-verified/src/utf8_string.rs:146:24 in function utf8_string::validate_utf8

Check 92: utf8_string::validate_utf8.pointer_dereference.9
	 - Status: SUCCESS
	 - Description: "dereference failure: deallocated dynamic object"
	 - Location: der-verified/src/utf8_string.rs:146:24 in function utf8_string::validate_utf8

Check 93: utf8_string::validate_utf8.pointer_dereference.10
	 - Status: SUCCESS
	 - Description: "dereference failure: dead object"
	 - Location: der-verified/src/utf8_string.rs:146:24 in function utf8_string::validate_utf8

Check 94: utf8_string::validate_utf8.pointer_dereference.11
	 - Status: SUCCESS
	 - Description: "dereference failure: pointer outside object bounds"
	 - Location: der-verified/src/utf8_string.rs:146:24 in function utf8_string::validate_utf8

Check 95: utf8_string::validate_utf8.pointer_dereference.12
	 - Status: SUCCESS
	 - Description: "dereference failure: invalid integer address"
	 - Location: der-verified/src/utf8_string.rs:146:24 in function utf8_string::validate_utf8

Check 96: utf8_string::validate_utf8.pointer_dereference.13
	 - Status: SUCCESS
	 - Description: "dereference failure: dead object"
	 - Location: der-verified/src/utf8_string.rs:170:5 in function utf8_string::validate_utf8

Check 97: core::str::validations::run_utf8_validation.pointer_dereference.1
	 - Status: SUCCESS
	 - Description: "dereference failure: pointer NULL"
	 - Location: ../../../runner/.rustup/toolchains/nightly-2025-11-21-x86_64-unknown-linux-gnu/lib/rustlib/src/rust/library/core/src/str/validations.rs:164:21 in function core::str::validations::run_utf8_validation

Check 98: core::str::validations::run_utf8_validation.pointer_dereference.2
	 - Status: SUCCESS
	 - Description: "dereference failure: pointer invalid"
	 - Location: ../../../runner/.rustup/toolchains/nightly-2025-11-21-x86_64-unknown-linux-gnu/lib/rustlib/src/rust/library/core/src/str/validations.rs:164:21 in function core::str::validations::run_utf8_validation

Check 99: core::str::validations::run_utf8_validation.pointer_dereference.3
	 - Status: SUCCESS
	 - Description: "dereference failure: deallocated dynamic object"
	 - Location: ../../../runner/.rustup/toolchains/nightly-2025-11-21-x86_64-unknown-linux-gnu/lib/rustlib/src/rust/library/core/src/str/validations.rs:164:21 in function core::str::validations::run_utf8_validation

Check 100: core::str::validations::run_utf8_validation.pointer_dereference.4
	 - Status: SUCCESS
	 - Description: "dereference failure: dead object"
	 - Location: ../../../runner/.rustup/toolchains/nightly-2025-11-21-x86_64-unknown-linux-gnu/lib/rustlib/src/rust/library/core/src/str/validations.rs:164:21 in function core::str::validations::run_utf8_validation

Check 101: core::str::validations::run_utf8_validation.pointer_dereference.5
	 - Status: SUCCESS
	 - Description: "dereference failure: pointer outside object bounds"
	 - Location: ../../../runner/.rustup/toolchains/nightly-2025-11-21-x86_64-unknown-linux-gnu/lib/rustlib/src/rust/library/core/src/str/validations.rs:164:21 in function core::str::validations::run_utf8_validation

Check 102: core::str::validations::run_utf8_validation.pointer_dereference.6
	 - Status: SUCCESS
	 - Description: "dereference failure: invalid integer address"
	 - Location: ../../../runner/.rustup/toolchains/nightly-2025-11-21-x86_64-unknown-linux-gnu/lib/rustlib/src/rust/library/core/src/str/validations.rs:164:21 in function core::str::validations::run_utf8_validation

Check 103: core::str::validations::run_utf8_validation.pointer_dereference.7
	 - Status: SUCCESS
	 - Description: "dereference failure: pointer NULL"
	 - Location: ../../../runner/.rustup/toolchains/nightly-2025-11-21-x86_64-unknown-linux-gnu/lib/rustlib/src/rust/library/core/src/str/validations.rs:160:17 in function core::str::validations::run_utf8_validation

Check 104: core::str::validations::run_utf8_validation.pointer_dereference.8
	 - Status: SUCCESS
	 - Description: "dereference failure: pointer invalid"
	 - Location: ../../../runner/.rustup/toolchains/nightly-2025-11-21-x86_64-unknown-linux-gnu/lib/rustlib/src/rust/library/core/src/str/validations.rs:160:17 in function core::str::validations::run_utf8_validation

Check 105: core::str::validations::run_utf8_validation.pointer_dereference.9
	 - Status: SUCCESS
	 - Description: "dereference failure: deallocated dynamic object"
	 - Location: ../../../runner/.rustup/toolchains/nightly-2025-11-21-x86_64-unknown-linux-gnu/lib/rustlib/src/rust/library/core/src/str/validations.rs:160:17 in function core::str::validations::run_utf8_validation

Check 106: core::str::validations::run_utf8_validation.pointer_dereference.10
	 - Status: SUCCESS
	 - Description: "dereference failure: dead object"
	 - Location: ../../../runner/.rustup/toolchains/nightly-2025-11-21-x86_64-unknown-linux-gnu/lib/rustlib/src/rust/library/core/src/str/validations.rs:160:17 in function core::str::validations::run_utf8_validation

Check 107: core::str::validations::run_utf8_validation.pointer_dereference.11
	 - Status: SUCCESS
	 - Description: "dereference failure: pointer outside object bounds"
	 - Location: ../../../runner/.rustup/toolchains/nightly-2025-11-21-x86_64-unknown-linux-gnu/lib/rustlib/src/rust/library/core/src/str/validations.rs:160:17 in function core::str::validations::run_utf8_validation

Check 108: core::str::validations::run_utf8_validation.pointer_dereference.12
	 - Status: SUCCESS
	 - Description: "dereference failure: invalid integer address"
	 - Location: ../../../runner/.rustup/toolchains/nightly-2025-11-21-x86_64-unknown-linux-gnu/lib/rustlib/src/rust/library/core/src/str/validations.rs:160:17 in function core::str::validations::run_utf8_validation

Check 109: core::str::validations::run_utf8_validation.pointer_dereference.13
	 - Status: SUCCESS
	 - Description: "dereference failure: pointer NULL"
	 - Location: ../../../runner/.rustup/toolchains/nightly-2025-11-21-x86_64-unknown-linux-gnu/lib/rustlib/src/rust/library/core/src/str/validations.rs:160:17 in function core::str::validations::run_utf8_validation

Check 110: core::str::validations::run_utf8_validation.pointer_dereference.14
	 - Status: SUCCESS
	 - Description: "dereference failure: pointer invalid"
	 - Location: ../../../runner/.rustup/toolchains/nightly-2025-11-21-x86_64-unknown-linux-gnu/lib/rustlib/src/rust/library/core/src/str/validations.rs:160:17 in function core::str::validations::run_utf8_validation

Check 111: core::str::validations::run_utf8_validation.pointer_dereference.15
	 - Status: SUCCESS
	 - Description: "dereference failure: deallocated dynamic object"
	 - Location: ../../../runner/.rustup/toolchains/nightly-2025-11-21-x86_64-unknown-linux-gnu/lib/rustlib/src/rust/library/core/src/str/validations.rs:160:17 in function core::str::validations::run_utf8_validation

Check 112: core::str::validations::run_utf8_validation.pointer_dereference.16
	 - Status: SUCCESS
	 - Description: "dereference failure: dead object"
	 - Location: ../../../runner/.rustup/toolchains/nightly-2025-11-21-x86_64-unknown-linux-gnu/lib/rustlib/src/rust/library/core/src/str/validations.rs:160:17 in function core::str::validations::run_utf8_validation

Check 113: core::str::validations::run_utf8_validation.pointer_dereference.17
	 - Status: SUCCESS
	 - Description: "dereference failure: pointer outside object bounds"
	 - Location: ../../../runner/.rustup/toolchains/nightly-2025-11-21-x86_64-unknown-linux-gnu/lib/rustlib/src/rust/library/core/src/str/validations.rs:160:17 in function core::str::validations::run_utf8_validation

Check 114: core::str::validations::run_utf8_validation.pointer_dereference.18
	 - Status: SUCCESS
	 - Description: "dereference failure: invalid integer address"
	 - Location: ../../../runner/.rustup/toolchains/nightly-2025-11-21-x86_64-unknown-linux-gnu/lib/rustlib/src/rust/library/core/src/str/validations.rs:160:17 in function core::str::validations::run_utf8_validation

Check 115: core::str::validations::run_utf8_validation.pointer_dereference.19
	 - Status: SUCCESS
	 - Description: "dereference failure: pointer NULL"
	 - Location: ../../../runner/.rustup/toolchains/nightly-2025-11-21-x86_64-unknown-linux-gnu/lib/rustlib/src/rust/library/core/src/str/validations.rs:160:17 in function core::str::validations::run_utf8_validation

Check 116: core::str::validations::run_utf8_validation.pointer_dereference.20
	 - Status: SUCCESS
	 - Description: "dereference failure: pointer invalid"
	 - Location: ../../../runner/.rustup/toolchains/nightly-2025-11-21-x86_64-unknown-linux-gnu/lib/rustlib/src/rust/library/core/src/str/validations.rs:160:17 in function core::str::validations::run_utf8_validation

Check 117: core::str::validations::run_utf8_validation.pointer_dereference.21
	 - Status: SUCCESS
	 - Description: "dereference failure: deallocated dynamic object"
	 - Location: ../../../runner/.rustup/toolchains/nightly-2025-11-21-x86_64-unknown-linux-gnu/lib/rustlib/src/rust/library/core/src/str/validations.rs:160:17 in function core::str::validations::run_utf8_validation

Check 118: core::str::validations::run_utf8_validation.pointer_dereference.22
	 - Status: SUCCESS
	 - Description: "dereference failure: dead object"
	 - Location: ../../../runner/.rustup/toolchains/nightly-2025-11-21-x86_64-unknown-linux-gnu/lib/rustlib/src/rust/library/core/src/str/validations.rs:160:17 in function core::str::validations::run_utf8_validation

Check 119: core::str::validations::run_utf8_validation.pointer_dereference.23
	 - Status: SUCCESS
	 - Description: "dereference failure: pointer outside object bounds"
	 - Location: ../../../runner/.rustup/toolchains/nightly-2025-11-21-x86_64-unknown-linux-gnu/lib/rustlib/src/rust/library/core/src/str/validations.rs:160:17 in function core::str::validations::run_utf8_validation

Check 120: core::str::validations::run_utf8_validation.pointer_dereference.24
	 - Status: SUCCESS
	 - Description: "dereference failure: invalid integer address"
	 - Location: ../../../runner/.rustup/toolchains/nightly-2025-11-21-x86_64-unknown-linux-gnu/lib/rustlib/src/rust/library/core/src/str/validations.rs:160:17 in function core::str::validations::run_utf8_validation

Check 121: core::str::validations::run_utf8_validation.pointer_dereference.25
	 - Status: SUCCESS
	 - Description: "dereference failure: pointer NULL"
	 - Location: ../../../runner/.rustup/toolchains/nightly-2025-11-21-x86_64-unknown-linux-gnu/lib/rustlib/src/rust/library/core/src/str/validations.rs:160:17 in function core::str::validations::run_utf8_validation

Check 122: core::str::validations::run_utf8_validation.pointer_dereference.26
	 - Status: SUCCESS
	 - Description: "dereference failure: pointer invalid"
	 - Location: ../../../runner/.rustup/toolchains/nightly-2025-11-21-x86_64-unknown-linux-gnu/lib/rustlib/src/rust/library/core/src/str/validations.rs:160:17 in function core::str::validations::run_utf8_validation

Check 123: core::str::validations::run_utf8_validation.pointer_dereference.27
	 - Status: SUCCESS
	 - Description: "dereference failure: deallocated dynamic object"
	 - Location: ../../../runner/.rustup/toolchains/nightly-2025-11-21-x86_64-unknown-linux-gnu/lib/rustlib/src/rust/library/core/src/str/validations.rs:160:17 in function core::str::validations::run_utf8_validation

Check 124: core::str::validations::run_utf8_validation.pointer_dereference.28
	 - Status: SUCCESS
	 - Description: "dereference failure: dead object"
	 - Location: ../../../runner/.rustup/toolchains/nightly-2025-11-21-x86_64-unknown-linux-gnu/lib/rustlib/src/rust/library/core/src/str/validations.rs:160:17 in function core::str::validations::run_utf8_validation

Check 125: core::str::validations::run_utf8_validation.pointer_dereference.29
	 - Status: SUCCESS
	 - Description: "dereference failure: pointer outside object bounds"
	 - Location: ../../../runner/.rustup/toolchains/nightly-2025-11-21-x86_64-unknown-linux-gnu/lib/rustlib/src/rust/library/core/src/str/validations.rs:160:17 in function core::str::validations::run_utf8_validation

Check 126: core::str::validations::run_utf8_validation.pointer_dereference.30
	 - Status: SUCCESS
	 - Description: "dereference failure: invalid integer address"
	 - Location: ../../../runner/.rustup/toolchains/nightly-2025-11-21-x86_64-unknown-linux-gnu/lib/rustlib/src/rust/library/core/src/str/validations.rs:160:17 in function core::str::validations::run_utf8_validation

Check 127: core::str::validations::run_utf8_validation.pointer_dereference.31
	 - Status: SUCCESS
	 - Description: "dereference failure: pointer NULL"
	 - Location: ../../../runner/.rustup/toolchains/nightly-2025-11-21-x86_64-unknown-linux-gnu/lib/rustlib/src/rust/library/core/src/str/validations.rs:160:17 in function core::str::validations::run_utf8_validation

Check 128: core::str::validations::run_utf8_validation.pointer_dereference.32
	 - Status: SUCCESS
	 - Description: "dereference failure: pointer invalid"
	 - Location: ../../../runner/.rustup/toolchains/nightly-2025-11-21-x86_64-unknown-linux-gnu/lib/rustlib/src/rust/library/core/src/str/validations.rs:160:17 in function core::str::validations::run_utf8_validation

Check 129: core::str::validations::run_utf8_validation.pointer_dereference.33
	 - Status: SUCCESS
	 - Description: "dereference failure: deallocated dynamic object"
	 - Location: ../../../runner/.rustup/toolchains/nightly-2025-11-21-x86_64-unknown-linux-gnu/lib/rustlib/src/rust/library/core/src/str/validations.rs:160:17 in function core::str::validations::run_utf8_validation

Check 130: core::str::validations::run_utf8_validation.pointer_dereference.34
	 - Status: SUCCESS
	 - Description: "dereference failure: dead object"
	 - Location: ../../../runner/.rustup/toolchains/nightly-2025-11-21-x86_64-unknown-linux-gnu/lib/rustlib/src/rust/library/core/src/str/validations.rs:160:17 in function core::str::validations::run_utf8_validation

Check 131: core::str::validations::run_utf8_validation.pointer_dereference.35
	 - Status: SUCCESS
	 - Description: "dereference failure: pointer outside object bounds"
	 - Location: ../../../runner/.rustup/toolchains/nightly-2025-11-21-x86_64-unknown-linux-gnu/lib/rustlib/src/rust/library/core/src/str/validations.rs:160:17 in function core::str::validations::run_utf8_validation

Check 132: core::str::validations::run_utf8_validation.pointer_dereference.36
	 - Status: SUCCESS
	 - Description: "dereference failure: invalid integer address"
	 - Location: ../../../runner/.rustup/toolchains/nightly-2025-11-21-x86_64-unknown-linux-gnu/lib/rustlib/src/rust/library/core/src/str/validations.rs:160:17 in function core::str::validations::run_utf8_validation

Check 133: core::str::validations::run_utf8_validation.pointer_dereference.37
	 - Status: SUCCESS
	 - Description: "dereference failure: pointer NULL"
	 - Location: ../../../runner/.rustup/toolchains/nightly-2025-11-21-x86_64-unknown-linux-gnu/lib/rustlib/src/rust/library/core/src/str/validations.rs:160:17 in function core::str::validations::run_utf8_validation

Check 134: core::str::validations::run_utf8_validation.pointer_dereference.38
	 - Status: SUCCESS
	 - Description: "dereference failure: pointer invalid"
	 - Location: ../../../runner/.rustup/toolchains/nightly-2025-11-21-x86_64-unknown-linux-gnu/lib/rustlib/src/rust/library/core/src/str/validations.rs:160:17 in function core::str::validations::run_utf8_validation

Check 135: core::str::validations::run_utf8_validation.pointer_dereference.39
	 - Status: SUCCESS
	 - Description: "dereference failure: deallocated dynamic object"
	 - Location: ../../../runner/.rustup/toolchains/nightly-2025-11-21-x86_64-unknown-linux-gnu/lib/rustlib/src/rust/library/core/src/str/validations.rs:160:17 in function core::str::validations::run_utf8_validation

Check 136: core::str::validations::run_utf8_validation.pointer_dereference.40
	 - Status: SUCCESS
	 - Description: "dereference failure: dead object"
	 - Location: ../../../runner/.rustup/toolchains/nightly-2025-11-21-x86_64-unknown-linux-gnu/lib/rustlib/src/rust/library/core/src/str/validations.rs:160:17 in function core::str::validations::run_utf8_validation

Check 137: core::str::validations::run_utf8_validation.pointer_dereference.41
	 - Status: SUCCESS
	 - Description: "dereference failure: pointer outside object bounds"
	 - Location: ../../../runner/.rustup/toolchains/nightly-2025-11-21-x86_64-unknown-linux-gnu/lib/rustlib/src/rust/library/core/src/str/validations.rs:160:17 in function core::str::validations::run_utf8_validation

Check 138: core::str::validations::run_utf8_validation.pointer_dereference.42
	 - Status: SUCCESS
	 - Description: "dereference failure: invalid integer address"
	 - Location: ../../../runner/.rustup/toolchains/nightly-2025-11-21-x86_64-unknown-linux-gnu/lib/rustlib/src/rust/library/core/src/str/validations.rs:160:17 in function core::str::validations::run_utf8_validation

Check 139: core::str::validations::run_utf8_validation.pointer_dereference.43
	 - Status: SUCCESS
	 - Description: "dereference failure: pointer NULL"
	 - Location: ../../../runner/.rustup/toolchains/nightly-2025-11-21-x86_64-unknown-linux-gnu/lib/rustlib/src/rust/library/core/src/str/validations.rs:232:52 in function core::str::validations::run_utf8_validation

Check 140: core::str::validations::run_utf8_validation.pointer_dereference.44
	 - Status: SUCCESS
	 - Description: "dereference failure: pointer invalid"
	 - Location: ../../../runner/.rustup/toolchains/nightly-2025-11-21-x86_64-unknown-linux-gnu/lib/rustlib/src/rust/library/core/src/str/validations.rs:232:52 in function core::str::validations::run_utf8_validation

Check 141: core::str::validations::run_utf8_validation.pointer_dereference.45
	 - Status: SUCCESS
	 - Description: "dereference failure: deallocated dynamic object"
	 - Location: ../../../runner/.rustup/toolchains/nightly-2025-11-21-x86_64-unknown-linux-gnu/lib/rustlib/src/rust/library/core/src/str/validations.rs:232:52 in function core::str::validations::run_utf8_validation

Check 142: core::str::validations::run_utf8_validation.pointer_dereference.46
	 - Status: SUCCESS
	 - Description: "dereference failure: dead object"
	 - Location: ../../../runner/.rustup/toolchains/nightly-2025-11-21-x86_64-unknown-linux-gnu/lib/rustlib/src/rust/library/core/src/str/validations.rs:232:52 in function core::str::validations::run_utf8_validation

Check 143: core::str::validations::run_utf8_validation.pointer_dereference.47
	 - Status: SUCCESS
	 - Description: "dereference failure: pointer outside object bounds"
	 - Location: ../../../runner/.rustup/toolchains/nightly-2025-11-21-x86_64-unknown-linux-gnu/lib/rustlib/src/rust/library/core/src/str/validations.rs:232:52 in function core::str::validations::run_utf8_validation

Check 144: core::str::validations::run_utf8_validation.pointer_dereference.48
	 - Status: SUCCESS
	 - Description: "dereference failure: invalid integer address"
	 - Location: ../../../runner/.rustup/toolchains/nightly-2025-11-21-x86_64-unknown-linux-gnu/lib/rustlib/src/rust/library/core/src/str/validations.rs:232:52 in function core::str::validations::run_utf8_validation

Check 145: core::str::validations::run_utf8_validation.pointer_dereference.49
	 - Status: SUCCESS
	 - Description: "dereference failure: pointer NULL"
	 - Location: ../../../runner/.rustup/toolchains/nightly-2025-11-21-x86_64-unknown-linux-gnu/lib/rustlib/src/rust/library/core/src/str/validations.rs:233:52 in function core::str::validations::run_utf8_validation

Check 146: core::str::validations::run_utf8_validation.pointer_dereference.50
	 - Status: SUCCESS
	 - Description: "dereference failure: pointer invalid"
	 - Location: ../../../runner/.rustup/toolchains/nightly-2025-11-21-x86_64-unknown-linux-gnu/lib/rustlib/src/rust/library/core/src/str/validations.rs:233:52 in function core::str::validations::run_utf8_validation

Check 147: core::str::validations::run_utf8_validation.pointer_dereference.51
	 - Status: SUCCESS
	 - Description: "dereference failure: deallocated dynamic object"
	 - Location: ../../../runner/.rustup/toolchains/nightly-2025-11-21-x86_64-unknown-linux-gnu/lib/rustlib/src/rust/library/core/src/str/validations.rs:233:52 in function core::str::validations::run_utf8_validation

Check 148: core::str::validations::run_utf8_validation.pointer_dereference.52
	 - Status: SUCCESS
	 - Description: "dereference failure: dead object"
	 - Location: ../../../runner/.rustup/toolchains/nightly-2025-11-21-x86_64-unknown-linux-gnu/lib/rustlib/src/rust/library/core/src/str/validations.rs:233:52 in function core::str::validations::run_utf8_validation

Check 149: core::str::validations::run_utf8_validation.pointer_dereference.53
	 - Status: SUCCESS
	 - Description: "dereference failure: pointer outside object bounds"
	 - Location: ../../../runner/.rustup/toolchains/nightly-2025-11-21-x86_64-unknown-linux-gnu/lib/rustlib/src/rust/library/core/src/str/validations.rs:233:52 in function core::str::validations::run_utf8_validation

Check 150: core::str::validations::run_utf8_validation.pointer_dereference.54
	 - Status: SUCCESS
	 - Description: "dereference failure: invalid integer address"
	 - Location: ../../../runner/.rustup/toolchains/nightly-2025-11-21-x86_64-unknown-linux-gnu/lib/rustlib/src/rust/library/core/src/str/validations.rs:233:52 in function core::str::validations::run_utf8_validation

Check 151: core::str::validations::run_utf8_validation.pointer_dereference.55
	 - Status: SUCCESS
	 - Description: "dereference failure: pointer NULL"
	 - Location: ../../../runner/.rustup/toolchains/nightly-2025-11-21-x86_64-unknown-linux-gnu/lib/rustlib/src/rust/library/core/src/str/validations.rs:241:38 in function core::str::validations::run_utf8_validation

Check 152: core::str::validations::run_utf8_validation.pointer_dereference.56
	 - Status: SUCCESS
	 - Description: "dereference failure: pointer invalid"
	 - Location: ../../../runner/.rustup/toolchains/nightly-2025-11-21-x86_64-unknown-linux-gnu/lib/rustlib/src/rust/library/core/src/str/validations.rs:241:38 in function core::str::validations::run_utf8_validation

Check 153: core::str::validations::run_utf8_validation.pointer_dereference.57
	 - Status: SUCCESS
	 - Description: "dereference failure: deallocated dynamic object"
	 - Location: ../../../runner/.rustup/toolchains/nightly-2025-11-21-x86_64-unknown-linux-gnu/lib/rustlib/src/rust/library/core/src/str/validations.rs:241:38 in function core::str::validations::run_utf8_validation

Check 154: core::str::validations::run_utf8_validation.pointer_dereference.58
	 - Status: SUCCESS
	 - Description: "dereference failure: dead object"
	 - Location: ../../../runner/.rustup/toolchains/nightly-2025-11-21-x86_64-unknown-linux-gnu/lib/rustlib/src/rust/library/core/src/str/validations.rs:241:38 in function core::str::validations::run_utf8_validation

Check 155: core::str::validations::run_utf8_validation.pointer_dereference.59
	 - Status: SUCCESS
	 - Description: "dereference failure: pointer outside object bounds"
	 - Location: ../../../runner/.rustup/toolchains/nightly-2025-11-21-x86_64-unknown-linux-gnu/lib/rustlib/src/rust/library/core/src/str/validations.rs:241:38 in function core::str::validations::run_utf8_validation

Check 156: core::str::validations::run_utf8_validation.pointer_dereference.60
	 - Status: SUCCESS
	 - Description: "dereference failure: invalid integer address"
	 - Location: ../../../runner/.rustup/toolchains/nightly-2025-11-21-x86_64-unknown-linux-gnu/lib/rustlib/src/rust/library/core/src/str/validations.rs:241:38 in function core::str::validations::run_utf8_validation

Check 157: core::str::validations::run_utf8_validation.pointer_dereference.61
	 - Status: SUCCESS
	 - Description: "dereference failure: dead object"
	 - Location: ../../../runner/.rustup/toolchains/nightly-2025-11-21-x86_64-unknown-linux-gnu/lib/rustlib/src/rust/library/core/src/str/validations.rs:250:5 in function core::str::validations::run_utf8_validation

Check 158: std::str::from_utf8.pointer_dereference.1
	 - Status: SUCCESS
	 - Description: "dereference failure: dead object"
	 - Location: ../../../runner/.rustup/toolchains/nightly-2025-11-21-x86_64-unknown-linux-gnu/lib/rustlib/src/rust/library/core/src/str/converts.rs:91:11 in function std::str::from_utf8

Check 159: std::ptr::align_offset::mod_inv.array_bounds.1
	 - Status: SUCCESS
	 - Description: "index out of bounds: the length is less than or equal to the given index"
	 - Location: ../../../runner/.rustup/toolchains/nightly-2025-11-21-x86_64-unknown-linux-gnu/lib/rustlib/src/rust/library/core/src/ptr/mod.rs:2219:27 in function std::ptr::align_offset::mod_inv

Check 160: core::str::utf8_char_width.pointer_dereference.1
	 - Status: SUCCESS
	 - Description: "dereference failure: pointer NULL"
	 - Location: ../../../runner/.rustup/toolchains/nightly-2025-11-21-x86_64-unknown-linux-gnu/lib/rustlib/src/rust/library/core/src/str/validations.rs:279:5 in function core::str::utf8_char_width

Check 161: core::str::utf8_char_width.pointer_dereference.2
	 - Status: SUCCESS
	 - Description: "dereference failure: pointer invalid"
	 - Location: ../../../runner/.rustup/toolchains/nightly-2025-11-21-x86_64-unknown-linux-gnu/lib/rustlib/src/rust/library/core/src/str/validations.rs:279:5 in function core::str::utf8_char_width

Check 162: core::str::utf8_char_width.pointer_dereference.3
	 - Status: SUCCESS
	 - Description: "dereference failure: deallocated dynamic object"
	 - Location: ../../../runner/.rustup/toolchains/nightly-2025-11-21-x86_64-unknown-linux-gnu/lib/rustlib/src/rust/library/core/src/str/validations.rs:279:5 in function core::str::utf8_char_width

Check 163: core::str::utf8_char_width.pointer_dereference.4
	 - Status: SUCCESS
	 - Description: "dereference failure: dead object"
	 - Location: ../../../runner/.rustup/toolchains/nightly-2025-11-21-x86_64-unknown-linux-gnu/lib/rustlib/src/rust/library/core/src/str/validations.rs:279:5 in function core::str::utf8_char_width

Check 164: core::str::utf8_char_width.pointer_dereference.5
	 - Status: SUCCESS
	 - Description: "dereference failure: pointer outside object bounds"
	 - Location: ../../../runner/.rustup/toolchains/nightly-2025-11-21-x86_64-unknown-linux-gnu/lib/rustlib/src/rust/library/core/src/str/validations.rs:279:5 in function core::str::utf8_char_width

Check 165: core::str::utf8_char_width.pointer_dereference.6
	 - Status: SUCCESS
	 - Description: "dereference failure: invalid integer address"
	 - Location: ../../../runner/.rustup/toolchains/nightly-2025-11-21-x86_64-unknown-linux-gnu/lib/rustlib/src/rust/library/core/src/str/validations.rs:279:5 in function core::str::utf8_char_width

Check 166: core::str::utf8_char_width.array_bounds.1
	 - Status: SUCCESS
	 - Description: "index out of bounds: the length is less than or equal to the given index"
	 - Location: ../../../runner/.rustup/toolchains/nightly-2025-11-21-x86_64-unknown-linux-gnu/lib/rustlib/src/rust/library/core/src/str/validations.rs:279:5 in function core::str::utf8_char_width

Check 167: std::result::Result::<(), utf8_string::Utf8Error>::is_ok.pointer_dereference.1
	 - Status: SUCCESS
	 - Description: "dereference failure: pointer NULL"
	 - Location: ../../../runner/.rustup/toolchains/nightly-2025-11-21-x86_64-unknown-linux-gnu/lib/rustlib/src/rust/library/core/src/result.rs:594:18 in function std::result::Result::<(), utf8_string::Utf8Error>::is_ok

Check 168: std::result::Result::<(), utf8_string::Utf8Error>::is_ok.pointer_dereference.2
	 - Status: SUCCESS
	 - Description: "dereference failure: pointer invalid"
	 - Location: ../../../runner/.rustup/toolchains/nightly-2025-11-21-x86_64-unknown-linux-gnu/lib/rustlib/src/rust/library/core/src/result.rs:594:18 in function std::result::Result::<(), utf8_string::Utf8Error>::is_ok

Check 169: std::result::Result::<(), utf8_string::Utf8Error>::is_ok.pointer_dereference.3
	 - Status: SUCCESS
	 - Description: "dereference failure: deallocated dynamic object"
	 - Location: ../../../runner/.rustup/toolchains/nightly-2025-11-21-x86_64-unknown-linux-gnu/lib/rustlib/src/rust/library/core/src/result.rs:594:18 in function std::result::Result::<(), utf8_string::Utf8Error>::is_ok

Check 170: std::result::Result::<(), utf8_string::Utf8Error>::is_ok.pointer_dereference.4
	 - Status: SUCCESS
	 - Description: "dereference failure: dead object"
	 - Location: ../../../runner/.rustup/toolchains/nightly-2025-11-21-x86_64-unknown-linux-gnu/lib/rustlib/src/rust/library/core/src/result.rs:594:18 in function std::result::Result::<(), utf8_string::Utf8Error>::is_ok

Check 171: std::result::Result::<(), utf8_string::Utf8Error>::is_ok.pointer_dereference.5
	 - Status: SUCCESS
	 - Description: "dereference failure: pointer outside object bounds"
	 - Location: ../../../runner/.rustup/toolchains/nightly-2025-11-21-x86_64-unknown-linux-gnu/lib/rustlib/src/rust/library/core/src/result.rs:594:18 in function std::result::Result::<(), utf8_string::Utf8Error>::is_ok

Check 172: std::result::Result::<(), utf8_string::Utf8Error>::is_ok.pointer_dereference.6
	 - Status: SUCCESS
	 - Description: "dereference failure: invalid integer address"
	 - Location: ../../../runner/.rustup/toolchains/nightly-2025-11-21-x86_64-unknown-linux-gnu/lib/rustlib/src/rust/library/core/src/result.rs:594:18 in function std::result::Result::<(), utf8_string::Utf8Error>::is_ok

Check 173: core::num::<impl usize>::is_multiple_of.division-by-zero.1
	 - Status: SUCCESS
	 - Description: "division by zero"
	 - Location: ../../../runner/.rustup/toolchains/nightly-2025-11-21-x86_64-unknown-linux-gnu/lib/rustlib/src/rust/library/core/src/num/uint_macros.rs:3574:22 in function core::num::<impl usize>::is_multiple_of

Check 174: utf8_string::validate_utf8.unwind.0
	 - Status: SUCCESS
	 - Description: "unwinding assertion loop 0"
	 - Location: der-verified/src/utf8_string.rs:145:9 in function utf8_string::validate_utf8

Check 175: utf8_string::validate_utf8.unwind.1
	 - Status: SUCCESS
	 - Description: "unwinding assertion loop 1"
	 - Location: der-verified/src/lib.rs:0:0 in function utf8_string::validate_utf8

Check 176: core::str::validations::run_utf8_validation.unwind.1
	 - Status: SUCCESS
	 - Description: "unwinding assertion loop 1"
	 - Location: ../../../runner/.rustup/toolchains/nightly-2025-11-21-x86_64-unknown-linux-gnu/lib/rustlib/src/rust/library/core/src/str/validations.rs:241:17 in function core::str::validations::run_utf8_validation

Check 177: core::str::validations::run_utf8_validation.unwind.0
	 - Status: SUCCESS
	 - Description: "unwinding assertion loop 0"
	 - Location: ../../../runner/.rustup/toolchains/nightly-2025-11-21-x86_64-unknown-linux-gnu/lib/rustlib/src/rust/library/core/src/str/validations.rs:224:17 in function core::str::validations::run_utf8_validation

Check 178: core::str::validations::run_utf8_validation.unwind.2
	 - Status: SUCCESS
	 - Description: "unwinding assertion loop 2"
	 - Location: ../../../runner/.rustup/toolchains/nightly-2025-11-21-x86_64-unknown-linux-gnu/lib/rustlib/src/rust/library/core/src/str/validations.rs:145:5 in function core::str::validations::run_utf8_validation


SUMMARY:
 ** 1 of 178 failed (7 unreachable)
Failed Checks: assertion failed: validate_utf8(&buf[..n]).is_ok() == core::str::from_utf8(&buf[..n]).is_ok()
 File: "der-verified/src/utf8_string.rs", line 359, in utf8_string::proofs::validate_iff_std

VERIFICATION:- FAILED
Verification Time: 3.621219s

Manual Harness Summary:
Verification failed for - utf8_string::proofs::validate_iff_std
Complete - 0 successfully verified harnesses, 1 failures, 1 total.
Command exited with non-zero status 1
	Command being timed: "cargo kani --manifest-path der-verified/Cargo.toml --harness utf8_string::proofs::validate_iff_std --exact -Z stubbing"
	User time (seconds): 4.25
	System time (seconds): 0.19
	Percent of CPU this job got: 100%
	Elapsed (wall clock) time (h:mm:ss or m:ss): 0:04.41
	Average shared text size (kbytes): 0
	Average unshared data size (kbytes): 0
	Average stack size (kbytes): 0
	Average total size (kbytes): 0
	Maximum resident set size (kbytes): 326320
	Average resident set size (kbytes): 0
	Major (requiring I/O) page faults: 0
	Minor (reclaiming a frame) page faults: 224204
	Voluntary context switches: 2561
	Involuntary context switches: 75
	Swaps: 0
	File system inputs: 0
	File system outputs: 48920
	Socket messages sent: 0
	Socket messages received: 0
	Signals delivered: 0
	Page size (bytes): 4096
	Exit status: 1
