Running as unit: run-p74055-i94459.scope; invocation ID: 86f7c45e3c064fb8bf1551810737e878
Kani Rust Verifier 0.67.0 (cargo plugin)
   Compiling der-verified v0.1.1 (/home/ivo/repo/rs-verified-der/der-verified)
warning: Found the following unsupported constructs:
             - caller_location (1)
             - foreign function (1)
         
         Verification will fail if one or more of these constructs is reachable.
         See https://model-checking.github.io/kani/rust-feature-support.html for more details.

    Finished `dev` profile [unoptimized + debuginfo] target(s) in 0.40s
Checking harness set_of::proofs::unsorted_children_are_rejected...
CBMC 6.8.0 (cbmc-6.8.0)
CBMC version 6.8.0 (cbmc-6.8.0) 64-bit x86_64 linux
Reading GOTO program from file /home/ivo/repo/rs-verified-der/target/kani/x86_64-unknown-linux-gnu/debug/deps/der_verified-27dc0a87aec2fe44__RNvNtNtCs8Uhk9se0wUe_12der_verified6set_of6proofs30unsorted_children_are_rejected.out
Generating GOTO Program
Adding CPROVER library (x86_64)
Removal of function pointers and virtual functions
Generic Property Instrumentation
Running with 16 object bits, 48 offset bits (user-specified)
Starting Bounded Model Checking
aborting path on assume(false) at file /home/runner/.rustup/toolchains/nightly-2025-11-21-x86_64-unknown-linux-gnu/lib/rustlib/src/rust/library/core/src/result.rs line 966 column 15 function std::result::Result::<(tag::Tag, usize), tag::TagError>::map_err::<tlv::TlvError, {closure@der-verified/src/tlv.rs:71:51: 71:54}> thread 0
aborting path on assume(false) at file /home/runner/.rustup/toolchains/nightly-2025-11-21-x86_64-unknown-linux-gnu/lib/rustlib/src/rust/library/core/src/result.rs line 2173 column 15 function <std::result::Result<(tag::Tag, usize), tlv::TlvError> as std::ops::Try>::branch thread 0
aborting path on assume(false) at file /home/runner/.rustup/toolchains/nightly-2025-11-21-x86_64-unknown-linux-gnu/lib/rustlib/src/rust/library/core/src/slice/index.rs line 40 column 9 function core::slice::index::slice_index_fail::do_panic::runtime thread 0
aborting path on assume(false) at file /home/runner/.rustup/toolchains/nightly-2025-11-21-x86_64-unknown-linux-gnu/lib/rustlib/src/rust/library/core/src/intrinsics/mod.rs line 2449 column 9 function core::slice::index::slice_index_fail::do_panic thread 0
aborting path on assume(false) at file /home/runner/.rustup/toolchains/nightly-2025-11-21-x86_64-unknown-linux-gnu/lib/rustlib/src/rust/library/core/src/panic.rs line 178 column 9 function core::slice::index::slice_index_fail thread 0
aborting path on assume(false) at file /home/runner/.rustup/toolchains/nightly-2025-11-21-x86_64-unknown-linux-gnu/lib/rustlib/src/rust/library/core/src/slice/index.rs line 58 column 9 function core::slice::index::slice_index_fail::do_panic::runtime thread 0
aborting path on assume(false) at file /home/runner/.rustup/toolchains/nightly-2025-11-21-x86_64-unknown-linux-gnu/lib/rustlib/src/rust/library/core/src/intrinsics/mod.rs line 2449 column 9 function core::slice::index::slice_index_fail::do_panic thread 0
aborting path on assume(false) at file /home/runner/.rustup/toolchains/nightly-2025-11-21-x86_64-unknown-linux-gnu/lib/rustlib/src/rust/library/core/src/panic.rs line 178 column 9 function core::slice::index::slice_index_fail thread 0
aborting path on assume(false) at file /home/runner/.rustup/toolchains/nightly-2025-11-21-x86_64-unknown-linux-gnu/lib/rustlib/src/rust/library/core/src/slice/index.rs line 68 column 5 function core::slice::index::slice_index_fail::do_panic::runtime thread 0
aborting path on assume(false) at file /home/runner/.rustup/toolchains/nightly-2025-11-21-x86_64-unknown-linux-gnu/lib/rustlib/src/rust/library/core/src/intrinsics/mod.rs line 2449 column 9 function core::slice::index::slice_index_fail::do_panic thread 0
aborting path on assume(false) at file /home/runner/.rustup/toolchains/nightly-2025-11-21-x86_64-unknown-linux-gnu/lib/rustlib/src/rust/library/core/src/panic.rs line 178 column 9 function core::slice::index::slice_index_fail thread 0
aborting path on assume(false) at file /home/runner/.rustup/toolchains/nightly-2025-11-21-x86_64-unknown-linux-gnu/lib/rustlib/src/rust/library/core/src/slice/index.rs line 569 column 13 function <std::ops::RangeFrom<usize> as std::slice::SliceIndex<[u8]>>::index thread 0
aborting path on assume(false) at file /home/runner/work/kani/kani/library/kani_core/src/models.rs line 176 column 17 function <usize as kani::rustc_intrinsics::ToISize>::to_isize thread 0
aborting path on assume(false) at file /home/runner/work/kani/kani/library/kani/src/lib.rs line 57 column 1 function <usize as kani::rustc_intrinsics::ToISize>::to_isize thread 0
aborting path on assume(false) at file /home/runner/work/kani/kani/library/kani/src/lib.rs line 57 column 1 function <usize as kani::rustc_intrinsics::ToISize>::to_isize thread 0
aborting path on assume(false) at file der-verified/src/length.rs line 75 column 23 function length::decode_length thread 0
aborting path on assume(false) at file /home/runner/.rustup/toolchains/nightly-2025-11-21-x86_64-unknown-linux-gnu/lib/rustlib/src/rust/library/core/src/slice/index.rs line 435 column 5 function <std::ops::Range<usize> as std::slice::SliceIndex<[u8]>>::index thread 0
aborting path on assume(false) at file /home/runner/work/kani/kani/library/kani/src/lib.rs line 57 column 1 function kani::mem::cbmc::same_allocation thread 0
aborting path on assume(false) at file /home/runner/.rustup/toolchains/nightly-2025-11-21-x86_64-unknown-linux-gnu/lib/rustlib/src/rust/library/core/src/slice/index.rs line 40 column 9 function core::slice::index::slice_index_fail::do_panic::runtime thread 0
aborting path on assume(false) at file /home/runner/.rustup/toolchains/nightly-2025-11-21-x86_64-unknown-linux-gnu/lib/rustlib/src/rust/library/core/src/intrinsics/mod.rs line 2449 column 9 function core::slice::index::slice_index_fail::do_panic thread 0
aborting path on assume(false) at file /home/runner/.rustup/toolchains/nightly-2025-11-21-x86_64-unknown-linux-gnu/lib/rustlib/src/rust/library/core/src/panic.rs line 178 column 9 function core::slice::index::slice_index_fail thread 0
aborting path on assume(false) at file /home/runner/.rustup/toolchains/nightly-2025-11-21-x86_64-unknown-linux-gnu/lib/rustlib/src/rust/library/core/src/slice/index.rs line 49 column 9 function core::slice::index::slice_index_fail::do_panic::runtime thread 0
aborting path on assume(false) at file /home/runner/.rustup/toolchains/nightly-2025-11-21-x86_64-unknown-linux-gnu/lib/rustlib/src/rust/library/core/src/intrinsics/mod.rs line 2449 column 9 function core::slice::index::slice_index_fail::do_panic thread 0
aborting path on assume(false) at file /home/runner/.rustup/toolchains/nightly-2025-11-21-x86_64-unknown-linux-gnu/lib/rustlib/src/rust/library/core/src/panic.rs line 178 column 9 function core::slice::index::slice_index_fail thread 0
aborting path on assume(false) at file /home/runner/.rustup/toolchains/nightly-2025-11-21-x86_64-unknown-linux-gnu/lib/rustlib/src/rust/library/core/src/slice/index.rs line 58 column 9 function core::slice::index::slice_index_fail::do_panic::runtime thread 0
aborting path on assume(false) at file /home/runner/.rustup/toolchains/nightly-2025-11-21-x86_64-unknown-linux-gnu/lib/rustlib/src/rust/library/core/src/intrinsics/mod.rs line 2449 column 9 function core::slice::index::slice_index_fail::do_panic thread 0
aborting path on assume(false) at file /home/runner/.rustup/toolchains/nightly-2025-11-21-x86_64-unknown-linux-gnu/lib/rustlib/src/rust/library/core/src/panic.rs line 178 column 9 function core::slice::index::slice_index_fail thread 0
aborting path on assume(false) at file /home/runner/.rustup/toolchains/nightly-2025-11-21-x86_64-unknown-linux-gnu/lib/rustlib/src/rust/library/core/src/slice/index.rs line 68 column 5 function core::slice::index::slice_index_fail::do_panic::runtime thread 0
aborting path on assume(false) at file /home/runner/.rustup/toolchains/nightly-2025-11-21-x86_64-unknown-linux-gnu/lib/rustlib/src/rust/library/core/src/intrinsics/mod.rs line 2449 column 9 function core::slice::index::slice_index_fail::do_panic thread 0
aborting path on assume(false) at file /home/runner/.rustup/toolchains/nightly-2025-11-21-x86_64-unknown-linux-gnu/lib/rustlib/src/rust/library/core/src/panic.rs line 178 column 9 function core::slice::index::slice_index_fail thread 0
aborting path on assume(false) at file /home/runner/.rustup/toolchains/nightly-2025-11-21-x86_64-unknown-linux-gnu/lib/rustlib/src/rust/library/core/src/slice/index.rs line 443 column 13 function <std::ops::Range<usize> as std::slice::SliceIndex<[u8]>>::index thread 0
Unwinding loop _RNvNtCs8Uhk9se0wUe_12der_verified6length13decode_length.0 iteration 1 file der-verified/src/length.rs line 101 column 5 function length::decode_length thread 0
Unwinding loop _RNvNtCs8Uhk9se0wUe_12der_verified6length13decode_length.0 iteration 2 file der-verified/src/length.rs line 101 column 5 function length::decode_length thread 0
Unwinding loop _RNvNtCs8Uhk9se0wUe_12der_verified6length13decode_length.0 iteration 3 file der-verified/src/length.rs line 101 column 5 function length::decode_length thread 0
Unwinding loop _RNvNtCs8Uhk9se0wUe_12der_verified6length13decode_length.0 iteration 4 file der-verified/src/length.rs line 101 column 5 function length::decode_length thread 0
Unwinding loop _RNvNtCs8Uhk9se0wUe_12der_verified6length13decode_length.0 iteration 5 file der-verified/src/length.rs line 101 column 5 function length::decode_length thread 0
Unwinding loop _RNvNtCs8Uhk9se0wUe_12der_verified6length13decode_length.0 iteration 6 file der-verified/src/length.rs line 101 column 5 function length::decode_length thread 0
Unwinding loop _RNvNtCs8Uhk9se0wUe_12der_verified6length13decode_length.0 iteration 7 file der-verified/src/length.rs line 101 column 5 function length::decode_length thread 0
Unwinding loop _RNvNtCs8Uhk9se0wUe_12der_verified6length13decode_length.0 iteration 8 file der-verified/src/length.rs line 101 column 5 function length::decode_length thread 0
Unwinding loop _RNvNtCs8Uhk9se0wUe_12der_verified6length13decode_length.0 iteration 9 file der-verified/src/length.rs line 101 column 5 function length::decode_length thread 0
Unwinding loop _RNvNtCs8Uhk9se0wUe_12der_verified6length13decode_length.0 iteration 10 file der-verified/src/length.rs line 101 column 5 function length::decode_length thread 0
Unwinding loop _RNvNtCs8Uhk9se0wUe_12der_verified6length13decode_length.0 iteration 11 file der-verified/src/length.rs line 101 column 5 function length::decode_length thread 0
Unwinding loop _RNvNtCs8Uhk9se0wUe_12der_verified6length13decode_length.0 iteration 12 file der-verified/src/length.rs line 101 column 5 function length::decode_length thread 0
Unwinding loop _RNvNtCs8Uhk9se0wUe_12der_verified6length13decode_length.0 iteration 13 file der-verified/src/length.rs line 101 column 5 function length::decode_length thread 0
Unwinding loop _RNvNtCs8Uhk9se0wUe_12der_verified6length13decode_length.0 iteration 14 file der-verified/src/length.rs line 101 column 5 function length::decode_length thread 0
Unwinding loop _RNvNtCs8Uhk9se0wUe_12der_verified6length13decode_length.0 iteration 15 file der-verified/src/length.rs line 101 column 5 function length::decode_length thread 0
Not unwinding loop _RNvNtCs8Uhk9se0wUe_12der_verified6length13decode_length.0 iteration 16 file der-verified/src/length.rs line 101 column 5 function length::decode_length thread 0
aborting path on assume(false) at file /home/runner/.rustup/toolchains/nightly-2025-11-21-x86_64-unknown-linux-gnu/lib/rustlib/src/rust/library/core/src/result.rs line 966 column 15 function std::result::Result::<(u32, usize), length::LengthError>::map_err::<tlv::TlvError, {closure@der-verified/src/tlv.rs:73:69: 73:72}> thread 0
aborting path on assume(false) at file /home/runner/.rustup/toolchains/nightly-2025-11-21-x86_64-unknown-linux-gnu/lib/rustlib/src/rust/library/core/src/result.rs line 2173 column 15 function <std::result::Result<(u32, usize), tlv::TlvError> as std::ops::Try>::branch thread 0
aborting path on assume(false) at file der-verified/src/lib.rs line 0 column 0 function tlv::decode_tlv thread 0
aborting path on assume(false) at file /home/runner/.rustup/toolchains/nightly-2025-11-21-x86_64-unknown-linux-gnu/lib/rustlib/src/rust/library/core/src/slice/index.rs line 435 column 5 function <std::ops::Range<usize> as std::slice::SliceIndex<[u8]>>::index thread 0
aborting path on assume(false) at file /home/runner/work/kani/kani/library/kani_core/src/models.rs line 176 column 17 function <usize as kani::rustc_intrinsics::ToISize>::to_isize thread 0
aborting path on assume(false) at file /home/runner/work/kani/kani/library/kani/src/lib.rs line 57 column 1 function <usize as kani::rustc_intrinsics::ToISize>::to_isize thread 0
aborting path on assume(false) at file /home/runner/work/kani/kani/library/kani/src/lib.rs line 57 column 1 function <usize as kani::rustc_intrinsics::ToISize>::to_isize thread 0
aborting path on assume(false) at file /home/runner/.rustup/toolchains/nightly-2025-11-21-x86_64-unknown-linux-gnu/lib/rustlib/src/rust/library/core/src/slice/index.rs line 40 column 9 function core::slice::index::slice_index_fail::do_panic::runtime thread 0
aborting path on assume(false) at file /home/runner/.rustup/toolchains/nightly-2025-11-21-x86_64-unknown-linux-gnu/lib/rustlib/src/rust/library/core/src/intrinsics/mod.rs line 2449 column 9 function core::slice::index::slice_index_fail::do_panic thread 0
aborting path on assume(false) at file /home/runner/.rustup/toolchains/nightly-2025-11-21-x86_64-unknown-linux-gnu/lib/rustlib/src/rust/library/core/src/panic.rs line 178 column 9 function core::slice::index::slice_index_fail thread 0
aborting path on assume(false) at file /home/runner/.rustup/toolchains/nightly-2025-11-21-x86_64-unknown-linux-gnu/lib/rustlib/src/rust/library/core/src/slice/index.rs line 49 column 9 function core::slice::index::slice_index_fail::do_panic::runtime thread 0
aborting path on assume(false) at file /home/runner/.rustup/toolchains/nightly-2025-11-21-x86_64-unknown-linux-gnu/lib/rustlib/src/rust/library/core/src/intrinsics/mod.rs line 2449 column 9 function core::slice::index::slice_index_fail::do_panic thread 0
aborting path on assume(false) at file /home/runner/.rustup/toolchains/nightly-2025-11-21-x86_64-unknown-linux-gnu/lib/rustlib/src/rust/library/core/src/panic.rs line 178 column 9 function core::slice::index::slice_index_fail thread 0
aborting path on assume(false) at file /home/runner/.rustup/toolchains/nightly-2025-11-21-x86_64-unknown-linux-gnu/lib/rustlib/src/rust/library/core/src/slice/index.rs line 58 column 9 function core::slice::index::slice_index_fail::do_panic::runtime thread 0
aborting path on assume(false) at file /home/runner/.rustup/toolchains/nightly-2025-11-21-x86_64-unknown-linux-gnu/lib/rustlib/src/rust/library/core/src/intrinsics/mod.rs line 2449 column 9 function core::slice::index::slice_index_fail::do_panic thread 0
aborting path on assume(false) at file /home/runner/.rustup/toolchains/nightly-2025-11-21-x86_64-unknown-linux-gnu/lib/rustlib/src/rust/library/core/src/panic.rs line 178 column 9 function core::slice::index::slice_index_fail thread 0
aborting path on assume(false) at file /home/runner/.rustup/toolchains/nightly-2025-11-21-x86_64-unknown-linux-gnu/lib/rustlib/src/rust/library/core/src/slice/index.rs line 68 column 5 function core::slice::index::slice_index_fail::do_panic::runtime thread 0
aborting path on assume(false) at file /home/runner/.rustup/toolchains/nightly-2025-11-21-x86_64-unknown-linux-gnu/lib/rustlib/src/rust/library/core/src/intrinsics/mod.rs line 2449 column 9 function core::slice::index::slice_index_fail::do_panic thread 0
aborting path on assume(false) at file /home/runner/.rustup/toolchains/nightly-2025-11-21-x86_64-unknown-linux-gnu/lib/rustlib/src/rust/library/core/src/panic.rs line 178 column 9 function core::slice::index::slice_index_fail thread 0
aborting path on assume(false) at file /home/runner/.rustup/toolchains/nightly-2025-11-21-x86_64-unknown-linux-gnu/lib/rustlib/src/rust/library/core/src/slice/index.rs line 443 column 13 function <std::ops::Range<usize> as std::slice::SliceIndex<[u8]>>::index thread 0
aborting path on assume(false) at file /home/runner/.rustup/toolchains/nightly-2025-11-21-x86_64-unknown-linux-gnu/lib/rustlib/src/rust/library/core/src/result.rs line 966 column 15 function std::result::Result::<(tlv::Tlv<'_>, usize), tlv::TlvError>::map_err::<set_of::SetOfError, fn(tlv::TlvError) -> set_of::SetOfError {set_of::SetOfError::Element}> thread 0
aborting path on assume(false) at file /home/runner/.rustup/toolchains/nightly-2025-11-21-x86_64-unknown-linux-gnu/lib/rustlib/src/rust/library/core/src/result.rs line 2173 column 15 function <std::result::Result<(tlv::Tlv<'_>, usize), set_of::SetOfError> as std::ops::Try>::branch thread 0
aborting path on assume(false) at file /home/runner/.rustup/toolchains/nightly-2025-11-21-x86_64-unknown-linux-gnu/lib/rustlib/src/rust/library/core/src/slice/index.rs line 49 column 9 function core::slice::index::slice_index_fail::do_panic::runtime thread 0
aborting path on assume(false) at file /home/runner/.rustup/toolchains/nightly-2025-11-21-x86_64-unknown-linux-gnu/lib/rustlib/src/rust/library/core/src/intrinsics/mod.rs line 2449 column 9 function core::slice::index::slice_index_fail::do_panic thread 0
aborting path on assume(false) at file /home/runner/.rustup/toolchains/nightly-2025-11-21-x86_64-unknown-linux-gnu/lib/rustlib/src/rust/library/core/src/panic.rs line 178 column 9 function core::slice::index::slice_index_fail thread 0
aborting path on assume(false) at file /home/runner/.rustup/toolchains/nightly-2025-11-21-x86_64-unknown-linux-gnu/lib/rustlib/src/rust/library/core/src/slice/index.rs line 68 column 5 function core::slice::index::slice_index_fail::do_panic::runtime thread 0
aborting path on assume(false) at file /home/runner/.rustup/toolchains/nightly-2025-11-21-x86_64-unknown-linux-gnu/lib/rustlib/src/rust/library/core/src/intrinsics/mod.rs line 2449 column 9 function core::slice::index::slice_index_fail::do_panic thread 0
aborting path on assume(false) at file /home/runner/.rustup/toolchains/nightly-2025-11-21-x86_64-unknown-linux-gnu/lib/rustlib/src/rust/library/core/src/panic.rs line 178 column 9 function core::slice::index::slice_index_fail thread 0
aborting path on assume(false) at file /home/runner/.rustup/toolchains/nightly-2025-11-21-x86_64-unknown-linux-gnu/lib/rustlib/src/rust/library/core/src/slice/index.rs line 443 column 13 function <std::ops::Range<usize> as std::slice::SliceIndex<[u8]>>::index thread 0
aborting path on assume(false) at file der-verified/src/set_of.rs line 146 column 28 function set_of::decode_set_of thread 0
Unwinding loop _RNvNtCs8Uhk9se0wUe_12der_verified6set_of13decode_set_of.0 iteration 1 file der-verified/src/set_of.rs line 145 column 5 function set_of::decode_set_of thread 0
aborting path on assume(false) at file /home/runner/.rustup/toolchains/nightly-2025-11-21-x86_64-unknown-linux-gnu/lib/rustlib/src/rust/library/core/src/slice/index.rs line 40 column 9 function core::slice::index::slice_index_fail::do_panic::runtime thread 0
aborting path on assume(false) at file /home/runner/.rustup/toolchains/nightly-2025-11-21-x86_64-unknown-linux-gnu/lib/rustlib/src/rust/library/core/src/intrinsics/mod.rs line 2449 column 9 function core::slice::index::slice_index_fail::do_panic thread 0
aborting path on assume(false) at file /home/runner/.rustup/toolchains/nightly-2025-11-21-x86_64-unknown-linux-gnu/lib/rustlib/src/rust/library/core/src/panic.rs line 178 column 9 function core::slice::index::slice_index_fail thread 0
aborting path on assume(false) at file /home/runner/.rustup/toolchains/nightly-2025-11-21-x86_64-unknown-linux-gnu/lib/rustlib/src/rust/library/core/src/slice/index.rs line 58 column 9 function core::slice::index::slice_index_fail::do_panic::runtime thread 0
aborting path on assume(false) at file /home/runner/.rustup/toolchains/nightly-2025-11-21-x86_64-unknown-linux-gnu/lib/rustlib/src/rust/library/core/src/intrinsics/mod.rs line 2449 column 9 function core::slice::index::slice_index_fail::do_panic thread 0
aborting path on assume(false) at file /home/runner/.rustup/toolchains/nightly-2025-11-21-x86_64-unknown-linux-gnu/lib/rustlib/src/rust/library/core/src/panic.rs line 178 column 9 function core::slice::index::slice_index_fail thread 0
aborting path on assume(false) at file /home/runner/.rustup/toolchains/nightly-2025-11-21-x86_64-unknown-linux-gnu/lib/rustlib/src/rust/library/core/src/slice/index.rs line 68 column 5 function core::slice::index::slice_index_fail::do_panic::runtime thread 0
aborting path on assume(false) at file /home/runner/.rustup/toolchains/nightly-2025-11-21-x86_64-unknown-linux-gnu/lib/rustlib/src/rust/library/core/src/intrinsics/mod.rs line 2449 column 9 function core::slice::index::slice_index_fail::do_panic thread 0
aborting path on assume(false) at file /home/runner/.rustup/toolchains/nightly-2025-11-21-x86_64-unknown-linux-gnu/lib/rustlib/src/rust/library/core/src/panic.rs line 178 column 9 function core::slice::index::slice_index_fail thread 0
aborting path on assume(false) at file /home/runner/.rustup/toolchains/nightly-2025-11-21-x86_64-unknown-linux-gnu/lib/rustlib/src/rust/library/core/src/slice/index.rs line 569 column 13 function <std::ops::RangeFrom<usize> as std::slice::SliceIndex<[u8]>>::index thread 0
aborting path on assume(false) at file /home/runner/work/kani/kani/library/kani_core/src/models.rs line 176 column 17 function <usize as kani::rustc_intrinsics::ToISize>::to_isize thread 0
aborting path on assume(false) at file /home/runner/work/kani/kani/library/kani/src/lib.rs line 57 column 1 function <usize as kani::rustc_intrinsics::ToISize>::to_isize thread 0
aborting path on assume(false) at file /home/runner/work/kani/kani/library/kani/src/lib.rs line 57 column 1 function <usize as kani::rustc_intrinsics::ToISize>::to_isize thread 0
Unwinding loop _RNvNtCs8Uhk9se0wUe_12der_verified3tag10decode_tag.0 iteration 1 file der-verified/src/tag.rs line 137 column 49 function tag::decode_tag thread 0
Unwinding loop _RNvNtCs8Uhk9se0wUe_12der_verified3tag10decode_tag.0 iteration 2 file der-verified/src/tag.rs line 137 column 49 function tag::decode_tag thread 0
Unwinding loop _RNvNtCs8Uhk9se0wUe_12der_verified3tag10decode_tag.0 iteration 3 file der-verified/src/tag.rs line 137 column 49 function tag::decode_tag thread 0
Unwinding loop _RNvNtCs8Uhk9se0wUe_12der_verified3tag10decode_tag.0 iteration 4 file der-verified/src/tag.rs line 137 column 49 function tag::decode_tag thread 0
Unwinding loop _RNvNtCs8Uhk9se0wUe_12der_verified3tag10decode_tag.0 iteration 5 file der-verified/src/tag.rs line 137 column 49 function tag::decode_tag thread 0
Unwinding loop _RNvNtCs8Uhk9se0wUe_12der_verified3tag10decode_tag.0 iteration 6 file der-verified/src/tag.rs line 137 column 49 function tag::decode_tag thread 0
Unwinding loop _RNvNtCs8Uhk9se0wUe_12der_verified3tag10decode_tag.0 iteration 7 file der-verified/src/tag.rs line 137 column 49 function tag::decode_tag thread 0
Unwinding loop _RNvNtCs8Uhk9se0wUe_12der_verified3tag10decode_tag.0 iteration 8 file der-verified/src/tag.rs line 137 column 49 function tag::decode_tag thread 0
Unwinding loop _RNvNtCs8Uhk9se0wUe_12der_verified3tag10decode_tag.0 iteration 9 file der-verified/src/tag.rs line 137 column 49 function tag::decode_tag thread 0
Unwinding loop _RNvNtCs8Uhk9se0wUe_12der_verified3tag10decode_tag.0 iteration 10 file der-verified/src/tag.rs line 137 column 49 function tag::decode_tag thread 0
Unwinding loop _RNvNtCs8Uhk9se0wUe_12der_verified3tag10decode_tag.0 iteration 11 file der-verified/src/tag.rs line 137 column 49 function tag::decode_tag thread 0
Unwinding loop _RNvNtCs8Uhk9se0wUe_12der_verified3tag10decode_tag.0 iteration 12 file der-verified/src/tag.rs line 137 column 49 function tag::decode_tag thread 0
Unwinding loop _RNvNtCs8Uhk9se0wUe_12der_verified3tag10decode_tag.0 iteration 13 file der-verified/src/tag.rs line 137 column 49 function tag::decode_tag thread 0
Unwinding loop _RNvNtCs8Uhk9se0wUe_12der_verified3tag10decode_tag.0 iteration 14 file der-verified/src/tag.rs line 137 column 49 function tag::decode_tag thread 0
Unwinding loop _RNvNtCs8Uhk9se0wUe_12der_verified3tag10decode_tag.0 iteration 15 file der-verified/src/tag.rs line 137 column 49 function tag::decode_tag thread 0
Not unwinding loop _RNvNtCs8Uhk9se0wUe_12der_verified3tag10decode_tag.0 iteration 16 file der-verified/src/tag.rs line 137 column 49 function tag::decode_tag thread 0
aborting path on assume(false) at file /home/runner/.rustup/toolchains/nightly-2025-11-21-x86_64-unknown-linux-gnu/lib/rustlib/src/rust/library/core/src/result.rs line 2173 column 15 function <std::result::Result<(u32, usize), tag::TagError> as std::ops::Try>::branch thread 0
aborting path on assume(false) at file der-verified/src/lib.rs line 0 column 0 function tag::decode_tag thread 0
aborting path on assume(false) at file /home/runner/.rustup/toolchains/nightly-2025-11-21-x86_64-unknown-linux-gnu/lib/rustlib/src/rust/library/core/src/result.rs line 966 column 15 function std::result::Result::<(tag::Tag, usize), tag::TagError>::map_err::<tlv::TlvError, {closure@der-verified/src/tlv.rs:71:51: 71:54}> thread 0
aborting path on assume(false) at file /home/runner/.rustup/toolchains/nightly-2025-11-21-x86_64-unknown-linux-gnu/lib/rustlib/src/rust/library/core/src/result.rs line 2173 column 15 function <std::result::Result<(tag::Tag, usize), tlv::TlvError> as std::ops::Try>::branch thread 0
aborting path on assume(false) at file /home/runner/.rustup/toolchains/nightly-2025-11-21-x86_64-unknown-linux-gnu/lib/rustlib/src/rust/library/core/src/slice/index.rs line 40 column 9 function core::slice::index::slice_index_fail::do_panic::runtime thread 0
aborting path on assume(false) at file /home/runner/.rustup/toolchains/nightly-2025-11-21-x86_64-unknown-linux-gnu/lib/rustlib/src/rust/library/core/src/intrinsics/mod.rs line 2449 column 9 function core::slice::index::slice_index_fail::do_panic thread 0
aborting path on assume(false) at file /home/runner/.rustup/toolchains/nightly-2025-11-21-x86_64-unknown-linux-gnu/lib/rustlib/src/rust/library/core/src/panic.rs line 178 column 9 function core::slice::index::slice_index_fail thread 0
aborting path on assume(false) at file /home/runner/.rustup/toolchains/nightly-2025-11-21-x86_64-unknown-linux-gnu/lib/rustlib/src/rust/library/core/src/slice/index.rs line 49 column 9 function core::slice::index::slice_index_fail::do_panic::runtime thread 0
aborting path on assume(false) at file /home/runner/.rustup/toolchains/nightly-2025-11-21-x86_64-unknown-linux-gnu/lib/rustlib/src/rust/library/core/src/intrinsics/mod.rs line 2449 column 9 function core::slice::index::slice_index_fail::do_panic thread 0
aborting path on assume(false) at file /home/runner/.rustup/toolchains/nightly-2025-11-21-x86_64-unknown-linux-gnu/lib/rustlib/src/rust/library/core/src/panic.rs line 178 column 9 function core::slice::index::slice_index_fail thread 0
aborting path on assume(false) at file /home/runner/.rustup/toolchains/nightly-2025-11-21-x86_64-unknown-linux-gnu/lib/rustlib/src/rust/library/core/src/slice/index.rs line 58 column 9 function core::slice::index::slice_index_fail::do_panic::runtime thread 0
aborting path on assume(false) at file /home/runner/.rustup/toolchains/nightly-2025-11-21-x86_64-unknown-linux-gnu/lib/rustlib/src/rust/library/core/src/intrinsics/mod.rs line 2449 column 9 function core::slice::index::slice_index_fail::do_panic thread 0
aborting path on assume(false) at file /home/runner/.rustup/toolchains/nightly-2025-11-21-x86_64-unknown-linux-gnu/lib/rustlib/src/rust/library/core/src/panic.rs line 178 column 9 function core::slice::index::slice_index_fail thread 0
aborting path on assume(false) at file /home/runner/.rustup/toolchains/nightly-2025-11-21-x86_64-unknown-linux-gnu/lib/rustlib/src/rust/library/core/src/slice/index.rs line 68 column 5 function core::slice::index::slice_index_fail::do_panic::runtime thread 0
aborting path on assume(false) at file /home/runner/.rustup/toolchains/nightly-2025-11-21-x86_64-unknown-linux-gnu/lib/rustlib/src/rust/library/core/src/intrinsics/mod.rs line 2449 column 9 function core::slice::index::slice_index_fail::do_panic thread 0
aborting path on assume(false) at file /home/runner/.rustup/toolchains/nightly-2025-11-21-x86_64-unknown-linux-gnu/lib/rustlib/src/rust/library/core/src/panic.rs line 178 column 9 function core::slice::index::slice_index_fail thread 0
aborting path on assume(false) at file /home/runner/.rustup/toolchains/nightly-2025-11-21-x86_64-unknown-linux-gnu/lib/rustlib/src/rust/library/core/src/slice/index.rs line 569 column 13 function <std::ops::RangeFrom<usize> as std::slice::SliceIndex<[u8]>>::index thread 0
aborting path on assume(false) at file /home/runner/work/kani/kani/library/kani_core/src/models.rs line 176 column 17 function <usize as kani::rustc_intrinsics::ToISize>::to_isize thread 0
aborting path on assume(false) at file /home/runner/work/kani/kani/library/kani/src/lib.rs line 57 column 1 function <usize as kani::rustc_intrinsics::ToISize>::to_isize thread 0
aborting path on assume(false) at file /home/runner/work/kani/kani/library/kani/src/lib.rs line 57 column 1 function <usize as kani::rustc_intrinsics::ToISize>::to_isize thread 0
aborting path on assume(false) at file /home/runner/work/kani/kani/library/kani/src/lib.rs line 57 column 1 function kani::mem::cbmc::same_allocation thread 0
aborting path on assume(false) at file der-verified/src/length.rs line 75 column 23 function length::decode_length thread 0
aborting path on assume(false) at file /home/runner/.rustup/toolchains/nightly-2025-11-21-x86_64-unknown-linux-gnu/lib/rustlib/src/rust/library/core/src/slice/index.rs line 435 column 5 function <std::ops::Range<usize> as std::slice::SliceIndex<[u8]>>::index thread 0
aborting path on assume(false) at file /home/runner/work/kani/kani/library/kani/src/lib.rs line 57 column 1 function kani::mem::cbmc::same_allocation thread 0
aborting path on assume(false) at file /home/runner/.rustup/toolchains/nightly-2025-11-21-x86_64-unknown-linux-gnu/lib/rustlib/src/rust/library/core/src/slice/index.rs line 40 column 9 function core::slice::index::slice_index_fail::do_panic::runtime thread 0
aborting path on assume(false) at file /home/runner/.rustup/toolchains/nightly-2025-11-21-x86_64-unknown-linux-gnu/lib/rustlib/src/rust/library/core/src/intrinsics/mod.rs line 2449 column 9 function core::slice::index::slice_index_fail::do_panic thread 0
aborting path on assume(false) at file /home/runner/.rustup/toolchains/nightly-2025-11-21-x86_64-unknown-linux-gnu/lib/rustlib/src/rust/library/core/src/panic.rs line 178 column 9 function core::slice::index::slice_index_fail thread 0
aborting path on assume(false) at file /home/runner/.rustup/toolchains/nightly-2025-11-21-x86_64-unknown-linux-gnu/lib/rustlib/src/rust/library/core/src/slice/index.rs line 49 column 9 function core::slice::index::slice_index_fail::do_panic::runtime thread 0
aborting path on assume(false) at file /home/runner/.rustup/toolchains/nightly-2025-11-21-x86_64-unknown-linux-gnu/lib/rustlib/src/rust/library/core/src/intrinsics/mod.rs line 2449 column 9 function core::slice::index::slice_index_fail::do_panic thread 0
aborting path on assume(false) at file /home/runner/.rustup/toolchains/nightly-2025-11-21-x86_64-unknown-linux-gnu/lib/rustlib/src/rust/library/core/src/panic.rs line 178 column 9 function core::slice::index::slice_index_fail thread 0
aborting path on assume(false) at file /home/runner/.rustup/toolchains/nightly-2025-11-21-x86_64-unknown-linux-gnu/lib/rustlib/src/rust/library/core/src/slice/index.rs line 58 column 9 function core::slice::index::slice_index_fail::do_panic::runtime thread 0
aborting path on assume(false) at file /home/runner/.rustup/toolchains/nightly-2025-11-21-x86_64-unknown-linux-gnu/lib/rustlib/src/rust/library/core/src/intrinsics/mod.rs line 2449 column 9 function core::slice::index::slice_index_fail::do_panic thread 0
aborting path on assume(false) at file /home/runner/.rustup/toolchains/nightly-2025-11-21-x86_64-unknown-linux-gnu/lib/rustlib/src/rust/library/core/src/panic.rs line 178 column 9 function core::slice::index::slice_index_fail thread 0
aborting path on assume(false) at file /home/runner/.rustup/toolchains/nightly-2025-11-21-x86_64-unknown-linux-gnu/lib/rustlib/src/rust/library/core/src/slice/index.rs line 68 column 5 function core::slice::index::slice_index_fail::do_panic::runtime thread 0
aborting path on assume(false) at file /home/runner/.rustup/toolchains/nightly-2025-11-21-x86_64-unknown-linux-gnu/lib/rustlib/src/rust/library/core/src/intrinsics/mod.rs line 2449 column 9 function core::slice::index::slice_index_fail::do_panic thread 0
aborting path on assume(false) at file /home/runner/.rustup/toolchains/nightly-2025-11-21-x86_64-unknown-linux-gnu/lib/rustlib/src/rust/library/core/src/panic.rs line 178 column 9 function core::slice::index::slice_index_fail thread 0
aborting path on assume(false) at file /home/runner/.rustup/toolchains/nightly-2025-11-21-x86_64-unknown-linux-gnu/lib/rustlib/src/rust/library/core/src/slice/index.rs line 443 column 13 function <std::ops::Range<usize> as std::slice::SliceIndex<[u8]>>::index thread 0
Unwinding loop _RNvNtCs8Uhk9se0wUe_12der_verified6length13decode_length.0 iteration 1 file der-verified/src/length.rs line 101 column 5 function length::decode_length thread 0
Unwinding loop _RNvNtCs8Uhk9se0wUe_12der_verified6length13decode_length.0 iteration 2 file der-verified/src/length.rs line 101 column 5 function length::decode_length thread 0
Unwinding loop _RNvNtCs8Uhk9se0wUe_12der_verified6length13decode_length.0 iteration 3 file der-verified/src/length.rs line 101 column 5 function length::decode_length thread 0
Unwinding loop _RNvNtCs8Uhk9se0wUe_12der_verified6length13decode_length.0 iteration 4 file der-verified/src/length.rs line 101 column 5 function length::decode_length thread 0
Unwinding loop _RNvNtCs8Uhk9se0wUe_12der_verified6length13decode_length.0 iteration 5 file der-verified/src/length.rs line 101 column 5 function length::decode_length thread 0
Unwinding loop _RNvNtCs8Uhk9se0wUe_12der_verified6length13decode_length.0 iteration 6 file der-verified/src/length.rs line 101 column 5 function length::decode_length thread 0
Unwinding loop _RNvNtCs8Uhk9se0wUe_12der_verified6length13decode_length.0 iteration 7 file der-verified/src/length.rs line 101 column 5 function length::decode_length thread 0
Unwinding loop _RNvNtCs8Uhk9se0wUe_12der_verified6length13decode_length.0 iteration 8 file der-verified/src/length.rs line 101 column 5 function length::decode_length thread 0
Unwinding loop _RNvNtCs8Uhk9se0wUe_12der_verified6length13decode_length.0 iteration 9 file der-verified/src/length.rs line 101 column 5 function length::decode_length thread 0
Unwinding loop _RNvNtCs8Uhk9se0wUe_12der_verified6length13decode_length.0 iteration 10 file der-verified/src/length.rs line 101 column 5 function length::decode_length thread 0
Unwinding loop _RNvNtCs8Uhk9se0wUe_12der_verified6length13decode_length.0 iteration 11 file der-verified/src/length.rs line 101 column 5 function length::decode_length thread 0
Unwinding loop _RNvNtCs8Uhk9se0wUe_12der_verified6length13decode_length.0 iteration 12 file der-verified/src/length.rs line 101 column 5 function length::decode_length thread 0
Unwinding loop _RNvNtCs8Uhk9se0wUe_12der_verified6length13decode_length.0 iteration 13 file der-verified/src/length.rs line 101 column 5 function length::decode_length thread 0
Unwinding loop _RNvNtCs8Uhk9se0wUe_12der_verified6length13decode_length.0 iteration 14 file der-verified/src/length.rs line 101 column 5 function length::decode_length thread 0
Unwinding loop _RNvNtCs8Uhk9se0wUe_12der_verified6length13decode_length.0 iteration 15 file der-verified/src/length.rs line 101 column 5 function length::decode_length thread 0
Not unwinding loop _RNvNtCs8Uhk9se0wUe_12der_verified6length13decode_length.0 iteration 16 file der-verified/src/length.rs line 101 column 5 function length::decode_length thread 0
aborting path on assume(false) at file /home/runner/.rustup/toolchains/nightly-2025-11-21-x86_64-unknown-linux-gnu/lib/rustlib/src/rust/library/core/src/result.rs line 966 column 15 function std::result::Result::<(u32, usize), length::LengthError>::map_err::<tlv::TlvError, {closure@der-verified/src/tlv.rs:73:69: 73:72}> thread 0
aborting path on assume(false) at file /home/runner/.rustup/toolchains/nightly-2025-11-21-x86_64-unknown-linux-gnu/lib/rustlib/src/rust/library/core/src/result.rs line 2173 column 15 function <std::result::Result<(u32, usize), tlv::TlvError> as std::ops::Try>::branch thread 0
aborting path on assume(false) at file der-verified/src/lib.rs line 0 column 0 function tlv::decode_tlv thread 0
aborting path on assume(false) at file /home/runner/.rustup/toolchains/nightly-2025-11-21-x86_64-unknown-linux-gnu/lib/rustlib/src/rust/library/core/src/slice/index.rs line 435 column 5 function <std::ops::Range<usize> as std::slice::SliceIndex<[u8]>>::index thread 0
aborting path on assume(false) at file /home/runner/work/kani/kani/library/kani_core/src/models.rs line 176 column 17 function <usize as kani::rustc_intrinsics::ToISize>::to_isize thread 0
aborting path on assume(false) at file /home/runner/work/kani/kani/library/kani/src/lib.rs line 57 column 1 function <usize as kani::rustc_intrinsics::ToISize>::to_isize thread 0
aborting path on assume(false) at file /home/runner/work/kani/kani/library/kani/src/lib.rs line 57 column 1 function <usize as kani::rustc_intrinsics::ToISize>::to_isize thread 0
aborting path on assume(false) at file /home/runner/work/kani/kani/library/kani/src/lib.rs line 57 column 1 function kani::mem::cbmc::same_allocation thread 0
aborting path on assume(false) at file /home/runner/.rustup/toolchains/nightly-2025-11-21-x86_64-unknown-linux-gnu/lib/rustlib/src/rust/library/core/src/slice/index.rs line 40 column 9 function core::slice::index::slice_index_fail::do_panic::runtime thread 0
aborting path on assume(false) at file /home/runner/.rustup/toolchains/nightly-2025-11-21-x86_64-unknown-linux-gnu/lib/rustlib/src/rust/library/core/src/intrinsics/mod.rs line 2449 column 9 function core::slice::index::slice_index_fail::do_panic thread 0
aborting path on assume(false) at file /home/runner/.rustup/toolchains/nightly-2025-11-21-x86_64-unknown-linux-gnu/lib/rustlib/src/rust/library/core/src/panic.rs line 178 column 9 function core::slice::index::slice_index_fail thread 0
aborting path on assume(false) at file /home/runner/.rustup/toolchains/nightly-2025-11-21-x86_64-unknown-linux-gnu/lib/rustlib/src/rust/library/core/src/slice/index.rs line 49 column 9 function core::slice::index::slice_index_fail::do_panic::runtime thread 0
aborting path on assume(false) at file /home/runner/.rustup/toolchains/nightly-2025-11-21-x86_64-unknown-linux-gnu/lib/rustlib/src/rust/library/core/src/intrinsics/mod.rs line 2449 column 9 function core::slice::index::slice_index_fail::do_panic thread 0
aborting path on assume(false) at file /home/runner/.rustup/toolchains/nightly-2025-11-21-x86_64-unknown-linux-gnu/lib/rustlib/src/rust/library/core/src/panic.rs line 178 column 9 function core::slice::index::slice_index_fail thread 0
aborting path on assume(false) at file /home/runner/.rustup/toolchains/nightly-2025-11-21-x86_64-unknown-linux-gnu/lib/rustlib/src/rust/library/core/src/slice/index.rs line 58 column 9 function core::slice::index::slice_index_fail::do_panic::runtime thread 0
aborting path on assume(false) at file /home/runner/.rustup/toolchains/nightly-2025-11-21-x86_64-unknown-linux-gnu/lib/rustlib/src/rust/library/core/src/intrinsics/mod.rs line 2449 column 9 function core::slice::index::slice_index_fail::do_panic thread 0
aborting path on assume(false) at file /home/runner/.rustup/toolchains/nightly-2025-11-21-x86_64-unknown-linux-gnu/lib/rustlib/src/rust/library/core/src/panic.rs line 178 column 9 function core::slice::index::slice_index_fail thread 0
aborting path on assume(false) at file /home/runner/.rustup/toolchains/nightly-2025-11-21-x86_64-unknown-linux-gnu/lib/rustlib/src/rust/library/core/src/slice/index.rs line 68 column 5 function core::slice::index::slice_index_fail::do_panic::runtime thread 0
aborting path on assume(false) at file /home/runner/.rustup/toolchains/nightly-2025-11-21-x86_64-unknown-linux-gnu/lib/rustlib/src/rust/library/core/src/intrinsics/mod.rs line 2449 column 9 function core::slice::index::slice_index_fail::do_panic thread 0
aborting path on assume(false) at file /home/runner/.rustup/toolchains/nightly-2025-11-21-x86_64-unknown-linux-gnu/lib/rustlib/src/rust/library/core/src/panic.rs line 178 column 9 function core::slice::index::slice_index_fail thread 0
aborting path on assume(false) at file /home/runner/.rustup/toolchains/nightly-2025-11-21-x86_64-unknown-linux-gnu/lib/rustlib/src/rust/library/core/src/slice/index.rs line 443 column 13 function <std::ops::Range<usize> as std::slice::SliceIndex<[u8]>>::index thread 0
aborting path on assume(false) at file /home/runner/.rustup/toolchains/nightly-2025-11-21-x86_64-unknown-linux-gnu/lib/rustlib/src/rust/library/core/src/result.rs line 966 column 15 function std::result::Result::<(tlv::Tlv<'_>, usize), tlv::TlvError>::map_err::<set_of::SetOfError, fn(tlv::TlvError) -> set_of::SetOfError {set_of::SetOfError::Element}> thread 0
aborting path on assume(false) at file /home/runner/.rustup/toolchains/nightly-2025-11-21-x86_64-unknown-linux-gnu/lib/rustlib/src/rust/library/core/src/result.rs line 2173 column 15 function <std::result::Result<(tlv::Tlv<'_>, usize), set_of::SetOfError> as std::ops::Try>::branch thread 0
aborting path on assume(false) at file /home/runner/.rustup/toolchains/nightly-2025-11-21-x86_64-unknown-linux-gnu/lib/rustlib/src/rust/library/core/src/slice/index.rs line 435 column 5 function <std::ops::Range<usize> as std::slice::SliceIndex<[u8]>>::index thread 0
aborting path on assume(false) at file /home/runner/work/kani/kani/library/kani_core/src/models.rs line 176 column 17 function <usize as kani::rustc_intrinsics::ToISize>::to_isize thread 0
aborting path on assume(false) at file /home/runner/work/kani/kani/library/kani/src/lib.rs line 57 column 1 function <usize as kani::rustc_intrinsics::ToISize>::to_isize thread 0
aborting path on assume(false) at file /home/runner/work/kani/kani/library/kani/src/lib.rs line 57 column 1 function <usize as kani::rustc_intrinsics::ToISize>::to_isize thread 0
aborting path on assume(false) at file /home/runner/.rustup/toolchains/nightly-2025-11-21-x86_64-unknown-linux-gnu/lib/rustlib/src/rust/library/core/src/slice/index.rs line 40 column 9 function core::slice::index::slice_index_fail::do_panic::runtime thread 0
aborting path on assume(false) at file /home/runner/.rustup/toolchains/nightly-2025-11-21-x86_64-unknown-linux-gnu/lib/rustlib/src/rust/library/core/src/intrinsics/mod.rs line 2449 column 9 function core::slice::index::slice_index_fail::do_panic thread 0
aborting path on assume(false) at file /home/runner/.rustup/toolchains/nightly-2025-11-21-x86_64-unknown-linux-gnu/lib/rustlib/src/rust/library/core/src/panic.rs line 178 column 9 function core::slice::index::slice_index_fail thread 0
aborting path on assume(false) at file /home/runner/.rustup/toolchains/nightly-2025-11-21-x86_64-unknown-linux-gnu/lib/rustlib/src/rust/library/core/src/slice/index.rs line 49 column 9 function core::slice::index::slice_index_fail::do_panic::runtime thread 0
aborting path on assume(false) at file /home/runner/.rustup/toolchains/nightly-2025-11-21-x86_64-unknown-linux-gnu/lib/rustlib/src/rust/library/core/src/intrinsics/mod.rs line 2449 column 9 function core::slice::index::slice_index_fail::do_panic thread 0
aborting path on assume(false) at file /home/runner/.rustup/toolchains/nightly-2025-11-21-x86_64-unknown-linux-gnu/lib/rustlib/src/rust/library/core/src/panic.rs line 178 column 9 function core::slice::index::slice_index_fail thread 0
aborting path on assume(false) at file /home/runner/.rustup/toolchains/nightly-2025-11-21-x86_64-unknown-linux-gnu/lib/rustlib/src/rust/library/core/src/slice/index.rs line 58 column 9 function core::slice::index::slice_index_fail::do_panic::runtime thread 0
aborting path on assume(false) at file /home/runner/.rustup/toolchains/nightly-2025-11-21-x86_64-unknown-linux-gnu/lib/rustlib/src/rust/library/core/src/intrinsics/mod.rs line 2449 column 9 function core::slice::index::slice_index_fail::do_panic thread 0
aborting path on assume(false) at file /home/runner/.rustup/toolchains/nightly-2025-11-21-x86_64-unknown-linux-gnu/lib/rustlib/src/rust/library/core/src/panic.rs line 178 column 9 function core::slice::index::slice_index_fail thread 0
aborting path on assume(false) at file /home/runner/.rustup/toolchains/nightly-2025-11-21-x86_64-unknown-linux-gnu/lib/rustlib/src/rust/library/core/src/slice/index.rs line 68 column 5 function core::slice::index::slice_index_fail::do_panic::runtime thread 0
aborting path on assume(false) at file /home/runner/.rustup/toolchains/nightly-2025-11-21-x86_64-unknown-linux-gnu/lib/rustlib/src/rust/library/core/src/intrinsics/mod.rs line 2449 column 9 function core::slice::index::slice_index_fail::do_panic thread 0
aborting path on assume(false) at file /home/runner/.rustup/toolchains/nightly-2025-11-21-x86_64-unknown-linux-gnu/lib/rustlib/src/rust/library/core/src/panic.rs line 178 column 9 function core::slice::index::slice_index_fail thread 0
aborting path on assume(false) at file /home/runner/.rustup/toolchains/nightly-2025-11-21-x86_64-unknown-linux-gnu/lib/rustlib/src/rust/library/core/src/slice/index.rs line 443 column 13 function <std::ops::Range<usize> as std::slice::SliceIndex<[u8]>>::index thread 0
aborting path on assume(false) at file der-verified/src/set_of.rs line 146 column 28 function set_of::decode_set_of thread 0
Unwinding loop _RNvNtCs8Uhk9se0wUe_12der_verified6set_of13decode_set_of.0 iteration 2 file der-verified/src/set_of.rs line 145 column 5 function set_of::decode_set_of thread 0
aborting path on assume(false) at file /home/runner/.rustup/toolchains/nightly-2025-11-21-x86_64-unknown-linux-gnu/lib/rustlib/src/rust/library/core/src/slice/index.rs line 40 column 9 function core::slice::index::slice_index_fail::do_panic::runtime thread 0
aborting path on assume(false) at file /home/runner/.rustup/toolchains/nightly-2025-11-21-x86_64-unknown-linux-gnu/lib/rustlib/src/rust/library/core/src/intrinsics/mod.rs line 2449 column 9 function core::slice::index::slice_index_fail::do_panic thread 0
aborting path on assume(false) at file /home/runner/.rustup/toolchains/nightly-2025-11-21-x86_64-unknown-linux-gnu/lib/rustlib/src/rust/library/core/src/panic.rs line 178 column 9 function core::slice::index::slice_index_fail thread 0
aborting path on assume(false) at file /home/runner/.rustup/toolchains/nightly-2025-11-21-x86_64-unknown-linux-gnu/lib/rustlib/src/rust/library/core/src/slice/index.rs line 58 column 9 function core::slice::index::slice_index_fail::do_panic::runtime thread 0
aborting path on assume(false) at file /home/runner/.rustup/toolchains/nightly-2025-11-21-x86_64-unknown-linux-gnu/lib/rustlib/src/rust/library/core/src/intrinsics/mod.rs line 2449 column 9 function core::slice::index::slice_index_fail::do_panic thread 0
aborting path on assume(false) at file /home/runner/.rustup/toolchains/nightly-2025-11-21-x86_64-unknown-linux-gnu/lib/rustlib/src/rust/library/core/src/panic.rs line 178 column 9 function core::slice::index::slice_index_fail thread 0
aborting path on assume(false) at file /home/runner/.rustup/toolchains/nightly-2025-11-21-x86_64-unknown-linux-gnu/lib/rustlib/src/rust/library/core/src/slice/index.rs line 68 column 5 function core::slice::index::slice_index_fail::do_panic::runtime thread 0
aborting path on assume(false) at file /home/runner/.rustup/toolchains/nightly-2025-11-21-x86_64-unknown-linux-gnu/lib/rustlib/src/rust/library/core/src/intrinsics/mod.rs line 2449 column 9 function core::slice::index::slice_index_fail::do_panic thread 0
aborting path on assume(false) at file /home/runner/.rustup/toolchains/nightly-2025-11-21-x86_64-unknown-linux-gnu/lib/rustlib/src/rust/library/core/src/panic.rs line 178 column 9 function core::slice::index::slice_index_fail thread 0
aborting path on assume(false) at file /home/runner/.rustup/toolchains/nightly-2025-11-21-x86_64-unknown-linux-gnu/lib/rustlib/src/rust/library/core/src/slice/index.rs line 569 column 13 function <std::ops::RangeFrom<usize> as std::slice::SliceIndex<[u8]>>::index thread 0
aborting path on assume(false) at file /home/runner/work/kani/kani/library/kani_core/src/models.rs line 176 column 17 function <usize as kani::rustc_intrinsics::ToISize>::to_isize thread 0
aborting path on assume(false) at file /home/runner/work/kani/kani/library/kani/src/lib.rs line 57 column 1 function <usize as kani::rustc_intrinsics::ToISize>::to_isize thread 0
aborting path on assume(false) at file /home/runner/work/kani/kani/library/kani/src/lib.rs line 57 column 1 function <usize as kani::rustc_intrinsics::ToISize>::to_isize thread 0
Unwinding loop _RNvNtCs8Uhk9se0wUe_12der_verified3tag10decode_tag.0 iteration 1 file der-verified/src/tag.rs line 137 column 49 function tag::decode_tag thread 0
Unwinding loop _RNvNtCs8Uhk9se0wUe_12der_verified3tag10decode_tag.0 iteration 2 file der-verified/src/tag.rs line 137 column 49 function tag::decode_tag thread 0
Unwinding loop _RNvNtCs8Uhk9se0wUe_12der_verified3tag10decode_tag.0 iteration 3 file der-verified/src/tag.rs line 137 column 49 function tag::decode_tag thread 0
Unwinding loop _RNvNtCs8Uhk9se0wUe_12der_verified3tag10decode_tag.0 iteration 4 file der-verified/src/tag.rs line 137 column 49 function tag::decode_tag thread 0
Unwinding loop _RNvNtCs8Uhk9se0wUe_12der_verified3tag10decode_tag.0 iteration 5 file der-verified/src/tag.rs line 137 column 49 function tag::decode_tag thread 0
Unwinding loop _RNvNtCs8Uhk9se0wUe_12der_verified3tag10decode_tag.0 iteration 6 file der-verified/src/tag.rs line 137 column 49 function tag::decode_tag thread 0
Unwinding loop _RNvNtCs8Uhk9se0wUe_12der_verified3tag10decode_tag.0 iteration 7 file der-verified/src/tag.rs line 137 column 49 function tag::decode_tag thread 0
Unwinding loop _RNvNtCs8Uhk9se0wUe_12der_verified3tag10decode_tag.0 iteration 8 file der-verified/src/tag.rs line 137 column 49 function tag::decode_tag thread 0
Unwinding loop _RNvNtCs8Uhk9se0wUe_12der_verified3tag10decode_tag.0 iteration 9 file der-verified/src/tag.rs line 137 column 49 function tag::decode_tag thread 0
Unwinding loop _RNvNtCs8Uhk9se0wUe_12der_verified3tag10decode_tag.0 iteration 10 file der-verified/src/tag.rs line 137 column 49 function tag::decode_tag thread 0
Unwinding loop _RNvNtCs8Uhk9se0wUe_12der_verified3tag10decode_tag.0 iteration 11 file der-verified/src/tag.rs line 137 column 49 function tag::decode_tag thread 0
Unwinding loop _RNvNtCs8Uhk9se0wUe_12der_verified3tag10decode_tag.0 iteration 12 file der-verified/src/tag.rs line 137 column 49 function tag::decode_tag thread 0
Unwinding loop _RNvNtCs8Uhk9se0wUe_12der_verified3tag10decode_tag.0 iteration 13 file der-verified/src/tag.rs line 137 column 49 function tag::decode_tag thread 0
Unwinding loop _RNvNtCs8Uhk9se0wUe_12der_verified3tag10decode_tag.0 iteration 14 file der-verified/src/tag.rs line 137 column 49 function tag::decode_tag thread 0
Unwinding loop _RNvNtCs8Uhk9se0wUe_12der_verified3tag10decode_tag.0 iteration 15 file der-verified/src/tag.rs line 137 column 49 function tag::decode_tag thread 0
Not unwinding loop _RNvNtCs8Uhk9se0wUe_12der_verified3tag10decode_tag.0 iteration 16 file der-verified/src/tag.rs line 137 column 49 function tag::decode_tag thread 0
aborting path on assume(false) at file /home/runner/.rustup/toolchains/nightly-2025-11-21-x86_64-unknown-linux-gnu/lib/rustlib/src/rust/library/core/src/result.rs line 2173 column 15 function <std::result::Result<(u32, usize), tag::TagError> as std::ops::Try>::branch thread 0
aborting path on assume(false) at file der-verified/src/lib.rs line 0 column 0 function tag::decode_tag thread 0
aborting path on assume(false) at file /home/runner/.rustup/toolchains/nightly-2025-11-21-x86_64-unknown-linux-gnu/lib/rustlib/src/rust/library/core/src/result.rs line 966 column 15 function std::result::Result::<(tag::Tag, usize), tag::TagError>::map_err::<tlv::TlvError, {closure@der-verified/src/tlv.rs:71:51: 71:54}> thread 0
aborting path on assume(false) at file /home/runner/.rustup/toolchains/nightly-2025-11-21-x86_64-unknown-linux-gnu/lib/rustlib/src/rust/library/core/src/result.rs line 2173 column 15 function <std::result::Result<(tag::Tag, usize), tlv::TlvError> as std::ops::Try>::branch thread 0
aborting path on assume(false) at file /home/runner/.rustup/toolchains/nightly-2025-11-21-x86_64-unknown-linux-gnu/lib/rustlib/src/rust/library/core/src/slice/index.rs line 40 column 9 function core::slice::index::slice_index_fail::do_panic::runtime thread 0
aborting path on assume(false) at file /home/runner/.rustup/toolchains/nightly-2025-11-21-x86_64-unknown-linux-gnu/lib/rustlib/src/rust/library/core/src/intrinsics/mod.rs line 2449 column 9 function core::slice::index::slice_index_fail::do_panic thread 0
aborting path on assume(false) at file /home/runner/.rustup/toolchains/nightly-2025-11-21-x86_64-unknown-linux-gnu/lib/rustlib/src/rust/library/core/src/panic.rs line 178 column 9 function core::slice::index::slice_index_fail thread 0
aborting path on assume(false) at file /home/runner/.rustup/toolchains/nightly-2025-11-21-x86_64-unknown-linux-gnu/lib/rustlib/src/rust/library/core/src/slice/index.rs line 49 column 9 function core::slice::index::slice_index_fail::do_panic::runtime thread 0
aborting path on assume(false) at file /home/runner/.rustup/toolchains/nightly-2025-11-21-x86_64-unknown-linux-gnu/lib/rustlib/src/rust/library/core/src/intrinsics/mod.rs line 2449 column 9 function core::slice::index::slice_index_fail::do_panic thread 0
aborting path on assume(false) at file /home/runner/.rustup/toolchains/nightly-2025-11-21-x86_64-unknown-linux-gnu/lib/rustlib/src/rust/library/core/src/panic.rs line 178 column 9 function core::slice::index::slice_index_fail thread 0
aborting path on assume(false) at file /home/runner/.rustup/toolchains/nightly-2025-11-21-x86_64-unknown-linux-gnu/lib/rustlib/src/rust/library/core/src/slice/index.rs line 58 column 9 function core::slice::index::slice_index_fail::do_panic::runtime thread 0
aborting path on assume(false) at file /home/runner/.rustup/toolchains/nightly-2025-11-21-x86_64-unknown-linux-gnu/lib/rustlib/src/rust/library/core/src/intrinsics/mod.rs line 2449 column 9 function core::slice::index::slice_index_fail::do_panic thread 0
aborting path on assume(false) at file /home/runner/.rustup/toolchains/nightly-2025-11-21-x86_64-unknown-linux-gnu/lib/rustlib/src/rust/library/core/src/panic.rs line 178 column 9 function core::slice::index::slice_index_fail thread 0
aborting path on assume(false) at file /home/runner/.rustup/toolchains/nightly-2025-11-21-x86_64-unknown-linux-gnu/lib/rustlib/src/rust/library/core/src/slice/index.rs line 68 column 5 function core::slice::index::slice_index_fail::do_panic::runtime thread 0
aborting path on assume(false) at file /home/runner/.rustup/toolchains/nightly-2025-11-21-x86_64-unknown-linux-gnu/lib/rustlib/src/rust/library/core/src/intrinsics/mod.rs line 2449 column 9 function core::slice::index::slice_index_fail::do_panic thread 0
aborting path on assume(false) at file /home/runner/.rustup/toolchains/nightly-2025-11-21-x86_64-unknown-linux-gnu/lib/rustlib/src/rust/library/core/src/panic.rs line 178 column 9 function core::slice::index::slice_index_fail thread 0
aborting path on assume(false) at file /home/runner/.rustup/toolchains/nightly-2025-11-21-x86_64-unknown-linux-gnu/lib/rustlib/src/rust/library/core/src/slice/index.rs line 569 column 13 function <std::ops::RangeFrom<usize> as std::slice::SliceIndex<[u8]>>::index thread 0
aborting path on assume(false) at file /home/runner/work/kani/kani/library/kani_core/src/models.rs line 176 column 17 function <usize as kani::rustc_intrinsics::ToISize>::to_isize thread 0
aborting path on assume(false) at file /home/runner/work/kani/kani/library/kani/src/lib.rs line 57 column 1 function <usize as kani::rustc_intrinsics::ToISize>::to_isize thread 0
aborting path on assume(false) at file /home/runner/work/kani/kani/library/kani/src/lib.rs line 57 column 1 function <usize as kani::rustc_intrinsics::ToISize>::to_isize thread 0
aborting path on assume(false) at file /home/runner/work/kani/kani/library/kani/src/lib.rs line 57 column 1 function kani::mem::cbmc::same_allocation thread 0
aborting path on assume(false) at file der-verified/src/length.rs line 75 column 23 function length::decode_length thread 0
aborting path on assume(false) at file /home/runner/.rustup/toolchains/nightly-2025-11-21-x86_64-unknown-linux-gnu/lib/rustlib/src/rust/library/core/src/slice/index.rs line 435 column 5 function <std::ops::Range<usize> as std::slice::SliceIndex<[u8]>>::index thread 0
aborting path on assume(false) at file /home/runner/work/kani/kani/library/kani/src/lib.rs line 57 column 1 function kani::mem::cbmc::same_allocation thread 0
aborting path on assume(false) at file /home/runner/.rustup/toolchains/nightly-2025-11-21-x86_64-unknown-linux-gnu/lib/rustlib/src/rust/library/core/src/slice/index.rs line 40 column 9 function core::slice::index::slice_index_fail::do_panic::runtime thread 0
aborting path on assume(false) at file /home/runner/.rustup/toolchains/nightly-2025-11-21-x86_64-unknown-linux-gnu/lib/rustlib/src/rust/library/core/src/intrinsics/mod.rs line 2449 column 9 function core::slice::index::slice_index_fail::do_panic thread 0
aborting path on assume(false) at file /home/runner/.rustup/toolchains/nightly-2025-11-21-x86_64-unknown-linux-gnu/lib/rustlib/src/rust/library/core/src/panic.rs line 178 column 9 function core::slice::index::slice_index_fail thread 0
aborting path on assume(false) at file /home/runner/.rustup/toolchains/nightly-2025-11-21-x86_64-unknown-linux-gnu/lib/rustlib/src/rust/library/core/src/slice/index.rs line 49 column 9 function core::slice::index::slice_index_fail::do_panic::runtime thread 0
aborting path on assume(false) at file /home/runner/.rustup/toolchains/nightly-2025-11-21-x86_64-unknown-linux-gnu/lib/rustlib/src/rust/library/core/src/intrinsics/mod.rs line 2449 column 9 function core::slice::index::slice_index_fail::do_panic thread 0
aborting path on assume(false) at file /home/runner/.rustup/toolchains/nightly-2025-11-21-x86_64-unknown-linux-gnu/lib/rustlib/src/rust/library/core/src/panic.rs line 178 column 9 function core::slice::index::slice_index_fail thread 0
aborting path on assume(false) at file /home/runner/.rustup/toolchains/nightly-2025-11-21-x86_64-unknown-linux-gnu/lib/rustlib/src/rust/library/core/src/slice/index.rs line 58 column 9 function core::slice::index::slice_index_fail::do_panic::runtime thread 0
aborting path on assume(false) at file /home/runner/.rustup/toolchains/nightly-2025-11-21-x86_64-unknown-linux-gnu/lib/rustlib/src/rust/library/core/src/intrinsics/mod.rs line 2449 column 9 function core::slice::index::slice_index_fail::do_panic thread 0
aborting path on assume(false) at file /home/runner/.rustup/toolchains/nightly-2025-11-21-x86_64-unknown-linux-gnu/lib/rustlib/src/rust/library/core/src/panic.rs line 178 column 9 function core::slice::index::slice_index_fail thread 0
aborting path on assume(false) at file /home/runner/.rustup/toolchains/nightly-2025-11-21-x86_64-unknown-linux-gnu/lib/rustlib/src/rust/library/core/src/slice/index.rs line 68 column 5 function core::slice::index::slice_index_fail::do_panic::runtime thread 0
aborting path on assume(false) at file /home/runner/.rustup/toolchains/nightly-2025-11-21-x86_64-unknown-linux-gnu/lib/rustlib/src/rust/library/core/src/intrinsics/mod.rs line 2449 column 9 function core::slice::index::slice_index_fail::do_panic thread 0
aborting path on assume(false) at file /home/runner/.rustup/toolchains/nightly-2025-11-21-x86_64-unknown-linux-gnu/lib/rustlib/src/rust/library/core/src/panic.rs line 178 column 9 function core::slice::index::slice_index_fail thread 0
aborting path on assume(false) at file /home/runner/.rustup/toolchains/nightly-2025-11-21-x86_64-unknown-linux-gnu/lib/rustlib/src/rust/library/core/src/slice/index.rs line 443 column 13 function <std::ops::Range<usize> as std::slice::SliceIndex<[u8]>>::index thread 0
Unwinding loop _RNvNtCs8Uhk9se0wUe_12der_verified6length13decode_length.0 iteration 1 file der-verified/src/length.rs line 101 column 5 function length::decode_length thread 0
Unwinding loop _RNvNtCs8Uhk9se0wUe_12der_verified6length13decode_length.0 iteration 2 file der-verified/src/length.rs line 101 column 5 function length::decode_length thread 0
Unwinding loop _RNvNtCs8Uhk9se0wUe_12der_verified6length13decode_length.0 iteration 3 file der-verified/src/length.rs line 101 column 5 function length::decode_length thread 0
Unwinding loop _RNvNtCs8Uhk9se0wUe_12der_verified6length13decode_length.0 iteration 4 file der-verified/src/length.rs line 101 column 5 function length::decode_length thread 0
Unwinding loop _RNvNtCs8Uhk9se0wUe_12der_verified6length13decode_length.0 iteration 5 file der-verified/src/length.rs line 101 column 5 function length::decode_length thread 0
Unwinding loop _RNvNtCs8Uhk9se0wUe_12der_verified6length13decode_length.0 iteration 6 file der-verified/src/length.rs line 101 column 5 function length::decode_length thread 0
Unwinding loop _RNvNtCs8Uhk9se0wUe_12der_verified6length13decode_length.0 iteration 7 file der-verified/src/length.rs line 101 column 5 function length::decode_length thread 0
Unwinding loop _RNvNtCs8Uhk9se0wUe_12der_verified6length13decode_length.0 iteration 8 file der-verified/src/length.rs line 101 column 5 function length::decode_length thread 0
Unwinding loop _RNvNtCs8Uhk9se0wUe_12der_verified6length13decode_length.0 iteration 9 file der-verified/src/length.rs line 101 column 5 function length::decode_length thread 0
Unwinding loop _RNvNtCs8Uhk9se0wUe_12der_verified6length13decode_length.0 iteration 10 file der-verified/src/length.rs line 101 column 5 function length::decode_length thread 0
Unwinding loop _RNvNtCs8Uhk9se0wUe_12der_verified6length13decode_length.0 iteration 11 file der-verified/src/length.rs line 101 column 5 function length::decode_length thread 0
Unwinding loop _RNvNtCs8Uhk9se0wUe_12der_verified6length13decode_length.0 iteration 12 file der-verified/src/length.rs line 101 column 5 function length::decode_length thread 0
Unwinding loop _RNvNtCs8Uhk9se0wUe_12der_verified6length13decode_length.0 iteration 13 file der-verified/src/length.rs line 101 column 5 function length::decode_length thread 0
Unwinding loop _RNvNtCs8Uhk9se0wUe_12der_verified6length13decode_length.0 iteration 14 file der-verified/src/length.rs line 101 column 5 function length::decode_length thread 0
Unwinding loop _RNvNtCs8Uhk9se0wUe_12der_verified6length13decode_length.0 iteration 15 file der-verified/src/length.rs line 101 column 5 function length::decode_length thread 0
Not unwinding loop _RNvNtCs8Uhk9se0wUe_12der_verified6length13decode_length.0 iteration 16 file der-verified/src/length.rs line 101 column 5 function length::decode_length thread 0
aborting path on assume(false) at file /home/runner/.rustup/toolchains/nightly-2025-11-21-x86_64-unknown-linux-gnu/lib/rustlib/src/rust/library/core/src/result.rs line 966 column 15 function std::result::Result::<(u32, usize), length::LengthError>::map_err::<tlv::TlvError, {closure@der-verified/src/tlv.rs:73:69: 73:72}> thread 0
aborting path on assume(false) at file /home/runner/.rustup/toolchains/nightly-2025-11-21-x86_64-unknown-linux-gnu/lib/rustlib/src/rust/library/core/src/result.rs line 2173 column 15 function <std::result::Result<(u32, usize), tlv::TlvError> as std::ops::Try>::branch thread 0
aborting path on assume(false) at file der-verified/src/lib.rs line 0 column 0 function tlv::decode_tlv thread 0
aborting path on assume(false) at file /home/runner/.rustup/toolchains/nightly-2025-11-21-x86_64-unknown-linux-gnu/lib/rustlib/src/rust/library/core/src/slice/index.rs line 435 column 5 function <std::ops::Range<usize> as std::slice::SliceIndex<[u8]>>::index thread 0
aborting path on assume(false) at file /home/runner/work/kani/kani/library/kani_core/src/models.rs line 176 column 17 function <usize as kani::rustc_intrinsics::ToISize>::to_isize thread 0
aborting path on assume(false) at file /home/runner/work/kani/kani/library/kani/src/lib.rs line 57 column 1 function <usize as kani::rustc_intrinsics::ToISize>::to_isize thread 0
aborting path on assume(false) at file /home/runner/work/kani/kani/library/kani/src/lib.rs line 57 column 1 function <usize as kani::rustc_intrinsics::ToISize>::to_isize thread 0
aborting path on assume(false) at file /home/runner/work/kani/kani/library/kani/src/lib.rs line 57 column 1 function kani::mem::cbmc::same_allocation thread 0
aborting path on assume(false) at file /home/runner/.rustup/toolchains/nightly-2025-11-21-x86_64-unknown-linux-gnu/lib/rustlib/src/rust/library/core/src/slice/index.rs line 40 column 9 function core::slice::index::slice_index_fail::do_panic::runtime thread 0
aborting path on assume(false) at file /home/runner/.rustup/toolchains/nightly-2025-11-21-x86_64-unknown-linux-gnu/lib/rustlib/src/rust/library/core/src/intrinsics/mod.rs line 2449 column 9 function core::slice::index::slice_index_fail::do_panic thread 0
aborting path on assume(false) at file /home/runner/.rustup/toolchains/nightly-2025-11-21-x86_64-unknown-linux-gnu/lib/rustlib/src/rust/library/core/src/panic.rs line 178 column 9 function core::slice::index::slice_index_fail thread 0
aborting path on assume(false) at file /home/runner/.rustup/toolchains/nightly-2025-11-21-x86_64-unknown-linux-gnu/lib/rustlib/src/rust/library/core/src/slice/index.rs line 49 column 9 function core::slice::index::slice_index_fail::do_panic::runtime thread 0
aborting path on assume(false) at file /home/runner/.rustup/toolchains/nightly-2025-11-21-x86_64-unknown-linux-gnu/lib/rustlib/src/rust/library/core/src/intrinsics/mod.rs line 2449 column 9 function core::slice::index::slice_index_fail::do_panic thread 0
aborting path on assume(false) at file /home/runner/.rustup/toolchains/nightly-2025-11-21-x86_64-unknown-linux-gnu/lib/rustlib/src/rust/library/core/src/panic.rs line 178 column 9 function core::slice::index::slice_index_fail thread 0
aborting path on assume(false) at file /home/runner/.rustup/toolchains/nightly-2025-11-21-x86_64-unknown-linux-gnu/lib/rustlib/src/rust/library/core/src/slice/index.rs line 58 column 9 function core::slice::index::slice_index_fail::do_panic::runtime thread 0
aborting path on assume(false) at file /home/runner/.rustup/toolchains/nightly-2025-11-21-x86_64-unknown-linux-gnu/lib/rustlib/src/rust/library/core/src/intrinsics/mod.rs line 2449 column 9 function core::slice::index::slice_index_fail::do_panic thread 0
aborting path on assume(false) at file /home/runner/.rustup/toolchains/nightly-2025-11-21-x86_64-unknown-linux-gnu/lib/rustlib/src/rust/library/core/src/panic.rs line 178 column 9 function core::slice::index::slice_index_fail thread 0
aborting path on assume(false) at file /home/runner/.rustup/toolchains/nightly-2025-11-21-x86_64-unknown-linux-gnu/lib/rustlib/src/rust/library/core/src/slice/index.rs line 68 column 5 function core::slice::index::slice_index_fail::do_panic::runtime thread 0
aborting path on assume(false) at file /home/runner/.rustup/toolchains/nightly-2025-11-21-x86_64-unknown-linux-gnu/lib/rustlib/src/rust/library/core/src/intrinsics/mod.rs line 2449 column 9 function core::slice::index::slice_index_fail::do_panic thread 0
aborting path on assume(false) at file /home/runner/.rustup/toolchains/nightly-2025-11-21-x86_64-unknown-linux-gnu/lib/rustlib/src/rust/library/core/src/panic.rs line 178 column 9 function core::slice::index::slice_index_fail thread 0
aborting path on assume(false) at file /home/runner/.rustup/toolchains/nightly-2025-11-21-x86_64-unknown-linux-gnu/lib/rustlib/src/rust/library/core/src/slice/index.rs line 443 column 13 function <std::ops::Range<usize> as std::slice::SliceIndex<[u8]>>::index thread 0
aborting path on assume(false) at file /home/runner/.rustup/toolchains/nightly-2025-11-21-x86_64-unknown-linux-gnu/lib/rustlib/src/rust/library/core/src/result.rs line 966 column 15 function std::result::Result::<(tlv::Tlv<'_>, usize), tlv::TlvError>::map_err::<set_of::SetOfError, fn(tlv::TlvError) -> set_of::SetOfError {set_of::SetOfError::Element}> thread 0
aborting path on assume(false) at file /home/runner/.rustup/toolchains/nightly-2025-11-21-x86_64-unknown-linux-gnu/lib/rustlib/src/rust/library/core/src/result.rs line 2173 column 15 function <std::result::Result<(tlv::Tlv<'_>, usize), set_of::SetOfError> as std::ops::Try>::branch thread 0
aborting path on assume(false) at file /home/runner/.rustup/toolchains/nightly-2025-11-21-x86_64-unknown-linux-gnu/lib/rustlib/src/rust/library/core/src/slice/index.rs line 435 column 5 function <std::ops::Range<usize> as std::slice::SliceIndex<[u8]>>::index thread 0
aborting path on assume(false) at file /home/runner/work/kani/kani/library/kani_core/src/models.rs line 176 column 17 function <usize as kani::rustc_intrinsics::ToISize>::to_isize thread 0
aborting path on assume(false) at file /home/runner/work/kani/kani/library/kani/src/lib.rs line 57 column 1 function <usize as kani::rustc_intrinsics::ToISize>::to_isize thread 0
aborting path on assume(false) at file /home/runner/work/kani/kani/library/kani/src/lib.rs line 57 column 1 function <usize as kani::rustc_intrinsics::ToISize>::to_isize thread 0
aborting path on assume(false) at file /home/runner/.rustup/toolchains/nightly-2025-11-21-x86_64-unknown-linux-gnu/lib/rustlib/src/rust/library/core/src/slice/index.rs line 40 column 9 function core::slice::index::slice_index_fail::do_panic::runtime thread 0
aborting path on assume(false) at file /home/runner/.rustup/toolchains/nightly-2025-11-21-x86_64-unknown-linux-gnu/lib/rustlib/src/rust/library/core/src/intrinsics/mod.rs line 2449 column 9 function core::slice::index::slice_index_fail::do_panic thread 0
aborting path on assume(false) at file /home/runner/.rustup/toolchains/nightly-2025-11-21-x86_64-unknown-linux-gnu/lib/rustlib/src/rust/library/core/src/panic.rs line 178 column 9 function core::slice::index::slice_index_fail thread 0
aborting path on assume(false) at file /home/runner/.rustup/toolchains/nightly-2025-11-21-x86_64-unknown-linux-gnu/lib/rustlib/src/rust/library/core/src/slice/index.rs line 49 column 9 function core::slice::index::slice_index_fail::do_panic::runtime thread 0
aborting path on assume(false) at file /home/runner/.rustup/toolchains/nightly-2025-11-21-x86_64-unknown-linux-gnu/lib/rustlib/src/rust/library/core/src/intrinsics/mod.rs line 2449 column 9 function core::slice::index::slice_index_fail::do_panic thread 0
aborting path on assume(false) at file /home/runner/.rustup/toolchains/nightly-2025-11-21-x86_64-unknown-linux-gnu/lib/rustlib/src/rust/library/core/src/panic.rs line 178 column 9 function core::slice::index::slice_index_fail thread 0
aborting path on assume(false) at file /home/runner/.rustup/toolchains/nightly-2025-11-21-x86_64-unknown-linux-gnu/lib/rustlib/src/rust/library/core/src/slice/index.rs line 58 column 9 function core::slice::index::slice_index_fail::do_panic::runtime thread 0
aborting path on assume(false) at file /home/runner/.rustup/toolchains/nightly-2025-11-21-x86_64-unknown-linux-gnu/lib/rustlib/src/rust/library/core/src/intrinsics/mod.rs line 2449 column 9 function core::slice::index::slice_index_fail::do_panic thread 0
aborting path on assume(false) at file /home/runner/.rustup/toolchains/nightly-2025-11-21-x86_64-unknown-linux-gnu/lib/rustlib/src/rust/library/core/src/panic.rs line 178 column 9 function core::slice::index::slice_index_fail thread 0
aborting path on assume(false) at file /home/runner/.rustup/toolchains/nightly-2025-11-21-x86_64-unknown-linux-gnu/lib/rustlib/src/rust/library/core/src/slice/index.rs line 68 column 5 function core::slice::index::slice_index_fail::do_panic::runtime thread 0
aborting path on assume(false) at file /home/runner/.rustup/toolchains/nightly-2025-11-21-x86_64-unknown-linux-gnu/lib/rustlib/src/rust/library/core/src/intrinsics/mod.rs line 2449 column 9 function core::slice::index::slice_index_fail::do_panic thread 0
aborting path on assume(false) at file /home/runner/.rustup/toolchains/nightly-2025-11-21-x86_64-unknown-linux-gnu/lib/rustlib/src/rust/library/core/src/panic.rs line 178 column 9 function core::slice::index::slice_index_fail thread 0
aborting path on assume(false) at file /home/runner/.rustup/toolchains/nightly-2025-11-21-x86_64-unknown-linux-gnu/lib/rustlib/src/rust/library/core/src/slice/index.rs line 443 column 13 function <std::ops::Range<usize> as std::slice::SliceIndex<[u8]>>::index thread 0
aborting path on assume(false) at file der-verified/src/set_of.rs line 146 column 28 function set_of::decode_set_of thread 0
Unwinding loop _RNvNtCs8Uhk9se0wUe_12der_verified6set_of13decode_set_of.0 iteration 3 file der-verified/src/set_of.rs line 145 column 5 function set_of::decode_set_of thread 0
aborting path on assume(false) at file /home/runner/.rustup/toolchains/nightly-2025-11-21-x86_64-unknown-linux-gnu/lib/rustlib/src/rust/library/core/src/slice/index.rs line 40 column 9 function core::slice::index::slice_index_fail::do_panic::runtime thread 0
aborting path on assume(false) at file /home/runner/.rustup/toolchains/nightly-2025-11-21-x86_64-unknown-linux-gnu/lib/rustlib/src/rust/library/core/src/intrinsics/mod.rs line 2449 column 9 function core::slice::index::slice_index_fail::do_panic thread 0
aborting path on assume(false) at file /home/runner/.rustup/toolchains/nightly-2025-11-21-x86_64-unknown-linux-gnu/lib/rustlib/src/rust/library/core/src/panic.rs line 178 column 9 function core::slice::index::slice_index_fail thread 0
aborting path on assume(false) at file /home/runner/.rustup/toolchains/nightly-2025-11-21-x86_64-unknown-linux-gnu/lib/rustlib/src/rust/library/core/src/slice/index.rs line 58 column 9 function core::slice::index::slice_index_fail::do_panic::runtime thread 0
aborting path on assume(false) at file /home/runner/.rustup/toolchains/nightly-2025-11-21-x86_64-unknown-linux-gnu/lib/rustlib/src/rust/library/core/src/intrinsics/mod.rs line 2449 column 9 function core::slice::index::slice_index_fail::do_panic thread 0
aborting path on assume(false) at file /home/runner/.rustup/toolchains/nightly-2025-11-21-x86_64-unknown-linux-gnu/lib/rustlib/src/rust/library/core/src/panic.rs line 178 column 9 function core::slice::index::slice_index_fail thread 0
aborting path on assume(false) at file /home/runner/.rustup/toolchains/nightly-2025-11-21-x86_64-unknown-linux-gnu/lib/rustlib/src/rust/library/core/src/slice/index.rs line 68 column 5 function core::slice::index::slice_index_fail::do_panic::runtime thread 0
aborting path on assume(false) at file /home/runner/.rustup/toolchains/nightly-2025-11-21-x86_64-unknown-linux-gnu/lib/rustlib/src/rust/library/core/src/intrinsics/mod.rs line 2449 column 9 function core::slice::index::slice_index_fail::do_panic thread 0
aborting path on assume(false) at file /home/runner/.rustup/toolchains/nightly-2025-11-21-x86_64-unknown-linux-gnu/lib/rustlib/src/rust/library/core/src/panic.rs line 178 column 9 function core::slice::index::slice_index_fail thread 0
aborting path on assume(false) at file /home/runner/.rustup/toolchains/nightly-2025-11-21-x86_64-unknown-linux-gnu/lib/rustlib/src/rust/library/core/src/slice/index.rs line 569 column 13 function <std::ops::RangeFrom<usize> as std::slice::SliceIndex<[u8]>>::index thread 0
aborting path on assume(false) at file /home/runner/work/kani/kani/library/kani_core/src/models.rs line 176 column 17 function <usize as kani::rustc_intrinsics::ToISize>::to_isize thread 0
aborting path on assume(false) at file /home/runner/work/kani/kani/library/kani/src/lib.rs line 57 column 1 function <usize as kani::rustc_intrinsics::ToISize>::to_isize thread 0
aborting path on assume(false) at file /home/runner/work/kani/kani/library/kani/src/lib.rs line 57 column 1 function <usize as kani::rustc_intrinsics::ToISize>::to_isize thread 0
Unwinding loop _RNvNtCs8Uhk9se0wUe_12der_verified3tag10decode_tag.0 iteration 1 file der-verified/src/tag.rs line 137 column 49 function tag::decode_tag thread 0
Unwinding loop _RNvNtCs8Uhk9se0wUe_12der_verified3tag10decode_tag.0 iteration 2 file der-verified/src/tag.rs line 137 column 49 function tag::decode_tag thread 0
Unwinding loop _RNvNtCs8Uhk9se0wUe_12der_verified3tag10decode_tag.0 iteration 3 file der-verified/src/tag.rs line 137 column 49 function tag::decode_tag thread 0
Unwinding loop _RNvNtCs8Uhk9se0wUe_12der_verified3tag10decode_tag.0 iteration 4 file der-verified/src/tag.rs line 137 column 49 function tag::decode_tag thread 0
Unwinding loop _RNvNtCs8Uhk9se0wUe_12der_verified3tag10decode_tag.0 iteration 5 file der-verified/src/tag.rs line 137 column 49 function tag::decode_tag thread 0
Unwinding loop _RNvNtCs8Uhk9se0wUe_12der_verified3tag10decode_tag.0 iteration 6 file der-verified/src/tag.rs line 137 column 49 function tag::decode_tag thread 0
Unwinding loop _RNvNtCs8Uhk9se0wUe_12der_verified3tag10decode_tag.0 iteration 7 file der-verified/src/tag.rs line 137 column 49 function tag::decode_tag thread 0
Unwinding loop _RNvNtCs8Uhk9se0wUe_12der_verified3tag10decode_tag.0 iteration 8 file der-verified/src/tag.rs line 137 column 49 function tag::decode_tag thread 0
Unwinding loop _RNvNtCs8Uhk9se0wUe_12der_verified3tag10decode_tag.0 iteration 9 file der-verified/src/tag.rs line 137 column 49 function tag::decode_tag thread 0
Unwinding loop _RNvNtCs8Uhk9se0wUe_12der_verified3tag10decode_tag.0 iteration 10 file der-verified/src/tag.rs line 137 column 49 function tag::decode_tag thread 0
Unwinding loop _RNvNtCs8Uhk9se0wUe_12der_verified3tag10decode_tag.0 iteration 11 file der-verified/src/tag.rs line 137 column 49 function tag::decode_tag thread 0
Unwinding loop _RNvNtCs8Uhk9se0wUe_12der_verified3tag10decode_tag.0 iteration 12 file der-verified/src/tag.rs line 137 column 49 function tag::decode_tag thread 0
Unwinding loop _RNvNtCs8Uhk9se0wUe_12der_verified3tag10decode_tag.0 iteration 13 file der-verified/src/tag.rs line 137 column 49 function tag::decode_tag thread 0
Unwinding loop _RNvNtCs8Uhk9se0wUe_12der_verified3tag10decode_tag.0 iteration 14 file der-verified/src/tag.rs line 137 column 49 function tag::decode_tag thread 0
Unwinding loop _RNvNtCs8Uhk9se0wUe_12der_verified3tag10decode_tag.0 iteration 15 file der-verified/src/tag.rs line 137 column 49 function tag::decode_tag thread 0
Not unwinding loop _RNvNtCs8Uhk9se0wUe_12der_verified3tag10decode_tag.0 iteration 16 file der-verified/src/tag.rs line 137 column 49 function tag::decode_tag thread 0
aborting path on assume(false) at file /home/runner/.rustup/toolchains/nightly-2025-11-21-x86_64-unknown-linux-gnu/lib/rustlib/src/rust/library/core/src/result.rs line 2173 column 15 function <std::result::Result<(u32, usize), tag::TagError> as std::ops::Try>::branch thread 0
aborting path on assume(false) at file der-verified/src/lib.rs line 0 column 0 function tag::decode_tag thread 0
aborting path on assume(false) at file /home/runner/.rustup/toolchains/nightly-2025-11-21-x86_64-unknown-linux-gnu/lib/rustlib/src/rust/library/core/src/result.rs line 966 column 15 function std::result::Result::<(tag::Tag, usize), tag::TagError>::map_err::<tlv::TlvError, {closure@der-verified/src/tlv.rs:71:51: 71:54}> thread 0
aborting path on assume(false) at file /home/runner/.rustup/toolchains/nightly-2025-11-21-x86_64-unknown-linux-gnu/lib/rustlib/src/rust/library/core/src/result.rs line 2173 column 15 function <std::result::Result<(tag::Tag, usize), tlv::TlvError> as std::ops::Try>::branch thread 0
aborting path on assume(false) at file /home/runner/.rustup/toolchains/nightly-2025-11-21-x86_64-unknown-linux-gnu/lib/rustlib/src/rust/library/core/src/slice/index.rs line 40 column 9 function core::slice::index::slice_index_fail::do_panic::runtime thread 0
aborting path on assume(false) at file /home/runner/.rustup/toolchains/nightly-2025-11-21-x86_64-unknown-linux-gnu/lib/rustlib/src/rust/library/core/src/intrinsics/mod.rs line 2449 column 9 function core::slice::index::slice_index_fail::do_panic thread 0
aborting path on assume(false) at file /home/runner/.rustup/toolchains/nightly-2025-11-21-x86_64-unknown-linux-gnu/lib/rustlib/src/rust/library/core/src/panic.rs line 178 column 9 function core::slice::index::slice_index_fail thread 0
aborting path on assume(false) at file /home/runner/.rustup/toolchains/nightly-2025-11-21-x86_64-unknown-linux-gnu/lib/rustlib/src/rust/library/core/src/slice/index.rs line 49 column 9 function core::slice::index::slice_index_fail::do_panic::runtime thread 0
aborting path on assume(false) at file /home/runner/.rustup/toolchains/nightly-2025-11-21-x86_64-unknown-linux-gnu/lib/rustlib/src/rust/library/core/src/intrinsics/mod.rs line 2449 column 9 function core::slice::index::slice_index_fail::do_panic thread 0
aborting path on assume(false) at file /home/runner/.rustup/toolchains/nightly-2025-11-21-x86_64-unknown-linux-gnu/lib/rustlib/src/rust/library/core/src/panic.rs line 178 column 9 function core::slice::index::slice_index_fail thread 0
aborting path on assume(false) at file /home/runner/.rustup/toolchains/nightly-2025-11-21-x86_64-unknown-linux-gnu/lib/rustlib/src/rust/library/core/src/slice/index.rs line 58 column 9 function core::slice::index::slice_index_fail::do_panic::runtime thread 0
aborting path on assume(false) at file /home/runner/.rustup/toolchains/nightly-2025-11-21-x86_64-unknown-linux-gnu/lib/rustlib/src/rust/library/core/src/intrinsics/mod.rs line 2449 column 9 function core::slice::index::slice_index_fail::do_panic thread 0
aborting path on assume(false) at file /home/runner/.rustup/toolchains/nightly-2025-11-21-x86_64-unknown-linux-gnu/lib/rustlib/src/rust/library/core/src/panic.rs line 178 column 9 function core::slice::index::slice_index_fail thread 0
aborting path on assume(false) at file /home/runner/.rustup/toolchains/nightly-2025-11-21-x86_64-unknown-linux-gnu/lib/rustlib/src/rust/library/core/src/slice/index.rs line 68 column 5 function core::slice::index::slice_index_fail::do_panic::runtime thread 0
aborting path on assume(false) at file /home/runner/.rustup/toolchains/nightly-2025-11-21-x86_64-unknown-linux-gnu/lib/rustlib/src/rust/library/core/src/intrinsics/mod.rs line 2449 column 9 function core::slice::index::slice_index_fail::do_panic thread 0
aborting path on assume(false) at file /home/runner/.rustup/toolchains/nightly-2025-11-21-x86_64-unknown-linux-gnu/lib/rustlib/src/rust/library/core/src/panic.rs line 178 column 9 function core::slice::index::slice_index_fail thread 0
aborting path on assume(false) at file /home/runner/.rustup/toolchains/nightly-2025-11-21-x86_64-unknown-linux-gnu/lib/rustlib/src/rust/library/core/src/slice/index.rs line 569 column 13 function <std::ops::RangeFrom<usize> as std::slice::SliceIndex<[u8]>>::index thread 0
aborting path on assume(false) at file /home/runner/work/kani/kani/library/kani_core/src/models.rs line 176 column 17 function <usize as kani::rustc_intrinsics::ToISize>::to_isize thread 0
aborting path on assume(false) at file /home/runner/work/kani/kani/library/kani/src/lib.rs line 57 column 1 function <usize as kani::rustc_intrinsics::ToISize>::to_isize thread 0
aborting path on assume(false) at file /home/runner/work/kani/kani/library/kani/src/lib.rs line 57 column 1 function <usize as kani::rustc_intrinsics::ToISize>::to_isize thread 0
aborting path on assume(false) at file /home/runner/work/kani/kani/library/kani/src/lib.rs line 57 column 1 function kani::mem::cbmc::same_allocation thread 0
aborting path on assume(false) at file der-verified/src/length.rs line 75 column 23 function length::decode_length thread 0
aborting path on assume(false) at file /home/runner/.rustup/toolchains/nightly-2025-11-21-x86_64-unknown-linux-gnu/lib/rustlib/src/rust/library/core/src/slice/index.rs line 435 column 5 function <std::ops::Range<usize> as std::slice::SliceIndex<[u8]>>::index thread 0
aborting path on assume(false) at file /home/runner/work/kani/kani/library/kani/src/lib.rs line 57 column 1 function kani::mem::cbmc::same_allocation thread 0
aborting path on assume(false) at file /home/runner/.rustup/toolchains/nightly-2025-11-21-x86_64-unknown-linux-gnu/lib/rustlib/src/rust/library/core/src/slice/index.rs line 40 column 9 function core::slice::index::slice_index_fail::do_panic::runtime thread 0
aborting path on assume(false) at file /home/runner/.rustup/toolchains/nightly-2025-11-21-x86_64-unknown-linux-gnu/lib/rustlib/src/rust/library/core/src/intrinsics/mod.rs line 2449 column 9 function core::slice::index::slice_index_fail::do_panic thread 0
aborting path on assume(false) at file /home/runner/.rustup/toolchains/nightly-2025-11-21-x86_64-unknown-linux-gnu/lib/rustlib/src/rust/library/core/src/panic.rs line 178 column 9 function core::slice::index::slice_index_fail thread 0
aborting path on assume(false) at file /home/runner/.rustup/toolchains/nightly-2025-11-21-x86_64-unknown-linux-gnu/lib/rustlib/src/rust/library/core/src/slice/index.rs line 49 column 9 function core::slice::index::slice_index_fail::do_panic::runtime thread 0
aborting path on assume(false) at file /home/runner/.rustup/toolchains/nightly-2025-11-21-x86_64-unknown-linux-gnu/lib/rustlib/src/rust/library/core/src/intrinsics/mod.rs line 2449 column 9 function core::slice::index::slice_index_fail::do_panic thread 0
aborting path on assume(false) at file /home/runner/.rustup/toolchains/nightly-2025-11-21-x86_64-unknown-linux-gnu/lib/rustlib/src/rust/library/core/src/panic.rs line 178 column 9 function core::slice::index::slice_index_fail thread 0
aborting path on assume(false) at file /home/runner/.rustup/toolchains/nightly-2025-11-21-x86_64-unknown-linux-gnu/lib/rustlib/src/rust/library/core/src/slice/index.rs line 58 column 9 function core::slice::index::slice_index_fail::do_panic::runtime thread 0
aborting path on assume(false) at file /home/runner/.rustup/toolchains/nightly-2025-11-21-x86_64-unknown-linux-gnu/lib/rustlib/src/rust/library/core/src/intrinsics/mod.rs line 2449 column 9 function core::slice::index::slice_index_fail::do_panic thread 0
aborting path on assume(false) at file /home/runner/.rustup/toolchains/nightly-2025-11-21-x86_64-unknown-linux-gnu/lib/rustlib/src/rust/library/core/src/panic.rs line 178 column 9 function core::slice::index::slice_index_fail thread 0
aborting path on assume(false) at file /home/runner/.rustup/toolchains/nightly-2025-11-21-x86_64-unknown-linux-gnu/lib/rustlib/src/rust/library/core/src/slice/index.rs line 68 column 5 function core::slice::index::slice_index_fail::do_panic::runtime thread 0
aborting path on assume(false) at file /home/runner/.rustup/toolchains/nightly-2025-11-21-x86_64-unknown-linux-gnu/lib/rustlib/src/rust/library/core/src/intrinsics/mod.rs line 2449 column 9 function core::slice::index::slice_index_fail::do_panic thread 0
aborting path on assume(false) at file /home/runner/.rustup/toolchains/nightly-2025-11-21-x86_64-unknown-linux-gnu/lib/rustlib/src/rust/library/core/src/panic.rs line 178 column 9 function core::slice::index::slice_index_fail thread 0
aborting path on assume(false) at file /home/runner/.rustup/toolchains/nightly-2025-11-21-x86_64-unknown-linux-gnu/lib/rustlib/src/rust/library/core/src/slice/index.rs line 443 column 13 function <std::ops::Range<usize> as std::slice::SliceIndex<[u8]>>::index thread 0
Unwinding loop _RNvNtCs8Uhk9se0wUe_12der_verified6length13decode_length.0 iteration 1 file der-verified/src/length.rs line 101 column 5 function length::decode_length thread 0
Unwinding loop _RNvNtCs8Uhk9se0wUe_12der_verified6length13decode_length.0 iteration 2 file der-verified/src/length.rs line 101 column 5 function length::decode_length thread 0
Unwinding loop _RNvNtCs8Uhk9se0wUe_12der_verified6length13decode_length.0 iteration 3 file der-verified/src/length.rs line 101 column 5 function length::decode_length thread 0
Unwinding loop _RNvNtCs8Uhk9se0wUe_12der_verified6length13decode_length.0 iteration 4 file der-verified/src/length.rs line 101 column 5 function length::decode_length thread 0
Unwinding loop _RNvNtCs8Uhk9se0wUe_12der_verified6length13decode_length.0 iteration 5 file der-verified/src/length.rs line 101 column 5 function length::decode_length thread 0
Unwinding loop _RNvNtCs8Uhk9se0wUe_12der_verified6length13decode_length.0 iteration 6 file der-verified/src/length.rs line 101 column 5 function length::decode_length thread 0
Unwinding loop _RNvNtCs8Uhk9se0wUe_12der_verified6length13decode_length.0 iteration 7 file der-verified/src/length.rs line 101 column 5 function length::decode_length thread 0
Unwinding loop _RNvNtCs8Uhk9se0wUe_12der_verified6length13decode_length.0 iteration 8 file der-verified/src/length.rs line 101 column 5 function length::decode_length thread 0
Unwinding loop _RNvNtCs8Uhk9se0wUe_12der_verified6length13decode_length.0 iteration 9 file der-verified/src/length.rs line 101 column 5 function length::decode_length thread 0
Unwinding loop _RNvNtCs8Uhk9se0wUe_12der_verified6length13decode_length.0 iteration 10 file der-verified/src/length.rs line 101 column 5 function length::decode_length thread 0
Unwinding loop _RNvNtCs8Uhk9se0wUe_12der_verified6length13decode_length.0 iteration 11 file der-verified/src/length.rs line 101 column 5 function length::decode_length thread 0
Unwinding loop _RNvNtCs8Uhk9se0wUe_12der_verified6length13decode_length.0 iteration 12 file der-verified/src/length.rs line 101 column 5 function length::decode_length thread 0
Unwinding loop _RNvNtCs8Uhk9se0wUe_12der_verified6length13decode_length.0 iteration 13 file der-verified/src/length.rs line 101 column 5 function length::decode_length thread 0
Unwinding loop _RNvNtCs8Uhk9se0wUe_12der_verified6length13decode_length.0 iteration 14 file der-verified/src/length.rs line 101 column 5 function length::decode_length thread 0
Unwinding loop _RNvNtCs8Uhk9se0wUe_12der_verified6length13decode_length.0 iteration 15 file der-verified/src/length.rs line 101 column 5 function length::decode_length thread 0
Not unwinding loop _RNvNtCs8Uhk9se0wUe_12der_verified6length13decode_length.0 iteration 16 file der-verified/src/length.rs line 101 column 5 function length::decode_length thread 0
aborting path on assume(false) at file /home/runner/.rustup/toolchains/nightly-2025-11-21-x86_64-unknown-linux-gnu/lib/rustlib/src/rust/library/core/src/result.rs line 966 column 15 function std::result::Result::<(u32, usize), length::LengthError>::map_err::<tlv::TlvError, {closure@der-verified/src/tlv.rs:73:69: 73:72}> thread 0
aborting path on assume(false) at file /home/runner/.rustup/toolchains/nightly-2025-11-21-x86_64-unknown-linux-gnu/lib/rustlib/src/rust/library/core/src/result.rs line 2173 column 15 function <std::result::Result<(u32, usize), tlv::TlvError> as std::ops::Try>::branch thread 0
aborting path on assume(false) at file der-verified/src/lib.rs line 0 column 0 function tlv::decode_tlv thread 0
aborting path on assume(false) at file /home/runner/.rustup/toolchains/nightly-2025-11-21-x86_64-unknown-linux-gnu/lib/rustlib/src/rust/library/core/src/slice/index.rs line 435 column 5 function <std::ops::Range<usize> as std::slice::SliceIndex<[u8]>>::index thread 0
aborting path on assume(false) at file /home/runner/work/kani/kani/library/kani_core/src/models.rs line 176 column 17 function <usize as kani::rustc_intrinsics::ToISize>::to_isize thread 0
aborting path on assume(false) at file /home/runner/work/kani/kani/library/kani/src/lib.rs line 57 column 1 function <usize as kani::rustc_intrinsics::ToISize>::to_isize thread 0
aborting path on assume(false) at file /home/runner/work/kani/kani/library/kani/src/lib.rs line 57 column 1 function <usize as kani::rustc_intrinsics::ToISize>::to_isize thread 0
aborting path on assume(false) at file /home/runner/work/kani/kani/library/kani/src/lib.rs line 57 column 1 function kani::mem::cbmc::same_allocation thread 0
aborting path on assume(false) at file /home/runner/.rustup/toolchains/nightly-2025-11-21-x86_64-unknown-linux-gnu/lib/rustlib/src/rust/library/core/src/slice/index.rs line 40 column 9 function core::slice::index::slice_index_fail::do_panic::runtime thread 0
aborting path on assume(false) at file /home/runner/.rustup/toolchains/nightly-2025-11-21-x86_64-unknown-linux-gnu/lib/rustlib/src/rust/library/core/src/intrinsics/mod.rs line 2449 column 9 function core::slice::index::slice_index_fail::do_panic thread 0
aborting path on assume(false) at file /home/runner/.rustup/toolchains/nightly-2025-11-21-x86_64-unknown-linux-gnu/lib/rustlib/src/rust/library/core/src/panic.rs line 178 column 9 function core::slice::index::slice_index_fail thread 0
aborting path on assume(false) at file /home/runner/.rustup/toolchains/nightly-2025-11-21-x86_64-unknown-linux-gnu/lib/rustlib/src/rust/library/core/src/slice/index.rs line 49 column 9 function core::slice::index::slice_index_fail::do_panic::runtime thread 0
aborting path on assume(false) at file /home/runner/.rustup/toolchains/nightly-2025-11-21-x86_64-unknown-linux-gnu/lib/rustlib/src/rust/library/core/src/intrinsics/mod.rs line 2449 column 9 function core::slice::index::slice_index_fail::do_panic thread 0
aborting path on assume(false) at file /home/runner/.rustup/toolchains/nightly-2025-11-21-x86_64-unknown-linux-gnu/lib/rustlib/src/rust/library/core/src/panic.rs line 178 column 9 function core::slice::index::slice_index_fail thread 0
aborting path on assume(false) at file /home/runner/.rustup/toolchains/nightly-2025-11-21-x86_64-unknown-linux-gnu/lib/rustlib/src/rust/library/core/src/slice/index.rs line 58 column 9 function core::slice::index::slice_index_fail::do_panic::runtime thread 0
aborting path on assume(false) at file /home/runner/.rustup/toolchains/nightly-2025-11-21-x86_64-unknown-linux-gnu/lib/rustlib/src/rust/library/core/src/intrinsics/mod.rs line 2449 column 9 function core::slice::index::slice_index_fail::do_panic thread 0
aborting path on assume(false) at file /home/runner/.rustup/toolchains/nightly-2025-11-21-x86_64-unknown-linux-gnu/lib/rustlib/src/rust/library/core/src/panic.rs line 178 column 9 function core::slice::index::slice_index_fail thread 0
aborting path on assume(false) at file /home/runner/.rustup/toolchains/nightly-2025-11-21-x86_64-unknown-linux-gnu/lib/rustlib/src/rust/library/core/src/slice/index.rs line 68 column 5 function core::slice::index::slice_index_fail::do_panic::runtime thread 0
aborting path on assume(false) at file /home/runner/.rustup/toolchains/nightly-2025-11-21-x86_64-unknown-linux-gnu/lib/rustlib/src/rust/library/core/src/intrinsics/mod.rs line 2449 column 9 function core::slice::index::slice_index_fail::do_panic thread 0
aborting path on assume(false) at file /home/runner/.rustup/toolchains/nightly-2025-11-21-x86_64-unknown-linux-gnu/lib/rustlib/src/rust/library/core/src/panic.rs line 178 column 9 function core::slice::index::slice_index_fail thread 0
aborting path on assume(false) at file /home/runner/.rustup/toolchains/nightly-2025-11-21-x86_64-unknown-linux-gnu/lib/rustlib/src/rust/library/core/src/slice/index.rs line 443 column 13 function <std::ops::Range<usize> as std::slice::SliceIndex<[u8]>>::index thread 0
aborting path on assume(false) at file /home/runner/.rustup/toolchains/nightly-2025-11-21-x86_64-unknown-linux-gnu/lib/rustlib/src/rust/library/core/src/result.rs line 966 column 15 function std::result::Result::<(tlv::Tlv<'_>, usize), tlv::TlvError>::map_err::<set_of::SetOfError, fn(tlv::TlvError) -> set_of::SetOfError {set_of::SetOfError::Element}> thread 0
aborting path on assume(false) at file /home/runner/.rustup/toolchains/nightly-2025-11-21-x86_64-unknown-linux-gnu/lib/rustlib/src/rust/library/core/src/result.rs line 2173 column 15 function <std::result::Result<(tlv::Tlv<'_>, usize), set_of::SetOfError> as std::ops::Try>::branch thread 0
aborting path on assume(false) at file /home/runner/.rustup/toolchains/nightly-2025-11-21-x86_64-unknown-linux-gnu/lib/rustlib/src/rust/library/core/src/slice/index.rs line 435 column 5 function <std::ops::Range<usize> as std::slice::SliceIndex<[u8]>>::index thread 0
aborting path on assume(false) at file /home/runner/work/kani/kani/library/kani_core/src/models.rs line 176 column 17 function <usize as kani::rustc_intrinsics::ToISize>::to_isize thread 0
aborting path on assume(false) at file /home/runner/work/kani/kani/library/kani/src/lib.rs line 57 column 1 function <usize as kani::rustc_intrinsics::ToISize>::to_isize thread 0
aborting path on assume(false) at file /home/runner/work/kani/kani/library/kani/src/lib.rs line 57 column 1 function <usize as kani::rustc_intrinsics::ToISize>::to_isize thread 0
aborting path on assume(false) at file /home/runner/.rustup/toolchains/nightly-2025-11-21-x86_64-unknown-linux-gnu/lib/rustlib/src/rust/library/core/src/slice/index.rs line 40 column 9 function core::slice::index::slice_index_fail::do_panic::runtime thread 0
aborting path on assume(false) at file /home/runner/.rustup/toolchains/nightly-2025-11-21-x86_64-unknown-linux-gnu/lib/rustlib/src/rust/library/core/src/intrinsics/mod.rs line 2449 column 9 function core::slice::index::slice_index_fail::do_panic thread 0
aborting path on assume(false) at file /home/runner/.rustup/toolchains/nightly-2025-11-21-x86_64-unknown-linux-gnu/lib/rustlib/src/rust/library/core/src/panic.rs line 178 column 9 function core::slice::index::slice_index_fail thread 0
aborting path on assume(false) at file /home/runner/.rustup/toolchains/nightly-2025-11-21-x86_64-unknown-linux-gnu/lib/rustlib/src/rust/library/core/src/slice/index.rs line 49 column 9 function core::slice::index::slice_index_fail::do_panic::runtime thread 0
aborting path on assume(false) at file /home/runner/.rustup/toolchains/nightly-2025-11-21-x86_64-unknown-linux-gnu/lib/rustlib/src/rust/library/core/src/intrinsics/mod.rs line 2449 column 9 function core::slice::index::slice_index_fail::do_panic thread 0
aborting path on assume(false) at file /home/runner/.rustup/toolchains/nightly-2025-11-21-x86_64-unknown-linux-gnu/lib/rustlib/src/rust/library/core/src/panic.rs line 178 column 9 function core::slice::index::slice_index_fail thread 0
aborting path on assume(false) at file /home/runner/.rustup/toolchains/nightly-2025-11-21-x86_64-unknown-linux-gnu/lib/rustlib/src/rust/library/core/src/slice/index.rs line 58 column 9 function core::slice::index::slice_index_fail::do_panic::runtime thread 0
aborting path on assume(false) at file /home/runner/.rustup/toolchains/nightly-2025-11-21-x86_64-unknown-linux-gnu/lib/rustlib/src/rust/library/core/src/intrinsics/mod.rs line 2449 column 9 function core::slice::index::slice_index_fail::do_panic thread 0
aborting path on assume(false) at file /home/runner/.rustup/toolchains/nightly-2025-11-21-x86_64-unknown-linux-gnu/lib/rustlib/src/rust/library/core/src/panic.rs line 178 column 9 function core::slice::index::slice_index_fail thread 0
aborting path on assume(false) at file /home/runner/.rustup/toolchains/nightly-2025-11-21-x86_64-unknown-linux-gnu/lib/rustlib/src/rust/library/core/src/slice/index.rs line 68 column 5 function core::slice::index::slice_index_fail::do_panic::runtime thread 0
aborting path on assume(false) at file /home/runner/.rustup/toolchains/nightly-2025-11-21-x86_64-unknown-linux-gnu/lib/rustlib/src/rust/library/core/src/intrinsics/mod.rs line 2449 column 9 function core::slice::index::slice_index_fail::do_panic thread 0
aborting path on assume(false) at file /home/runner/.rustup/toolchains/nightly-2025-11-21-x86_64-unknown-linux-gnu/lib/rustlib/src/rust/library/core/src/panic.rs line 178 column 9 function core::slice::index::slice_index_fail thread 0
aborting path on assume(false) at file /home/runner/.rustup/toolchains/nightly-2025-11-21-x86_64-unknown-linux-gnu/lib/rustlib/src/rust/library/core/src/slice/index.rs line 443 column 13 function <std::ops::Range<usize> as std::slice::SliceIndex<[u8]>>::index thread 0
aborting path on assume(false) at file der-verified/src/set_of.rs line 146 column 28 function set_of::decode_set_of thread 0
Unwinding loop _RNvNtCs8Uhk9se0wUe_12der_verified6set_of13decode_set_of.0 iteration 4 file der-verified/src/set_of.rs line 145 column 5 function set_of::decode_set_of thread 0
aborting path on assume(false) at file /home/runner/.rustup/toolchains/nightly-2025-11-21-x86_64-unknown-linux-gnu/lib/rustlib/src/rust/library/core/src/slice/index.rs line 40 column 9 function core::slice::index::slice_index_fail::do_panic::runtime thread 0
aborting path on assume(false) at file /home/runner/.rustup/toolchains/nightly-2025-11-21-x86_64-unknown-linux-gnu/lib/rustlib/src/rust/library/core/src/intrinsics/mod.rs line 2449 column 9 function core::slice::index::slice_index_fail::do_panic thread 0
aborting path on assume(false) at file /home/runner/.rustup/toolchains/nightly-2025-11-21-x86_64-unknown-linux-gnu/lib/rustlib/src/rust/library/core/src/panic.rs line 178 column 9 function core::slice::index::slice_index_fail thread 0
aborting path on assume(false) at file /home/runner/.rustup/toolchains/nightly-2025-11-21-x86_64-unknown-linux-gnu/lib/rustlib/src/rust/library/core/src/slice/index.rs line 58 column 9 function core::slice::index::slice_index_fail::do_panic::runtime thread 0
aborting path on assume(false) at file /home/runner/.rustup/toolchains/nightly-2025-11-21-x86_64-unknown-linux-gnu/lib/rustlib/src/rust/library/core/src/intrinsics/mod.rs line 2449 column 9 function core::slice::index::slice_index_fail::do_panic thread 0
aborting path on assume(false) at file /home/runner/.rustup/toolchains/nightly-2025-11-21-x86_64-unknown-linux-gnu/lib/rustlib/src/rust/library/core/src/panic.rs line 178 column 9 function core::slice::index::slice_index_fail thread 0
aborting path on assume(false) at file /home/runner/.rustup/toolchains/nightly-2025-11-21-x86_64-unknown-linux-gnu/lib/rustlib/src/rust/library/core/src/slice/index.rs line 68 column 5 function core::slice::index::slice_index_fail::do_panic::runtime thread 0
aborting path on assume(false) at file /home/runner/.rustup/toolchains/nightly-2025-11-21-x86_64-unknown-linux-gnu/lib/rustlib/src/rust/library/core/src/intrinsics/mod.rs line 2449 column 9 function core::slice::index::slice_index_fail::do_panic thread 0
aborting path on assume(false) at file /home/runner/.rustup/toolchains/nightly-2025-11-21-x86_64-unknown-linux-gnu/lib/rustlib/src/rust/library/core/src/panic.rs line 178 column 9 function core::slice::index::slice_index_fail thread 0
aborting path on assume(false) at file /home/runner/.rustup/toolchains/nightly-2025-11-21-x86_64-unknown-linux-gnu/lib/rustlib/src/rust/library/core/src/slice/index.rs line 569 column 13 function <std::ops::RangeFrom<usize> as std::slice::SliceIndex<[u8]>>::index thread 0
aborting path on assume(false) at file /home/runner/work/kani/kani/library/kani_core/src/models.rs line 176 column 17 function <usize as kani::rustc_intrinsics::ToISize>::to_isize thread 0
aborting path on assume(false) at file /home/runner/work/kani/kani/library/kani/src/lib.rs line 57 column 1 function <usize as kani::rustc_intrinsics::ToISize>::to_isize thread 0
aborting path on assume(false) at file /home/runner/work/kani/kani/library/kani/src/lib.rs line 57 column 1 function <usize as kani::rustc_intrinsics::ToISize>::to_isize thread 0
Unwinding loop _RNvNtCs8Uhk9se0wUe_12der_verified3tag10decode_tag.0 iteration 1 file der-verified/src/tag.rs line 137 column 49 function tag::decode_tag thread 0
Unwinding loop _RNvNtCs8Uhk9se0wUe_12der_verified3tag10decode_tag.0 iteration 2 file der-verified/src/tag.rs line 137 column 49 function tag::decode_tag thread 0
Unwinding loop _RNvNtCs8Uhk9se0wUe_12der_verified3tag10decode_tag.0 iteration 3 file der-verified/src/tag.rs line 137 column 49 function tag::decode_tag thread 0
Unwinding loop _RNvNtCs8Uhk9se0wUe_12der_verified3tag10decode_tag.0 iteration 4 file der-verified/src/tag.rs line 137 column 49 function tag::decode_tag thread 0
Unwinding loop _RNvNtCs8Uhk9se0wUe_12der_verified3tag10decode_tag.0 iteration 5 file der-verified/src/tag.rs line 137 column 49 function tag::decode_tag thread 0
Unwinding loop _RNvNtCs8Uhk9se0wUe_12der_verified3tag10decode_tag.0 iteration 6 file der-verified/src/tag.rs line 137 column 49 function tag::decode_tag thread 0
Unwinding loop _RNvNtCs8Uhk9se0wUe_12der_verified3tag10decode_tag.0 iteration 7 file der-verified/src/tag.rs line 137 column 49 function tag::decode_tag thread 0
Unwinding loop _RNvNtCs8Uhk9se0wUe_12der_verified3tag10decode_tag.0 iteration 8 file der-verified/src/tag.rs line 137 column 49 function tag::decode_tag thread 0
Unwinding loop _RNvNtCs8Uhk9se0wUe_12der_verified3tag10decode_tag.0 iteration 9 file der-verified/src/tag.rs line 137 column 49 function tag::decode_tag thread 0
Unwinding loop _RNvNtCs8Uhk9se0wUe_12der_verified3tag10decode_tag.0 iteration 10 file der-verified/src/tag.rs line 137 column 49 function tag::decode_tag thread 0
Unwinding loop _RNvNtCs8Uhk9se0wUe_12der_verified3tag10decode_tag.0 iteration 11 file der-verified/src/tag.rs line 137 column 49 function tag::decode_tag thread 0
Unwinding loop _RNvNtCs8Uhk9se0wUe_12der_verified3tag10decode_tag.0 iteration 12 file der-verified/src/tag.rs line 137 column 49 function tag::decode_tag thread 0
Unwinding loop _RNvNtCs8Uhk9se0wUe_12der_verified3tag10decode_tag.0 iteration 13 file der-verified/src/tag.rs line 137 column 49 function tag::decode_tag thread 0
Unwinding loop _RNvNtCs8Uhk9se0wUe_12der_verified3tag10decode_tag.0 iteration 14 file der-verified/src/tag.rs line 137 column 49 function tag::decode_tag thread 0
Unwinding loop _RNvNtCs8Uhk9se0wUe_12der_verified3tag10decode_tag.0 iteration 15 file der-verified/src/tag.rs line 137 column 49 function tag::decode_tag thread 0
Not unwinding loop _RNvNtCs8Uhk9se0wUe_12der_verified3tag10decode_tag.0 iteration 16 file der-verified/src/tag.rs line 137 column 49 function tag::decode_tag thread 0
aborting path on assume(false) at file /home/runner/.rustup/toolchains/nightly-2025-11-21-x86_64-unknown-linux-gnu/lib/rustlib/src/rust/library/core/src/result.rs line 2173 column 15 function <std::result::Result<(u32, usize), tag::TagError> as std::ops::Try>::branch thread 0
aborting path on assume(false) at file der-verified/src/lib.rs line 0 column 0 function tag::decode_tag thread 0
aborting path on assume(false) at file /home/runner/.rustup/toolchains/nightly-2025-11-21-x86_64-unknown-linux-gnu/lib/rustlib/src/rust/library/core/src/result.rs line 966 column 15 function std::result::Result::<(tag::Tag, usize), tag::TagError>::map_err::<tlv::TlvError, {closure@der-verified/src/tlv.rs:71:51: 71:54}> thread 0
aborting path on assume(false) at file /home/runner/.rustup/toolchains/nightly-2025-11-21-x86_64-unknown-linux-gnu/lib/rustlib/src/rust/library/core/src/result.rs line 2173 column 15 function <std::result::Result<(tag::Tag, usize), tlv::TlvError> as std::ops::Try>::branch thread 0
aborting path on assume(false) at file /home/runner/.rustup/toolchains/nightly-2025-11-21-x86_64-unknown-linux-gnu/lib/rustlib/src/rust/library/core/src/slice/index.rs line 40 column 9 function core::slice::index::slice_index_fail::do_panic::runtime thread 0
aborting path on assume(false) at file /home/runner/.rustup/toolchains/nightly-2025-11-21-x86_64-unknown-linux-gnu/lib/rustlib/src/rust/library/core/src/intrinsics/mod.rs line 2449 column 9 function core::slice::index::slice_index_fail::do_panic thread 0
aborting path on assume(false) at file /home/runner/.rustup/toolchains/nightly-2025-11-21-x86_64-unknown-linux-gnu/lib/rustlib/src/rust/library/core/src/panic.rs line 178 column 9 function core::slice::index::slice_index_fail thread 0
aborting path on assume(false) at file /home/runner/.rustup/toolchains/nightly-2025-11-21-x86_64-unknown-linux-gnu/lib/rustlib/src/rust/library/core/src/slice/index.rs line 49 column 9 function core::slice::index::slice_index_fail::do_panic::runtime thread 0
aborting path on assume(false) at file /home/runner/.rustup/toolchains/nightly-2025-11-21-x86_64-unknown-linux-gnu/lib/rustlib/src/rust/library/core/src/intrinsics/mod.rs line 2449 column 9 function core::slice::index::slice_index_fail::do_panic thread 0
aborting path on assume(false) at file /home/runner/.rustup/toolchains/nightly-2025-11-21-x86_64-unknown-linux-gnu/lib/rustlib/src/rust/library/core/src/panic.rs line 178 column 9 function core::slice::index::slice_index_fail thread 0
aborting path on assume(false) at file /home/runner/.rustup/toolchains/nightly-2025-11-21-x86_64-unknown-linux-gnu/lib/rustlib/src/rust/library/core/src/slice/index.rs line 58 column 9 function core::slice::index::slice_index_fail::do_panic::runtime thread 0
aborting path on assume(false) at file /home/runner/.rustup/toolchains/nightly-2025-11-21-x86_64-unknown-linux-gnu/lib/rustlib/src/rust/library/core/src/intrinsics/mod.rs line 2449 column 9 function core::slice::index::slice_index_fail::do_panic thread 0
aborting path on assume(false) at file /home/runner/.rustup/toolchains/nightly-2025-11-21-x86_64-unknown-linux-gnu/lib/rustlib/src/rust/library/core/src/panic.rs line 178 column 9 function core::slice::index::slice_index_fail thread 0
aborting path on assume(false) at file /home/runner/.rustup/toolchains/nightly-2025-11-21-x86_64-unknown-linux-gnu/lib/rustlib/src/rust/library/core/src/slice/index.rs line 68 column 5 function core::slice::index::slice_index_fail::do_panic::runtime thread 0
aborting path on assume(false) at file /home/runner/.rustup/toolchains/nightly-2025-11-21-x86_64-unknown-linux-gnu/lib/rustlib/src/rust/library/core/src/intrinsics/mod.rs line 2449 column 9 function core::slice::index::slice_index_fail::do_panic thread 0
aborting path on assume(false) at file /home/runner/.rustup/toolchains/nightly-2025-11-21-x86_64-unknown-linux-gnu/lib/rustlib/src/rust/library/core/src/panic.rs line 178 column 9 function core::slice::index::slice_index_fail thread 0
aborting path on assume(false) at file /home/runner/.rustup/toolchains/nightly-2025-11-21-x86_64-unknown-linux-gnu/lib/rustlib/src/rust/library/core/src/slice/index.rs line 569 column 13 function <std::ops::RangeFrom<usize> as std::slice::SliceIndex<[u8]>>::index thread 0
aborting path on assume(false) at file /home/runner/work/kani/kani/library/kani_core/src/models.rs line 176 column 17 function <usize as kani::rustc_intrinsics::ToISize>::to_isize thread 0
aborting path on assume(false) at file /home/runner/work/kani/kani/library/kani/src/lib.rs line 57 column 1 function <usize as kani::rustc_intrinsics::ToISize>::to_isize thread 0
aborting path on assume(false) at file /home/runner/work/kani/kani/library/kani/src/lib.rs line 57 column 1 function <usize as kani::rustc_intrinsics::ToISize>::to_isize thread 0
aborting path on assume(false) at file /home/runner/work/kani/kani/library/kani/src/lib.rs line 57 column 1 function kani::mem::cbmc::same_allocation thread 0
aborting path on assume(false) at file der-verified/src/length.rs line 75 column 23 function length::decode_length thread 0
aborting path on assume(false) at file /home/runner/.rustup/toolchains/nightly-2025-11-21-x86_64-unknown-linux-gnu/lib/rustlib/src/rust/library/core/src/slice/index.rs line 435 column 5 function <std::ops::Range<usize> as std::slice::SliceIndex<[u8]>>::index thread 0
aborting path on assume(false) at file /home/runner/work/kani/kani/library/kani/src/lib.rs line 57 column 1 function kani::mem::cbmc::same_allocation thread 0
aborting path on assume(false) at file /home/runner/.rustup/toolchains/nightly-2025-11-21-x86_64-unknown-linux-gnu/lib/rustlib/src/rust/library/core/src/slice/index.rs line 40 column 9 function core::slice::index::slice_index_fail::do_panic::runtime thread 0
aborting path on assume(false) at file /home/runner/.rustup/toolchains/nightly-2025-11-21-x86_64-unknown-linux-gnu/lib/rustlib/src/rust/library/core/src/intrinsics/mod.rs line 2449 column 9 function core::slice::index::slice_index_fail::do_panic thread 0
aborting path on assume(false) at file /home/runner/.rustup/toolchains/nightly-2025-11-21-x86_64-unknown-linux-gnu/lib/rustlib/src/rust/library/core/src/panic.rs line 178 column 9 function core::slice::index::slice_index_fail thread 0
aborting path on assume(false) at file /home/runner/.rustup/toolchains/nightly-2025-11-21-x86_64-unknown-linux-gnu/lib/rustlib/src/rust/library/core/src/slice/index.rs line 49 column 9 function core::slice::index::slice_index_fail::do_panic::runtime thread 0
aborting path on assume(false) at file /home/runner/.rustup/toolchains/nightly-2025-11-21-x86_64-unknown-linux-gnu/lib/rustlib/src/rust/library/core/src/intrinsics/mod.rs line 2449 column 9 function core::slice::index::slice_index_fail::do_panic thread 0
aborting path on assume(false) at file /home/runner/.rustup/toolchains/nightly-2025-11-21-x86_64-unknown-linux-gnu/lib/rustlib/src/rust/library/core/src/panic.rs line 178 column 9 function core::slice::index::slice_index_fail thread 0
aborting path on assume(false) at file /home/runner/.rustup/toolchains/nightly-2025-11-21-x86_64-unknown-linux-gnu/lib/rustlib/src/rust/library/core/src/slice/index.rs line 58 column 9 function core::slice::index::slice_index_fail::do_panic::runtime thread 0
aborting path on assume(false) at file /home/runner/.rustup/toolchains/nightly-2025-11-21-x86_64-unknown-linux-gnu/lib/rustlib/src/rust/library/core/src/intrinsics/mod.rs line 2449 column 9 function core::slice::index::slice_index_fail::do_panic thread 0
aborting path on assume(false) at file /home/runner/.rustup/toolchains/nightly-2025-11-21-x86_64-unknown-linux-gnu/lib/rustlib/src/rust/library/core/src/panic.rs line 178 column 9 function core::slice::index::slice_index_fail thread 0
aborting path on assume(false) at file /home/runner/.rustup/toolchains/nightly-2025-11-21-x86_64-unknown-linux-gnu/lib/rustlib/src/rust/library/core/src/slice/index.rs line 68 column 5 function core::slice::index::slice_index_fail::do_panic::runtime thread 0
aborting path on assume(false) at file /home/runner/.rustup/toolchains/nightly-2025-11-21-x86_64-unknown-linux-gnu/lib/rustlib/src/rust/library/core/src/intrinsics/mod.rs line 2449 column 9 function core::slice::index::slice_index_fail::do_panic thread 0
aborting path on assume(false) at file /home/runner/.rustup/toolchains/nightly-2025-11-21-x86_64-unknown-linux-gnu/lib/rustlib/src/rust/library/core/src/panic.rs line 178 column 9 function core::slice::index::slice_index_fail thread 0
aborting path on assume(false) at file /home/runner/.rustup/toolchains/nightly-2025-11-21-x86_64-unknown-linux-gnu/lib/rustlib/src/rust/library/core/src/slice/index.rs line 443 column 13 function <std::ops::Range<usize> as std::slice::SliceIndex<[u8]>>::index thread 0
Unwinding loop _RNvNtCs8Uhk9se0wUe_12der_verified6length13decode_length.0 iteration 1 file der-verified/src/length.rs line 101 column 5 function length::decode_length thread 0
Unwinding loop _RNvNtCs8Uhk9se0wUe_12der_verified6length13decode_length.0 iteration 2 file der-verified/src/length.rs line 101 column 5 function length::decode_length thread 0
Unwinding loop _RNvNtCs8Uhk9se0wUe_12der_verified6length13decode_length.0 iteration 3 file der-verified/src/length.rs line 101 column 5 function length::decode_length thread 0
Unwinding loop _RNvNtCs8Uhk9se0wUe_12der_verified6length13decode_length.0 iteration 4 file der-verified/src/length.rs line 101 column 5 function length::decode_length thread 0
Unwinding loop _RNvNtCs8Uhk9se0wUe_12der_verified6length13decode_length.0 iteration 5 file der-verified/src/length.rs line 101 column 5 function length::decode_length thread 0
Unwinding loop _RNvNtCs8Uhk9se0wUe_12der_verified6length13decode_length.0 iteration 6 file der-verified/src/length.rs line 101 column 5 function length::decode_length thread 0
Unwinding loop _RNvNtCs8Uhk9se0wUe_12der_verified6length13decode_length.0 iteration 7 file der-verified/src/length.rs line 101 column 5 function length::decode_length thread 0
Unwinding loop _RNvNtCs8Uhk9se0wUe_12der_verified6length13decode_length.0 iteration 8 file der-verified/src/length.rs line 101 column 5 function length::decode_length thread 0
Unwinding loop _RNvNtCs8Uhk9se0wUe_12der_verified6length13decode_length.0 iteration 9 file der-verified/src/length.rs line 101 column 5 function length::decode_length thread 0
Unwinding loop _RNvNtCs8Uhk9se0wUe_12der_verified6length13decode_length.0 iteration 10 file der-verified/src/length.rs line 101 column 5 function length::decode_length thread 0
Unwinding loop _RNvNtCs8Uhk9se0wUe_12der_verified6length13decode_length.0 iteration 11 file der-verified/src/length.rs line 101 column 5 function length::decode_length thread 0
Unwinding loop _RNvNtCs8Uhk9se0wUe_12der_verified6length13decode_length.0 iteration 12 file der-verified/src/length.rs line 101 column 5 function length::decode_length thread 0
Unwinding loop _RNvNtCs8Uhk9se0wUe_12der_verified6length13decode_length.0 iteration 13 file der-verified/src/length.rs line 101 column 5 function length::decode_length thread 0
Unwinding loop _RNvNtCs8Uhk9se0wUe_12der_verified6length13decode_length.0 iteration 14 file der-verified/src/length.rs line 101 column 5 function length::decode_length thread 0
Unwinding loop _RNvNtCs8Uhk9se0wUe_12der_verified6length13decode_length.0 iteration 15 file der-verified/src/length.rs line 101 column 5 function length::decode_length thread 0
Not unwinding loop _RNvNtCs8Uhk9se0wUe_12der_verified6length13decode_length.0 iteration 16 file der-verified/src/length.rs line 101 column 5 function length::decode_length thread 0
aborting path on assume(false) at file /home/runner/.rustup/toolchains/nightly-2025-11-21-x86_64-unknown-linux-gnu/lib/rustlib/src/rust/library/core/src/result.rs line 966 column 15 function std::result::Result::<(u32, usize), length::LengthError>::map_err::<tlv::TlvError, {closure@der-verified/src/tlv.rs:73:69: 73:72}> thread 0
aborting path on assume(false) at file /home/runner/.rustup/toolchains/nightly-2025-11-21-x86_64-unknown-linux-gnu/lib/rustlib/src/rust/library/core/src/result.rs line 2173 column 15 function <std::result::Result<(u32, usize), tlv::TlvError> as std::ops::Try>::branch thread 0
aborting path on assume(false) at file der-verified/src/lib.rs line 0 column 0 function tlv::decode_tlv thread 0
aborting path on assume(false) at file /home/runner/.rustup/toolchains/nightly-2025-11-21-x86_64-unknown-linux-gnu/lib/rustlib/src/rust/library/core/src/slice/index.rs line 435 column 5 function <std::ops::Range<usize> as std::slice::SliceIndex<[u8]>>::index thread 0
aborting path on assume(false) at file /home/runner/work/kani/kani/library/kani_core/src/models.rs line 176 column 17 function <usize as kani::rustc_intrinsics::ToISize>::to_isize thread 0
aborting path on assume(false) at file /home/runner/work/kani/kani/library/kani/src/lib.rs line 57 column 1 function <usize as kani::rustc_intrinsics::ToISize>::to_isize thread 0
aborting path on assume(false) at file /home/runner/work/kani/kani/library/kani/src/lib.rs line 57 column 1 function <usize as kani::rustc_intrinsics::ToISize>::to_isize thread 0
aborting path on assume(false) at file /home/runner/work/kani/kani/library/kani/src/lib.rs line 57 column 1 function kani::mem::cbmc::same_allocation thread 0
aborting path on assume(false) at file /home/runner/.rustup/toolchains/nightly-2025-11-21-x86_64-unknown-linux-gnu/lib/rustlib/src/rust/library/core/src/slice/index.rs line 40 column 9 function core::slice::index::slice_index_fail::do_panic::runtime thread 0
aborting path on assume(false) at file /home/runner/.rustup/toolchains/nightly-2025-11-21-x86_64-unknown-linux-gnu/lib/rustlib/src/rust/library/core/src/intrinsics/mod.rs line 2449 column 9 function core::slice::index::slice_index_fail::do_panic thread 0
aborting path on assume(false) at file /home/runner/.rustup/toolchains/nightly-2025-11-21-x86_64-unknown-linux-gnu/lib/rustlib/src/rust/library/core/src/panic.rs line 178 column 9 function core::slice::index::slice_index_fail thread 0
aborting path on assume(false) at file /home/runner/.rustup/toolchains/nightly-2025-11-21-x86_64-unknown-linux-gnu/lib/rustlib/src/rust/library/core/src/slice/index.rs line 49 column 9 function core::slice::index::slice_index_fail::do_panic::runtime thread 0
aborting path on assume(false) at file /home/runner/.rustup/toolchains/nightly-2025-11-21-x86_64-unknown-linux-gnu/lib/rustlib/src/rust/library/core/src/intrinsics/mod.rs line 2449 column 9 function core::slice::index::slice_index_fail::do_panic thread 0
aborting path on assume(false) at file /home/runner/.rustup/toolchains/nightly-2025-11-21-x86_64-unknown-linux-gnu/lib/rustlib/src/rust/library/core/src/panic.rs line 178 column 9 function core::slice::index::slice_index_fail thread 0
aborting path on assume(false) at file /home/runner/.rustup/toolchains/nightly-2025-11-21-x86_64-unknown-linux-gnu/lib/rustlib/src/rust/library/core/src/slice/index.rs line 58 column 9 function core::slice::index::slice_index_fail::do_panic::runtime thread 0
aborting path on assume(false) at file /home/runner/.rustup/toolchains/nightly-2025-11-21-x86_64-unknown-linux-gnu/lib/rustlib/src/rust/library/core/src/intrinsics/mod.rs line 2449 column 9 function core::slice::index::slice_index_fail::do_panic thread 0
aborting path on assume(false) at file /home/runner/.rustup/toolchains/nightly-2025-11-21-x86_64-unknown-linux-gnu/lib/rustlib/src/rust/library/core/src/panic.rs line 178 column 9 function core::slice::index::slice_index_fail thread 0
aborting path on assume(false) at file /home/runner/.rustup/toolchains/nightly-2025-11-21-x86_64-unknown-linux-gnu/lib/rustlib/src/rust/library/core/src/slice/index.rs line 68 column 5 function core::slice::index::slice_index_fail::do_panic::runtime thread 0
aborting path on assume(false) at file /home/runner/.rustup/toolchains/nightly-2025-11-21-x86_64-unknown-linux-gnu/lib/rustlib/src/rust/library/core/src/intrinsics/mod.rs line 2449 column 9 function core::slice::index::slice_index_fail::do_panic thread 0
aborting path on assume(false) at file /home/runner/.rustup/toolchains/nightly-2025-11-21-x86_64-unknown-linux-gnu/lib/rustlib/src/rust/library/core/src/panic.rs line 178 column 9 function core::slice::index::slice_index_fail thread 0
aborting path on assume(false) at file /home/runner/.rustup/toolchains/nightly-2025-11-21-x86_64-unknown-linux-gnu/lib/rustlib/src/rust/library/core/src/slice/index.rs line 443 column 13 function <std::ops::Range<usize> as std::slice::SliceIndex<[u8]>>::index thread 0
aborting path on assume(false) at file /home/runner/.rustup/toolchains/nightly-2025-11-21-x86_64-unknown-linux-gnu/lib/rustlib/src/rust/library/core/src/result.rs line 966 column 15 function std::result::Result::<(tlv::Tlv<'_>, usize), tlv::TlvError>::map_err::<set_of::SetOfError, fn(tlv::TlvError) -> set_of::SetOfError {set_of::SetOfError::Element}> thread 0
aborting path on assume(false) at file /home/runner/.rustup/toolchains/nightly-2025-11-21-x86_64-unknown-linux-gnu/lib/rustlib/src/rust/library/core/src/result.rs line 2173 column 15 function <std::result::Result<(tlv::Tlv<'_>, usize), set_of::SetOfError> as std::ops::Try>::branch thread 0
aborting path on assume(false) at file /home/runner/.rustup/toolchains/nightly-2025-11-21-x86_64-unknown-linux-gnu/lib/rustlib/src/rust/library/core/src/slice/index.rs line 435 column 5 function <std::ops::Range<usize> as std::slice::SliceIndex<[u8]>>::index thread 0
aborting path on assume(false) at file /home/runner/work/kani/kani/library/kani_core/src/models.rs line 176 column 17 function <usize as kani::rustc_intrinsics::ToISize>::to_isize thread 0
aborting path on assume(false) at file /home/runner/work/kani/kani/library/kani/src/lib.rs line 57 column 1 function <usize as kani::rustc_intrinsics::ToISize>::to_isize thread 0
aborting path on assume(false) at file /home/runner/work/kani/kani/library/kani/src/lib.rs line 57 column 1 function <usize as kani::rustc_intrinsics::ToISize>::to_isize thread 0
aborting path on assume(false) at file /home/runner/.rustup/toolchains/nightly-2025-11-21-x86_64-unknown-linux-gnu/lib/rustlib/src/rust/library/core/src/slice/index.rs line 40 column 9 function core::slice::index::slice_index_fail::do_panic::runtime thread 0
aborting path on assume(false) at file /home/runner/.rustup/toolchains/nightly-2025-11-21-x86_64-unknown-linux-gnu/lib/rustlib/src/rust/library/core/src/intrinsics/mod.rs line 2449 column 9 function core::slice::index::slice_index_fail::do_panic thread 0
aborting path on assume(false) at file /home/runner/.rustup/toolchains/nightly-2025-11-21-x86_64-unknown-linux-gnu/lib/rustlib/src/rust/library/core/src/panic.rs line 178 column 9 function core::slice::index::slice_index_fail thread 0
aborting path on assume(false) at file /home/runner/.rustup/toolchains/nightly-2025-11-21-x86_64-unknown-linux-gnu/lib/rustlib/src/rust/library/core/src/slice/index.rs line 49 column 9 function core::slice::index::slice_index_fail::do_panic::runtime thread 0
aborting path on assume(false) at file /home/runner/.rustup/toolchains/nightly-2025-11-21-x86_64-unknown-linux-gnu/lib/rustlib/src/rust/library/core/src/intrinsics/mod.rs line 2449 column 9 function core::slice::index::slice_index_fail::do_panic thread 0
aborting path on assume(false) at file /home/runner/.rustup/toolchains/nightly-2025-11-21-x86_64-unknown-linux-gnu/lib/rustlib/src/rust/library/core/src/panic.rs line 178 column 9 function core::slice::index::slice_index_fail thread 0
aborting path on assume(false) at file /home/runner/.rustup/toolchains/nightly-2025-11-21-x86_64-unknown-linux-gnu/lib/rustlib/src/rust/library/core/src/slice/index.rs line 58 column 9 function core::slice::index::slice_index_fail::do_panic::runtime thread 0
aborting path on assume(false) at file /home/runner/.rustup/toolchains/nightly-2025-11-21-x86_64-unknown-linux-gnu/lib/rustlib/src/rust/library/core/src/intrinsics/mod.rs line 2449 column 9 function core::slice::index::slice_index_fail::do_panic thread 0
aborting path on assume(false) at file /home/runner/.rustup/toolchains/nightly-2025-11-21-x86_64-unknown-linux-gnu/lib/rustlib/src/rust/library/core/src/panic.rs line 178 column 9 function core::slice::index::slice_index_fail thread 0
aborting path on assume(false) at file /home/runner/.rustup/toolchains/nightly-2025-11-21-x86_64-unknown-linux-gnu/lib/rustlib/src/rust/library/core/src/slice/index.rs line 68 column 5 function core::slice::index::slice_index_fail::do_panic::runtime thread 0
aborting path on assume(false) at file /home/runner/.rustup/toolchains/nightly-2025-11-21-x86_64-unknown-linux-gnu/lib/rustlib/src/rust/library/core/src/intrinsics/mod.rs line 2449 column 9 function core::slice::index::slice_index_fail::do_panic thread 0
aborting path on assume(false) at file /home/runner/.rustup/toolchains/nightly-2025-11-21-x86_64-unknown-linux-gnu/lib/rustlib/src/rust/library/core/src/panic.rs line 178 column 9 function core::slice::index::slice_index_fail thread 0
aborting path on assume(false) at file /home/runner/.rustup/toolchains/nightly-2025-11-21-x86_64-unknown-linux-gnu/lib/rustlib/src/rust/library/core/src/slice/index.rs line 443 column 13 function <std::ops::Range<usize> as std::slice::SliceIndex<[u8]>>::index thread 0
aborting path on assume(false) at file der-verified/src/set_of.rs line 146 column 28 function set_of::decode_set_of thread 0
Unwinding loop _RNvNtCs8Uhk9se0wUe_12der_verified6set_of13decode_set_of.0 iteration 5 file der-verified/src/set_of.rs line 145 column 5 function set_of::decode_set_of thread 0
aborting path on assume(false) at file /home/runner/.rustup/toolchains/nightly-2025-11-21-x86_64-unknown-linux-gnu/lib/rustlib/src/rust/library/core/src/slice/index.rs line 40 column 9 function core::slice::index::slice_index_fail::do_panic::runtime thread 0
aborting path on assume(false) at file /home/runner/.rustup/toolchains/nightly-2025-11-21-x86_64-unknown-linux-gnu/lib/rustlib/src/rust/library/core/src/intrinsics/mod.rs line 2449 column 9 function core::slice::index::slice_index_fail::do_panic thread 0
aborting path on assume(false) at file /home/runner/.rustup/toolchains/nightly-2025-11-21-x86_64-unknown-linux-gnu/lib/rustlib/src/rust/library/core/src/panic.rs line 178 column 9 function core::slice::index::slice_index_fail thread 0
aborting path on assume(false) at file /home/runner/.rustup/toolchains/nightly-2025-11-21-x86_64-unknown-linux-gnu/lib/rustlib/src/rust/library/core/src/slice/index.rs line 58 column 9 function core::slice::index::slice_index_fail::do_panic::runtime thread 0
aborting path on assume(false) at file /home/runner/.rustup/toolchains/nightly-2025-11-21-x86_64-unknown-linux-gnu/lib/rustlib/src/rust/library/core/src/intrinsics/mod.rs line 2449 column 9 function core::slice::index::slice_index_fail::do_panic thread 0
aborting path on assume(false) at file /home/runner/.rustup/toolchains/nightly-2025-11-21-x86_64-unknown-linux-gnu/lib/rustlib/src/rust/library/core/src/panic.rs line 178 column 9 function core::slice::index::slice_index_fail thread 0
aborting path on assume(false) at file /home/runner/.rustup/toolchains/nightly-2025-11-21-x86_64-unknown-linux-gnu/lib/rustlib/src/rust/library/core/src/slice/index.rs line 68 column 5 function core::slice::index::slice_index_fail::do_panic::runtime thread 0
aborting path on assume(false) at file /home/runner/.rustup/toolchains/nightly-2025-11-21-x86_64-unknown-linux-gnu/lib/rustlib/src/rust/library/core/src/intrinsics/mod.rs line 2449 column 9 function core::slice::index::slice_index_fail::do_panic thread 0
aborting path on assume(false) at file /home/runner/.rustup/toolchains/nightly-2025-11-21-x86_64-unknown-linux-gnu/lib/rustlib/src/rust/library/core/src/panic.rs line 178 column 9 function core::slice::index::slice_index_fail thread 0
aborting path on assume(false) at file /home/runner/.rustup/toolchains/nightly-2025-11-21-x86_64-unknown-linux-gnu/lib/rustlib/src/rust/library/core/src/slice/index.rs line 569 column 13 function <std::ops::RangeFrom<usize> as std::slice::SliceIndex<[u8]>>::index thread 0
aborting path on assume(false) at file /home/runner/work/kani/kani/library/kani_core/src/models.rs line 176 column 17 function <usize as kani::rustc_intrinsics::ToISize>::to_isize thread 0
aborting path on assume(false) at file /home/runner/work/kani/kani/library/kani/src/lib.rs line 57 column 1 function <usize as kani::rustc_intrinsics::ToISize>::to_isize thread 0
aborting path on assume(false) at file /home/runner/work/kani/kani/library/kani/src/lib.rs line 57 column 1 function <usize as kani::rustc_intrinsics::ToISize>::to_isize thread 0
Unwinding loop _RNvNtCs8Uhk9se0wUe_12der_verified3tag10decode_tag.0 iteration 1 file der-verified/src/tag.rs line 137 column 49 function tag::decode_tag thread 0
Unwinding loop _RNvNtCs8Uhk9se0wUe_12der_verified3tag10decode_tag.0 iteration 2 file der-verified/src/tag.rs line 137 column 49 function tag::decode_tag thread 0
Unwinding loop _RNvNtCs8Uhk9se0wUe_12der_verified3tag10decode_tag.0 iteration 3 file der-verified/src/tag.rs line 137 column 49 function tag::decode_tag thread 0
Unwinding loop _RNvNtCs8Uhk9se0wUe_12der_verified3tag10decode_tag.0 iteration 4 file der-verified/src/tag.rs line 137 column 49 function tag::decode_tag thread 0
Unwinding loop _RNvNtCs8Uhk9se0wUe_12der_verified3tag10decode_tag.0 iteration 5 file der-verified/src/tag.rs line 137 column 49 function tag::decode_tag thread 0
Unwinding loop _RNvNtCs8Uhk9se0wUe_12der_verified3tag10decode_tag.0 iteration 6 file der-verified/src/tag.rs line 137 column 49 function tag::decode_tag thread 0
Unwinding loop _RNvNtCs8Uhk9se0wUe_12der_verified3tag10decode_tag.0 iteration 7 file der-verified/src/tag.rs line 137 column 49 function tag::decode_tag thread 0
Unwinding loop _RNvNtCs8Uhk9se0wUe_12der_verified3tag10decode_tag.0 iteration 8 file der-verified/src/tag.rs line 137 column 49 function tag::decode_tag thread 0
Unwinding loop _RNvNtCs8Uhk9se0wUe_12der_verified3tag10decode_tag.0 iteration 9 file der-verified/src/tag.rs line 137 column 49 function tag::decode_tag thread 0
Unwinding loop _RNvNtCs8Uhk9se0wUe_12der_verified3tag10decode_tag.0 iteration 10 file der-verified/src/tag.rs line 137 column 49 function tag::decode_tag thread 0
Unwinding loop _RNvNtCs8Uhk9se0wUe_12der_verified3tag10decode_tag.0 iteration 11 file der-verified/src/tag.rs line 137 column 49 function tag::decode_tag thread 0
Unwinding loop _RNvNtCs8Uhk9se0wUe_12der_verified3tag10decode_tag.0 iteration 12 file der-verified/src/tag.rs line 137 column 49 function tag::decode_tag thread 0
Unwinding loop _RNvNtCs8Uhk9se0wUe_12der_verified3tag10decode_tag.0 iteration 13 file der-verified/src/tag.rs line 137 column 49 function tag::decode_tag thread 0
Unwinding loop _RNvNtCs8Uhk9se0wUe_12der_verified3tag10decode_tag.0 iteration 14 file der-verified/src/tag.rs line 137 column 49 function tag::decode_tag thread 0
Unwinding loop _RNvNtCs8Uhk9se0wUe_12der_verified3tag10decode_tag.0 iteration 15 file der-verified/src/tag.rs line 137 column 49 function tag::decode_tag thread 0
Not unwinding loop _RNvNtCs8Uhk9se0wUe_12der_verified3tag10decode_tag.0 iteration 16 file der-verified/src/tag.rs line 137 column 49 function tag::decode_tag thread 0
aborting path on assume(false) at file /home/runner/.rustup/toolchains/nightly-2025-11-21-x86_64-unknown-linux-gnu/lib/rustlib/src/rust/library/core/src/result.rs line 2173 column 15 function <std::result::Result<(u32, usize), tag::TagError> as std::ops::Try>::branch thread 0
aborting path on assume(false) at file der-verified/src/lib.rs line 0 column 0 function tag::decode_tag thread 0
aborting path on assume(false) at file /home/runner/.rustup/toolchains/nightly-2025-11-21-x86_64-unknown-linux-gnu/lib/rustlib/src/rust/library/core/src/result.rs line 966 column 15 function std::result::Result::<(tag::Tag, usize), tag::TagError>::map_err::<tlv::TlvError, {closure@der-verified/src/tlv.rs:71:51: 71:54}> thread 0
aborting path on assume(false) at file /home/runner/.rustup/toolchains/nightly-2025-11-21-x86_64-unknown-linux-gnu/lib/rustlib/src/rust/library/core/src/result.rs line 2173 column 15 function <std::result::Result<(tag::Tag, usize), tlv::TlvError> as std::ops::Try>::branch thread 0
aborting path on assume(false) at file /home/runner/.rustup/toolchains/nightly-2025-11-21-x86_64-unknown-linux-gnu/lib/rustlib/src/rust/library/core/src/slice/index.rs line 40 column 9 function core::slice::index::slice_index_fail::do_panic::runtime thread 0
aborting path on assume(false) at file /home/runner/.rustup/toolchains/nightly-2025-11-21-x86_64-unknown-linux-gnu/lib/rustlib/src/rust/library/core/src/intrinsics/mod.rs line 2449 column 9 function core::slice::index::slice_index_fail::do_panic thread 0
aborting path on assume(false) at file /home/runner/.rustup/toolchains/nightly-2025-11-21-x86_64-unknown-linux-gnu/lib/rustlib/src/rust/library/core/src/panic.rs line 178 column 9 function core::slice::index::slice_index_fail thread 0
aborting path on assume(false) at file /home/runner/.rustup/toolchains/nightly-2025-11-21-x86_64-unknown-linux-gnu/lib/rustlib/src/rust/library/core/src/slice/index.rs line 49 column 9 function core::slice::index::slice_index_fail::do_panic::runtime thread 0
aborting path on assume(false) at file /home/runner/.rustup/toolchains/nightly-2025-11-21-x86_64-unknown-linux-gnu/lib/rustlib/src/rust/library/core/src/intrinsics/mod.rs line 2449 column 9 function core::slice::index::slice_index_fail::do_panic thread 0
aborting path on assume(false) at file /home/runner/.rustup/toolchains/nightly-2025-11-21-x86_64-unknown-linux-gnu/lib/rustlib/src/rust/library/core/src/panic.rs line 178 column 9 function core::slice::index::slice_index_fail thread 0
aborting path on assume(false) at file /home/runner/.rustup/toolchains/nightly-2025-11-21-x86_64-unknown-linux-gnu/lib/rustlib/src/rust/library/core/src/slice/index.rs line 58 column 9 function core::slice::index::slice_index_fail::do_panic::runtime thread 0
aborting path on assume(false) at file /home/runner/.rustup/toolchains/nightly-2025-11-21-x86_64-unknown-linux-gnu/lib/rustlib/src/rust/library/core/src/intrinsics/mod.rs line 2449 column 9 function core::slice::index::slice_index_fail::do_panic thread 0
aborting path on assume(false) at file /home/runner/.rustup/toolchains/nightly-2025-11-21-x86_64-unknown-linux-gnu/lib/rustlib/src/rust/library/core/src/panic.rs line 178 column 9 function core::slice::index::slice_index_fail thread 0
aborting path on assume(false) at file /home/runner/.rustup/toolchains/nightly-2025-11-21-x86_64-unknown-linux-gnu/lib/rustlib/src/rust/library/core/src/slice/index.rs line 68 column 5 function core::slice::index::slice_index_fail::do_panic::runtime thread 0
aborting path on assume(false) at file /home/runner/.rustup/toolchains/nightly-2025-11-21-x86_64-unknown-linux-gnu/lib/rustlib/src/rust/library/core/src/intrinsics/mod.rs line 2449 column 9 function core::slice::index::slice_index_fail::do_panic thread 0
aborting path on assume(false) at file /home/runner/.rustup/toolchains/nightly-2025-11-21-x86_64-unknown-linux-gnu/lib/rustlib/src/rust/library/core/src/panic.rs line 178 column 9 function core::slice::index::slice_index_fail thread 0
aborting path on assume(false) at file /home/runner/.rustup/toolchains/nightly-2025-11-21-x86_64-unknown-linux-gnu/lib/rustlib/src/rust/library/core/src/slice/index.rs line 569 column 13 function <std::ops::RangeFrom<usize> as std::slice::SliceIndex<[u8]>>::index thread 0
aborting path on assume(false) at file /home/runner/work/kani/kani/library/kani_core/src/models.rs line 176 column 17 function <usize as kani::rustc_intrinsics::ToISize>::to_isize thread 0
aborting path on assume(false) at file /home/runner/work/kani/kani/library/kani/src/lib.rs line 57 column 1 function <usize as kani::rustc_intrinsics::ToISize>::to_isize thread 0
aborting path on assume(false) at file /home/runner/work/kani/kani/library/kani/src/lib.rs line 57 column 1 function <usize as kani::rustc_intrinsics::ToISize>::to_isize thread 0
aborting path on assume(false) at file /home/runner/work/kani/kani/library/kani/src/lib.rs line 57 column 1 function kani::mem::cbmc::same_allocation thread 0
aborting path on assume(false) at file der-verified/src/length.rs line 75 column 23 function length::decode_length thread 0
aborting path on assume(false) at file /home/runner/.rustup/toolchains/nightly-2025-11-21-x86_64-unknown-linux-gnu/lib/rustlib/src/rust/library/core/src/slice/index.rs line 435 column 5 function <std::ops::Range<usize> as std::slice::SliceIndex<[u8]>>::index thread 0
aborting path on assume(false) at file /home/runner/work/kani/kani/library/kani/src/lib.rs line 57 column 1 function kani::mem::cbmc::same_allocation thread 0
aborting path on assume(false) at file /home/runner/.rustup/toolchains/nightly-2025-11-21-x86_64-unknown-linux-gnu/lib/rustlib/src/rust/library/core/src/slice/index.rs line 40 column 9 function core::slice::index::slice_index_fail::do_panic::runtime thread 0
aborting path on assume(false) at file /home/runner/.rustup/toolchains/nightly-2025-11-21-x86_64-unknown-linux-gnu/lib/rustlib/src/rust/library/core/src/intrinsics/mod.rs line 2449 column 9 function core::slice::index::slice_index_fail::do_panic thread 0
aborting path on assume(false) at file /home/runner/.rustup/toolchains/nightly-2025-11-21-x86_64-unknown-linux-gnu/lib/rustlib/src/rust/library/core/src/panic.rs line 178 column 9 function core::slice::index::slice_index_fail thread 0
aborting path on assume(false) at file /home/runner/.rustup/toolchains/nightly-2025-11-21-x86_64-unknown-linux-gnu/lib/rustlib/src/rust/library/core/src/slice/index.rs line 49 column 9 function core::slice::index::slice_index_fail::do_panic::runtime thread 0
aborting path on assume(false) at file /home/runner/.rustup/toolchains/nightly-2025-11-21-x86_64-unknown-linux-gnu/lib/rustlib/src/rust/library/core/src/intrinsics/mod.rs line 2449 column 9 function core::slice::index::slice_index_fail::do_panic thread 0
aborting path on assume(false) at file /home/runner/.rustup/toolchains/nightly-2025-11-21-x86_64-unknown-linux-gnu/lib/rustlib/src/rust/library/core/src/panic.rs line 178 column 9 function core::slice::index::slice_index_fail thread 0
aborting path on assume(false) at file /home/runner/.rustup/toolchains/nightly-2025-11-21-x86_64-unknown-linux-gnu/lib/rustlib/src/rust/library/core/src/slice/index.rs line 58 column 9 function core::slice::index::slice_index_fail::do_panic::runtime thread 0
aborting path on assume(false) at file /home/runner/.rustup/toolchains/nightly-2025-11-21-x86_64-unknown-linux-gnu/lib/rustlib/src/rust/library/core/src/intrinsics/mod.rs line 2449 column 9 function core::slice::index::slice_index_fail::do_panic thread 0
aborting path on assume(false) at file /home/runner/.rustup/toolchains/nightly-2025-11-21-x86_64-unknown-linux-gnu/lib/rustlib/src/rust/library/core/src/panic.rs line 178 column 9 function core::slice::index::slice_index_fail thread 0
aborting path on assume(false) at file /home/runner/.rustup/toolchains/nightly-2025-11-21-x86_64-unknown-linux-gnu/lib/rustlib/src/rust/library/core/src/slice/index.rs line 68 column 5 function core::slice::index::slice_index_fail::do_panic::runtime thread 0
aborting path on assume(false) at file /home/runner/.rustup/toolchains/nightly-2025-11-21-x86_64-unknown-linux-gnu/lib/rustlib/src/rust/library/core/src/intrinsics/mod.rs line 2449 column 9 function core::slice::index::slice_index_fail::do_panic thread 0
aborting path on assume(false) at file /home/runner/.rustup/toolchains/nightly-2025-11-21-x86_64-unknown-linux-gnu/lib/rustlib/src/rust/library/core/src/panic.rs line 178 column 9 function core::slice::index::slice_index_fail thread 0
aborting path on assume(false) at file /home/runner/.rustup/toolchains/nightly-2025-11-21-x86_64-unknown-linux-gnu/lib/rustlib/src/rust/library/core/src/slice/index.rs line 443 column 13 function <std::ops::Range<usize> as std::slice::SliceIndex<[u8]>>::index thread 0
Unwinding loop _RNvNtCs8Uhk9se0wUe_12der_verified6length13decode_length.0 iteration 1 file der-verified/src/length.rs line 101 column 5 function length::decode_length thread 0
Unwinding loop _RNvNtCs8Uhk9se0wUe_12der_verified6length13decode_length.0 iteration 2 file der-verified/src/length.rs line 101 column 5 function length::decode_length thread 0
Unwinding loop _RNvNtCs8Uhk9se0wUe_12der_verified6length13decode_length.0 iteration 3 file der-verified/src/length.rs line 101 column 5 function length::decode_length thread 0
Unwinding loop _RNvNtCs8Uhk9se0wUe_12der_verified6length13decode_length.0 iteration 4 file der-verified/src/length.rs line 101 column 5 function length::decode_length thread 0
Unwinding loop _RNvNtCs8Uhk9se0wUe_12der_verified6length13decode_length.0 iteration 5 file der-verified/src/length.rs line 101 column 5 function length::decode_length thread 0
Unwinding loop _RNvNtCs8Uhk9se0wUe_12der_verified6length13decode_length.0 iteration 6 file der-verified/src/length.rs line 101 column 5 function length::decode_length thread 0
Unwinding loop _RNvNtCs8Uhk9se0wUe_12der_verified6length13decode_length.0 iteration 7 file der-verified/src/length.rs line 101 column 5 function length::decode_length thread 0
Unwinding loop _RNvNtCs8Uhk9se0wUe_12der_verified6length13decode_length.0 iteration 8 file der-verified/src/length.rs line 101 column 5 function length::decode_length thread 0
Unwinding loop _RNvNtCs8Uhk9se0wUe_12der_verified6length13decode_length.0 iteration 9 file der-verified/src/length.rs line 101 column 5 function length::decode_length thread 0
Unwinding loop _RNvNtCs8Uhk9se0wUe_12der_verified6length13decode_length.0 iteration 10 file der-verified/src/length.rs line 101 column 5 function length::decode_length thread 0
Unwinding loop _RNvNtCs8Uhk9se0wUe_12der_verified6length13decode_length.0 iteration 11 file der-verified/src/length.rs line 101 column 5 function length::decode_length thread 0
Unwinding loop _RNvNtCs8Uhk9se0wUe_12der_verified6length13decode_length.0 iteration 12 file der-verified/src/length.rs line 101 column 5 function length::decode_length thread 0
Unwinding loop _RNvNtCs8Uhk9se0wUe_12der_verified6length13decode_length.0 iteration 13 file der-verified/src/length.rs line 101 column 5 function length::decode_length thread 0
Unwinding loop _RNvNtCs8Uhk9se0wUe_12der_verified6length13decode_length.0 iteration 14 file der-verified/src/length.rs line 101 column 5 function length::decode_length thread 0
Unwinding loop _RNvNtCs8Uhk9se0wUe_12der_verified6length13decode_length.0 iteration 15 file der-verified/src/length.rs line 101 column 5 function length::decode_length thread 0
Not unwinding loop _RNvNtCs8Uhk9se0wUe_12der_verified6length13decode_length.0 iteration 16 file der-verified/src/length.rs line 101 column 5 function length::decode_length thread 0
aborting path on assume(false) at file /home/runner/.rustup/toolchains/nightly-2025-11-21-x86_64-unknown-linux-gnu/lib/rustlib/src/rust/library/core/src/result.rs line 966 column 15 function std::result::Result::<(u32, usize), length::LengthError>::map_err::<tlv::TlvError, {closure@der-verified/src/tlv.rs:73:69: 73:72}> thread 0
aborting path on assume(false) at file /home/runner/.rustup/toolchains/nightly-2025-11-21-x86_64-unknown-linux-gnu/lib/rustlib/src/rust/library/core/src/result.rs line 2173 column 15 function <std::result::Result<(u32, usize), tlv::TlvError> as std::ops::Try>::branch thread 0
aborting path on assume(false) at file der-verified/src/lib.rs line 0 column 0 function tlv::decode_tlv thread 0
aborting path on assume(false) at file /home/runner/.rustup/toolchains/nightly-2025-11-21-x86_64-unknown-linux-gnu/lib/rustlib/src/rust/library/core/src/slice/index.rs line 435 column 5 function <std::ops::Range<usize> as std::slice::SliceIndex<[u8]>>::index thread 0
aborting path on assume(false) at file /home/runner/work/kani/kani/library/kani_core/src/models.rs line 176 column 17 function <usize as kani::rustc_intrinsics::ToISize>::to_isize thread 0
aborting path on assume(false) at file /home/runner/work/kani/kani/library/kani/src/lib.rs line 57 column 1 function <usize as kani::rustc_intrinsics::ToISize>::to_isize thread 0
aborting path on assume(false) at file /home/runner/work/kani/kani/library/kani/src/lib.rs line 57 column 1 function <usize as kani::rustc_intrinsics::ToISize>::to_isize thread 0
aborting path on assume(false) at file /home/runner/work/kani/kani/library/kani/src/lib.rs line 57 column 1 function kani::mem::cbmc::same_allocation thread 0
aborting path on assume(false) at file /home/runner/.rustup/toolchains/nightly-2025-11-21-x86_64-unknown-linux-gnu/lib/rustlib/src/rust/library/core/src/slice/index.rs line 40 column 9 function core::slice::index::slice_index_fail::do_panic::runtime thread 0
aborting path on assume(false) at file /home/runner/.rustup/toolchains/nightly-2025-11-21-x86_64-unknown-linux-gnu/lib/rustlib/src/rust/library/core/src/intrinsics/mod.rs line 2449 column 9 function core::slice::index::slice_index_fail::do_panic thread 0
aborting path on assume(false) at file /home/runner/.rustup/toolchains/nightly-2025-11-21-x86_64-unknown-linux-gnu/lib/rustlib/src/rust/library/core/src/panic.rs line 178 column 9 function core::slice::index::slice_index_fail thread 0
aborting path on assume(false) at file /home/runner/.rustup/toolchains/nightly-2025-11-21-x86_64-unknown-linux-gnu/lib/rustlib/src/rust/library/core/src/slice/index.rs line 49 column 9 function core::slice::index::slice_index_fail::do_panic::runtime thread 0
aborting path on assume(false) at file /home/runner/.rustup/toolchains/nightly-2025-11-21-x86_64-unknown-linux-gnu/lib/rustlib/src/rust/library/core/src/intrinsics/mod.rs line 2449 column 9 function core::slice::index::slice_index_fail::do_panic thread 0
aborting path on assume(false) at file /home/runner/.rustup/toolchains/nightly-2025-11-21-x86_64-unknown-linux-gnu/lib/rustlib/src/rust/library/core/src/panic.rs line 178 column 9 function core::slice::index::slice_index_fail thread 0
aborting path on assume(false) at file /home/runner/.rustup/toolchains/nightly-2025-11-21-x86_64-unknown-linux-gnu/lib/rustlib/src/rust/library/core/src/slice/index.rs line 58 column 9 function core::slice::index::slice_index_fail::do_panic::runtime thread 0
aborting path on assume(false) at file /home/runner/.rustup/toolchains/nightly-2025-11-21-x86_64-unknown-linux-gnu/lib/rustlib/src/rust/library/core/src/intrinsics/mod.rs line 2449 column 9 function core::slice::index::slice_index_fail::do_panic thread 0
aborting path on assume(false) at file /home/runner/.rustup/toolchains/nightly-2025-11-21-x86_64-unknown-linux-gnu/lib/rustlib/src/rust/library/core/src/panic.rs line 178 column 9 function core::slice::index::slice_index_fail thread 0
aborting path on assume(false) at file /home/runner/.rustup/toolchains/nightly-2025-11-21-x86_64-unknown-linux-gnu/lib/rustlib/src/rust/library/core/src/slice/index.rs line 68 column 5 function core::slice::index::slice_index_fail::do_panic::runtime thread 0
aborting path on assume(false) at file /home/runner/.rustup/toolchains/nightly-2025-11-21-x86_64-unknown-linux-gnu/lib/rustlib/src/rust/library/core/src/intrinsics/mod.rs line 2449 column 9 function core::slice::index::slice_index_fail::do_panic thread 0
aborting path on assume(false) at file /home/runner/.rustup/toolchains/nightly-2025-11-21-x86_64-unknown-linux-gnu/lib/rustlib/src/rust/library/core/src/panic.rs line 178 column 9 function core::slice::index::slice_index_fail thread 0
aborting path on assume(false) at file /home/runner/.rustup/toolchains/nightly-2025-11-21-x86_64-unknown-linux-gnu/lib/rustlib/src/rust/library/core/src/slice/index.rs line 443 column 13 function <std::ops::Range<usize> as std::slice::SliceIndex<[u8]>>::index thread 0
aborting path on assume(false) at file /home/runner/.rustup/toolchains/nightly-2025-11-21-x86_64-unknown-linux-gnu/lib/rustlib/src/rust/library/core/src/result.rs line 966 column 15 function std::result::Result::<(tlv::Tlv<'_>, usize), tlv::TlvError>::map_err::<set_of::SetOfError, fn(tlv::TlvError) -> set_of::SetOfError {set_of::SetOfError::Element}> thread 0
aborting path on assume(false) at file /home/runner/.rustup/toolchains/nightly-2025-11-21-x86_64-unknown-linux-gnu/lib/rustlib/src/rust/library/core/src/result.rs line 2173 column 15 function <std::result::Result<(tlv::Tlv<'_>, usize), set_of::SetOfError> as std::ops::Try>::branch thread 0
aborting path on assume(false) at file /home/runner/.rustup/toolchains/nightly-2025-11-21-x86_64-unknown-linux-gnu/lib/rustlib/src/rust/library/core/src/slice/index.rs line 435 column 5 function <std::ops::Range<usize> as std::slice::SliceIndex<[u8]>>::index thread 0
aborting path on assume(false) at file /home/runner/work/kani/kani/library/kani_core/src/models.rs line 176 column 17 function <usize as kani::rustc_intrinsics::ToISize>::to_isize thread 0
aborting path on assume(false) at file /home/runner/work/kani/kani/library/kani/src/lib.rs line 57 column 1 function <usize as kani::rustc_intrinsics::ToISize>::to_isize thread 0
aborting path on assume(false) at file /home/runner/work/kani/kani/library/kani/src/lib.rs line 57 column 1 function <usize as kani::rustc_intrinsics::ToISize>::to_isize thread 0
aborting path on assume(false) at file /home/runner/.rustup/toolchains/nightly-2025-11-21-x86_64-unknown-linux-gnu/lib/rustlib/src/rust/library/core/src/slice/index.rs line 40 column 9 function core::slice::index::slice_index_fail::do_panic::runtime thread 0
aborting path on assume(false) at file /home/runner/.rustup/toolchains/nightly-2025-11-21-x86_64-unknown-linux-gnu/lib/rustlib/src/rust/library/core/src/intrinsics/mod.rs line 2449 column 9 function core::slice::index::slice_index_fail::do_panic thread 0
aborting path on assume(false) at file /home/runner/.rustup/toolchains/nightly-2025-11-21-x86_64-unknown-linux-gnu/lib/rustlib/src/rust/library/core/src/panic.rs line 178 column 9 function core::slice::index::slice_index_fail thread 0
aborting path on assume(false) at file /home/runner/.rustup/toolchains/nightly-2025-11-21-x86_64-unknown-linux-gnu/lib/rustlib/src/rust/library/core/src/slice/index.rs line 49 column 9 function core::slice::index::slice_index_fail::do_panic::runtime thread 0
aborting path on assume(false) at file /home/runner/.rustup/toolchains/nightly-2025-11-21-x86_64-unknown-linux-gnu/lib/rustlib/src/rust/library/core/src/intrinsics/mod.rs line 2449 column 9 function core::slice::index::slice_index_fail::do_panic thread 0
aborting path on assume(false) at file /home/runner/.rustup/toolchains/nightly-2025-11-21-x86_64-unknown-linux-gnu/lib/rustlib/src/rust/library/core/src/panic.rs line 178 column 9 function core::slice::index::slice_index_fail thread 0
aborting path on assume(false) at file /home/runner/.rustup/toolchains/nightly-2025-11-21-x86_64-unknown-linux-gnu/lib/rustlib/src/rust/library/core/src/slice/index.rs line 58 column 9 function core::slice::index::slice_index_fail::do_panic::runtime thread 0
aborting path on assume(false) at file /home/runner/.rustup/toolchains/nightly-2025-11-21-x86_64-unknown-linux-gnu/lib/rustlib/src/rust/library/core/src/intrinsics/mod.rs line 2449 column 9 function core::slice::index::slice_index_fail::do_panic thread 0
aborting path on assume(false) at file /home/runner/.rustup/toolchains/nightly-2025-11-21-x86_64-unknown-linux-gnu/lib/rustlib/src/rust/library/core/src/panic.rs line 178 column 9 function core::slice::index::slice_index_fail thread 0
aborting path on assume(false) at file /home/runner/.rustup/toolchains/nightly-2025-11-21-x86_64-unknown-linux-gnu/lib/rustlib/src/rust/library/core/src/slice/index.rs line 68 column 5 function core::slice::index::slice_index_fail::do_panic::runtime thread 0
aborting path on assume(false) at file /home/runner/.rustup/toolchains/nightly-2025-11-21-x86_64-unknown-linux-gnu/lib/rustlib/src/rust/library/core/src/intrinsics/mod.rs line 2449 column 9 function core::slice::index::slice_index_fail::do_panic thread 0
aborting path on assume(false) at file /home/runner/.rustup/toolchains/nightly-2025-11-21-x86_64-unknown-linux-gnu/lib/rustlib/src/rust/library/core/src/panic.rs line 178 column 9 function core::slice::index::slice_index_fail thread 0
aborting path on assume(false) at file /home/runner/.rustup/toolchains/nightly-2025-11-21-x86_64-unknown-linux-gnu/lib/rustlib/src/rust/library/core/src/slice/index.rs line 443 column 13 function <std::ops::Range<usize> as std::slice::SliceIndex<[u8]>>::index thread 0
aborting path on assume(false) at file der-verified/src/set_of.rs line 146 column 28 function set_of::decode_set_of thread 0
Unwinding loop _RNvNtCs8Uhk9se0wUe_12der_verified6set_of13decode_set_of.0 iteration 6 file der-verified/src/set_of.rs line 145 column 5 function set_of::decode_set_of thread 0
aborting path on assume(false) at file /home/runner/.rustup/toolchains/nightly-2025-11-21-x86_64-unknown-linux-gnu/lib/rustlib/src/rust/library/core/src/slice/index.rs line 40 column 9 function core::slice::index::slice_index_fail::do_panic::runtime thread 0
aborting path on assume(false) at file /home/runner/.rustup/toolchains/nightly-2025-11-21-x86_64-unknown-linux-gnu/lib/rustlib/src/rust/library/core/src/intrinsics/mod.rs line 2449 column 9 function core::slice::index::slice_index_fail::do_panic thread 0
aborting path on assume(false) at file /home/runner/.rustup/toolchains/nightly-2025-11-21-x86_64-unknown-linux-gnu/lib/rustlib/src/rust/library/core/src/panic.rs line 178 column 9 function core::slice::index::slice_index_fail thread 0
aborting path on assume(false) at file /home/runner/.rustup/toolchains/nightly-2025-11-21-x86_64-unknown-linux-gnu/lib/rustlib/src/rust/library/core/src/slice/index.rs line 58 column 9 function core::slice::index::slice_index_fail::do_panic::runtime thread 0
aborting path on assume(false) at file /home/runner/.rustup/toolchains/nightly-2025-11-21-x86_64-unknown-linux-gnu/lib/rustlib/src/rust/library/core/src/intrinsics/mod.rs line 2449 column 9 function core::slice::index::slice_index_fail::do_panic thread 0
aborting path on assume(false) at file /home/runner/.rustup/toolchains/nightly-2025-11-21-x86_64-unknown-linux-gnu/lib/rustlib/src/rust/library/core/src/panic.rs line 178 column 9 function core::slice::index::slice_index_fail thread 0
aborting path on assume(false) at file /home/runner/.rustup/toolchains/nightly-2025-11-21-x86_64-unknown-linux-gnu/lib/rustlib/src/rust/library/core/src/slice/index.rs line 68 column 5 function core::slice::index::slice_index_fail::do_panic::runtime thread 0
aborting path on assume(false) at file /home/runner/.rustup/toolchains/nightly-2025-11-21-x86_64-unknown-linux-gnu/lib/rustlib/src/rust/library/core/src/intrinsics/mod.rs line 2449 column 9 function core::slice::index::slice_index_fail::do_panic thread 0
aborting path on assume(false) at file /home/runner/.rustup/toolchains/nightly-2025-11-21-x86_64-unknown-linux-gnu/lib/rustlib/src/rust/library/core/src/panic.rs line 178 column 9 function core::slice::index::slice_index_fail thread 0
aborting path on assume(false) at file /home/runner/.rustup/toolchains/nightly-2025-11-21-x86_64-unknown-linux-gnu/lib/rustlib/src/rust/library/core/src/slice/index.rs line 569 column 13 function <std::ops::RangeFrom<usize> as std::slice::SliceIndex<[u8]>>::index thread 0
aborting path on assume(false) at file /home/runner/work/kani/kani/library/kani_core/src/models.rs line 176 column 17 function <usize as kani::rustc_intrinsics::ToISize>::to_isize thread 0
aborting path on assume(false) at file /home/runner/work/kani/kani/library/kani/src/lib.rs line 57 column 1 function <usize as kani::rustc_intrinsics::ToISize>::to_isize thread 0
aborting path on assume(false) at file /home/runner/work/kani/kani/library/kani/src/lib.rs line 57 column 1 function <usize as kani::rustc_intrinsics::ToISize>::to_isize thread 0
Unwinding loop _RNvNtCs8Uhk9se0wUe_12der_verified3tag10decode_tag.0 iteration 1 file der-verified/src/tag.rs line 137 column 49 function tag::decode_tag thread 0
Unwinding loop _RNvNtCs8Uhk9se0wUe_12der_verified3tag10decode_tag.0 iteration 2 file der-verified/src/tag.rs line 137 column 49 function tag::decode_tag thread 0
Unwinding loop _RNvNtCs8Uhk9se0wUe_12der_verified3tag10decode_tag.0 iteration 3 file der-verified/src/tag.rs line 137 column 49 function tag::decode_tag thread 0
Unwinding loop _RNvNtCs8Uhk9se0wUe_12der_verified3tag10decode_tag.0 iteration 4 file der-verified/src/tag.rs line 137 column 49 function tag::decode_tag thread 0
Unwinding loop _RNvNtCs8Uhk9se0wUe_12der_verified3tag10decode_tag.0 iteration 5 file der-verified/src/tag.rs line 137 column 49 function tag::decode_tag thread 0
Unwinding loop _RNvNtCs8Uhk9se0wUe_12der_verified3tag10decode_tag.0 iteration 6 file der-verified/src/tag.rs line 137 column 49 function tag::decode_tag thread 0
Unwinding loop _RNvNtCs8Uhk9se0wUe_12der_verified3tag10decode_tag.0 iteration 7 file der-verified/src/tag.rs line 137 column 49 function tag::decode_tag thread 0
Unwinding loop _RNvNtCs8Uhk9se0wUe_12der_verified3tag10decode_tag.0 iteration 8 file der-verified/src/tag.rs line 137 column 49 function tag::decode_tag thread 0
Unwinding loop _RNvNtCs8Uhk9se0wUe_12der_verified3tag10decode_tag.0 iteration 9 file der-verified/src/tag.rs line 137 column 49 function tag::decode_tag thread 0
Unwinding loop _RNvNtCs8Uhk9se0wUe_12der_verified3tag10decode_tag.0 iteration 10 file der-verified/src/tag.rs line 137 column 49 function tag::decode_tag thread 0
Unwinding loop _RNvNtCs8Uhk9se0wUe_12der_verified3tag10decode_tag.0 iteration 11 file der-verified/src/tag.rs line 137 column 49 function tag::decode_tag thread 0
Unwinding loop _RNvNtCs8Uhk9se0wUe_12der_verified3tag10decode_tag.0 iteration 12 file der-verified/src/tag.rs line 137 column 49 function tag::decode_tag thread 0
Unwinding loop _RNvNtCs8Uhk9se0wUe_12der_verified3tag10decode_tag.0 iteration 13 file der-verified/src/tag.rs line 137 column 49 function tag::decode_tag thread 0
Unwinding loop _RNvNtCs8Uhk9se0wUe_12der_verified3tag10decode_tag.0 iteration 14 file der-verified/src/tag.rs line 137 column 49 function tag::decode_tag thread 0
Unwinding loop _RNvNtCs8Uhk9se0wUe_12der_verified3tag10decode_tag.0 iteration 15 file der-verified/src/tag.rs line 137 column 49 function tag::decode_tag thread 0
Not unwinding loop _RNvNtCs8Uhk9se0wUe_12der_verified3tag10decode_tag.0 iteration 16 file der-verified/src/tag.rs line 137 column 49 function tag::decode_tag thread 0
aborting path on assume(false) at file /home/runner/.rustup/toolchains/nightly-2025-11-21-x86_64-unknown-linux-gnu/lib/rustlib/src/rust/library/core/src/result.rs line 2173 column 15 function <std::result::Result<(u32, usize), tag::TagError> as std::ops::Try>::branch thread 0
aborting path on assume(false) at file der-verified/src/lib.rs line 0 column 0 function tag::decode_tag thread 0
aborting path on assume(false) at file /home/runner/.rustup/toolchains/nightly-2025-11-21-x86_64-unknown-linux-gnu/lib/rustlib/src/rust/library/core/src/result.rs line 966 column 15 function std::result::Result::<(tag::Tag, usize), tag::TagError>::map_err::<tlv::TlvError, {closure@der-verified/src/tlv.rs:71:51: 71:54}> thread 0
aborting path on assume(false) at file /home/runner/.rustup/toolchains/nightly-2025-11-21-x86_64-unknown-linux-gnu/lib/rustlib/src/rust/library/core/src/result.rs line 2173 column 15 function <std::result::Result<(tag::Tag, usize), tlv::TlvError> as std::ops::Try>::branch thread 0
aborting path on assume(false) at file /home/runner/.rustup/toolchains/nightly-2025-11-21-x86_64-unknown-linux-gnu/lib/rustlib/src/rust/library/core/src/slice/index.rs line 40 column 9 function core::slice::index::slice_index_fail::do_panic::runtime thread 0
aborting path on assume(false) at file /home/runner/.rustup/toolchains/nightly-2025-11-21-x86_64-unknown-linux-gnu/lib/rustlib/src/rust/library/core/src/intrinsics/mod.rs line 2449 column 9 function core::slice::index::slice_index_fail::do_panic thread 0
aborting path on assume(false) at file /home/runner/.rustup/toolchains/nightly-2025-11-21-x86_64-unknown-linux-gnu/lib/rustlib/src/rust/library/core/src/panic.rs line 178 column 9 function core::slice::index::slice_index_fail thread 0
aborting path on assume(false) at file /home/runner/.rustup/toolchains/nightly-2025-11-21-x86_64-unknown-linux-gnu/lib/rustlib/src/rust/library/core/src/slice/index.rs line 49 column 9 function core::slice::index::slice_index_fail::do_panic::runtime thread 0
aborting path on assume(false) at file /home/runner/.rustup/toolchains/nightly-2025-11-21-x86_64-unknown-linux-gnu/lib/rustlib/src/rust/library/core/src/intrinsics/mod.rs line 2449 column 9 function core::slice::index::slice_index_fail::do_panic thread 0
aborting path on assume(false) at file /home/runner/.rustup/toolchains/nightly-2025-11-21-x86_64-unknown-linux-gnu/lib/rustlib/src/rust/library/core/src/panic.rs line 178 column 9 function core::slice::index::slice_index_fail thread 0
aborting path on assume(false) at file /home/runner/.rustup/toolchains/nightly-2025-11-21-x86_64-unknown-linux-gnu/lib/rustlib/src/rust/library/core/src/slice/index.rs line 58 column 9 function core::slice::index::slice_index_fail::do_panic::runtime thread 0
aborting path on assume(false) at file /home/runner/.rustup/toolchains/nightly-2025-11-21-x86_64-unknown-linux-gnu/lib/rustlib/src/rust/library/core/src/intrinsics/mod.rs line 2449 column 9 function core::slice::index::slice_index_fail::do_panic thread 0
aborting path on assume(false) at file /home/runner/.rustup/toolchains/nightly-2025-11-21-x86_64-unknown-linux-gnu/lib/rustlib/src/rust/library/core/src/panic.rs line 178 column 9 function core::slice::index::slice_index_fail thread 0
aborting path on assume(false) at file /home/runner/.rustup/toolchains/nightly-2025-11-21-x86_64-unknown-linux-gnu/lib/rustlib/src/rust/library/core/src/slice/index.rs line 68 column 5 function core::slice::index::slice_index_fail::do_panic::runtime thread 0
aborting path on assume(false) at file /home/runner/.rustup/toolchains/nightly-2025-11-21-x86_64-unknown-linux-gnu/lib/rustlib/src/rust/library/core/src/intrinsics/mod.rs line 2449 column 9 function core::slice::index::slice_index_fail::do_panic thread 0
aborting path on assume(false) at file /home/runner/.rustup/toolchains/nightly-2025-11-21-x86_64-unknown-linux-gnu/lib/rustlib/src/rust/library/core/src/panic.rs line 178 column 9 function core::slice::index::slice_index_fail thread 0
aborting path on assume(false) at file /home/runner/.rustup/toolchains/nightly-2025-11-21-x86_64-unknown-linux-gnu/lib/rustlib/src/rust/library/core/src/slice/index.rs line 569 column 13 function <std::ops::RangeFrom<usize> as std::slice::SliceIndex<[u8]>>::index thread 0
aborting path on assume(false) at file /home/runner/work/kani/kani/library/kani_core/src/models.rs line 176 column 17 function <usize as kani::rustc_intrinsics::ToISize>::to_isize thread 0
aborting path on assume(false) at file /home/runner/work/kani/kani/library/kani/src/lib.rs line 57 column 1 function <usize as kani::rustc_intrinsics::ToISize>::to_isize thread 0
aborting path on assume(false) at file /home/runner/work/kani/kani/library/kani/src/lib.rs line 57 column 1 function <usize as kani::rustc_intrinsics::ToISize>::to_isize thread 0
aborting path on assume(false) at file /home/runner/work/kani/kani/library/kani/src/lib.rs line 57 column 1 function kani::mem::cbmc::same_allocation thread 0
aborting path on assume(false) at file der-verified/src/length.rs line 75 column 23 function length::decode_length thread 0
aborting path on assume(false) at file /home/runner/.rustup/toolchains/nightly-2025-11-21-x86_64-unknown-linux-gnu/lib/rustlib/src/rust/library/core/src/slice/index.rs line 435 column 5 function <std::ops::Range<usize> as std::slice::SliceIndex<[u8]>>::index thread 0
aborting path on assume(false) at file /home/runner/work/kani/kani/library/kani/src/lib.rs line 57 column 1 function kani::mem::cbmc::same_allocation thread 0
aborting path on assume(false) at file /home/runner/.rustup/toolchains/nightly-2025-11-21-x86_64-unknown-linux-gnu/lib/rustlib/src/rust/library/core/src/slice/index.rs line 40 column 9 function core::slice::index::slice_index_fail::do_panic::runtime thread 0
aborting path on assume(false) at file /home/runner/.rustup/toolchains/nightly-2025-11-21-x86_64-unknown-linux-gnu/lib/rustlib/src/rust/library/core/src/intrinsics/mod.rs line 2449 column 9 function core::slice::index::slice_index_fail::do_panic thread 0
aborting path on assume(false) at file /home/runner/.rustup/toolchains/nightly-2025-11-21-x86_64-unknown-linux-gnu/lib/rustlib/src/rust/library/core/src/panic.rs line 178 column 9 function core::slice::index::slice_index_fail thread 0
aborting path on assume(false) at file /home/runner/.rustup/toolchains/nightly-2025-11-21-x86_64-unknown-linux-gnu/lib/rustlib/src/rust/library/core/src/slice/index.rs line 49 column 9 function core::slice::index::slice_index_fail::do_panic::runtime thread 0
aborting path on assume(false) at file /home/runner/.rustup/toolchains/nightly-2025-11-21-x86_64-unknown-linux-gnu/lib/rustlib/src/rust/library/core/src/intrinsics/mod.rs line 2449 column 9 function core::slice::index::slice_index_fail::do_panic thread 0
aborting path on assume(false) at file /home/runner/.rustup/toolchains/nightly-2025-11-21-x86_64-unknown-linux-gnu/lib/rustlib/src/rust/library/core/src/panic.rs line 178 column 9 function core::slice::index::slice_index_fail thread 0
aborting path on assume(false) at file /home/runner/.rustup/toolchains/nightly-2025-11-21-x86_64-unknown-linux-gnu/lib/rustlib/src/rust/library/core/src/slice/index.rs line 58 column 9 function core::slice::index::slice_index_fail::do_panic::runtime thread 0
aborting path on assume(false) at file /home/runner/.rustup/toolchains/nightly-2025-11-21-x86_64-unknown-linux-gnu/lib/rustlib/src/rust/library/core/src/intrinsics/mod.rs line 2449 column 9 function core::slice::index::slice_index_fail::do_panic thread 0
aborting path on assume(false) at file /home/runner/.rustup/toolchains/nightly-2025-11-21-x86_64-unknown-linux-gnu/lib/rustlib/src/rust/library/core/src/panic.rs line 178 column 9 function core::slice::index::slice_index_fail thread 0
aborting path on assume(false) at file /home/runner/.rustup/toolchains/nightly-2025-11-21-x86_64-unknown-linux-gnu/lib/rustlib/src/rust/library/core/src/slice/index.rs line 68 column 5 function core::slice::index::slice_index_fail::do_panic::runtime thread 0
aborting path on assume(false) at file /home/runner/.rustup/toolchains/nightly-2025-11-21-x86_64-unknown-linux-gnu/lib/rustlib/src/rust/library/core/src/intrinsics/mod.rs line 2449 column 9 function core::slice::index::slice_index_fail::do_panic thread 0
aborting path on assume(false) at file /home/runner/.rustup/toolchains/nightly-2025-11-21-x86_64-unknown-linux-gnu/lib/rustlib/src/rust/library/core/src/panic.rs line 178 column 9 function core::slice::index::slice_index_fail thread 0
aborting path on assume(false) at file /home/runner/.rustup/toolchains/nightly-2025-11-21-x86_64-unknown-linux-gnu/lib/rustlib/src/rust/library/core/src/slice/index.rs line 443 column 13 function <std::ops::Range<usize> as std::slice::SliceIndex<[u8]>>::index thread 0
Unwinding loop _RNvNtCs8Uhk9se0wUe_12der_verified6length13decode_length.0 iteration 1 file der-verified/src/length.rs line 101 column 5 function length::decode_length thread 0
Unwinding loop _RNvNtCs8Uhk9se0wUe_12der_verified6length13decode_length.0 iteration 2 file der-verified/src/length.rs line 101 column 5 function length::decode_length thread 0
Unwinding loop _RNvNtCs8Uhk9se0wUe_12der_verified6length13decode_length.0 iteration 3 file der-verified/src/length.rs line 101 column 5 function length::decode_length thread 0
Unwinding loop _RNvNtCs8Uhk9se0wUe_12der_verified6length13decode_length.0 iteration 4 file der-verified/src/length.rs line 101 column 5 function length::decode_length thread 0
Unwinding loop _RNvNtCs8Uhk9se0wUe_12der_verified6length13decode_length.0 iteration 5 file der-verified/src/length.rs line 101 column 5 function length::decode_length thread 0
Unwinding loop _RNvNtCs8Uhk9se0wUe_12der_verified6length13decode_length.0 iteration 6 file der-verified/src/length.rs line 101 column 5 function length::decode_length thread 0
Unwinding loop _RNvNtCs8Uhk9se0wUe_12der_verified6length13decode_length.0 iteration 7 file der-verified/src/length.rs line 101 column 5 function length::decode_length thread 0
Unwinding loop _RNvNtCs8Uhk9se0wUe_12der_verified6length13decode_length.0 iteration 8 file der-verified/src/length.rs line 101 column 5 function length::decode_length thread 0
Unwinding loop _RNvNtCs8Uhk9se0wUe_12der_verified6length13decode_length.0 iteration 9 file der-verified/src/length.rs line 101 column 5 function length::decode_length thread 0
Unwinding loop _RNvNtCs8Uhk9se0wUe_12der_verified6length13decode_length.0 iteration 10 file der-verified/src/length.rs line 101 column 5 function length::decode_length thread 0
Unwinding loop _RNvNtCs8Uhk9se0wUe_12der_verified6length13decode_length.0 iteration 11 file der-verified/src/length.rs line 101 column 5 function length::decode_length thread 0
Unwinding loop _RNvNtCs8Uhk9se0wUe_12der_verified6length13decode_length.0 iteration 12 file der-verified/src/length.rs line 101 column 5 function length::decode_length thread 0
Unwinding loop _RNvNtCs8Uhk9se0wUe_12der_verified6length13decode_length.0 iteration 13 file der-verified/src/length.rs line 101 column 5 function length::decode_length thread 0
Unwinding loop _RNvNtCs8Uhk9se0wUe_12der_verified6length13decode_length.0 iteration 14 file der-verified/src/length.rs line 101 column 5 function length::decode_length thread 0
Unwinding loop _RNvNtCs8Uhk9se0wUe_12der_verified6length13decode_length.0 iteration 15 file der-verified/src/length.rs line 101 column 5 function length::decode_length thread 0
Not unwinding loop _RNvNtCs8Uhk9se0wUe_12der_verified6length13decode_length.0 iteration 16 file der-verified/src/length.rs line 101 column 5 function length::decode_length thread 0
aborting path on assume(false) at file /home/runner/.rustup/toolchains/nightly-2025-11-21-x86_64-unknown-linux-gnu/lib/rustlib/src/rust/library/core/src/result.rs line 966 column 15 function std::result::Result::<(u32, usize), length::LengthError>::map_err::<tlv::TlvError, {closure@der-verified/src/tlv.rs:73:69: 73:72}> thread 0
aborting path on assume(false) at file /home/runner/.rustup/toolchains/nightly-2025-11-21-x86_64-unknown-linux-gnu/lib/rustlib/src/rust/library/core/src/result.rs line 2173 column 15 function <std::result::Result<(u32, usize), tlv::TlvError> as std::ops::Try>::branch thread 0
aborting path on assume(false) at file der-verified/src/lib.rs line 0 column 0 function tlv::decode_tlv thread 0
aborting path on assume(false) at file /home/runner/.rustup/toolchains/nightly-2025-11-21-x86_64-unknown-linux-gnu/lib/rustlib/src/rust/library/core/src/slice/index.rs line 435 column 5 function <std::ops::Range<usize> as std::slice::SliceIndex<[u8]>>::index thread 0
aborting path on assume(false) at file /home/runner/work/kani/kani/library/kani_core/src/models.rs line 176 column 17 function <usize as kani::rustc_intrinsics::ToISize>::to_isize thread 0
aborting path on assume(false) at file /home/runner/work/kani/kani/library/kani/src/lib.rs line 57 column 1 function <usize as kani::rustc_intrinsics::ToISize>::to_isize thread 0
aborting path on assume(false) at file /home/runner/work/kani/kani/library/kani/src/lib.rs line 57 column 1 function <usize as kani::rustc_intrinsics::ToISize>::to_isize thread 0
aborting path on assume(false) at file /home/runner/work/kani/kani/library/kani/src/lib.rs line 57 column 1 function kani::mem::cbmc::same_allocation thread 0
aborting path on assume(false) at file /home/runner/.rustup/toolchains/nightly-2025-11-21-x86_64-unknown-linux-gnu/lib/rustlib/src/rust/library/core/src/slice/index.rs line 40 column 9 function core::slice::index::slice_index_fail::do_panic::runtime thread 0
aborting path on assume(false) at file /home/runner/.rustup/toolchains/nightly-2025-11-21-x86_64-unknown-linux-gnu/lib/rustlib/src/rust/library/core/src/intrinsics/mod.rs line 2449 column 9 function core::slice::index::slice_index_fail::do_panic thread 0
aborting path on assume(false) at file /home/runner/.rustup/toolchains/nightly-2025-11-21-x86_64-unknown-linux-gnu/lib/rustlib/src/rust/library/core/src/panic.rs line 178 column 9 function core::slice::index::slice_index_fail thread 0
aborting path on assume(false) at file /home/runner/.rustup/toolchains/nightly-2025-11-21-x86_64-unknown-linux-gnu/lib/rustlib/src/rust/library/core/src/slice/index.rs line 49 column 9 function core::slice::index::slice_index_fail::do_panic::runtime thread 0
aborting path on assume(false) at file /home/runner/.rustup/toolchains/nightly-2025-11-21-x86_64-unknown-linux-gnu/lib/rustlib/src/rust/library/core/src/intrinsics/mod.rs line 2449 column 9 function core::slice::index::slice_index_fail::do_panic thread 0
aborting path on assume(false) at file /home/runner/.rustup/toolchains/nightly-2025-11-21-x86_64-unknown-linux-gnu/lib/rustlib/src/rust/library/core/src/panic.rs line 178 column 9 function core::slice::index::slice_index_fail thread 0
aborting path on assume(false) at file /home/runner/.rustup/toolchains/nightly-2025-11-21-x86_64-unknown-linux-gnu/lib/rustlib/src/rust/library/core/src/slice/index.rs line 58 column 9 function core::slice::index::slice_index_fail::do_panic::runtime thread 0
aborting path on assume(false) at file /home/runner/.rustup/toolchains/nightly-2025-11-21-x86_64-unknown-linux-gnu/lib/rustlib/src/rust/library/core/src/intrinsics/mod.rs line 2449 column 9 function core::slice::index::slice_index_fail::do_panic thread 0
aborting path on assume(false) at file /home/runner/.rustup/toolchains/nightly-2025-11-21-x86_64-unknown-linux-gnu/lib/rustlib/src/rust/library/core/src/panic.rs line 178 column 9 function core::slice::index::slice_index_fail thread 0
aborting path on assume(false) at file /home/runner/.rustup/toolchains/nightly-2025-11-21-x86_64-unknown-linux-gnu/lib/rustlib/src/rust/library/core/src/slice/index.rs line 68 column 5 function core::slice::index::slice_index_fail::do_panic::runtime thread 0
aborting path on assume(false) at file /home/runner/.rustup/toolchains/nightly-2025-11-21-x86_64-unknown-linux-gnu/lib/rustlib/src/rust/library/core/src/intrinsics/mod.rs line 2449 column 9 function core::slice::index::slice_index_fail::do_panic thread 0
aborting path on assume(false) at file /home/runner/.rustup/toolchains/nightly-2025-11-21-x86_64-unknown-linux-gnu/lib/rustlib/src/rust/library/core/src/panic.rs line 178 column 9 function core::slice::index::slice_index_fail thread 0
aborting path on assume(false) at file /home/runner/.rustup/toolchains/nightly-2025-11-21-x86_64-unknown-linux-gnu/lib/rustlib/src/rust/library/core/src/slice/index.rs line 443 column 13 function <std::ops::Range<usize> as std::slice::SliceIndex<[u8]>>::index thread 0
aborting path on assume(false) at file /home/runner/.rustup/toolchains/nightly-2025-11-21-x86_64-unknown-linux-gnu/lib/rustlib/src/rust/library/core/src/result.rs line 966 column 15 function std::result::Result::<(tlv::Tlv<'_>, usize), tlv::TlvError>::map_err::<set_of::SetOfError, fn(tlv::TlvError) -> set_of::SetOfError {set_of::SetOfError::Element}> thread 0
aborting path on assume(false) at file /home/runner/.rustup/toolchains/nightly-2025-11-21-x86_64-unknown-linux-gnu/lib/rustlib/src/rust/library/core/src/result.rs line 2173 column 15 function <std::result::Result<(tlv::Tlv<'_>, usize), set_of::SetOfError> as std::ops::Try>::branch thread 0
aborting path on assume(false) at file /home/runner/.rustup/toolchains/nightly-2025-11-21-x86_64-unknown-linux-gnu/lib/rustlib/src/rust/library/core/src/slice/index.rs line 435 column 5 function <std::ops::Range<usize> as std::slice::SliceIndex<[u8]>>::index thread 0
aborting path on assume(false) at file /home/runner/work/kani/kani/library/kani_core/src/models.rs line 176 column 17 function <usize as kani::rustc_intrinsics::ToISize>::to_isize thread 0
aborting path on assume(false) at file /home/runner/work/kani/kani/library/kani/src/lib.rs line 57 column 1 function <usize as kani::rustc_intrinsics::ToISize>::to_isize thread 0
aborting path on assume(false) at file /home/runner/work/kani/kani/library/kani/src/lib.rs line 57 column 1 function <usize as kani::rustc_intrinsics::ToISize>::to_isize thread 0
aborting path on assume(false) at file /home/runner/.rustup/toolchains/nightly-2025-11-21-x86_64-unknown-linux-gnu/lib/rustlib/src/rust/library/core/src/slice/index.rs line 40 column 9 function core::slice::index::slice_index_fail::do_panic::runtime thread 0
aborting path on assume(false) at file /home/runner/.rustup/toolchains/nightly-2025-11-21-x86_64-unknown-linux-gnu/lib/rustlib/src/rust/library/core/src/intrinsics/mod.rs line 2449 column 9 function core::slice::index::slice_index_fail::do_panic thread 0
aborting path on assume(false) at file /home/runner/.rustup/toolchains/nightly-2025-11-21-x86_64-unknown-linux-gnu/lib/rustlib/src/rust/library/core/src/panic.rs line 178 column 9 function core::slice::index::slice_index_fail thread 0
aborting path on assume(false) at file /home/runner/.rustup/toolchains/nightly-2025-11-21-x86_64-unknown-linux-gnu/lib/rustlib/src/rust/library/core/src/slice/index.rs line 49 column 9 function core::slice::index::slice_index_fail::do_panic::runtime thread 0
aborting path on assume(false) at file /home/runner/.rustup/toolchains/nightly-2025-11-21-x86_64-unknown-linux-gnu/lib/rustlib/src/rust/library/core/src/intrinsics/mod.rs line 2449 column 9 function core::slice::index::slice_index_fail::do_panic thread 0
aborting path on assume(false) at file /home/runner/.rustup/toolchains/nightly-2025-11-21-x86_64-unknown-linux-gnu/lib/rustlib/src/rust/library/core/src/panic.rs line 178 column 9 function core::slice::index::slice_index_fail thread 0
aborting path on assume(false) at file /home/runner/.rustup/toolchains/nightly-2025-11-21-x86_64-unknown-linux-gnu/lib/rustlib/src/rust/library/core/src/slice/index.rs line 58 column 9 function core::slice::index::slice_index_fail::do_panic::runtime thread 0
aborting path on assume(false) at file /home/runner/.rustup/toolchains/nightly-2025-11-21-x86_64-unknown-linux-gnu/lib/rustlib/src/rust/library/core/src/intrinsics/mod.rs line 2449 column 9 function core::slice::index::slice_index_fail::do_panic thread 0
aborting path on assume(false) at file /home/runner/.rustup/toolchains/nightly-2025-11-21-x86_64-unknown-linux-gnu/lib/rustlib/src/rust/library/core/src/panic.rs line 178 column 9 function core::slice::index::slice_index_fail thread 0
aborting path on assume(false) at file /home/runner/.rustup/toolchains/nightly-2025-11-21-x86_64-unknown-linux-gnu/lib/rustlib/src/rust/library/core/src/slice/index.rs line 68 column 5 function core::slice::index::slice_index_fail::do_panic::runtime thread 0
aborting path on assume(false) at file /home/runner/.rustup/toolchains/nightly-2025-11-21-x86_64-unknown-linux-gnu/lib/rustlib/src/rust/library/core/src/intrinsics/mod.rs line 2449 column 9 function core::slice::index::slice_index_fail::do_panic thread 0
aborting path on assume(false) at file /home/runner/.rustup/toolchains/nightly-2025-11-21-x86_64-unknown-linux-gnu/lib/rustlib/src/rust/library/core/src/panic.rs line 178 column 9 function core::slice::index::slice_index_fail thread 0
aborting path on assume(false) at file /home/runner/.rustup/toolchains/nightly-2025-11-21-x86_64-unknown-linux-gnu/lib/rustlib/src/rust/library/core/src/slice/index.rs line 443 column 13 function <std::ops::Range<usize> as std::slice::SliceIndex<[u8]>>::index thread 0
aborting path on assume(false) at file der-verified/src/set_of.rs line 146 column 28 function set_of::decode_set_of thread 0
Unwinding loop _RNvNtCs8Uhk9se0wUe_12der_verified6set_of13decode_set_of.0 iteration 7 file der-verified/src/set_of.rs line 145 column 5 function set_of::decode_set_of thread 0
aborting path on assume(false) at file /home/runner/.rustup/toolchains/nightly-2025-11-21-x86_64-unknown-linux-gnu/lib/rustlib/src/rust/library/core/src/slice/index.rs line 40 column 9 function core::slice::index::slice_index_fail::do_panic::runtime thread 0
aborting path on assume(false) at file /home/runner/.rustup/toolchains/nightly-2025-11-21-x86_64-unknown-linux-gnu/lib/rustlib/src/rust/library/core/src/intrinsics/mod.rs line 2449 column 9 function core::slice::index::slice_index_fail::do_panic thread 0
aborting path on assume(false) at file /home/runner/.rustup/toolchains/nightly-2025-11-21-x86_64-unknown-linux-gnu/lib/rustlib/src/rust/library/core/src/panic.rs line 178 column 9 function core::slice::index::slice_index_fail thread 0
aborting path on assume(false) at file /home/runner/.rustup/toolchains/nightly-2025-11-21-x86_64-unknown-linux-gnu/lib/rustlib/src/rust/library/core/src/slice/index.rs line 58 column 9 function core::slice::index::slice_index_fail::do_panic::runtime thread 0
aborting path on assume(false) at file /home/runner/.rustup/toolchains/nightly-2025-11-21-x86_64-unknown-linux-gnu/lib/rustlib/src/rust/library/core/src/intrinsics/mod.rs line 2449 column 9 function core::slice::index::slice_index_fail::do_panic thread 0
aborting path on assume(false) at file /home/runner/.rustup/toolchains/nightly-2025-11-21-x86_64-unknown-linux-gnu/lib/rustlib/src/rust/library/core/src/panic.rs line 178 column 9 function core::slice::index::slice_index_fail thread 0
aborting path on assume(false) at file /home/runner/.rustup/toolchains/nightly-2025-11-21-x86_64-unknown-linux-gnu/lib/rustlib/src/rust/library/core/src/slice/index.rs line 68 column 5 function core::slice::index::slice_index_fail::do_panic::runtime thread 0
aborting path on assume(false) at file /home/runner/.rustup/toolchains/nightly-2025-11-21-x86_64-unknown-linux-gnu/lib/rustlib/src/rust/library/core/src/intrinsics/mod.rs line 2449 column 9 function core::slice::index::slice_index_fail::do_panic thread 0
aborting path on assume(false) at file /home/runner/.rustup/toolchains/nightly-2025-11-21-x86_64-unknown-linux-gnu/lib/rustlib/src/rust/library/core/src/panic.rs line 178 column 9 function core::slice::index::slice_index_fail thread 0
aborting path on assume(false) at file /home/runner/.rustup/toolchains/nightly-2025-11-21-x86_64-unknown-linux-gnu/lib/rustlib/src/rust/library/core/src/slice/index.rs line 569 column 13 function <std::ops::RangeFrom<usize> as std::slice::SliceIndex<[u8]>>::index thread 0
aborting path on assume(false) at file /home/runner/work/kani/kani/library/kani_core/src/models.rs line 176 column 17 function <usize as kani::rustc_intrinsics::ToISize>::to_isize thread 0
aborting path on assume(false) at file /home/runner/work/kani/kani/library/kani/src/lib.rs line 57 column 1 function <usize as kani::rustc_intrinsics::ToISize>::to_isize thread 0
aborting path on assume(false) at file /home/runner/work/kani/kani/library/kani/src/lib.rs line 57 column 1 function <usize as kani::rustc_intrinsics::ToISize>::to_isize thread 0
Unwinding loop _RNvNtCs8Uhk9se0wUe_12der_verified3tag10decode_tag.0 iteration 1 file der-verified/src/tag.rs line 137 column 49 function tag::decode_tag thread 0
Unwinding loop _RNvNtCs8Uhk9se0wUe_12der_verified3tag10decode_tag.0 iteration 2 file der-verified/src/tag.rs line 137 column 49 function tag::decode_tag thread 0
Unwinding loop _RNvNtCs8Uhk9se0wUe_12der_verified3tag10decode_tag.0 iteration 3 file der-verified/src/tag.rs line 137 column 49 function tag::decode_tag thread 0
Unwinding loop _RNvNtCs8Uhk9se0wUe_12der_verified3tag10decode_tag.0 iteration 4 file der-verified/src/tag.rs line 137 column 49 function tag::decode_tag thread 0
Unwinding loop _RNvNtCs8Uhk9se0wUe_12der_verified3tag10decode_tag.0 iteration 5 file der-verified/src/tag.rs line 137 column 49 function tag::decode_tag thread 0
Unwinding loop _RNvNtCs8Uhk9se0wUe_12der_verified3tag10decode_tag.0 iteration 6 file der-verified/src/tag.rs line 137 column 49 function tag::decode_tag thread 0
Unwinding loop _RNvNtCs8Uhk9se0wUe_12der_verified3tag10decode_tag.0 iteration 7 file der-verified/src/tag.rs line 137 column 49 function tag::decode_tag thread 0
Unwinding loop _RNvNtCs8Uhk9se0wUe_12der_verified3tag10decode_tag.0 iteration 8 file der-verified/src/tag.rs line 137 column 49 function tag::decode_tag thread 0
Unwinding loop _RNvNtCs8Uhk9se0wUe_12der_verified3tag10decode_tag.0 iteration 9 file der-verified/src/tag.rs line 137 column 49 function tag::decode_tag thread 0
Unwinding loop _RNvNtCs8Uhk9se0wUe_12der_verified3tag10decode_tag.0 iteration 10 file der-verified/src/tag.rs line 137 column 49 function tag::decode_tag thread 0
Unwinding loop _RNvNtCs8Uhk9se0wUe_12der_verified3tag10decode_tag.0 iteration 11 file der-verified/src/tag.rs line 137 column 49 function tag::decode_tag thread 0
Unwinding loop _RNvNtCs8Uhk9se0wUe_12der_verified3tag10decode_tag.0 iteration 12 file der-verified/src/tag.rs line 137 column 49 function tag::decode_tag thread 0
Unwinding loop _RNvNtCs8Uhk9se0wUe_12der_verified3tag10decode_tag.0 iteration 13 file der-verified/src/tag.rs line 137 column 49 function tag::decode_tag thread 0
Unwinding loop _RNvNtCs8Uhk9se0wUe_12der_verified3tag10decode_tag.0 iteration 14 file der-verified/src/tag.rs line 137 column 49 function tag::decode_tag thread 0
Unwinding loop _RNvNtCs8Uhk9se0wUe_12der_verified3tag10decode_tag.0 iteration 15 file der-verified/src/tag.rs line 137 column 49 function tag::decode_tag thread 0
Not unwinding loop _RNvNtCs8Uhk9se0wUe_12der_verified3tag10decode_tag.0 iteration 16 file der-verified/src/tag.rs line 137 column 49 function tag::decode_tag thread 0
aborting path on assume(false) at file /home/runner/.rustup/toolchains/nightly-2025-11-21-x86_64-unknown-linux-gnu/lib/rustlib/src/rust/library/core/src/result.rs line 2173 column 15 function <std::result::Result<(u32, usize), tag::TagError> as std::ops::Try>::branch thread 0
aborting path on assume(false) at file der-verified/src/lib.rs line 0 column 0 function tag::decode_tag thread 0
aborting path on assume(false) at file /home/runner/.rustup/toolchains/nightly-2025-11-21-x86_64-unknown-linux-gnu/lib/rustlib/src/rust/library/core/src/result.rs line 966 column 15 function std::result::Result::<(tag::Tag, usize), tag::TagError>::map_err::<tlv::TlvError, {closure@der-verified/src/tlv.rs:71:51: 71:54}> thread 0
aborting path on assume(false) at file /home/runner/.rustup/toolchains/nightly-2025-11-21-x86_64-unknown-linux-gnu/lib/rustlib/src/rust/library/core/src/result.rs line 2173 column 15 function <std::result::Result<(tag::Tag, usize), tlv::TlvError> as std::ops::Try>::branch thread 0
aborting path on assume(false) at file /home/runner/.rustup/toolchains/nightly-2025-11-21-x86_64-unknown-linux-gnu/lib/rustlib/src/rust/library/core/src/slice/index.rs line 40 column 9 function core::slice::index::slice_index_fail::do_panic::runtime thread 0
aborting path on assume(false) at file /home/runner/.rustup/toolchains/nightly-2025-11-21-x86_64-unknown-linux-gnu/lib/rustlib/src/rust/library/core/src/intrinsics/mod.rs line 2449 column 9 function core::slice::index::slice_index_fail::do_panic thread 0
aborting path on assume(false) at file /home/runner/.rustup/toolchains/nightly-2025-11-21-x86_64-unknown-linux-gnu/lib/rustlib/src/rust/library/core/src/panic.rs line 178 column 9 function core::slice::index::slice_index_fail thread 0
aborting path on assume(false) at file /home/runner/.rustup/toolchains/nightly-2025-11-21-x86_64-unknown-linux-gnu/lib/rustlib/src/rust/library/core/src/slice/index.rs line 49 column 9 function core::slice::index::slice_index_fail::do_panic::runtime thread 0
aborting path on assume(false) at file /home/runner/.rustup/toolchains/nightly-2025-11-21-x86_64-unknown-linux-gnu/lib/rustlib/src/rust/library/core/src/intrinsics/mod.rs line 2449 column 9 function core::slice::index::slice_index_fail::do_panic thread 0
aborting path on assume(false) at file /home/runner/.rustup/toolchains/nightly-2025-11-21-x86_64-unknown-linux-gnu/lib/rustlib/src/rust/library/core/src/panic.rs line 178 column 9 function core::slice::index::slice_index_fail thread 0
aborting path on assume(false) at file /home/runner/.rustup/toolchains/nightly-2025-11-21-x86_64-unknown-linux-gnu/lib/rustlib/src/rust/library/core/src/slice/index.rs line 58 column 9 function core::slice::index::slice_index_fail::do_panic::runtime thread 0
aborting path on assume(false) at file /home/runner/.rustup/toolchains/nightly-2025-11-21-x86_64-unknown-linux-gnu/lib/rustlib/src/rust/library/core/src/intrinsics/mod.rs line 2449 column 9 function core::slice::index::slice_index_fail::do_panic thread 0
aborting path on assume(false) at file /home/runner/.rustup/toolchains/nightly-2025-11-21-x86_64-unknown-linux-gnu/lib/rustlib/src/rust/library/core/src/panic.rs line 178 column 9 function core::slice::index::slice_index_fail thread 0
aborting path on assume(false) at file /home/runner/.rustup/toolchains/nightly-2025-11-21-x86_64-unknown-linux-gnu/lib/rustlib/src/rust/library/core/src/slice/index.rs line 68 column 5 function core::slice::index::slice_index_fail::do_panic::runtime thread 0
aborting path on assume(false) at file /home/runner/.rustup/toolchains/nightly-2025-11-21-x86_64-unknown-linux-gnu/lib/rustlib/src/rust/library/core/src/intrinsics/mod.rs line 2449 column 9 function core::slice::index::slice_index_fail::do_panic thread 0
aborting path on assume(false) at file /home/runner/.rustup/toolchains/nightly-2025-11-21-x86_64-unknown-linux-gnu/lib/rustlib/src/rust/library/core/src/panic.rs line 178 column 9 function core::slice::index::slice_index_fail thread 0
aborting path on assume(false) at file /home/runner/.rustup/toolchains/nightly-2025-11-21-x86_64-unknown-linux-gnu/lib/rustlib/src/rust/library/core/src/slice/index.rs line 569 column 13 function <std::ops::RangeFrom<usize> as std::slice::SliceIndex<[u8]>>::index thread 0
aborting path on assume(false) at file /home/runner/work/kani/kani/library/kani_core/src/models.rs line 176 column 17 function <usize as kani::rustc_intrinsics::ToISize>::to_isize thread 0
aborting path on assume(false) at file /home/runner/work/kani/kani/library/kani/src/lib.rs line 57 column 1 function <usize as kani::rustc_intrinsics::ToISize>::to_isize thread 0
aborting path on assume(false) at file /home/runner/work/kani/kani/library/kani/src/lib.rs line 57 column 1 function <usize as kani::rustc_intrinsics::ToISize>::to_isize thread 0
aborting path on assume(false) at file /home/runner/work/kani/kani/library/kani/src/lib.rs line 57 column 1 function kani::mem::cbmc::same_allocation thread 0
aborting path on assume(false) at file der-verified/src/length.rs line 75 column 23 function length::decode_length thread 0
aborting path on assume(false) at file /home/runner/.rustup/toolchains/nightly-2025-11-21-x86_64-unknown-linux-gnu/lib/rustlib/src/rust/library/core/src/slice/index.rs line 435 column 5 function <std::ops::Range<usize> as std::slice::SliceIndex<[u8]>>::index thread 0
aborting path on assume(false) at file /home/runner/work/kani/kani/library/kani/src/lib.rs line 57 column 1 function kani::mem::cbmc::same_allocation thread 0
aborting path on assume(false) at file /home/runner/.rustup/toolchains/nightly-2025-11-21-x86_64-unknown-linux-gnu/lib/rustlib/src/rust/library/core/src/slice/index.rs line 40 column 9 function core::slice::index::slice_index_fail::do_panic::runtime thread 0
aborting path on assume(false) at file /home/runner/.rustup/toolchains/nightly-2025-11-21-x86_64-unknown-linux-gnu/lib/rustlib/src/rust/library/core/src/intrinsics/mod.rs line 2449 column 9 function core::slice::index::slice_index_fail::do_panic thread 0
aborting path on assume(false) at file /home/runner/.rustup/toolchains/nightly-2025-11-21-x86_64-unknown-linux-gnu/lib/rustlib/src/rust/library/core/src/panic.rs line 178 column 9 function core::slice::index::slice_index_fail thread 0
aborting path on assume(false) at file /home/runner/.rustup/toolchains/nightly-2025-11-21-x86_64-unknown-linux-gnu/lib/rustlib/src/rust/library/core/src/slice/index.rs line 49 column 9 function core::slice::index::slice_index_fail::do_panic::runtime thread 0
aborting path on assume(false) at file /home/runner/.rustup/toolchains/nightly-2025-11-21-x86_64-unknown-linux-gnu/lib/rustlib/src/rust/library/core/src/intrinsics/mod.rs line 2449 column 9 function core::slice::index::slice_index_fail::do_panic thread 0
aborting path on assume(false) at file /home/runner/.rustup/toolchains/nightly-2025-11-21-x86_64-unknown-linux-gnu/lib/rustlib/src/rust/library/core/src/panic.rs line 178 column 9 function core::slice::index::slice_index_fail thread 0
aborting path on assume(false) at file /home/runner/.rustup/toolchains/nightly-2025-11-21-x86_64-unknown-linux-gnu/lib/rustlib/src/rust/library/core/src/slice/index.rs line 58 column 9 function core::slice::index::slice_index_fail::do_panic::runtime thread 0
aborting path on assume(false) at file /home/runner/.rustup/toolchains/nightly-2025-11-21-x86_64-unknown-linux-gnu/lib/rustlib/src/rust/library/core/src/intrinsics/mod.rs line 2449 column 9 function core::slice::index::slice_index_fail::do_panic thread 0
aborting path on assume(false) at file /home/runner/.rustup/toolchains/nightly-2025-11-21-x86_64-unknown-linux-gnu/lib/rustlib/src/rust/library/core/src/panic.rs line 178 column 9 function core::slice::index::slice_index_fail thread 0
aborting path on assume(false) at file /home/runner/.rustup/toolchains/nightly-2025-11-21-x86_64-unknown-linux-gnu/lib/rustlib/src/rust/library/core/src/slice/index.rs line 68 column 5 function core::slice::index::slice_index_fail::do_panic::runtime thread 0
aborting path on assume(false) at file /home/runner/.rustup/toolchains/nightly-2025-11-21-x86_64-unknown-linux-gnu/lib/rustlib/src/rust/library/core/src/intrinsics/mod.rs line 2449 column 9 function core::slice::index::slice_index_fail::do_panic thread 0
aborting path on assume(false) at file /home/runner/.rustup/toolchains/nightly-2025-11-21-x86_64-unknown-linux-gnu/lib/rustlib/src/rust/library/core/src/panic.rs line 178 column 9 function core::slice::index::slice_index_fail thread 0
aborting path on assume(false) at file /home/runner/.rustup/toolchains/nightly-2025-11-21-x86_64-unknown-linux-gnu/lib/rustlib/src/rust/library/core/src/slice/index.rs line 443 column 13 function <std::ops::Range<usize> as std::slice::SliceIndex<[u8]>>::index thread 0
Unwinding loop _RNvNtCs8Uhk9se0wUe_12der_verified6length13decode_length.0 iteration 1 file der-verified/src/length.rs line 101 column 5 function length::decode_length thread 0
Unwinding loop _RNvNtCs8Uhk9se0wUe_12der_verified6length13decode_length.0 iteration 2 file der-verified/src/length.rs line 101 column 5 function length::decode_length thread 0
Unwinding loop _RNvNtCs8Uhk9se0wUe_12der_verified6length13decode_length.0 iteration 3 file der-verified/src/length.rs line 101 column 5 function length::decode_length thread 0
Unwinding loop _RNvNtCs8Uhk9se0wUe_12der_verified6length13decode_length.0 iteration 4 file der-verified/src/length.rs line 101 column 5 function length::decode_length thread 0
Unwinding loop _RNvNtCs8Uhk9se0wUe_12der_verified6length13decode_length.0 iteration 5 file der-verified/src/length.rs line 101 column 5 function length::decode_length thread 0
Unwinding loop _RNvNtCs8Uhk9se0wUe_12der_verified6length13decode_length.0 iteration 6 file der-verified/src/length.rs line 101 column 5 function length::decode_length thread 0
Unwinding loop _RNvNtCs8Uhk9se0wUe_12der_verified6length13decode_length.0 iteration 7 file der-verified/src/length.rs line 101 column 5 function length::decode_length thread 0
Unwinding loop _RNvNtCs8Uhk9se0wUe_12der_verified6length13decode_length.0 iteration 8 file der-verified/src/length.rs line 101 column 5 function length::decode_length thread 0
Unwinding loop _RNvNtCs8Uhk9se0wUe_12der_verified6length13decode_length.0 iteration 9 file der-verified/src/length.rs line 101 column 5 function length::decode_length thread 0
Unwinding loop _RNvNtCs8Uhk9se0wUe_12der_verified6length13decode_length.0 iteration 10 file der-verified/src/length.rs line 101 column 5 function length::decode_length thread 0
Unwinding loop _RNvNtCs8Uhk9se0wUe_12der_verified6length13decode_length.0 iteration 11 file der-verified/src/length.rs line 101 column 5 function length::decode_length thread 0
Unwinding loop _RNvNtCs8Uhk9se0wUe_12der_verified6length13decode_length.0 iteration 12 file der-verified/src/length.rs line 101 column 5 function length::decode_length thread 0
Unwinding loop _RNvNtCs8Uhk9se0wUe_12der_verified6length13decode_length.0 iteration 13 file der-verified/src/length.rs line 101 column 5 function length::decode_length thread 0
Unwinding loop _RNvNtCs8Uhk9se0wUe_12der_verified6length13decode_length.0 iteration 14 file der-verified/src/length.rs line 101 column 5 function length::decode_length thread 0
Unwinding loop _RNvNtCs8Uhk9se0wUe_12der_verified6length13decode_length.0 iteration 15 file der-verified/src/length.rs line 101 column 5 function length::decode_length thread 0
Not unwinding loop _RNvNtCs8Uhk9se0wUe_12der_verified6length13decode_length.0 iteration 16 file der-verified/src/length.rs line 101 column 5 function length::decode_length thread 0
aborting path on assume(false) at file /home/runner/.rustup/toolchains/nightly-2025-11-21-x86_64-unknown-linux-gnu/lib/rustlib/src/rust/library/core/src/result.rs line 966 column 15 function std::result::Result::<(u32, usize), length::LengthError>::map_err::<tlv::TlvError, {closure@der-verified/src/tlv.rs:73:69: 73:72}> thread 0
aborting path on assume(false) at file /home/runner/.rustup/toolchains/nightly-2025-11-21-x86_64-unknown-linux-gnu/lib/rustlib/src/rust/library/core/src/result.rs line 2173 column 15 function <std::result::Result<(u32, usize), tlv::TlvError> as std::ops::Try>::branch thread 0
aborting path on assume(false) at file der-verified/src/lib.rs line 0 column 0 function tlv::decode_tlv thread 0
aborting path on assume(false) at file /home/runner/.rustup/toolchains/nightly-2025-11-21-x86_64-unknown-linux-gnu/lib/rustlib/src/rust/library/core/src/slice/index.rs line 435 column 5 function <std::ops::Range<usize> as std::slice::SliceIndex<[u8]>>::index thread 0
aborting path on assume(false) at file /home/runner/work/kani/kani/library/kani_core/src/models.rs line 176 column 17 function <usize as kani::rustc_intrinsics::ToISize>::to_isize thread 0
aborting path on assume(false) at file /home/runner/work/kani/kani/library/kani/src/lib.rs line 57 column 1 function <usize as kani::rustc_intrinsics::ToISize>::to_isize thread 0
aborting path on assume(false) at file /home/runner/work/kani/kani/library/kani/src/lib.rs line 57 column 1 function <usize as kani::rustc_intrinsics::ToISize>::to_isize thread 0
aborting path on assume(false) at file /home/runner/work/kani/kani/library/kani/src/lib.rs line 57 column 1 function kani::mem::cbmc::same_allocation thread 0
aborting path on assume(false) at file /home/runner/.rustup/toolchains/nightly-2025-11-21-x86_64-unknown-linux-gnu/lib/rustlib/src/rust/library/core/src/slice/index.rs line 40 column 9 function core::slice::index::slice_index_fail::do_panic::runtime thread 0
aborting path on assume(false) at file /home/runner/.rustup/toolchains/nightly-2025-11-21-x86_64-unknown-linux-gnu/lib/rustlib/src/rust/library/core/src/intrinsics/mod.rs line 2449 column 9 function core::slice::index::slice_index_fail::do_panic thread 0
aborting path on assume(false) at file /home/runner/.rustup/toolchains/nightly-2025-11-21-x86_64-unknown-linux-gnu/lib/rustlib/src/rust/library/core/src/panic.rs line 178 column 9 function core::slice::index::slice_index_fail thread 0
aborting path on assume(false) at file /home/runner/.rustup/toolchains/nightly-2025-11-21-x86_64-unknown-linux-gnu/lib/rustlib/src/rust/library/core/src/slice/index.rs line 49 column 9 function core::slice::index::slice_index_fail::do_panic::runtime thread 0
aborting path on assume(false) at file /home/runner/.rustup/toolchains/nightly-2025-11-21-x86_64-unknown-linux-gnu/lib/rustlib/src/rust/library/core/src/intrinsics/mod.rs line 2449 column 9 function core::slice::index::slice_index_fail::do_panic thread 0
aborting path on assume(false) at file /home/runner/.rustup/toolchains/nightly-2025-11-21-x86_64-unknown-linux-gnu/lib/rustlib/src/rust/library/core/src/panic.rs line 178 column 9 function core::slice::index::slice_index_fail thread 0
aborting path on assume(false) at file /home/runner/.rustup/toolchains/nightly-2025-11-21-x86_64-unknown-linux-gnu/lib/rustlib/src/rust/library/core/src/slice/index.rs line 58 column 9 function core::slice::index::slice_index_fail::do_panic::runtime thread 0
aborting path on assume(false) at file /home/runner/.rustup/toolchains/nightly-2025-11-21-x86_64-unknown-linux-gnu/lib/rustlib/src/rust/library/core/src/intrinsics/mod.rs line 2449 column 9 function core::slice::index::slice_index_fail::do_panic thread 0
aborting path on assume(false) at file /home/runner/.rustup/toolchains/nightly-2025-11-21-x86_64-unknown-linux-gnu/lib/rustlib/src/rust/library/core/src/panic.rs line 178 column 9 function core::slice::index::slice_index_fail thread 0
aborting path on assume(false) at file /home/runner/.rustup/toolchains/nightly-2025-11-21-x86_64-unknown-linux-gnu/lib/rustlib/src/rust/library/core/src/slice/index.rs line 68 column 5 function core::slice::index::slice_index_fail::do_panic::runtime thread 0
aborting path on assume(false) at file /home/runner/.rustup/toolchains/nightly-2025-11-21-x86_64-unknown-linux-gnu/lib/rustlib/src/rust/library/core/src/intrinsics/mod.rs line 2449 column 9 function core::slice::index::slice_index_fail::do_panic thread 0
aborting path on assume(false) at file /home/runner/.rustup/toolchains/nightly-2025-11-21-x86_64-unknown-linux-gnu/lib/rustlib/src/rust/library/core/src/panic.rs line 178 column 9 function core::slice::index::slice_index_fail thread 0
aborting path on assume(false) at file /home/runner/.rustup/toolchains/nightly-2025-11-21-x86_64-unknown-linux-gnu/lib/rustlib/src/rust/library/core/src/slice/index.rs line 443 column 13 function <std::ops::Range<usize> as std::slice::SliceIndex<[u8]>>::index thread 0
aborting path on assume(false) at file /home/runner/.rustup/toolchains/nightly-2025-11-21-x86_64-unknown-linux-gnu/lib/rustlib/src/rust/library/core/src/result.rs line 966 column 15 function std::result::Result::<(tlv::Tlv<'_>, usize), tlv::TlvError>::map_err::<set_of::SetOfError, fn(tlv::TlvError) -> set_of::SetOfError {set_of::SetOfError::Element}> thread 0
aborting path on assume(false) at file /home/runner/.rustup/toolchains/nightly-2025-11-21-x86_64-unknown-linux-gnu/lib/rustlib/src/rust/library/core/src/result.rs line 2173 column 15 function <std::result::Result<(tlv::Tlv<'_>, usize), set_of::SetOfError> as std::ops::Try>::branch thread 0
aborting path on assume(false) at file /home/runner/.rustup/toolchains/nightly-2025-11-21-x86_64-unknown-linux-gnu/lib/rustlib/src/rust/library/core/src/slice/index.rs line 435 column 5 function <std::ops::Range<usize> as std::slice::SliceIndex<[u8]>>::index thread 0
aborting path on assume(false) at file /home/runner/work/kani/kani/library/kani_core/src/models.rs line 176 column 17 function <usize as kani::rustc_intrinsics::ToISize>::to_isize thread 0
aborting path on assume(false) at file /home/runner/work/kani/kani/library/kani/src/lib.rs line 57 column 1 function <usize as kani::rustc_intrinsics::ToISize>::to_isize thread 0
aborting path on assume(false) at file /home/runner/work/kani/kani/library/kani/src/lib.rs line 57 column 1 function <usize as kani::rustc_intrinsics::ToISize>::to_isize thread 0
aborting path on assume(false) at file /home/runner/.rustup/toolchains/nightly-2025-11-21-x86_64-unknown-linux-gnu/lib/rustlib/src/rust/library/core/src/slice/index.rs line 40 column 9 function core::slice::index::slice_index_fail::do_panic::runtime thread 0
aborting path on assume(false) at file /home/runner/.rustup/toolchains/nightly-2025-11-21-x86_64-unknown-linux-gnu/lib/rustlib/src/rust/library/core/src/intrinsics/mod.rs line 2449 column 9 function core::slice::index::slice_index_fail::do_panic thread 0
aborting path on assume(false) at file /home/runner/.rustup/toolchains/nightly-2025-11-21-x86_64-unknown-linux-gnu/lib/rustlib/src/rust/library/core/src/panic.rs line 178 column 9 function core::slice::index::slice_index_fail thread 0
aborting path on assume(false) at file /home/runner/.rustup/toolchains/nightly-2025-11-21-x86_64-unknown-linux-gnu/lib/rustlib/src/rust/library/core/src/slice/index.rs line 49 column 9 function core::slice::index::slice_index_fail::do_panic::runtime thread 0
aborting path on assume(false) at file /home/runner/.rustup/toolchains/nightly-2025-11-21-x86_64-unknown-linux-gnu/lib/rustlib/src/rust/library/core/src/intrinsics/mod.rs line 2449 column 9 function core::slice::index::slice_index_fail::do_panic thread 0
aborting path on assume(false) at file /home/runner/.rustup/toolchains/nightly-2025-11-21-x86_64-unknown-linux-gnu/lib/rustlib/src/rust/library/core/src/panic.rs line 178 column 9 function core::slice::index::slice_index_fail thread 0
aborting path on assume(false) at file /home/runner/.rustup/toolchains/nightly-2025-11-21-x86_64-unknown-linux-gnu/lib/rustlib/src/rust/library/core/src/slice/index.rs line 58 column 9 function core::slice::index::slice_index_fail::do_panic::runtime thread 0
aborting path on assume(false) at file /home/runner/.rustup/toolchains/nightly-2025-11-21-x86_64-unknown-linux-gnu/lib/rustlib/src/rust/library/core/src/intrinsics/mod.rs line 2449 column 9 function core::slice::index::slice_index_fail::do_panic thread 0
aborting path on assume(false) at file /home/runner/.rustup/toolchains/nightly-2025-11-21-x86_64-unknown-linux-gnu/lib/rustlib/src/rust/library/core/src/panic.rs line 178 column 9 function core::slice::index::slice_index_fail thread 0
aborting path on assume(false) at file /home/runner/.rustup/toolchains/nightly-2025-11-21-x86_64-unknown-linux-gnu/lib/rustlib/src/rust/library/core/src/slice/index.rs line 68 column 5 function core::slice::index::slice_index_fail::do_panic::runtime thread 0
aborting path on assume(false) at file /home/runner/.rustup/toolchains/nightly-2025-11-21-x86_64-unknown-linux-gnu/lib/rustlib/src/rust/library/core/src/intrinsics/mod.rs line 2449 column 9 function core::slice::index::slice_index_fail::do_panic thread 0
aborting path on assume(false) at file /home/runner/.rustup/toolchains/nightly-2025-11-21-x86_64-unknown-linux-gnu/lib/rustlib/src/rust/library/core/src/panic.rs line 178 column 9 function core::slice::index::slice_index_fail thread 0
aborting path on assume(false) at file /home/runner/.rustup/toolchains/nightly-2025-11-21-x86_64-unknown-linux-gnu/lib/rustlib/src/rust/library/core/src/slice/index.rs line 443 column 13 function <std::ops::Range<usize> as std::slice::SliceIndex<[u8]>>::index thread 0
aborting path on assume(false) at file der-verified/src/set_of.rs line 146 column 28 function set_of::decode_set_of thread 0
Unwinding loop _RNvNtCs8Uhk9se0wUe_12der_verified6set_of13decode_set_of.0 iteration 8 file der-verified/src/set_of.rs line 145 column 5 function set_of::decode_set_of thread 0
aborting path on assume(false) at file /home/runner/.rustup/toolchains/nightly-2025-11-21-x86_64-unknown-linux-gnu/lib/rustlib/src/rust/library/core/src/slice/index.rs line 40 column 9 function core::slice::index::slice_index_fail::do_panic::runtime thread 0
aborting path on assume(false) at file /home/runner/.rustup/toolchains/nightly-2025-11-21-x86_64-unknown-linux-gnu/lib/rustlib/src/rust/library/core/src/intrinsics/mod.rs line 2449 column 9 function core::slice::index::slice_index_fail::do_panic thread 0
aborting path on assume(false) at file /home/runner/.rustup/toolchains/nightly-2025-11-21-x86_64-unknown-linux-gnu/lib/rustlib/src/rust/library/core/src/panic.rs line 178 column 9 function core::slice::index::slice_index_fail thread 0
aborting path on assume(false) at file /home/runner/.rustup/toolchains/nightly-2025-11-21-x86_64-unknown-linux-gnu/lib/rustlib/src/rust/library/core/src/slice/index.rs line 58 column 9 function core::slice::index::slice_index_fail::do_panic::runtime thread 0
aborting path on assume(false) at file /home/runner/.rustup/toolchains/nightly-2025-11-21-x86_64-unknown-linux-gnu/lib/rustlib/src/rust/library/core/src/intrinsics/mod.rs line 2449 column 9 function core::slice::index::slice_index_fail::do_panic thread 0
aborting path on assume(false) at file /home/runner/.rustup/toolchains/nightly-2025-11-21-x86_64-unknown-linux-gnu/lib/rustlib/src/rust/library/core/src/panic.rs line 178 column 9 function core::slice::index::slice_index_fail thread 0
aborting path on assume(false) at file /home/runner/.rustup/toolchains/nightly-2025-11-21-x86_64-unknown-linux-gnu/lib/rustlib/src/rust/library/core/src/slice/index.rs line 68 column 5 function core::slice::index::slice_index_fail::do_panic::runtime thread 0
aborting path on assume(false) at file /home/runner/.rustup/toolchains/nightly-2025-11-21-x86_64-unknown-linux-gnu/lib/rustlib/src/rust/library/core/src/intrinsics/mod.rs line 2449 column 9 function core::slice::index::slice_index_fail::do_panic thread 0
aborting path on assume(false) at file /home/runner/.rustup/toolchains/nightly-2025-11-21-x86_64-unknown-linux-gnu/lib/rustlib/src/rust/library/core/src/panic.rs line 178 column 9 function core::slice::index::slice_index_fail thread 0
aborting path on assume(false) at file /home/runner/.rustup/toolchains/nightly-2025-11-21-x86_64-unknown-linux-gnu/lib/rustlib/src/rust/library/core/src/slice/index.rs line 569 column 13 function <std::ops::RangeFrom<usize> as std::slice::SliceIndex<[u8]>>::index thread 0
aborting path on assume(false) at file /home/runner/work/kani/kani/library/kani_core/src/models.rs line 176 column 17 function <usize as kani::rustc_intrinsics::ToISize>::to_isize thread 0
aborting path on assume(false) at file /home/runner/work/kani/kani/library/kani/src/lib.rs line 57 column 1 function <usize as kani::rustc_intrinsics::ToISize>::to_isize thread 0
aborting path on assume(false) at file /home/runner/work/kani/kani/library/kani/src/lib.rs line 57 column 1 function <usize as kani::rustc_intrinsics::ToISize>::to_isize thread 0
Unwinding loop _RNvNtCs8Uhk9se0wUe_12der_verified3tag10decode_tag.0 iteration 1 file der-verified/src/tag.rs line 137 column 49 function tag::decode_tag thread 0
Unwinding loop _RNvNtCs8Uhk9se0wUe_12der_verified3tag10decode_tag.0 iteration 2 file der-verified/src/tag.rs line 137 column 49 function tag::decode_tag thread 0
Unwinding loop _RNvNtCs8Uhk9se0wUe_12der_verified3tag10decode_tag.0 iteration 3 file der-verified/src/tag.rs line 137 column 49 function tag::decode_tag thread 0
Unwinding loop _RNvNtCs8Uhk9se0wUe_12der_verified3tag10decode_tag.0 iteration 4 file der-verified/src/tag.rs line 137 column 49 function tag::decode_tag thread 0
Unwinding loop _RNvNtCs8Uhk9se0wUe_12der_verified3tag10decode_tag.0 iteration 5 file der-verified/src/tag.rs line 137 column 49 function tag::decode_tag thread 0
Unwinding loop _RNvNtCs8Uhk9se0wUe_12der_verified3tag10decode_tag.0 iteration 6 file der-verified/src/tag.rs line 137 column 49 function tag::decode_tag thread 0
Unwinding loop _RNvNtCs8Uhk9se0wUe_12der_verified3tag10decode_tag.0 iteration 7 file der-verified/src/tag.rs line 137 column 49 function tag::decode_tag thread 0
Unwinding loop _RNvNtCs8Uhk9se0wUe_12der_verified3tag10decode_tag.0 iteration 8 file der-verified/src/tag.rs line 137 column 49 function tag::decode_tag thread 0
Unwinding loop _RNvNtCs8Uhk9se0wUe_12der_verified3tag10decode_tag.0 iteration 9 file der-verified/src/tag.rs line 137 column 49 function tag::decode_tag thread 0
Unwinding loop _RNvNtCs8Uhk9se0wUe_12der_verified3tag10decode_tag.0 iteration 10 file der-verified/src/tag.rs line 137 column 49 function tag::decode_tag thread 0
Unwinding loop _RNvNtCs8Uhk9se0wUe_12der_verified3tag10decode_tag.0 iteration 11 file der-verified/src/tag.rs line 137 column 49 function tag::decode_tag thread 0
Unwinding loop _RNvNtCs8Uhk9se0wUe_12der_verified3tag10decode_tag.0 iteration 12 file der-verified/src/tag.rs line 137 column 49 function tag::decode_tag thread 0
Unwinding loop _RNvNtCs8Uhk9se0wUe_12der_verified3tag10decode_tag.0 iteration 13 file der-verified/src/tag.rs line 137 column 49 function tag::decode_tag thread 0
Unwinding loop _RNvNtCs8Uhk9se0wUe_12der_verified3tag10decode_tag.0 iteration 14 file der-verified/src/tag.rs line 137 column 49 function tag::decode_tag thread 0
Unwinding loop _RNvNtCs8Uhk9se0wUe_12der_verified3tag10decode_tag.0 iteration 15 file der-verified/src/tag.rs line 137 column 49 function tag::decode_tag thread 0
Not unwinding loop _RNvNtCs8Uhk9se0wUe_12der_verified3tag10decode_tag.0 iteration 16 file der-verified/src/tag.rs line 137 column 49 function tag::decode_tag thread 0
aborting path on assume(false) at file /home/runner/.rustup/toolchains/nightly-2025-11-21-x86_64-unknown-linux-gnu/lib/rustlib/src/rust/library/core/src/result.rs line 2173 column 15 function <std::result::Result<(u32, usize), tag::TagError> as std::ops::Try>::branch thread 0
aborting path on assume(false) at file der-verified/src/lib.rs line 0 column 0 function tag::decode_tag thread 0
aborting path on assume(false) at file /home/runner/.rustup/toolchains/nightly-2025-11-21-x86_64-unknown-linux-gnu/lib/rustlib/src/rust/library/core/src/result.rs line 966 column 15 function std::result::Result::<(tag::Tag, usize), tag::TagError>::map_err::<tlv::TlvError, {closure@der-verified/src/tlv.rs:71:51: 71:54}> thread 0
aborting path on assume(false) at file /home/runner/.rustup/toolchains/nightly-2025-11-21-x86_64-unknown-linux-gnu/lib/rustlib/src/rust/library/core/src/result.rs line 2173 column 15 function <std::result::Result<(tag::Tag, usize), tlv::TlvError> as std::ops::Try>::branch thread 0
aborting path on assume(false) at file /home/runner/.rustup/toolchains/nightly-2025-11-21-x86_64-unknown-linux-gnu/lib/rustlib/src/rust/library/core/src/slice/index.rs line 40 column 9 function core::slice::index::slice_index_fail::do_panic::runtime thread 0
aborting path on assume(false) at file /home/runner/.rustup/toolchains/nightly-2025-11-21-x86_64-unknown-linux-gnu/lib/rustlib/src/rust/library/core/src/intrinsics/mod.rs line 2449 column 9 function core::slice::index::slice_index_fail::do_panic thread 0
aborting path on assume(false) at file /home/runner/.rustup/toolchains/nightly-2025-11-21-x86_64-unknown-linux-gnu/lib/rustlib/src/rust/library/core/src/panic.rs line 178 column 9 function core::slice::index::slice_index_fail thread 0
aborting path on assume(false) at file /home/runner/.rustup/toolchains/nightly-2025-11-21-x86_64-unknown-linux-gnu/lib/rustlib/src/rust/library/core/src/slice/index.rs line 49 column 9 function core::slice::index::slice_index_fail::do_panic::runtime thread 0
aborting path on assume(false) at file /home/runner/.rustup/toolchains/nightly-2025-11-21-x86_64-unknown-linux-gnu/lib/rustlib/src/rust/library/core/src/intrinsics/mod.rs line 2449 column 9 function core::slice::index::slice_index_fail::do_panic thread 0
aborting path on assume(false) at file /home/runner/.rustup/toolchains/nightly-2025-11-21-x86_64-unknown-linux-gnu/lib/rustlib/src/rust/library/core/src/panic.rs line 178 column 9 function core::slice::index::slice_index_fail thread 0
aborting path on assume(false) at file /home/runner/.rustup/toolchains/nightly-2025-11-21-x86_64-unknown-linux-gnu/lib/rustlib/src/rust/library/core/src/slice/index.rs line 58 column 9 function core::slice::index::slice_index_fail::do_panic::runtime thread 0
aborting path on assume(false) at file /home/runner/.rustup/toolchains/nightly-2025-11-21-x86_64-unknown-linux-gnu/lib/rustlib/src/rust/library/core/src/intrinsics/mod.rs line 2449 column 9 function core::slice::index::slice_index_fail::do_panic thread 0
aborting path on assume(false) at file /home/runner/.rustup/toolchains/nightly-2025-11-21-x86_64-unknown-linux-gnu/lib/rustlib/src/rust/library/core/src/panic.rs line 178 column 9 function core::slice::index::slice_index_fail thread 0
aborting path on assume(false) at file /home/runner/.rustup/toolchains/nightly-2025-11-21-x86_64-unknown-linux-gnu/lib/rustlib/src/rust/library/core/src/slice/index.rs line 68 column 5 function core::slice::index::slice_index_fail::do_panic::runtime thread 0
aborting path on assume(false) at file /home/runner/.rustup/toolchains/nightly-2025-11-21-x86_64-unknown-linux-gnu/lib/rustlib/src/rust/library/core/src/intrinsics/mod.rs line 2449 column 9 function core::slice::index::slice_index_fail::do_panic thread 0
aborting path on assume(false) at file /home/runner/.rustup/toolchains/nightly-2025-11-21-x86_64-unknown-linux-gnu/lib/rustlib/src/rust/library/core/src/panic.rs line 178 column 9 function core::slice::index::slice_index_fail thread 0
aborting path on assume(false) at file /home/runner/.rustup/toolchains/nightly-2025-11-21-x86_64-unknown-linux-gnu/lib/rustlib/src/rust/library/core/src/slice/index.rs line 569 column 13 function <std::ops::RangeFrom<usize> as std::slice::SliceIndex<[u8]>>::index thread 0
aborting path on assume(false) at file /home/runner/work/kani/kani/library/kani_core/src/models.rs line 176 column 17 function <usize as kani::rustc_intrinsics::ToISize>::to_isize thread 0
aborting path on assume(false) at file /home/runner/work/kani/kani/library/kani/src/lib.rs line 57 column 1 function <usize as kani::rustc_intrinsics::ToISize>::to_isize thread 0
aborting path on assume(false) at file /home/runner/work/kani/kani/library/kani/src/lib.rs line 57 column 1 function <usize as kani::rustc_intrinsics::ToISize>::to_isize thread 0
aborting path on assume(false) at file /home/runner/work/kani/kani/library/kani/src/lib.rs line 57 column 1 function kani::mem::cbmc::same_allocation thread 0
aborting path on assume(false) at file der-verified/src/length.rs line 75 column 23 function length::decode_length thread 0
aborting path on assume(false) at file /home/runner/.rustup/toolchains/nightly-2025-11-21-x86_64-unknown-linux-gnu/lib/rustlib/src/rust/library/core/src/slice/index.rs line 435 column 5 function <std::ops::Range<usize> as std::slice::SliceIndex<[u8]>>::index thread 0
aborting path on assume(false) at file /home/runner/work/kani/kani/library/kani/src/lib.rs line 57 column 1 function kani::mem::cbmc::same_allocation thread 0
aborting path on assume(false) at file /home/runner/.rustup/toolchains/nightly-2025-11-21-x86_64-unknown-linux-gnu/lib/rustlib/src/rust/library/core/src/slice/index.rs line 40 column 9 function core::slice::index::slice_index_fail::do_panic::runtime thread 0
aborting path on assume(false) at file /home/runner/.rustup/toolchains/nightly-2025-11-21-x86_64-unknown-linux-gnu/lib/rustlib/src/rust/library/core/src/intrinsics/mod.rs line 2449 column 9 function core::slice::index::slice_index_fail::do_panic thread 0
aborting path on assume(false) at file /home/runner/.rustup/toolchains/nightly-2025-11-21-x86_64-unknown-linux-gnu/lib/rustlib/src/rust/library/core/src/panic.rs line 178 column 9 function core::slice::index::slice_index_fail thread 0
aborting path on assume(false) at file /home/runner/.rustup/toolchains/nightly-2025-11-21-x86_64-unknown-linux-gnu/lib/rustlib/src/rust/library/core/src/slice/index.rs line 49 column 9 function core::slice::index::slice_index_fail::do_panic::runtime thread 0
aborting path on assume(false) at file /home/runner/.rustup/toolchains/nightly-2025-11-21-x86_64-unknown-linux-gnu/lib/rustlib/src/rust/library/core/src/intrinsics/mod.rs line 2449 column 9 function core::slice::index::slice_index_fail::do_panic thread 0
aborting path on assume(false) at file /home/runner/.rustup/toolchains/nightly-2025-11-21-x86_64-unknown-linux-gnu/lib/rustlib/src/rust/library/core/src/panic.rs line 178 column 9 function core::slice::index::slice_index_fail thread 0
aborting path on assume(false) at file /home/runner/.rustup/toolchains/nightly-2025-11-21-x86_64-unknown-linux-gnu/lib/rustlib/src/rust/library/core/src/slice/index.rs line 58 column 9 function core::slice::index::slice_index_fail::do_panic::runtime thread 0
aborting path on assume(false) at file /home/runner/.rustup/toolchains/nightly-2025-11-21-x86_64-unknown-linux-gnu/lib/rustlib/src/rust/library/core/src/intrinsics/mod.rs line 2449 column 9 function core::slice::index::slice_index_fail::do_panic thread 0
aborting path on assume(false) at file /home/runner/.rustup/toolchains/nightly-2025-11-21-x86_64-unknown-linux-gnu/lib/rustlib/src/rust/library/core/src/panic.rs line 178 column 9 function core::slice::index::slice_index_fail thread 0
aborting path on assume(false) at file /home/runner/.rustup/toolchains/nightly-2025-11-21-x86_64-unknown-linux-gnu/lib/rustlib/src/rust/library/core/src/slice/index.rs line 68 column 5 function core::slice::index::slice_index_fail::do_panic::runtime thread 0
aborting path on assume(false) at file /home/runner/.rustup/toolchains/nightly-2025-11-21-x86_64-unknown-linux-gnu/lib/rustlib/src/rust/library/core/src/intrinsics/mod.rs line 2449 column 9 function core::slice::index::slice_index_fail::do_panic thread 0
aborting path on assume(false) at file /home/runner/.rustup/toolchains/nightly-2025-11-21-x86_64-unknown-linux-gnu/lib/rustlib/src/rust/library/core/src/panic.rs line 178 column 9 function core::slice::index::slice_index_fail thread 0
aborting path on assume(false) at file /home/runner/.rustup/toolchains/nightly-2025-11-21-x86_64-unknown-linux-gnu/lib/rustlib/src/rust/library/core/src/slice/index.rs line 443 column 13 function <std::ops::Range<usize> as std::slice::SliceIndex<[u8]>>::index thread 0
Unwinding loop _RNvNtCs8Uhk9se0wUe_12der_verified6length13decode_length.0 iteration 1 file der-verified/src/length.rs line 101 column 5 function length::decode_length thread 0
Unwinding loop _RNvNtCs8Uhk9se0wUe_12der_verified6length13decode_length.0 iteration 2 file der-verified/src/length.rs line 101 column 5 function length::decode_length thread 0
Unwinding loop _RNvNtCs8Uhk9se0wUe_12der_verified6length13decode_length.0 iteration 3 file der-verified/src/length.rs line 101 column 5 function length::decode_length thread 0
Unwinding loop _RNvNtCs8Uhk9se0wUe_12der_verified6length13decode_length.0 iteration 4 file der-verified/src/length.rs line 101 column 5 function length::decode_length thread 0
Unwinding loop _RNvNtCs8Uhk9se0wUe_12der_verified6length13decode_length.0 iteration 5 file der-verified/src/length.rs line 101 column 5 function length::decode_length thread 0
Unwinding loop _RNvNtCs8Uhk9se0wUe_12der_verified6length13decode_length.0 iteration 6 file der-verified/src/length.rs line 101 column 5 function length::decode_length thread 0
Unwinding loop _RNvNtCs8Uhk9se0wUe_12der_verified6length13decode_length.0 iteration 7 file der-verified/src/length.rs line 101 column 5 function length::decode_length thread 0
Unwinding loop _RNvNtCs8Uhk9se0wUe_12der_verified6length13decode_length.0 iteration 8 file der-verified/src/length.rs line 101 column 5 function length::decode_length thread 0
Unwinding loop _RNvNtCs8Uhk9se0wUe_12der_verified6length13decode_length.0 iteration 9 file der-verified/src/length.rs line 101 column 5 function length::decode_length thread 0
Unwinding loop _RNvNtCs8Uhk9se0wUe_12der_verified6length13decode_length.0 iteration 10 file der-verified/src/length.rs line 101 column 5 function length::decode_length thread 0
Unwinding loop _RNvNtCs8Uhk9se0wUe_12der_verified6length13decode_length.0 iteration 11 file der-verified/src/length.rs line 101 column 5 function length::decode_length thread 0
Unwinding loop _RNvNtCs8Uhk9se0wUe_12der_verified6length13decode_length.0 iteration 12 file der-verified/src/length.rs line 101 column 5 function length::decode_length thread 0
Unwinding loop _RNvNtCs8Uhk9se0wUe_12der_verified6length13decode_length.0 iteration 13 file der-verified/src/length.rs line 101 column 5 function length::decode_length thread 0
Unwinding loop _RNvNtCs8Uhk9se0wUe_12der_verified6length13decode_length.0 iteration 14 file der-verified/src/length.rs line 101 column 5 function length::decode_length thread 0
Unwinding loop _RNvNtCs8Uhk9se0wUe_12der_verified6length13decode_length.0 iteration 15 file der-verified/src/length.rs line 101 column 5 function length::decode_length thread 0
Not unwinding loop _RNvNtCs8Uhk9se0wUe_12der_verified6length13decode_length.0 iteration 16 file der-verified/src/length.rs line 101 column 5 function length::decode_length thread 0
aborting path on assume(false) at file /home/runner/.rustup/toolchains/nightly-2025-11-21-x86_64-unknown-linux-gnu/lib/rustlib/src/rust/library/core/src/result.rs line 966 column 15 function std::result::Result::<(u32, usize), length::LengthError>::map_err::<tlv::TlvError, {closure@der-verified/src/tlv.rs:73:69: 73:72}> thread 0
aborting path on assume(false) at file /home/runner/.rustup/toolchains/nightly-2025-11-21-x86_64-unknown-linux-gnu/lib/rustlib/src/rust/library/core/src/result.rs line 2173 column 15 function <std::result::Result<(u32, usize), tlv::TlvError> as std::ops::Try>::branch thread 0
aborting path on assume(false) at file der-verified/src/lib.rs line 0 column 0 function tlv::decode_tlv thread 0
aborting path on assume(false) at file /home/runner/.rustup/toolchains/nightly-2025-11-21-x86_64-unknown-linux-gnu/lib/rustlib/src/rust/library/core/src/slice/index.rs line 435 column 5 function <std::ops::Range<usize> as std::slice::SliceIndex<[u8]>>::index thread 0
aborting path on assume(false) at file /home/runner/work/kani/kani/library/kani_core/src/models.rs line 176 column 17 function <usize as kani::rustc_intrinsics::ToISize>::to_isize thread 0
aborting path on assume(false) at file /home/runner/work/kani/kani/library/kani/src/lib.rs line 57 column 1 function <usize as kani::rustc_intrinsics::ToISize>::to_isize thread 0
aborting path on assume(false) at file /home/runner/work/kani/kani/library/kani/src/lib.rs line 57 column 1 function <usize as kani::rustc_intrinsics::ToISize>::to_isize thread 0
aborting path on assume(false) at file /home/runner/work/kani/kani/library/kani/src/lib.rs line 57 column 1 function kani::mem::cbmc::same_allocation thread 0
aborting path on assume(false) at file /home/runner/.rustup/toolchains/nightly-2025-11-21-x86_64-unknown-linux-gnu/lib/rustlib/src/rust/library/core/src/slice/index.rs line 40 column 9 function core::slice::index::slice_index_fail::do_panic::runtime thread 0
aborting path on assume(false) at file /home/runner/.rustup/toolchains/nightly-2025-11-21-x86_64-unknown-linux-gnu/lib/rustlib/src/rust/library/core/src/intrinsics/mod.rs line 2449 column 9 function core::slice::index::slice_index_fail::do_panic thread 0
aborting path on assume(false) at file /home/runner/.rustup/toolchains/nightly-2025-11-21-x86_64-unknown-linux-gnu/lib/rustlib/src/rust/library/core/src/panic.rs line 178 column 9 function core::slice::index::slice_index_fail thread 0
aborting path on assume(false) at file /home/runner/.rustup/toolchains/nightly-2025-11-21-x86_64-unknown-linux-gnu/lib/rustlib/src/rust/library/core/src/slice/index.rs line 49 column 9 function core::slice::index::slice_index_fail::do_panic::runtime thread 0
aborting path on assume(false) at file /home/runner/.rustup/toolchains/nightly-2025-11-21-x86_64-unknown-linux-gnu/lib/rustlib/src/rust/library/core/src/intrinsics/mod.rs line 2449 column 9 function core::slice::index::slice_index_fail::do_panic thread 0
aborting path on assume(false) at file /home/runner/.rustup/toolchains/nightly-2025-11-21-x86_64-unknown-linux-gnu/lib/rustlib/src/rust/library/core/src/panic.rs line 178 column 9 function core::slice::index::slice_index_fail thread 0
aborting path on assume(false) at file /home/runner/.rustup/toolchains/nightly-2025-11-21-x86_64-unknown-linux-gnu/lib/rustlib/src/rust/library/core/src/slice/index.rs line 58 column 9 function core::slice::index::slice_index_fail::do_panic::runtime thread 0
aborting path on assume(false) at file /home/runner/.rustup/toolchains/nightly-2025-11-21-x86_64-unknown-linux-gnu/lib/rustlib/src/rust/library/core/src/intrinsics/mod.rs line 2449 column 9 function core::slice::index::slice_index_fail::do_panic thread 0
aborting path on assume(false) at file /home/runner/.rustup/toolchains/nightly-2025-11-21-x86_64-unknown-linux-gnu/lib/rustlib/src/rust/library/core/src/panic.rs line 178 column 9 function core::slice::index::slice_index_fail thread 0
aborting path on assume(false) at file /home/runner/.rustup/toolchains/nightly-2025-11-21-x86_64-unknown-linux-gnu/lib/rustlib/src/rust/library/core/src/slice/index.rs line 68 column 5 function core::slice::index::slice_index_fail::do_panic::runtime thread 0
aborting path on assume(false) at file /home/runner/.rustup/toolchains/nightly-2025-11-21-x86_64-unknown-linux-gnu/lib/rustlib/src/rust/library/core/src/intrinsics/mod.rs line 2449 column 9 function core::slice::index::slice_index_fail::do_panic thread 0
aborting path on assume(false) at file /home/runner/.rustup/toolchains/nightly-2025-11-21-x86_64-unknown-linux-gnu/lib/rustlib/src/rust/library/core/src/panic.rs line 178 column 9 function core::slice::index::slice_index_fail thread 0
aborting path on assume(false) at file /home/runner/.rustup/toolchains/nightly-2025-11-21-x86_64-unknown-linux-gnu/lib/rustlib/src/rust/library/core/src/slice/index.rs line 443 column 13 function <std::ops::Range<usize> as std::slice::SliceIndex<[u8]>>::index thread 0
aborting path on assume(false) at file /home/runner/.rustup/toolchains/nightly-2025-11-21-x86_64-unknown-linux-gnu/lib/rustlib/src/rust/library/core/src/result.rs line 966 column 15 function std::result::Result::<(tlv::Tlv<'_>, usize), tlv::TlvError>::map_err::<set_of::SetOfError, fn(tlv::TlvError) -> set_of::SetOfError {set_of::SetOfError::Element}> thread 0
aborting path on assume(false) at file /home/runner/.rustup/toolchains/nightly-2025-11-21-x86_64-unknown-linux-gnu/lib/rustlib/src/rust/library/core/src/result.rs line 2173 column 15 function <std::result::Result<(tlv::Tlv<'_>, usize), set_of::SetOfError> as std::ops::Try>::branch thread 0
aborting path on assume(false) at file /home/runner/.rustup/toolchains/nightly-2025-11-21-x86_64-unknown-linux-gnu/lib/rustlib/src/rust/library/core/src/slice/index.rs line 435 column 5 function <std::ops::Range<usize> as std::slice::SliceIndex<[u8]>>::index thread 0
aborting path on assume(false) at file /home/runner/work/kani/kani/library/kani_core/src/models.rs line 176 column 17 function <usize as kani::rustc_intrinsics::ToISize>::to_isize thread 0
aborting path on assume(false) at file /home/runner/work/kani/kani/library/kani/src/lib.rs line 57 column 1 function <usize as kani::rustc_intrinsics::ToISize>::to_isize thread 0
aborting path on assume(false) at file /home/runner/work/kani/kani/library/kani/src/lib.rs line 57 column 1 function <usize as kani::rustc_intrinsics::ToISize>::to_isize thread 0
aborting path on assume(false) at file /home/runner/.rustup/toolchains/nightly-2025-11-21-x86_64-unknown-linux-gnu/lib/rustlib/src/rust/library/core/src/slice/index.rs line 40 column 9 function core::slice::index::slice_index_fail::do_panic::runtime thread 0
aborting path on assume(false) at file /home/runner/.rustup/toolchains/nightly-2025-11-21-x86_64-unknown-linux-gnu/lib/rustlib/src/rust/library/core/src/intrinsics/mod.rs line 2449 column 9 function core::slice::index::slice_index_fail::do_panic thread 0
aborting path on assume(false) at file /home/runner/.rustup/toolchains/nightly-2025-11-21-x86_64-unknown-linux-gnu/lib/rustlib/src/rust/library/core/src/panic.rs line 178 column 9 function core::slice::index::slice_index_fail thread 0
aborting path on assume(false) at file /home/runner/.rustup/toolchains/nightly-2025-11-21-x86_64-unknown-linux-gnu/lib/rustlib/src/rust/library/core/src/slice/index.rs line 49 column 9 function core::slice::index::slice_index_fail::do_panic::runtime thread 0
aborting path on assume(false) at file /home/runner/.rustup/toolchains/nightly-2025-11-21-x86_64-unknown-linux-gnu/lib/rustlib/src/rust/library/core/src/intrinsics/mod.rs line 2449 column 9 function core::slice::index::slice_index_fail::do_panic thread 0
aborting path on assume(false) at file /home/runner/.rustup/toolchains/nightly-2025-11-21-x86_64-unknown-linux-gnu/lib/rustlib/src/rust/library/core/src/panic.rs line 178 column 9 function core::slice::index::slice_index_fail thread 0
aborting path on assume(false) at file /home/runner/.rustup/toolchains/nightly-2025-11-21-x86_64-unknown-linux-gnu/lib/rustlib/src/rust/library/core/src/slice/index.rs line 58 column 9 function core::slice::index::slice_index_fail::do_panic::runtime thread 0
aborting path on assume(false) at file /home/runner/.rustup/toolchains/nightly-2025-11-21-x86_64-unknown-linux-gnu/lib/rustlib/src/rust/library/core/src/intrinsics/mod.rs line 2449 column 9 function core::slice::index::slice_index_fail::do_panic thread 0
aborting path on assume(false) at file /home/runner/.rustup/toolchains/nightly-2025-11-21-x86_64-unknown-linux-gnu/lib/rustlib/src/rust/library/core/src/panic.rs line 178 column 9 function core::slice::index::slice_index_fail thread 0
aborting path on assume(false) at file /home/runner/.rustup/toolchains/nightly-2025-11-21-x86_64-unknown-linux-gnu/lib/rustlib/src/rust/library/core/src/slice/index.rs line 68 column 5 function core::slice::index::slice_index_fail::do_panic::runtime thread 0
aborting path on assume(false) at file /home/runner/.rustup/toolchains/nightly-2025-11-21-x86_64-unknown-linux-gnu/lib/rustlib/src/rust/library/core/src/intrinsics/mod.rs line 2449 column 9 function core::slice::index::slice_index_fail::do_panic thread 0
aborting path on assume(false) at file /home/runner/.rustup/toolchains/nightly-2025-11-21-x86_64-unknown-linux-gnu/lib/rustlib/src/rust/library/core/src/panic.rs line 178 column 9 function core::slice::index::slice_index_fail thread 0
aborting path on assume(false) at file /home/runner/.rustup/toolchains/nightly-2025-11-21-x86_64-unknown-linux-gnu/lib/rustlib/src/rust/library/core/src/slice/index.rs line 443 column 13 function <std::ops::Range<usize> as std::slice::SliceIndex<[u8]>>::index thread 0
aborting path on assume(false) at file der-verified/src/set_of.rs line 146 column 28 function set_of::decode_set_of thread 0
Unwinding loop _RNvNtCs8Uhk9se0wUe_12der_verified6set_of13decode_set_of.0 iteration 9 file der-verified/src/set_of.rs line 145 column 5 function set_of::decode_set_of thread 0
aborting path on assume(false) at file /home/runner/.rustup/toolchains/nightly-2025-11-21-x86_64-unknown-linux-gnu/lib/rustlib/src/rust/library/core/src/slice/index.rs line 40 column 9 function core::slice::index::slice_index_fail::do_panic::runtime thread 0
aborting path on assume(false) at file /home/runner/.rustup/toolchains/nightly-2025-11-21-x86_64-unknown-linux-gnu/lib/rustlib/src/rust/library/core/src/intrinsics/mod.rs line 2449 column 9 function core::slice::index::slice_index_fail::do_panic thread 0
aborting path on assume(false) at file /home/runner/.rustup/toolchains/nightly-2025-11-21-x86_64-unknown-linux-gnu/lib/rustlib/src/rust/library/core/src/panic.rs line 178 column 9 function core::slice::index::slice_index_fail thread 0
aborting path on assume(false) at file /home/runner/.rustup/toolchains/nightly-2025-11-21-x86_64-unknown-linux-gnu/lib/rustlib/src/rust/library/core/src/slice/index.rs line 58 column 9 function core::slice::index::slice_index_fail::do_panic::runtime thread 0
aborting path on assume(false) at file /home/runner/.rustup/toolchains/nightly-2025-11-21-x86_64-unknown-linux-gnu/lib/rustlib/src/rust/library/core/src/intrinsics/mod.rs line 2449 column 9 function core::slice::index::slice_index_fail::do_panic thread 0
aborting path on assume(false) at file /home/runner/.rustup/toolchains/nightly-2025-11-21-x86_64-unknown-linux-gnu/lib/rustlib/src/rust/library/core/src/panic.rs line 178 column 9 function core::slice::index::slice_index_fail thread 0
aborting path on assume(false) at file /home/runner/.rustup/toolchains/nightly-2025-11-21-x86_64-unknown-linux-gnu/lib/rustlib/src/rust/library/core/src/slice/index.rs line 68 column 5 function core::slice::index::slice_index_fail::do_panic::runtime thread 0
aborting path on assume(false) at file /home/runner/.rustup/toolchains/nightly-2025-11-21-x86_64-unknown-linux-gnu/lib/rustlib/src/rust/library/core/src/intrinsics/mod.rs line 2449 column 9 function core::slice::index::slice_index_fail::do_panic thread 0
aborting path on assume(false) at file /home/runner/.rustup/toolchains/nightly-2025-11-21-x86_64-unknown-linux-gnu/lib/rustlib/src/rust/library/core/src/panic.rs line 178 column 9 function core::slice::index::slice_index_fail thread 0
aborting path on assume(false) at file /home/runner/.rustup/toolchains/nightly-2025-11-21-x86_64-unknown-linux-gnu/lib/rustlib/src/rust/library/core/src/slice/index.rs line 569 column 13 function <std::ops::RangeFrom<usize> as std::slice::SliceIndex<[u8]>>::index thread 0
aborting path on assume(false) at file /home/runner/work/kani/kani/library/kani_core/src/models.rs line 176 column 17 function <usize as kani::rustc_intrinsics::ToISize>::to_isize thread 0
aborting path on assume(false) at file /home/runner/work/kani/kani/library/kani/src/lib.rs line 57 column 1 function <usize as kani::rustc_intrinsics::ToISize>::to_isize thread 0
aborting path on assume(false) at file /home/runner/work/kani/kani/library/kani/src/lib.rs line 57 column 1 function <usize as kani::rustc_intrinsics::ToISize>::to_isize thread 0
Unwinding loop _RNvNtCs8Uhk9se0wUe_12der_verified3tag10decode_tag.0 iteration 1 file der-verified/src/tag.rs line 137 column 49 function tag::decode_tag thread 0
Unwinding loop _RNvNtCs8Uhk9se0wUe_12der_verified3tag10decode_tag.0 iteration 2 file der-verified/src/tag.rs line 137 column 49 function tag::decode_tag thread 0
Unwinding loop _RNvNtCs8Uhk9se0wUe_12der_verified3tag10decode_tag.0 iteration 3 file der-verified/src/tag.rs line 137 column 49 function tag::decode_tag thread 0
Unwinding loop _RNvNtCs8Uhk9se0wUe_12der_verified3tag10decode_tag.0 iteration 4 file der-verified/src/tag.rs line 137 column 49 function tag::decode_tag thread 0
Unwinding loop _RNvNtCs8Uhk9se0wUe_12der_verified3tag10decode_tag.0 iteration 5 file der-verified/src/tag.rs line 137 column 49 function tag::decode_tag thread 0
Unwinding loop _RNvNtCs8Uhk9se0wUe_12der_verified3tag10decode_tag.0 iteration 6 file der-verified/src/tag.rs line 137 column 49 function tag::decode_tag thread 0
Unwinding loop _RNvNtCs8Uhk9se0wUe_12der_verified3tag10decode_tag.0 iteration 7 file der-verified/src/tag.rs line 137 column 49 function tag::decode_tag thread 0
Unwinding loop _RNvNtCs8Uhk9se0wUe_12der_verified3tag10decode_tag.0 iteration 8 file der-verified/src/tag.rs line 137 column 49 function tag::decode_tag thread 0
Unwinding loop _RNvNtCs8Uhk9se0wUe_12der_verified3tag10decode_tag.0 iteration 9 file der-verified/src/tag.rs line 137 column 49 function tag::decode_tag thread 0
Unwinding loop _RNvNtCs8Uhk9se0wUe_12der_verified3tag10decode_tag.0 iteration 10 file der-verified/src/tag.rs line 137 column 49 function tag::decode_tag thread 0
Unwinding loop _RNvNtCs8Uhk9se0wUe_12der_verified3tag10decode_tag.0 iteration 11 file der-verified/src/tag.rs line 137 column 49 function tag::decode_tag thread 0
Unwinding loop _RNvNtCs8Uhk9se0wUe_12der_verified3tag10decode_tag.0 iteration 12 file der-verified/src/tag.rs line 137 column 49 function tag::decode_tag thread 0
Unwinding loop _RNvNtCs8Uhk9se0wUe_12der_verified3tag10decode_tag.0 iteration 13 file der-verified/src/tag.rs line 137 column 49 function tag::decode_tag thread 0
Unwinding loop _RNvNtCs8Uhk9se0wUe_12der_verified3tag10decode_tag.0 iteration 14 file der-verified/src/tag.rs line 137 column 49 function tag::decode_tag thread 0
Unwinding loop _RNvNtCs8Uhk9se0wUe_12der_verified3tag10decode_tag.0 iteration 15 file der-verified/src/tag.rs line 137 column 49 function tag::decode_tag thread 0
Not unwinding loop _RNvNtCs8Uhk9se0wUe_12der_verified3tag10decode_tag.0 iteration 16 file der-verified/src/tag.rs line 137 column 49 function tag::decode_tag thread 0
aborting path on assume(false) at file /home/runner/.rustup/toolchains/nightly-2025-11-21-x86_64-unknown-linux-gnu/lib/rustlib/src/rust/library/core/src/result.rs line 2173 column 15 function <std::result::Result<(u32, usize), tag::TagError> as std::ops::Try>::branch thread 0
aborting path on assume(false) at file der-verified/src/lib.rs line 0 column 0 function tag::decode_tag thread 0
aborting path on assume(false) at file /home/runner/.rustup/toolchains/nightly-2025-11-21-x86_64-unknown-linux-gnu/lib/rustlib/src/rust/library/core/src/result.rs line 966 column 15 function std::result::Result::<(tag::Tag, usize), tag::TagError>::map_err::<tlv::TlvError, {closure@der-verified/src/tlv.rs:71:51: 71:54}> thread 0
aborting path on assume(false) at file /home/runner/.rustup/toolchains/nightly-2025-11-21-x86_64-unknown-linux-gnu/lib/rustlib/src/rust/library/core/src/result.rs line 2173 column 15 function <std::result::Result<(tag::Tag, usize), tlv::TlvError> as std::ops::Try>::branch thread 0
aborting path on assume(false) at file /home/runner/.rustup/toolchains/nightly-2025-11-21-x86_64-unknown-linux-gnu/lib/rustlib/src/rust/library/core/src/slice/index.rs line 40 column 9 function core::slice::index::slice_index_fail::do_panic::runtime thread 0
aborting path on assume(false) at file /home/runner/.rustup/toolchains/nightly-2025-11-21-x86_64-unknown-linux-gnu/lib/rustlib/src/rust/library/core/src/intrinsics/mod.rs line 2449 column 9 function core::slice::index::slice_index_fail::do_panic thread 0
aborting path on assume(false) at file /home/runner/.rustup/toolchains/nightly-2025-11-21-x86_64-unknown-linux-gnu/lib/rustlib/src/rust/library/core/src/panic.rs line 178 column 9 function core::slice::index::slice_index_fail thread 0
aborting path on assume(false) at file /home/runner/.rustup/toolchains/nightly-2025-11-21-x86_64-unknown-linux-gnu/lib/rustlib/src/rust/library/core/src/slice/index.rs line 49 column 9 function core::slice::index::slice_index_fail::do_panic::runtime thread 0
aborting path on assume(false) at file /home/runner/.rustup/toolchains/nightly-2025-11-21-x86_64-unknown-linux-gnu/lib/rustlib/src/rust/library/core/src/intrinsics/mod.rs line 2449 column 9 function core::slice::index::slice_index_fail::do_panic thread 0
aborting path on assume(false) at file /home/runner/.rustup/toolchains/nightly-2025-11-21-x86_64-unknown-linux-gnu/lib/rustlib/src/rust/library/core/src/panic.rs line 178 column 9 function core::slice::index::slice_index_fail thread 0
aborting path on assume(false) at file /home/runner/.rustup/toolchains/nightly-2025-11-21-x86_64-unknown-linux-gnu/lib/rustlib/src/rust/library/core/src/slice/index.rs line 58 column 9 function core::slice::index::slice_index_fail::do_panic::runtime thread 0
aborting path on assume(false) at file /home/runner/.rustup/toolchains/nightly-2025-11-21-x86_64-unknown-linux-gnu/lib/rustlib/src/rust/library/core/src/intrinsics/mod.rs line 2449 column 9 function core::slice::index::slice_index_fail::do_panic thread 0
aborting path on assume(false) at file /home/runner/.rustup/toolchains/nightly-2025-11-21-x86_64-unknown-linux-gnu/lib/rustlib/src/rust/library/core/src/panic.rs line 178 column 9 function core::slice::index::slice_index_fail thread 0
aborting path on assume(false) at file /home/runner/.rustup/toolchains/nightly-2025-11-21-x86_64-unknown-linux-gnu/lib/rustlib/src/rust/library/core/src/slice/index.rs line 68 column 5 function core::slice::index::slice_index_fail::do_panic::runtime thread 0
aborting path on assume(false) at file /home/runner/.rustup/toolchains/nightly-2025-11-21-x86_64-unknown-linux-gnu/lib/rustlib/src/rust/library/core/src/intrinsics/mod.rs line 2449 column 9 function core::slice::index::slice_index_fail::do_panic thread 0
aborting path on assume(false) at file /home/runner/.rustup/toolchains/nightly-2025-11-21-x86_64-unknown-linux-gnu/lib/rustlib/src/rust/library/core/src/panic.rs line 178 column 9 function core::slice::index::slice_index_fail thread 0
aborting path on assume(false) at file /home/runner/.rustup/toolchains/nightly-2025-11-21-x86_64-unknown-linux-gnu/lib/rustlib/src/rust/library/core/src/slice/index.rs line 569 column 13 function <std::ops::RangeFrom<usize> as std::slice::SliceIndex<[u8]>>::index thread 0
aborting path on assume(false) at file /home/runner/work/kani/kani/library/kani_core/src/models.rs line 176 column 17 function <usize as kani::rustc_intrinsics::ToISize>::to_isize thread 0
aborting path on assume(false) at file /home/runner/work/kani/kani/library/kani/src/lib.rs line 57 column 1 function <usize as kani::rustc_intrinsics::ToISize>::to_isize thread 0
aborting path on assume(false) at file /home/runner/work/kani/kani/library/kani/src/lib.rs line 57 column 1 function <usize as kani::rustc_intrinsics::ToISize>::to_isize thread 0
aborting path on assume(false) at file /home/runner/work/kani/kani/library/kani/src/lib.rs line 57 column 1 function kani::mem::cbmc::same_allocation thread 0
aborting path on assume(false) at file der-verified/src/length.rs line 75 column 23 function length::decode_length thread 0
aborting path on assume(false) at file /home/runner/.rustup/toolchains/nightly-2025-11-21-x86_64-unknown-linux-gnu/lib/rustlib/src/rust/library/core/src/slice/index.rs line 435 column 5 function <std::ops::Range<usize> as std::slice::SliceIndex<[u8]>>::index thread 0
aborting path on assume(false) at file /home/runner/work/kani/kani/library/kani/src/lib.rs line 57 column 1 function kani::mem::cbmc::same_allocation thread 0
aborting path on assume(false) at file /home/runner/.rustup/toolchains/nightly-2025-11-21-x86_64-unknown-linux-gnu/lib/rustlib/src/rust/library/core/src/slice/index.rs line 40 column 9 function core::slice::index::slice_index_fail::do_panic::runtime thread 0
aborting path on assume(false) at file /home/runner/.rustup/toolchains/nightly-2025-11-21-x86_64-unknown-linux-gnu/lib/rustlib/src/rust/library/core/src/intrinsics/mod.rs line 2449 column 9 function core::slice::index::slice_index_fail::do_panic thread 0
aborting path on assume(false) at file /home/runner/.rustup/toolchains/nightly-2025-11-21-x86_64-unknown-linux-gnu/lib/rustlib/src/rust/library/core/src/panic.rs line 178 column 9 function core::slice::index::slice_index_fail thread 0
aborting path on assume(false) at file /home/runner/.rustup/toolchains/nightly-2025-11-21-x86_64-unknown-linux-gnu/lib/rustlib/src/rust/library/core/src/slice/index.rs line 49 column 9 function core::slice::index::slice_index_fail::do_panic::runtime thread 0
aborting path on assume(false) at file /home/runner/.rustup/toolchains/nightly-2025-11-21-x86_64-unknown-linux-gnu/lib/rustlib/src/rust/library/core/src/intrinsics/mod.rs line 2449 column 9 function core::slice::index::slice_index_fail::do_panic thread 0
aborting path on assume(false) at file /home/runner/.rustup/toolchains/nightly-2025-11-21-x86_64-unknown-linux-gnu/lib/rustlib/src/rust/library/core/src/panic.rs line 178 column 9 function core::slice::index::slice_index_fail thread 0
aborting path on assume(false) at file /home/runner/.rustup/toolchains/nightly-2025-11-21-x86_64-unknown-linux-gnu/lib/rustlib/src/rust/library/core/src/slice/index.rs line 58 column 9 function core::slice::index::slice_index_fail::do_panic::runtime thread 0
aborting path on assume(false) at file /home/runner/.rustup/toolchains/nightly-2025-11-21-x86_64-unknown-linux-gnu/lib/rustlib/src/rust/library/core/src/intrinsics/mod.rs line 2449 column 9 function core::slice::index::slice_index_fail::do_panic thread 0
aborting path on assume(false) at file /home/runner/.rustup/toolchains/nightly-2025-11-21-x86_64-unknown-linux-gnu/lib/rustlib/src/rust/library/core/src/panic.rs line 178 column 9 function core::slice::index::slice_index_fail thread 0
aborting path on assume(false) at file /home/runner/.rustup/toolchains/nightly-2025-11-21-x86_64-unknown-linux-gnu/lib/rustlib/src/rust/library/core/src/slice/index.rs line 68 column 5 function core::slice::index::slice_index_fail::do_panic::runtime thread 0
aborting path on assume(false) at file /home/runner/.rustup/toolchains/nightly-2025-11-21-x86_64-unknown-linux-gnu/lib/rustlib/src/rust/library/core/src/intrinsics/mod.rs line 2449 column 9 function core::slice::index::slice_index_fail::do_panic thread 0
aborting path on assume(false) at file /home/runner/.rustup/toolchains/nightly-2025-11-21-x86_64-unknown-linux-gnu/lib/rustlib/src/rust/library/core/src/panic.rs line 178 column 9 function core::slice::index::slice_index_fail thread 0
aborting path on assume(false) at file /home/runner/.rustup/toolchains/nightly-2025-11-21-x86_64-unknown-linux-gnu/lib/rustlib/src/rust/library/core/src/slice/index.rs line 443 column 13 function <std::ops::Range<usize> as std::slice::SliceIndex<[u8]>>::index thread 0
Unwinding loop _RNvNtCs8Uhk9se0wUe_12der_verified6length13decode_length.0 iteration 1 file der-verified/src/length.rs line 101 column 5 function length::decode_length thread 0
Unwinding loop _RNvNtCs8Uhk9se0wUe_12der_verified6length13decode_length.0 iteration 2 file der-verified/src/length.rs line 101 column 5 function length::decode_length thread 0
Unwinding loop _RNvNtCs8Uhk9se0wUe_12der_verified6length13decode_length.0 iteration 3 file der-verified/src/length.rs line 101 column 5 function length::decode_length thread 0
Unwinding loop _RNvNtCs8Uhk9se0wUe_12der_verified6length13decode_length.0 iteration 4 file der-verified/src/length.rs line 101 column 5 function length::decode_length thread 0
Unwinding loop _RNvNtCs8Uhk9se0wUe_12der_verified6length13decode_length.0 iteration 5 file der-verified/src/length.rs line 101 column 5 function length::decode_length thread 0
Unwinding loop _RNvNtCs8Uhk9se0wUe_12der_verified6length13decode_length.0 iteration 6 file der-verified/src/length.rs line 101 column 5 function length::decode_length thread 0
Unwinding loop _RNvNtCs8Uhk9se0wUe_12der_verified6length13decode_length.0 iteration 7 file der-verified/src/length.rs line 101 column 5 function length::decode_length thread 0
Unwinding loop _RNvNtCs8Uhk9se0wUe_12der_verified6length13decode_length.0 iteration 8 file der-verified/src/length.rs line 101 column 5 function length::decode_length thread 0
Unwinding loop _RNvNtCs8Uhk9se0wUe_12der_verified6length13decode_length.0 iteration 9 file der-verified/src/length.rs line 101 column 5 function length::decode_length thread 0
Unwinding loop _RNvNtCs8Uhk9se0wUe_12der_verified6length13decode_length.0 iteration 10 file der-verified/src/length.rs line 101 column 5 function length::decode_length thread 0
Unwinding loop _RNvNtCs8Uhk9se0wUe_12der_verified6length13decode_length.0 iteration 11 file der-verified/src/length.rs line 101 column 5 function length::decode_length thread 0
Unwinding loop _RNvNtCs8Uhk9se0wUe_12der_verified6length13decode_length.0 iteration 12 file der-verified/src/length.rs line 101 column 5 function length::decode_length thread 0
Unwinding loop _RNvNtCs8Uhk9se0wUe_12der_verified6length13decode_length.0 iteration 13 file der-verified/src/length.rs line 101 column 5 function length::decode_length thread 0
Unwinding loop _RNvNtCs8Uhk9se0wUe_12der_verified6length13decode_length.0 iteration 14 file der-verified/src/length.rs line 101 column 5 function length::decode_length thread 0
Unwinding loop _RNvNtCs8Uhk9se0wUe_12der_verified6length13decode_length.0 iteration 15 file der-verified/src/length.rs line 101 column 5 function length::decode_length thread 0
Not unwinding loop _RNvNtCs8Uhk9se0wUe_12der_verified6length13decode_length.0 iteration 16 file der-verified/src/length.rs line 101 column 5 function length::decode_length thread 0
aborting path on assume(false) at file /home/runner/.rustup/toolchains/nightly-2025-11-21-x86_64-unknown-linux-gnu/lib/rustlib/src/rust/library/core/src/result.rs line 966 column 15 function std::result::Result::<(u32, usize), length::LengthError>::map_err::<tlv::TlvError, {closure@der-verified/src/tlv.rs:73:69: 73:72}> thread 0
aborting path on assume(false) at file /home/runner/.rustup/toolchains/nightly-2025-11-21-x86_64-unknown-linux-gnu/lib/rustlib/src/rust/library/core/src/result.rs line 2173 column 15 function <std::result::Result<(u32, usize), tlv::TlvError> as std::ops::Try>::branch thread 0
aborting path on assume(false) at file der-verified/src/lib.rs line 0 column 0 function tlv::decode_tlv thread 0
aborting path on assume(false) at file /home/runner/.rustup/toolchains/nightly-2025-11-21-x86_64-unknown-linux-gnu/lib/rustlib/src/rust/library/core/src/slice/index.rs line 435 column 5 function <std::ops::Range<usize> as std::slice::SliceIndex<[u8]>>::index thread 0
aborting path on assume(false) at file /home/runner/work/kani/kani/library/kani_core/src/models.rs line 176 column 17 function <usize as kani::rustc_intrinsics::ToISize>::to_isize thread 0
aborting path on assume(false) at file /home/runner/work/kani/kani/library/kani/src/lib.rs line 57 column 1 function <usize as kani::rustc_intrinsics::ToISize>::to_isize thread 0
aborting path on assume(false) at file /home/runner/work/kani/kani/library/kani/src/lib.rs line 57 column 1 function <usize as kani::rustc_intrinsics::ToISize>::to_isize thread 0
aborting path on assume(false) at file /home/runner/work/kani/kani/library/kani/src/lib.rs line 57 column 1 function kani::mem::cbmc::same_allocation thread 0
aborting path on assume(false) at file /home/runner/.rustup/toolchains/nightly-2025-11-21-x86_64-unknown-linux-gnu/lib/rustlib/src/rust/library/core/src/slice/index.rs line 40 column 9 function core::slice::index::slice_index_fail::do_panic::runtime thread 0
aborting path on assume(false) at file /home/runner/.rustup/toolchains/nightly-2025-11-21-x86_64-unknown-linux-gnu/lib/rustlib/src/rust/library/core/src/intrinsics/mod.rs line 2449 column 9 function core::slice::index::slice_index_fail::do_panic thread 0
aborting path on assume(false) at file /home/runner/.rustup/toolchains/nightly-2025-11-21-x86_64-unknown-linux-gnu/lib/rustlib/src/rust/library/core/src/panic.rs line 178 column 9 function core::slice::index::slice_index_fail thread 0
aborting path on assume(false) at file /home/runner/.rustup/toolchains/nightly-2025-11-21-x86_64-unknown-linux-gnu/lib/rustlib/src/rust/library/core/src/slice/index.rs line 49 column 9 function core::slice::index::slice_index_fail::do_panic::runtime thread 0
aborting path on assume(false) at file /home/runner/.rustup/toolchains/nightly-2025-11-21-x86_64-unknown-linux-gnu/lib/rustlib/src/rust/library/core/src/intrinsics/mod.rs line 2449 column 9 function core::slice::index::slice_index_fail::do_panic thread 0
aborting path on assume(false) at file /home/runner/.rustup/toolchains/nightly-2025-11-21-x86_64-unknown-linux-gnu/lib/rustlib/src/rust/library/core/src/panic.rs line 178 column 9 function core::slice::index::slice_index_fail thread 0
aborting path on assume(false) at file /home/runner/.rustup/toolchains/nightly-2025-11-21-x86_64-unknown-linux-gnu/lib/rustlib/src/rust/library/core/src/slice/index.rs line 58 column 9 function core::slice::index::slice_index_fail::do_panic::runtime thread 0
aborting path on assume(false) at file /home/runner/.rustup/toolchains/nightly-2025-11-21-x86_64-unknown-linux-gnu/lib/rustlib/src/rust/library/core/src/intrinsics/mod.rs line 2449 column 9 function core::slice::index::slice_index_fail::do_panic thread 0
aborting path on assume(false) at file /home/runner/.rustup/toolchains/nightly-2025-11-21-x86_64-unknown-linux-gnu/lib/rustlib/src/rust/library/core/src/panic.rs line 178 column 9 function core::slice::index::slice_index_fail thread 0
aborting path on assume(false) at file /home/runner/.rustup/toolchains/nightly-2025-11-21-x86_64-unknown-linux-gnu/lib/rustlib/src/rust/library/core/src/slice/index.rs line 68 column 5 function core::slice::index::slice_index_fail::do_panic::runtime thread 0
aborting path on assume(false) at file /home/runner/.rustup/toolchains/nightly-2025-11-21-x86_64-unknown-linux-gnu/lib/rustlib/src/rust/library/core/src/intrinsics/mod.rs line 2449 column 9 function core::slice::index::slice_index_fail::do_panic thread 0
aborting path on assume(false) at file /home/runner/.rustup/toolchains/nightly-2025-11-21-x86_64-unknown-linux-gnu/lib/rustlib/src/rust/library/core/src/panic.rs line 178 column 9 function core::slice::index::slice_index_fail thread 0
aborting path on assume(false) at file /home/runner/.rustup/toolchains/nightly-2025-11-21-x86_64-unknown-linux-gnu/lib/rustlib/src/rust/library/core/src/slice/index.rs line 443 column 13 function <std::ops::Range<usize> as std::slice::SliceIndex<[u8]>>::index thread 0
aborting path on assume(false) at file /home/runner/.rustup/toolchains/nightly-2025-11-21-x86_64-unknown-linux-gnu/lib/rustlib/src/rust/library/core/src/result.rs line 966 column 15 function std::result::Result::<(tlv::Tlv<'_>, usize), tlv::TlvError>::map_err::<set_of::SetOfError, fn(tlv::TlvError) -> set_of::SetOfError {set_of::SetOfError::Element}> thread 0
aborting path on assume(false) at file /home/runner/.rustup/toolchains/nightly-2025-11-21-x86_64-unknown-linux-gnu/lib/rustlib/src/rust/library/core/src/result.rs line 2173 column 15 function <std::result::Result<(tlv::Tlv<'_>, usize), set_of::SetOfError> as std::ops::Try>::branch thread 0
aborting path on assume(false) at file /home/runner/.rustup/toolchains/nightly-2025-11-21-x86_64-unknown-linux-gnu/lib/rustlib/src/rust/library/core/src/slice/index.rs line 435 column 5 function <std::ops::Range<usize> as std::slice::SliceIndex<[u8]>>::index thread 0
aborting path on assume(false) at file /home/runner/work/kani/kani/library/kani_core/src/models.rs line 176 column 17 function <usize as kani::rustc_intrinsics::ToISize>::to_isize thread 0
aborting path on assume(false) at file /home/runner/work/kani/kani/library/kani/src/lib.rs line 57 column 1 function <usize as kani::rustc_intrinsics::ToISize>::to_isize thread 0
aborting path on assume(false) at file /home/runner/work/kani/kani/library/kani/src/lib.rs line 57 column 1 function <usize as kani::rustc_intrinsics::ToISize>::to_isize thread 0
aborting path on assume(false) at file /home/runner/.rustup/toolchains/nightly-2025-11-21-x86_64-unknown-linux-gnu/lib/rustlib/src/rust/library/core/src/slice/index.rs line 40 column 9 function core::slice::index::slice_index_fail::do_panic::runtime thread 0
aborting path on assume(false) at file /home/runner/.rustup/toolchains/nightly-2025-11-21-x86_64-unknown-linux-gnu/lib/rustlib/src/rust/library/core/src/intrinsics/mod.rs line 2449 column 9 function core::slice::index::slice_index_fail::do_panic thread 0
aborting path on assume(false) at file /home/runner/.rustup/toolchains/nightly-2025-11-21-x86_64-unknown-linux-gnu/lib/rustlib/src/rust/library/core/src/panic.rs line 178 column 9 function core::slice::index::slice_index_fail thread 0
aborting path on assume(false) at file /home/runner/.rustup/toolchains/nightly-2025-11-21-x86_64-unknown-linux-gnu/lib/rustlib/src/rust/library/core/src/slice/index.rs line 49 column 9 function core::slice::index::slice_index_fail::do_panic::runtime thread 0
aborting path on assume(false) at file /home/runner/.rustup/toolchains/nightly-2025-11-21-x86_64-unknown-linux-gnu/lib/rustlib/src/rust/library/core/src/intrinsics/mod.rs line 2449 column 9 function core::slice::index::slice_index_fail::do_panic thread 0
aborting path on assume(false) at file /home/runner/.rustup/toolchains/nightly-2025-11-21-x86_64-unknown-linux-gnu/lib/rustlib/src/rust/library/core/src/panic.rs line 178 column 9 function core::slice::index::slice_index_fail thread 0
aborting path on assume(false) at file /home/runner/.rustup/toolchains/nightly-2025-11-21-x86_64-unknown-linux-gnu/lib/rustlib/src/rust/library/core/src/slice/index.rs line 58 column 9 function core::slice::index::slice_index_fail::do_panic::runtime thread 0
aborting path on assume(false) at file /home/runner/.rustup/toolchains/nightly-2025-11-21-x86_64-unknown-linux-gnu/lib/rustlib/src/rust/library/core/src/intrinsics/mod.rs line 2449 column 9 function core::slice::index::slice_index_fail::do_panic thread 0
aborting path on assume(false) at file /home/runner/.rustup/toolchains/nightly-2025-11-21-x86_64-unknown-linux-gnu/lib/rustlib/src/rust/library/core/src/panic.rs line 178 column 9 function core::slice::index::slice_index_fail thread 0
aborting path on assume(false) at file /home/runner/.rustup/toolchains/nightly-2025-11-21-x86_64-unknown-linux-gnu/lib/rustlib/src/rust/library/core/src/slice/index.rs line 68 column 5 function core::slice::index::slice_index_fail::do_panic::runtime thread 0
aborting path on assume(false) at file /home/runner/.rustup/toolchains/nightly-2025-11-21-x86_64-unknown-linux-gnu/lib/rustlib/src/rust/library/core/src/intrinsics/mod.rs line 2449 column 9 function core::slice::index::slice_index_fail::do_panic thread 0
aborting path on assume(false) at file /home/runner/.rustup/toolchains/nightly-2025-11-21-x86_64-unknown-linux-gnu/lib/rustlib/src/rust/library/core/src/panic.rs line 178 column 9 function core::slice::index::slice_index_fail thread 0
aborting path on assume(false) at file /home/runner/.rustup/toolchains/nightly-2025-11-21-x86_64-unknown-linux-gnu/lib/rustlib/src/rust/library/core/src/slice/index.rs line 443 column 13 function <std::ops::Range<usize> as std::slice::SliceIndex<[u8]>>::index thread 0
aborting path on assume(false) at file der-verified/src/set_of.rs line 146 column 28 function set_of::decode_set_of thread 0
Unwinding loop _RNvNtCs8Uhk9se0wUe_12der_verified6set_of13decode_set_of.0 iteration 10 file der-verified/src/set_of.rs line 145 column 5 function set_of::decode_set_of thread 0
aborting path on assume(false) at file /home/runner/.rustup/toolchains/nightly-2025-11-21-x86_64-unknown-linux-gnu/lib/rustlib/src/rust/library/core/src/slice/index.rs line 40 column 9 function core::slice::index::slice_index_fail::do_panic::runtime thread 0
aborting path on assume(false) at file /home/runner/.rustup/toolchains/nightly-2025-11-21-x86_64-unknown-linux-gnu/lib/rustlib/src/rust/library/core/src/intrinsics/mod.rs line 2449 column 9 function core::slice::index::slice_index_fail::do_panic thread 0
aborting path on assume(false) at file /home/runner/.rustup/toolchains/nightly-2025-11-21-x86_64-unknown-linux-gnu/lib/rustlib/src/rust/library/core/src/panic.rs line 178 column 9 function core::slice::index::slice_index_fail thread 0
aborting path on assume(false) at file /home/runner/.rustup/toolchains/nightly-2025-11-21-x86_64-unknown-linux-gnu/lib/rustlib/src/rust/library/core/src/slice/index.rs line 58 column 9 function core::slice::index::slice_index_fail::do_panic::runtime thread 0
aborting path on assume(false) at file /home/runner/.rustup/toolchains/nightly-2025-11-21-x86_64-unknown-linux-gnu/lib/rustlib/src/rust/library/core/src/intrinsics/mod.rs line 2449 column 9 function core::slice::index::slice_index_fail::do_panic thread 0
aborting path on assume(false) at file /home/runner/.rustup/toolchains/nightly-2025-11-21-x86_64-unknown-linux-gnu/lib/rustlib/src/rust/library/core/src/panic.rs line 178 column 9 function core::slice::index::slice_index_fail thread 0
aborting path on assume(false) at file /home/runner/.rustup/toolchains/nightly-2025-11-21-x86_64-unknown-linux-gnu/lib/rustlib/src/rust/library/core/src/slice/index.rs line 68 column 5 function core::slice::index::slice_index_fail::do_panic::runtime thread 0
aborting path on assume(false) at file /home/runner/.rustup/toolchains/nightly-2025-11-21-x86_64-unknown-linux-gnu/lib/rustlib/src/rust/library/core/src/intrinsics/mod.rs line 2449 column 9 function core::slice::index::slice_index_fail::do_panic thread 0
aborting path on assume(false) at file /home/runner/.rustup/toolchains/nightly-2025-11-21-x86_64-unknown-linux-gnu/lib/rustlib/src/rust/library/core/src/panic.rs line 178 column 9 function core::slice::index::slice_index_fail thread 0
aborting path on assume(false) at file /home/runner/.rustup/toolchains/nightly-2025-11-21-x86_64-unknown-linux-gnu/lib/rustlib/src/rust/library/core/src/slice/index.rs line 569 column 13 function <std::ops::RangeFrom<usize> as std::slice::SliceIndex<[u8]>>::index thread 0
aborting path on assume(false) at file /home/runner/work/kani/kani/library/kani_core/src/models.rs line 176 column 17 function <usize as kani::rustc_intrinsics::ToISize>::to_isize thread 0
aborting path on assume(false) at file /home/runner/work/kani/kani/library/kani/src/lib.rs line 57 column 1 function <usize as kani::rustc_intrinsics::ToISize>::to_isize thread 0
aborting path on assume(false) at file /home/runner/work/kani/kani/library/kani/src/lib.rs line 57 column 1 function <usize as kani::rustc_intrinsics::ToISize>::to_isize thread 0
Unwinding loop _RNvNtCs8Uhk9se0wUe_12der_verified3tag10decode_tag.0 iteration 1 file der-verified/src/tag.rs line 137 column 49 function tag::decode_tag thread 0
Unwinding loop _RNvNtCs8Uhk9se0wUe_12der_verified3tag10decode_tag.0 iteration 2 file der-verified/src/tag.rs line 137 column 49 function tag::decode_tag thread 0
Unwinding loop _RNvNtCs8Uhk9se0wUe_12der_verified3tag10decode_tag.0 iteration 3 file der-verified/src/tag.rs line 137 column 49 function tag::decode_tag thread 0
Unwinding loop _RNvNtCs8Uhk9se0wUe_12der_verified3tag10decode_tag.0 iteration 4 file der-verified/src/tag.rs line 137 column 49 function tag::decode_tag thread 0
Unwinding loop _RNvNtCs8Uhk9se0wUe_12der_verified3tag10decode_tag.0 iteration 5 file der-verified/src/tag.rs line 137 column 49 function tag::decode_tag thread 0
Unwinding loop _RNvNtCs8Uhk9se0wUe_12der_verified3tag10decode_tag.0 iteration 6 file der-verified/src/tag.rs line 137 column 49 function tag::decode_tag thread 0
Unwinding loop _RNvNtCs8Uhk9se0wUe_12der_verified3tag10decode_tag.0 iteration 7 file der-verified/src/tag.rs line 137 column 49 function tag::decode_tag thread 0
Unwinding loop _RNvNtCs8Uhk9se0wUe_12der_verified3tag10decode_tag.0 iteration 8 file der-verified/src/tag.rs line 137 column 49 function tag::decode_tag thread 0
Unwinding loop _RNvNtCs8Uhk9se0wUe_12der_verified3tag10decode_tag.0 iteration 9 file der-verified/src/tag.rs line 137 column 49 function tag::decode_tag thread 0
Unwinding loop _RNvNtCs8Uhk9se0wUe_12der_verified3tag10decode_tag.0 iteration 10 file der-verified/src/tag.rs line 137 column 49 function tag::decode_tag thread 0
Unwinding loop _RNvNtCs8Uhk9se0wUe_12der_verified3tag10decode_tag.0 iteration 11 file der-verified/src/tag.rs line 137 column 49 function tag::decode_tag thread 0
Unwinding loop _RNvNtCs8Uhk9se0wUe_12der_verified3tag10decode_tag.0 iteration 12 file der-verified/src/tag.rs line 137 column 49 function tag::decode_tag thread 0
Unwinding loop _RNvNtCs8Uhk9se0wUe_12der_verified3tag10decode_tag.0 iteration 13 file der-verified/src/tag.rs line 137 column 49 function tag::decode_tag thread 0
Unwinding loop _RNvNtCs8Uhk9se0wUe_12der_verified3tag10decode_tag.0 iteration 14 file der-verified/src/tag.rs line 137 column 49 function tag::decode_tag thread 0
Unwinding loop _RNvNtCs8Uhk9se0wUe_12der_verified3tag10decode_tag.0 iteration 15 file der-verified/src/tag.rs line 137 column 49 function tag::decode_tag thread 0
Not unwinding loop _RNvNtCs8Uhk9se0wUe_12der_verified3tag10decode_tag.0 iteration 16 file der-verified/src/tag.rs line 137 column 49 function tag::decode_tag thread 0
aborting path on assume(false) at file /home/runner/.rustup/toolchains/nightly-2025-11-21-x86_64-unknown-linux-gnu/lib/rustlib/src/rust/library/core/src/result.rs line 2173 column 15 function <std::result::Result<(u32, usize), tag::TagError> as std::ops::Try>::branch thread 0
aborting path on assume(false) at file der-verified/src/lib.rs line 0 column 0 function tag::decode_tag thread 0
aborting path on assume(false) at file /home/runner/.rustup/toolchains/nightly-2025-11-21-x86_64-unknown-linux-gnu/lib/rustlib/src/rust/library/core/src/result.rs line 966 column 15 function std::result::Result::<(tag::Tag, usize), tag::TagError>::map_err::<tlv::TlvError, {closure@der-verified/src/tlv.rs:71:51: 71:54}> thread 0
aborting path on assume(false) at file /home/runner/.rustup/toolchains/nightly-2025-11-21-x86_64-unknown-linux-gnu/lib/rustlib/src/rust/library/core/src/result.rs line 2173 column 15 function <std::result::Result<(tag::Tag, usize), tlv::TlvError> as std::ops::Try>::branch thread 0
aborting path on assume(false) at file /home/runner/.rustup/toolchains/nightly-2025-11-21-x86_64-unknown-linux-gnu/lib/rustlib/src/rust/library/core/src/slice/index.rs line 40 column 9 function core::slice::index::slice_index_fail::do_panic::runtime thread 0
aborting path on assume(false) at file /home/runner/.rustup/toolchains/nightly-2025-11-21-x86_64-unknown-linux-gnu/lib/rustlib/src/rust/library/core/src/intrinsics/mod.rs line 2449 column 9 function core::slice::index::slice_index_fail::do_panic thread 0
aborting path on assume(false) at file /home/runner/.rustup/toolchains/nightly-2025-11-21-x86_64-unknown-linux-gnu/lib/rustlib/src/rust/library/core/src/panic.rs line 178 column 9 function core::slice::index::slice_index_fail thread 0
aborting path on assume(false) at file /home/runner/.rustup/toolchains/nightly-2025-11-21-x86_64-unknown-linux-gnu/lib/rustlib/src/rust/library/core/src/slice/index.rs line 49 column 9 function core::slice::index::slice_index_fail::do_panic::runtime thread 0
aborting path on assume(false) at file /home/runner/.rustup/toolchains/nightly-2025-11-21-x86_64-unknown-linux-gnu/lib/rustlib/src/rust/library/core/src/intrinsics/mod.rs line 2449 column 9 function core::slice::index::slice_index_fail::do_panic thread 0
aborting path on assume(false) at file /home/runner/.rustup/toolchains/nightly-2025-11-21-x86_64-unknown-linux-gnu/lib/rustlib/src/rust/library/core/src/panic.rs line 178 column 9 function core::slice::index::slice_index_fail thread 0
aborting path on assume(false) at file /home/runner/.rustup/toolchains/nightly-2025-11-21-x86_64-unknown-linux-gnu/lib/rustlib/src/rust/library/core/src/slice/index.rs line 58 column 9 function core::slice::index::slice_index_fail::do_panic::runtime thread 0
aborting path on assume(false) at file /home/runner/.rustup/toolchains/nightly-2025-11-21-x86_64-unknown-linux-gnu/lib/rustlib/src/rust/library/core/src/intrinsics/mod.rs line 2449 column 9 function core::slice::index::slice_index_fail::do_panic thread 0
aborting path on assume(false) at file /home/runner/.rustup/toolchains/nightly-2025-11-21-x86_64-unknown-linux-gnu/lib/rustlib/src/rust/library/core/src/panic.rs line 178 column 9 function core::slice::index::slice_index_fail thread 0
aborting path on assume(false) at file /home/runner/.rustup/toolchains/nightly-2025-11-21-x86_64-unknown-linux-gnu/lib/rustlib/src/rust/library/core/src/slice/index.rs line 68 column 5 function core::slice::index::slice_index_fail::do_panic::runtime thread 0
aborting path on assume(false) at file /home/runner/.rustup/toolchains/nightly-2025-11-21-x86_64-unknown-linux-gnu/lib/rustlib/src/rust/library/core/src/intrinsics/mod.rs line 2449 column 9 function core::slice::index::slice_index_fail::do_panic thread 0
aborting path on assume(false) at file /home/runner/.rustup/toolchains/nightly-2025-11-21-x86_64-unknown-linux-gnu/lib/rustlib/src/rust/library/core/src/panic.rs line 178 column 9 function core::slice::index::slice_index_fail thread 0
aborting path on assume(false) at file /home/runner/.rustup/toolchains/nightly-2025-11-21-x86_64-unknown-linux-gnu/lib/rustlib/src/rust/library/core/src/slice/index.rs line 569 column 13 function <std::ops::RangeFrom<usize> as std::slice::SliceIndex<[u8]>>::index thread 0
aborting path on assume(false) at file /home/runner/work/kani/kani/library/kani_core/src/models.rs line 176 column 17 function <usize as kani::rustc_intrinsics::ToISize>::to_isize thread 0
aborting path on assume(false) at file /home/runner/work/kani/kani/library/kani/src/lib.rs line 57 column 1 function <usize as kani::rustc_intrinsics::ToISize>::to_isize thread 0
aborting path on assume(false) at file /home/runner/work/kani/kani/library/kani/src/lib.rs line 57 column 1 function <usize as kani::rustc_intrinsics::ToISize>::to_isize thread 0
aborting path on assume(false) at file /home/runner/work/kani/kani/library/kani/src/lib.rs line 57 column 1 function kani::mem::cbmc::same_allocation thread 0
aborting path on assume(false) at file der-verified/src/length.rs line 75 column 23 function length::decode_length thread 0
aborting path on assume(false) at file /home/runner/.rustup/toolchains/nightly-2025-11-21-x86_64-unknown-linux-gnu/lib/rustlib/src/rust/library/core/src/slice/index.rs line 435 column 5 function <std::ops::Range<usize> as std::slice::SliceIndex<[u8]>>::index thread 0
aborting path on assume(false) at file /home/runner/work/kani/kani/library/kani/src/lib.rs line 57 column 1 function kani::mem::cbmc::same_allocation thread 0
aborting path on assume(false) at file /home/runner/.rustup/toolchains/nightly-2025-11-21-x86_64-unknown-linux-gnu/lib/rustlib/src/rust/library/core/src/slice/index.rs line 40 column 9 function core::slice::index::slice_index_fail::do_panic::runtime thread 0
aborting path on assume(false) at file /home/runner/.rustup/toolchains/nightly-2025-11-21-x86_64-unknown-linux-gnu/lib/rustlib/src/rust/library/core/src/intrinsics/mod.rs line 2449 column 9 function core::slice::index::slice_index_fail::do_panic thread 0
aborting path on assume(false) at file /home/runner/.rustup/toolchains/nightly-2025-11-21-x86_64-unknown-linux-gnu/lib/rustlib/src/rust/library/core/src/panic.rs line 178 column 9 function core::slice::index::slice_index_fail thread 0
aborting path on assume(false) at file /home/runner/.rustup/toolchains/nightly-2025-11-21-x86_64-unknown-linux-gnu/lib/rustlib/src/rust/library/core/src/slice/index.rs line 49 column 9 function core::slice::index::slice_index_fail::do_panic::runtime thread 0
aborting path on assume(false) at file /home/runner/.rustup/toolchains/nightly-2025-11-21-x86_64-unknown-linux-gnu/lib/rustlib/src/rust/library/core/src/intrinsics/mod.rs line 2449 column 9 function core::slice::index::slice_index_fail::do_panic thread 0
aborting path on assume(false) at file /home/runner/.rustup/toolchains/nightly-2025-11-21-x86_64-unknown-linux-gnu/lib/rustlib/src/rust/library/core/src/panic.rs line 178 column 9 function core::slice::index::slice_index_fail thread 0
aborting path on assume(false) at file /home/runner/.rustup/toolchains/nightly-2025-11-21-x86_64-unknown-linux-gnu/lib/rustlib/src/rust/library/core/src/slice/index.rs line 58 column 9 function core::slice::index::slice_index_fail::do_panic::runtime thread 0
aborting path on assume(false) at file /home/runner/.rustup/toolchains/nightly-2025-11-21-x86_64-unknown-linux-gnu/lib/rustlib/src/rust/library/core/src/intrinsics/mod.rs line 2449 column 9 function core::slice::index::slice_index_fail::do_panic thread 0
aborting path on assume(false) at file /home/runner/.rustup/toolchains/nightly-2025-11-21-x86_64-unknown-linux-gnu/lib/rustlib/src/rust/library/core/src/panic.rs line 178 column 9 function core::slice::index::slice_index_fail thread 0
aborting path on assume(false) at file /home/runner/.rustup/toolchains/nightly-2025-11-21-x86_64-unknown-linux-gnu/lib/rustlib/src/rust/library/core/src/slice/index.rs line 68 column 5 function core::slice::index::slice_index_fail::do_panic::runtime thread 0
aborting path on assume(false) at file /home/runner/.rustup/toolchains/nightly-2025-11-21-x86_64-unknown-linux-gnu/lib/rustlib/src/rust/library/core/src/intrinsics/mod.rs line 2449 column 9 function core::slice::index::slice_index_fail::do_panic thread 0
aborting path on assume(false) at file /home/runner/.rustup/toolchains/nightly-2025-11-21-x86_64-unknown-linux-gnu/lib/rustlib/src/rust/library/core/src/panic.rs line 178 column 9 function core::slice::index::slice_index_fail thread 0
aborting path on assume(false) at file /home/runner/.rustup/toolchains/nightly-2025-11-21-x86_64-unknown-linux-gnu/lib/rustlib/src/rust/library/core/src/slice/index.rs line 443 column 13 function <std::ops::Range<usize> as std::slice::SliceIndex<[u8]>>::index thread 0
Unwinding loop _RNvNtCs8Uhk9se0wUe_12der_verified6length13decode_length.0 iteration 1 file der-verified/src/length.rs line 101 column 5 function length::decode_length thread 0
Unwinding loop _RNvNtCs8Uhk9se0wUe_12der_verified6length13decode_length.0 iteration 2 file der-verified/src/length.rs line 101 column 5 function length::decode_length thread 0
Unwinding loop _RNvNtCs8Uhk9se0wUe_12der_verified6length13decode_length.0 iteration 3 file der-verified/src/length.rs line 101 column 5 function length::decode_length thread 0
Unwinding loop _RNvNtCs8Uhk9se0wUe_12der_verified6length13decode_length.0 iteration 4 file der-verified/src/length.rs line 101 column 5 function length::decode_length thread 0
Unwinding loop _RNvNtCs8Uhk9se0wUe_12der_verified6length13decode_length.0 iteration 5 file der-verified/src/length.rs line 101 column 5 function length::decode_length thread 0
Unwinding loop _RNvNtCs8Uhk9se0wUe_12der_verified6length13decode_length.0 iteration 6 file der-verified/src/length.rs line 101 column 5 function length::decode_length thread 0
Unwinding loop _RNvNtCs8Uhk9se0wUe_12der_verified6length13decode_length.0 iteration 7 file der-verified/src/length.rs line 101 column 5 function length::decode_length thread 0
Unwinding loop _RNvNtCs8Uhk9se0wUe_12der_verified6length13decode_length.0 iteration 8 file der-verified/src/length.rs line 101 column 5 function length::decode_length thread 0
Unwinding loop _RNvNtCs8Uhk9se0wUe_12der_verified6length13decode_length.0 iteration 9 file der-verified/src/length.rs line 101 column 5 function length::decode_length thread 0
Unwinding loop _RNvNtCs8Uhk9se0wUe_12der_verified6length13decode_length.0 iteration 10 file der-verified/src/length.rs line 101 column 5 function length::decode_length thread 0
Unwinding loop _RNvNtCs8Uhk9se0wUe_12der_verified6length13decode_length.0 iteration 11 file der-verified/src/length.rs line 101 column 5 function length::decode_length thread 0
Unwinding loop _RNvNtCs8Uhk9se0wUe_12der_verified6length13decode_length.0 iteration 12 file der-verified/src/length.rs line 101 column 5 function length::decode_length thread 0
Unwinding loop _RNvNtCs8Uhk9se0wUe_12der_verified6length13decode_length.0 iteration 13 file der-verified/src/length.rs line 101 column 5 function length::decode_length thread 0
Unwinding loop _RNvNtCs8Uhk9se0wUe_12der_verified6length13decode_length.0 iteration 14 file der-verified/src/length.rs line 101 column 5 function length::decode_length thread 0
Unwinding loop _RNvNtCs8Uhk9se0wUe_12der_verified6length13decode_length.0 iteration 15 file der-verified/src/length.rs line 101 column 5 function length::decode_length thread 0
Not unwinding loop _RNvNtCs8Uhk9se0wUe_12der_verified6length13decode_length.0 iteration 16 file der-verified/src/length.rs line 101 column 5 function length::decode_length thread 0
aborting path on assume(false) at file /home/runner/.rustup/toolchains/nightly-2025-11-21-x86_64-unknown-linux-gnu/lib/rustlib/src/rust/library/core/src/result.rs line 966 column 15 function std::result::Result::<(u32, usize), length::LengthError>::map_err::<tlv::TlvError, {closure@der-verified/src/tlv.rs:73:69: 73:72}> thread 0
aborting path on assume(false) at file /home/runner/.rustup/toolchains/nightly-2025-11-21-x86_64-unknown-linux-gnu/lib/rustlib/src/rust/library/core/src/result.rs line 2173 column 15 function <std::result::Result<(u32, usize), tlv::TlvError> as std::ops::Try>::branch thread 0
aborting path on assume(false) at file der-verified/src/lib.rs line 0 column 0 function tlv::decode_tlv thread 0
aborting path on assume(false) at file /home/runner/.rustup/toolchains/nightly-2025-11-21-x86_64-unknown-linux-gnu/lib/rustlib/src/rust/library/core/src/slice/index.rs line 435 column 5 function <std::ops::Range<usize> as std::slice::SliceIndex<[u8]>>::index thread 0
aborting path on assume(false) at file /home/runner/work/kani/kani/library/kani_core/src/models.rs line 176 column 17 function <usize as kani::rustc_intrinsics::ToISize>::to_isize thread 0
aborting path on assume(false) at file /home/runner/work/kani/kani/library/kani/src/lib.rs line 57 column 1 function <usize as kani::rustc_intrinsics::ToISize>::to_isize thread 0
aborting path on assume(false) at file /home/runner/work/kani/kani/library/kani/src/lib.rs line 57 column 1 function <usize as kani::rustc_intrinsics::ToISize>::to_isize thread 0
aborting path on assume(false) at file /home/runner/work/kani/kani/library/kani/src/lib.rs line 57 column 1 function kani::mem::cbmc::same_allocation thread 0
aborting path on assume(false) at file /home/runner/.rustup/toolchains/nightly-2025-11-21-x86_64-unknown-linux-gnu/lib/rustlib/src/rust/library/core/src/slice/index.rs line 40 column 9 function core::slice::index::slice_index_fail::do_panic::runtime thread 0
aborting path on assume(false) at file /home/runner/.rustup/toolchains/nightly-2025-11-21-x86_64-unknown-linux-gnu/lib/rustlib/src/rust/library/core/src/intrinsics/mod.rs line 2449 column 9 function core::slice::index::slice_index_fail::do_panic thread 0
aborting path on assume(false) at file /home/runner/.rustup/toolchains/nightly-2025-11-21-x86_64-unknown-linux-gnu/lib/rustlib/src/rust/library/core/src/panic.rs line 178 column 9 function core::slice::index::slice_index_fail thread 0
aborting path on assume(false) at file /home/runner/.rustup/toolchains/nightly-2025-11-21-x86_64-unknown-linux-gnu/lib/rustlib/src/rust/library/core/src/slice/index.rs line 49 column 9 function core::slice::index::slice_index_fail::do_panic::runtime thread 0
aborting path on assume(false) at file /home/runner/.rustup/toolchains/nightly-2025-11-21-x86_64-unknown-linux-gnu/lib/rustlib/src/rust/library/core/src/intrinsics/mod.rs line 2449 column 9 function core::slice::index::slice_index_fail::do_panic thread 0
aborting path on assume(false) at file /home/runner/.rustup/toolchains/nightly-2025-11-21-x86_64-unknown-linux-gnu/lib/rustlib/src/rust/library/core/src/panic.rs line 178 column 9 function core::slice::index::slice_index_fail thread 0
aborting path on assume(false) at file /home/runner/.rustup/toolchains/nightly-2025-11-21-x86_64-unknown-linux-gnu/lib/rustlib/src/rust/library/core/src/slice/index.rs line 58 column 9 function core::slice::index::slice_index_fail::do_panic::runtime thread 0
aborting path on assume(false) at file /home/runner/.rustup/toolchains/nightly-2025-11-21-x86_64-unknown-linux-gnu/lib/rustlib/src/rust/library/core/src/intrinsics/mod.rs line 2449 column 9 function core::slice::index::slice_index_fail::do_panic thread 0
aborting path on assume(false) at file /home/runner/.rustup/toolchains/nightly-2025-11-21-x86_64-unknown-linux-gnu/lib/rustlib/src/rust/library/core/src/panic.rs line 178 column 9 function core::slice::index::slice_index_fail thread 0
aborting path on assume(false) at file /home/runner/.rustup/toolchains/nightly-2025-11-21-x86_64-unknown-linux-gnu/lib/rustlib/src/rust/library/core/src/slice/index.rs line 68 column 5 function core::slice::index::slice_index_fail::do_panic::runtime thread 0
aborting path on assume(false) at file /home/runner/.rustup/toolchains/nightly-2025-11-21-x86_64-unknown-linux-gnu/lib/rustlib/src/rust/library/core/src/intrinsics/mod.rs line 2449 column 9 function core::slice::index::slice_index_fail::do_panic thread 0
aborting path on assume(false) at file /home/runner/.rustup/toolchains/nightly-2025-11-21-x86_64-unknown-linux-gnu/lib/rustlib/src/rust/library/core/src/panic.rs line 178 column 9 function core::slice::index::slice_index_fail thread 0
aborting path on assume(false) at file /home/runner/.rustup/toolchains/nightly-2025-11-21-x86_64-unknown-linux-gnu/lib/rustlib/src/rust/library/core/src/slice/index.rs line 443 column 13 function <std::ops::Range<usize> as std::slice::SliceIndex<[u8]>>::index thread 0
aborting path on assume(false) at file /home/runner/.rustup/toolchains/nightly-2025-11-21-x86_64-unknown-linux-gnu/lib/rustlib/src/rust/library/core/src/result.rs line 966 column 15 function std::result::Result::<(tlv::Tlv<'_>, usize), tlv::TlvError>::map_err::<set_of::SetOfError, fn(tlv::TlvError) -> set_of::SetOfError {set_of::SetOfError::Element}> thread 0
aborting path on assume(false) at file /home/runner/.rustup/toolchains/nightly-2025-11-21-x86_64-unknown-linux-gnu/lib/rustlib/src/rust/library/core/src/result.rs line 2173 column 15 function <std::result::Result<(tlv::Tlv<'_>, usize), set_of::SetOfError> as std::ops::Try>::branch thread 0
aborting path on assume(false) at file /home/runner/.rustup/toolchains/nightly-2025-11-21-x86_64-unknown-linux-gnu/lib/rustlib/src/rust/library/core/src/slice/index.rs line 435 column 5 function <std::ops::Range<usize> as std::slice::SliceIndex<[u8]>>::index thread 0
aborting path on assume(false) at file /home/runner/work/kani/kani/library/kani_core/src/models.rs line 176 column 17 function <usize as kani::rustc_intrinsics::ToISize>::to_isize thread 0
aborting path on assume(false) at file /home/runner/work/kani/kani/library/kani/src/lib.rs line 57 column 1 function <usize as kani::rustc_intrinsics::ToISize>::to_isize thread 0
aborting path on assume(false) at file /home/runner/work/kani/kani/library/kani/src/lib.rs line 57 column 1 function <usize as kani::rustc_intrinsics::ToISize>::to_isize thread 0
aborting path on assume(false) at file /home/runner/.rustup/toolchains/nightly-2025-11-21-x86_64-unknown-linux-gnu/lib/rustlib/src/rust/library/core/src/slice/index.rs line 40 column 9 function core::slice::index::slice_index_fail::do_panic::runtime thread 0
aborting path on assume(false) at file /home/runner/.rustup/toolchains/nightly-2025-11-21-x86_64-unknown-linux-gnu/lib/rustlib/src/rust/library/core/src/intrinsics/mod.rs line 2449 column 9 function core::slice::index::slice_index_fail::do_panic thread 0
aborting path on assume(false) at file /home/runner/.rustup/toolchains/nightly-2025-11-21-x86_64-unknown-linux-gnu/lib/rustlib/src/rust/library/core/src/panic.rs line 178 column 9 function core::slice::index::slice_index_fail thread 0
aborting path on assume(false) at file /home/runner/.rustup/toolchains/nightly-2025-11-21-x86_64-unknown-linux-gnu/lib/rustlib/src/rust/library/core/src/slice/index.rs line 49 column 9 function core::slice::index::slice_index_fail::do_panic::runtime thread 0
aborting path on assume(false) at file /home/runner/.rustup/toolchains/nightly-2025-11-21-x86_64-unknown-linux-gnu/lib/rustlib/src/rust/library/core/src/intrinsics/mod.rs line 2449 column 9 function core::slice::index::slice_index_fail::do_panic thread 0
aborting path on assume(false) at file /home/runner/.rustup/toolchains/nightly-2025-11-21-x86_64-unknown-linux-gnu/lib/rustlib/src/rust/library/core/src/panic.rs line 178 column 9 function core::slice::index::slice_index_fail thread 0
aborting path on assume(false) at file /home/runner/.rustup/toolchains/nightly-2025-11-21-x86_64-unknown-linux-gnu/lib/rustlib/src/rust/library/core/src/slice/index.rs line 58 column 9 function core::slice::index::slice_index_fail::do_panic::runtime thread 0
aborting path on assume(false) at file /home/runner/.rustup/toolchains/nightly-2025-11-21-x86_64-unknown-linux-gnu/lib/rustlib/src/rust/library/core/src/intrinsics/mod.rs line 2449 column 9 function core::slice::index::slice_index_fail::do_panic thread 0
aborting path on assume(false) at file /home/runner/.rustup/toolchains/nightly-2025-11-21-x86_64-unknown-linux-gnu/lib/rustlib/src/rust/library/core/src/panic.rs line 178 column 9 function core::slice::index::slice_index_fail thread 0
aborting path on assume(false) at file /home/runner/.rustup/toolchains/nightly-2025-11-21-x86_64-unknown-linux-gnu/lib/rustlib/src/rust/library/core/src/slice/index.rs line 68 column 5 function core::slice::index::slice_index_fail::do_panic::runtime thread 0
aborting path on assume(false) at file /home/runner/.rustup/toolchains/nightly-2025-11-21-x86_64-unknown-linux-gnu/lib/rustlib/src/rust/library/core/src/intrinsics/mod.rs line 2449 column 9 function core::slice::index::slice_index_fail::do_panic thread 0
aborting path on assume(false) at file /home/runner/.rustup/toolchains/nightly-2025-11-21-x86_64-unknown-linux-gnu/lib/rustlib/src/rust/library/core/src/panic.rs line 178 column 9 function core::slice::index::slice_index_fail thread 0
aborting path on assume(false) at file /home/runner/.rustup/toolchains/nightly-2025-11-21-x86_64-unknown-linux-gnu/lib/rustlib/src/rust/library/core/src/slice/index.rs line 443 column 13 function <std::ops::Range<usize> as std::slice::SliceIndex<[u8]>>::index thread 0
aborting path on assume(false) at file der-verified/src/set_of.rs line 146 column 28 function set_of::decode_set_of thread 0
Unwinding loop _RNvNtCs8Uhk9se0wUe_12der_verified6set_of13decode_set_of.0 iteration 11 file der-verified/src/set_of.rs line 145 column 5 function set_of::decode_set_of thread 0
aborting path on assume(false) at file /home/runner/.rustup/toolchains/nightly-2025-11-21-x86_64-unknown-linux-gnu/lib/rustlib/src/rust/library/core/src/slice/index.rs line 40 column 9 function core::slice::index::slice_index_fail::do_panic::runtime thread 0
aborting path on assume(false) at file /home/runner/.rustup/toolchains/nightly-2025-11-21-x86_64-unknown-linux-gnu/lib/rustlib/src/rust/library/core/src/intrinsics/mod.rs line 2449 column 9 function core::slice::index::slice_index_fail::do_panic thread 0
aborting path on assume(false) at file /home/runner/.rustup/toolchains/nightly-2025-11-21-x86_64-unknown-linux-gnu/lib/rustlib/src/rust/library/core/src/panic.rs line 178 column 9 function core::slice::index::slice_index_fail thread 0
aborting path on assume(false) at file /home/runner/.rustup/toolchains/nightly-2025-11-21-x86_64-unknown-linux-gnu/lib/rustlib/src/rust/library/core/src/slice/index.rs line 58 column 9 function core::slice::index::slice_index_fail::do_panic::runtime thread 0
aborting path on assume(false) at file /home/runner/.rustup/toolchains/nightly-2025-11-21-x86_64-unknown-linux-gnu/lib/rustlib/src/rust/library/core/src/intrinsics/mod.rs line 2449 column 9 function core::slice::index::slice_index_fail::do_panic thread 0
aborting path on assume(false) at file /home/runner/.rustup/toolchains/nightly-2025-11-21-x86_64-unknown-linux-gnu/lib/rustlib/src/rust/library/core/src/panic.rs line 178 column 9 function core::slice::index::slice_index_fail thread 0
aborting path on assume(false) at file /home/runner/.rustup/toolchains/nightly-2025-11-21-x86_64-unknown-linux-gnu/lib/rustlib/src/rust/library/core/src/slice/index.rs line 68 column 5 function core::slice::index::slice_index_fail::do_panic::runtime thread 0
aborting path on assume(false) at file /home/runner/.rustup/toolchains/nightly-2025-11-21-x86_64-unknown-linux-gnu/lib/rustlib/src/rust/library/core/src/intrinsics/mod.rs line 2449 column 9 function core::slice::index::slice_index_fail::do_panic thread 0
aborting path on assume(false) at file /home/runner/.rustup/toolchains/nightly-2025-11-21-x86_64-unknown-linux-gnu/lib/rustlib/src/rust/library/core/src/panic.rs line 178 column 9 function core::slice::index::slice_index_fail thread 0
aborting path on assume(false) at file /home/runner/.rustup/toolchains/nightly-2025-11-21-x86_64-unknown-linux-gnu/lib/rustlib/src/rust/library/core/src/slice/index.rs line 569 column 13 function <std::ops::RangeFrom<usize> as std::slice::SliceIndex<[u8]>>::index thread 0
aborting path on assume(false) at file /home/runner/work/kani/kani/library/kani_core/src/models.rs line 176 column 17 function <usize as kani::rustc_intrinsics::ToISize>::to_isize thread 0
aborting path on assume(false) at file /home/runner/work/kani/kani/library/kani/src/lib.rs line 57 column 1 function <usize as kani::rustc_intrinsics::ToISize>::to_isize thread 0
aborting path on assume(false) at file /home/runner/work/kani/kani/library/kani/src/lib.rs line 57 column 1 function <usize as kani::rustc_intrinsics::ToISize>::to_isize thread 0
Unwinding loop _RNvNtCs8Uhk9se0wUe_12der_verified3tag10decode_tag.0 iteration 1 file der-verified/src/tag.rs line 137 column 49 function tag::decode_tag thread 0
Unwinding loop _RNvNtCs8Uhk9se0wUe_12der_verified3tag10decode_tag.0 iteration 2 file der-verified/src/tag.rs line 137 column 49 function tag::decode_tag thread 0
Unwinding loop _RNvNtCs8Uhk9se0wUe_12der_verified3tag10decode_tag.0 iteration 3 file der-verified/src/tag.rs line 137 column 49 function tag::decode_tag thread 0
Unwinding loop _RNvNtCs8Uhk9se0wUe_12der_verified3tag10decode_tag.0 iteration 4 file der-verified/src/tag.rs line 137 column 49 function tag::decode_tag thread 0
Unwinding loop _RNvNtCs8Uhk9se0wUe_12der_verified3tag10decode_tag.0 iteration 5 file der-verified/src/tag.rs line 137 column 49 function tag::decode_tag thread 0
Unwinding loop _RNvNtCs8Uhk9se0wUe_12der_verified3tag10decode_tag.0 iteration 6 file der-verified/src/tag.rs line 137 column 49 function tag::decode_tag thread 0
Unwinding loop _RNvNtCs8Uhk9se0wUe_12der_verified3tag10decode_tag.0 iteration 7 file der-verified/src/tag.rs line 137 column 49 function tag::decode_tag thread 0
Unwinding loop _RNvNtCs8Uhk9se0wUe_12der_verified3tag10decode_tag.0 iteration 8 file der-verified/src/tag.rs line 137 column 49 function tag::decode_tag thread 0
Unwinding loop _RNvNtCs8Uhk9se0wUe_12der_verified3tag10decode_tag.0 iteration 9 file der-verified/src/tag.rs line 137 column 49 function tag::decode_tag thread 0
Unwinding loop _RNvNtCs8Uhk9se0wUe_12der_verified3tag10decode_tag.0 iteration 10 file der-verified/src/tag.rs line 137 column 49 function tag::decode_tag thread 0
Unwinding loop _RNvNtCs8Uhk9se0wUe_12der_verified3tag10decode_tag.0 iteration 11 file der-verified/src/tag.rs line 137 column 49 function tag::decode_tag thread 0
Unwinding loop _RNvNtCs8Uhk9se0wUe_12der_verified3tag10decode_tag.0 iteration 12 file der-verified/src/tag.rs line 137 column 49 function tag::decode_tag thread 0
Unwinding loop _RNvNtCs8Uhk9se0wUe_12der_verified3tag10decode_tag.0 iteration 13 file der-verified/src/tag.rs line 137 column 49 function tag::decode_tag thread 0
Unwinding loop _RNvNtCs8Uhk9se0wUe_12der_verified3tag10decode_tag.0 iteration 14 file der-verified/src/tag.rs line 137 column 49 function tag::decode_tag thread 0
Unwinding loop _RNvNtCs8Uhk9se0wUe_12der_verified3tag10decode_tag.0 iteration 15 file der-verified/src/tag.rs line 137 column 49 function tag::decode_tag thread 0
Not unwinding loop _RNvNtCs8Uhk9se0wUe_12der_verified3tag10decode_tag.0 iteration 16 file der-verified/src/tag.rs line 137 column 49 function tag::decode_tag thread 0
aborting path on assume(false) at file /home/runner/.rustup/toolchains/nightly-2025-11-21-x86_64-unknown-linux-gnu/lib/rustlib/src/rust/library/core/src/result.rs line 2173 column 15 function <std::result::Result<(u32, usize), tag::TagError> as std::ops::Try>::branch thread 0
aborting path on assume(false) at file der-verified/src/lib.rs line 0 column 0 function tag::decode_tag thread 0
aborting path on assume(false) at file /home/runner/.rustup/toolchains/nightly-2025-11-21-x86_64-unknown-linux-gnu/lib/rustlib/src/rust/library/core/src/result.rs line 966 column 15 function std::result::Result::<(tag::Tag, usize), tag::TagError>::map_err::<tlv::TlvError, {closure@der-verified/src/tlv.rs:71:51: 71:54}> thread 0
aborting path on assume(false) at file /home/runner/.rustup/toolchains/nightly-2025-11-21-x86_64-unknown-linux-gnu/lib/rustlib/src/rust/library/core/src/result.rs line 2173 column 15 function <std::result::Result<(tag::Tag, usize), tlv::TlvError> as std::ops::Try>::branch thread 0
aborting path on assume(false) at file /home/runner/.rustup/toolchains/nightly-2025-11-21-x86_64-unknown-linux-gnu/lib/rustlib/src/rust/library/core/src/slice/index.rs line 40 column 9 function core::slice::index::slice_index_fail::do_panic::runtime thread 0
aborting path on assume(false) at file /home/runner/.rustup/toolchains/nightly-2025-11-21-x86_64-unknown-linux-gnu/lib/rustlib/src/rust/library/core/src/intrinsics/mod.rs line 2449 column 9 function core::slice::index::slice_index_fail::do_panic thread 0
aborting path on assume(false) at file /home/runner/.rustup/toolchains/nightly-2025-11-21-x86_64-unknown-linux-gnu/lib/rustlib/src/rust/library/core/src/panic.rs line 178 column 9 function core::slice::index::slice_index_fail thread 0
aborting path on assume(false) at file /home/runner/.rustup/toolchains/nightly-2025-11-21-x86_64-unknown-linux-gnu/lib/rustlib/src/rust/library/core/src/slice/index.rs line 49 column 9 function core::slice::index::slice_index_fail::do_panic::runtime thread 0
aborting path on assume(false) at file /home/runner/.rustup/toolchains/nightly-2025-11-21-x86_64-unknown-linux-gnu/lib/rustlib/src/rust/library/core/src/intrinsics/mod.rs line 2449 column 9 function core::slice::index::slice_index_fail::do_panic thread 0
aborting path on assume(false) at file /home/runner/.rustup/toolchains/nightly-2025-11-21-x86_64-unknown-linux-gnu/lib/rustlib/src/rust/library/core/src/panic.rs line 178 column 9 function core::slice::index::slice_index_fail thread 0
aborting path on assume(false) at file /home/runner/.rustup/toolchains/nightly-2025-11-21-x86_64-unknown-linux-gnu/lib/rustlib/src/rust/library/core/src/slice/index.rs line 58 column 9 function core::slice::index::slice_index_fail::do_panic::runtime thread 0
aborting path on assume(false) at file /home/runner/.rustup/toolchains/nightly-2025-11-21-x86_64-unknown-linux-gnu/lib/rustlib/src/rust/library/core/src/intrinsics/mod.rs line 2449 column 9 function core::slice::index::slice_index_fail::do_panic thread 0
aborting path on assume(false) at file /home/runner/.rustup/toolchains/nightly-2025-11-21-x86_64-unknown-linux-gnu/lib/rustlib/src/rust/library/core/src/panic.rs line 178 column 9 function core::slice::index::slice_index_fail thread 0
aborting path on assume(false) at file /home/runner/.rustup/toolchains/nightly-2025-11-21-x86_64-unknown-linux-gnu/lib/rustlib/src/rust/library/core/src/slice/index.rs line 68 column 5 function core::slice::index::slice_index_fail::do_panic::runtime thread 0
aborting path on assume(false) at file /home/runner/.rustup/toolchains/nightly-2025-11-21-x86_64-unknown-linux-gnu/lib/rustlib/src/rust/library/core/src/intrinsics/mod.rs line 2449 column 9 function core::slice::index::slice_index_fail::do_panic thread 0
aborting path on assume(false) at file /home/runner/.rustup/toolchains/nightly-2025-11-21-x86_64-unknown-linux-gnu/lib/rustlib/src/rust/library/core/src/panic.rs line 178 column 9 function core::slice::index::slice_index_fail thread 0
aborting path on assume(false) at file /home/runner/.rustup/toolchains/nightly-2025-11-21-x86_64-unknown-linux-gnu/lib/rustlib/src/rust/library/core/src/slice/index.rs line 569 column 13 function <std::ops::RangeFrom<usize> as std::slice::SliceIndex<[u8]>>::index thread 0
aborting path on assume(false) at file /home/runner/work/kani/kani/library/kani_core/src/models.rs line 176 column 17 function <usize as kani::rustc_intrinsics::ToISize>::to_isize thread 0
aborting path on assume(false) at file /home/runner/work/kani/kani/library/kani/src/lib.rs line 57 column 1 function <usize as kani::rustc_intrinsics::ToISize>::to_isize thread 0
aborting path on assume(false) at file /home/runner/work/kani/kani/library/kani/src/lib.rs line 57 column 1 function <usize as kani::rustc_intrinsics::ToISize>::to_isize thread 0
aborting path on assume(false) at file /home/runner/work/kani/kani/library/kani/src/lib.rs line 57 column 1 function kani::mem::cbmc::same_allocation thread 0
aborting path on assume(false) at file der-verified/src/length.rs line 75 column 23 function length::decode_length thread 0
aborting path on assume(false) at file /home/runner/.rustup/toolchains/nightly-2025-11-21-x86_64-unknown-linux-gnu/lib/rustlib/src/rust/library/core/src/slice/index.rs line 435 column 5 function <std::ops::Range<usize> as std::slice::SliceIndex<[u8]>>::index thread 0
aborting path on assume(false) at file /home/runner/work/kani/kani/library/kani/src/lib.rs line 57 column 1 function kani::mem::cbmc::same_allocation thread 0
aborting path on assume(false) at file /home/runner/.rustup/toolchains/nightly-2025-11-21-x86_64-unknown-linux-gnu/lib/rustlib/src/rust/library/core/src/slice/index.rs line 40 column 9 function core::slice::index::slice_index_fail::do_panic::runtime thread 0
aborting path on assume(false) at file /home/runner/.rustup/toolchains/nightly-2025-11-21-x86_64-unknown-linux-gnu/lib/rustlib/src/rust/library/core/src/intrinsics/mod.rs line 2449 column 9 function core::slice::index::slice_index_fail::do_panic thread 0
aborting path on assume(false) at file /home/runner/.rustup/toolchains/nightly-2025-11-21-x86_64-unknown-linux-gnu/lib/rustlib/src/rust/library/core/src/panic.rs line 178 column 9 function core::slice::index::slice_index_fail thread 0
aborting path on assume(false) at file /home/runner/.rustup/toolchains/nightly-2025-11-21-x86_64-unknown-linux-gnu/lib/rustlib/src/rust/library/core/src/slice/index.rs line 49 column 9 function core::slice::index::slice_index_fail::do_panic::runtime thread 0
aborting path on assume(false) at file /home/runner/.rustup/toolchains/nightly-2025-11-21-x86_64-unknown-linux-gnu/lib/rustlib/src/rust/library/core/src/intrinsics/mod.rs line 2449 column 9 function core::slice::index::slice_index_fail::do_panic thread 0
aborting path on assume(false) at file /home/runner/.rustup/toolchains/nightly-2025-11-21-x86_64-unknown-linux-gnu/lib/rustlib/src/rust/library/core/src/panic.rs line 178 column 9 function core::slice::index::slice_index_fail thread 0
aborting path on assume(false) at file /home/runner/.rustup/toolchains/nightly-2025-11-21-x86_64-unknown-linux-gnu/lib/rustlib/src/rust/library/core/src/slice/index.rs line 58 column 9 function core::slice::index::slice_index_fail::do_panic::runtime thread 0
aborting path on assume(false) at file /home/runner/.rustup/toolchains/nightly-2025-11-21-x86_64-unknown-linux-gnu/lib/rustlib/src/rust/library/core/src/intrinsics/mod.rs line 2449 column 9 function core::slice::index::slice_index_fail::do_panic thread 0
aborting path on assume(false) at file /home/runner/.rustup/toolchains/nightly-2025-11-21-x86_64-unknown-linux-gnu/lib/rustlib/src/rust/library/core/src/panic.rs line 178 column 9 function core::slice::index::slice_index_fail thread 0
aborting path on assume(false) at file /home/runner/.rustup/toolchains/nightly-2025-11-21-x86_64-unknown-linux-gnu/lib/rustlib/src/rust/library/core/src/slice/index.rs line 68 column 5 function core::slice::index::slice_index_fail::do_panic::runtime thread 0
aborting path on assume(false) at file /home/runner/.rustup/toolchains/nightly-2025-11-21-x86_64-unknown-linux-gnu/lib/rustlib/src/rust/library/core/src/intrinsics/mod.rs line 2449 column 9 function core::slice::index::slice_index_fail::do_panic thread 0
aborting path on assume(false) at file /home/runner/.rustup/toolchains/nightly-2025-11-21-x86_64-unknown-linux-gnu/lib/rustlib/src/rust/library/core/src/panic.rs line 178 column 9 function core::slice::index::slice_index_fail thread 0
aborting path on assume(false) at file /home/runner/.rustup/toolchains/nightly-2025-11-21-x86_64-unknown-linux-gnu/lib/rustlib/src/rust/library/core/src/slice/index.rs line 443 column 13 function <std::ops::Range<usize> as std::slice::SliceIndex<[u8]>>::index thread 0
Unwinding loop _RNvNtCs8Uhk9se0wUe_12der_verified6length13decode_length.0 iteration 1 file der-verified/src/length.rs line 101 column 5 function length::decode_length thread 0
Unwinding loop _RNvNtCs8Uhk9se0wUe_12der_verified6length13decode_length.0 iteration 2 file der-verified/src/length.rs line 101 column 5 function length::decode_length thread 0
Unwinding loop _RNvNtCs8Uhk9se0wUe_12der_verified6length13decode_length.0 iteration 3 file der-verified/src/length.rs line 101 column 5 function length::decode_length thread 0
Unwinding loop _RNvNtCs8Uhk9se0wUe_12der_verified6length13decode_length.0 iteration 4 file der-verified/src/length.rs line 101 column 5 function length::decode_length thread 0
Unwinding loop _RNvNtCs8Uhk9se0wUe_12der_verified6length13decode_length.0 iteration 5 file der-verified/src/length.rs line 101 column 5 function length::decode_length thread 0
Unwinding loop _RNvNtCs8Uhk9se0wUe_12der_verified6length13decode_length.0 iteration 6 file der-verified/src/length.rs line 101 column 5 function length::decode_length thread 0
Unwinding loop _RNvNtCs8Uhk9se0wUe_12der_verified6length13decode_length.0 iteration 7 file der-verified/src/length.rs line 101 column 5 function length::decode_length thread 0
Unwinding loop _RNvNtCs8Uhk9se0wUe_12der_verified6length13decode_length.0 iteration 8 file der-verified/src/length.rs line 101 column 5 function length::decode_length thread 0
Unwinding loop _RNvNtCs8Uhk9se0wUe_12der_verified6length13decode_length.0 iteration 9 file der-verified/src/length.rs line 101 column 5 function length::decode_length thread 0
Unwinding loop _RNvNtCs8Uhk9se0wUe_12der_verified6length13decode_length.0 iteration 10 file der-verified/src/length.rs line 101 column 5 function length::decode_length thread 0
Unwinding loop _RNvNtCs8Uhk9se0wUe_12der_verified6length13decode_length.0 iteration 11 file der-verified/src/length.rs line 101 column 5 function length::decode_length thread 0
Unwinding loop _RNvNtCs8Uhk9se0wUe_12der_verified6length13decode_length.0 iteration 12 file der-verified/src/length.rs line 101 column 5 function length::decode_length thread 0
Unwinding loop _RNvNtCs8Uhk9se0wUe_12der_verified6length13decode_length.0 iteration 13 file der-verified/src/length.rs line 101 column 5 function length::decode_length thread 0
Unwinding loop _RNvNtCs8Uhk9se0wUe_12der_verified6length13decode_length.0 iteration 14 file der-verified/src/length.rs line 101 column 5 function length::decode_length thread 0
Unwinding loop _RNvNtCs8Uhk9se0wUe_12der_verified6length13decode_length.0 iteration 15 file der-verified/src/length.rs line 101 column 5 function length::decode_length thread 0
Not unwinding loop _RNvNtCs8Uhk9se0wUe_12der_verified6length13decode_length.0 iteration 16 file der-verified/src/length.rs line 101 column 5 function length::decode_length thread 0
aborting path on assume(false) at file /home/runner/.rustup/toolchains/nightly-2025-11-21-x86_64-unknown-linux-gnu/lib/rustlib/src/rust/library/core/src/result.rs line 966 column 15 function std::result::Result::<(u32, usize), length::LengthError>::map_err::<tlv::TlvError, {closure@der-verified/src/tlv.rs:73:69: 73:72}> thread 0
aborting path on assume(false) at file /home/runner/.rustup/toolchains/nightly-2025-11-21-x86_64-unknown-linux-gnu/lib/rustlib/src/rust/library/core/src/result.rs line 2173 column 15 function <std::result::Result<(u32, usize), tlv::TlvError> as std::ops::Try>::branch thread 0
aborting path on assume(false) at file der-verified/src/lib.rs line 0 column 0 function tlv::decode_tlv thread 0
aborting path on assume(false) at file /home/runner/.rustup/toolchains/nightly-2025-11-21-x86_64-unknown-linux-gnu/lib/rustlib/src/rust/library/core/src/slice/index.rs line 435 column 5 function <std::ops::Range<usize> as std::slice::SliceIndex<[u8]>>::index thread 0
aborting path on assume(false) at file /home/runner/work/kani/kani/library/kani_core/src/models.rs line 176 column 17 function <usize as kani::rustc_intrinsics::ToISize>::to_isize thread 0
aborting path on assume(false) at file /home/runner/work/kani/kani/library/kani/src/lib.rs line 57 column 1 function <usize as kani::rustc_intrinsics::ToISize>::to_isize thread 0
aborting path on assume(false) at file /home/runner/work/kani/kani/library/kani/src/lib.rs line 57 column 1 function <usize as kani::rustc_intrinsics::ToISize>::to_isize thread 0
aborting path on assume(false) at file /home/runner/work/kani/kani/library/kani/src/lib.rs line 57 column 1 function kani::mem::cbmc::same_allocation thread 0
aborting path on assume(false) at file /home/runner/.rustup/toolchains/nightly-2025-11-21-x86_64-unknown-linux-gnu/lib/rustlib/src/rust/library/core/src/slice/index.rs line 40 column 9 function core::slice::index::slice_index_fail::do_panic::runtime thread 0
aborting path on assume(false) at file /home/runner/.rustup/toolchains/nightly-2025-11-21-x86_64-unknown-linux-gnu/lib/rustlib/src/rust/library/core/src/intrinsics/mod.rs line 2449 column 9 function core::slice::index::slice_index_fail::do_panic thread 0
aborting path on assume(false) at file /home/runner/.rustup/toolchains/nightly-2025-11-21-x86_64-unknown-linux-gnu/lib/rustlib/src/rust/library/core/src/panic.rs line 178 column 9 function core::slice::index::slice_index_fail thread 0
aborting path on assume(false) at file /home/runner/.rustup/toolchains/nightly-2025-11-21-x86_64-unknown-linux-gnu/lib/rustlib/src/rust/library/core/src/slice/index.rs line 49 column 9 function core::slice::index::slice_index_fail::do_panic::runtime thread 0
aborting path on assume(false) at file /home/runner/.rustup/toolchains/nightly-2025-11-21-x86_64-unknown-linux-gnu/lib/rustlib/src/rust/library/core/src/intrinsics/mod.rs line 2449 column 9 function core::slice::index::slice_index_fail::do_panic thread 0
aborting path on assume(false) at file /home/runner/.rustup/toolchains/nightly-2025-11-21-x86_64-unknown-linux-gnu/lib/rustlib/src/rust/library/core/src/panic.rs line 178 column 9 function core::slice::index::slice_index_fail thread 0
aborting path on assume(false) at file /home/runner/.rustup/toolchains/nightly-2025-11-21-x86_64-unknown-linux-gnu/lib/rustlib/src/rust/library/core/src/slice/index.rs line 58 column 9 function core::slice::index::slice_index_fail::do_panic::runtime thread 0
aborting path on assume(false) at file /home/runner/.rustup/toolchains/nightly-2025-11-21-x86_64-unknown-linux-gnu/lib/rustlib/src/rust/library/core/src/intrinsics/mod.rs line 2449 column 9 function core::slice::index::slice_index_fail::do_panic thread 0
aborting path on assume(false) at file /home/runner/.rustup/toolchains/nightly-2025-11-21-x86_64-unknown-linux-gnu/lib/rustlib/src/rust/library/core/src/panic.rs line 178 column 9 function core::slice::index::slice_index_fail thread 0
aborting path on assume(false) at file /home/runner/.rustup/toolchains/nightly-2025-11-21-x86_64-unknown-linux-gnu/lib/rustlib/src/rust/library/core/src/slice/index.rs line 68 column 5 function core::slice::index::slice_index_fail::do_panic::runtime thread 0
aborting path on assume(false) at file /home/runner/.rustup/toolchains/nightly-2025-11-21-x86_64-unknown-linux-gnu/lib/rustlib/src/rust/library/core/src/intrinsics/mod.rs line 2449 column 9 function core::slice::index::slice_index_fail::do_panic thread 0
aborting path on assume(false) at file /home/runner/.rustup/toolchains/nightly-2025-11-21-x86_64-unknown-linux-gnu/lib/rustlib/src/rust/library/core/src/panic.rs line 178 column 9 function core::slice::index::slice_index_fail thread 0
aborting path on assume(false) at file /home/runner/.rustup/toolchains/nightly-2025-11-21-x86_64-unknown-linux-gnu/lib/rustlib/src/rust/library/core/src/slice/index.rs line 443 column 13 function <std::ops::Range<usize> as std::slice::SliceIndex<[u8]>>::index thread 0
aborting path on assume(false) at file /home/runner/.rustup/toolchains/nightly-2025-11-21-x86_64-unknown-linux-gnu/lib/rustlib/src/rust/library/core/src/result.rs line 966 column 15 function std::result::Result::<(tlv::Tlv<'_>, usize), tlv::TlvError>::map_err::<set_of::SetOfError, fn(tlv::TlvError) -> set_of::SetOfError {set_of::SetOfError::Element}> thread 0
aborting path on assume(false) at file /home/runner/.rustup/toolchains/nightly-2025-11-21-x86_64-unknown-linux-gnu/lib/rustlib/src/rust/library/core/src/result.rs line 2173 column 15 function <std::result::Result<(tlv::Tlv<'_>, usize), set_of::SetOfError> as std::ops::Try>::branch thread 0
aborting path on assume(false) at file /home/runner/.rustup/toolchains/nightly-2025-11-21-x86_64-unknown-linux-gnu/lib/rustlib/src/rust/library/core/src/slice/index.rs line 435 column 5 function <std::ops::Range<usize> as std::slice::SliceIndex<[u8]>>::index thread 0
aborting path on assume(false) at file /home/runner/work/kani/kani/library/kani_core/src/models.rs line 176 column 17 function <usize as kani::rustc_intrinsics::ToISize>::to_isize thread 0
aborting path on assume(false) at file /home/runner/work/kani/kani/library/kani/src/lib.rs line 57 column 1 function <usize as kani::rustc_intrinsics::ToISize>::to_isize thread 0
aborting path on assume(false) at file /home/runner/work/kani/kani/library/kani/src/lib.rs line 57 column 1 function <usize as kani::rustc_intrinsics::ToISize>::to_isize thread 0
aborting path on assume(false) at file /home/runner/.rustup/toolchains/nightly-2025-11-21-x86_64-unknown-linux-gnu/lib/rustlib/src/rust/library/core/src/slice/index.rs line 40 column 9 function core::slice::index::slice_index_fail::do_panic::runtime thread 0
aborting path on assume(false) at file /home/runner/.rustup/toolchains/nightly-2025-11-21-x86_64-unknown-linux-gnu/lib/rustlib/src/rust/library/core/src/intrinsics/mod.rs line 2449 column 9 function core::slice::index::slice_index_fail::do_panic thread 0
aborting path on assume(false) at file /home/runner/.rustup/toolchains/nightly-2025-11-21-x86_64-unknown-linux-gnu/lib/rustlib/src/rust/library/core/src/panic.rs line 178 column 9 function core::slice::index::slice_index_fail thread 0
aborting path on assume(false) at file /home/runner/.rustup/toolchains/nightly-2025-11-21-x86_64-unknown-linux-gnu/lib/rustlib/src/rust/library/core/src/slice/index.rs line 49 column 9 function core::slice::index::slice_index_fail::do_panic::runtime thread 0
aborting path on assume(false) at file /home/runner/.rustup/toolchains/nightly-2025-11-21-x86_64-unknown-linux-gnu/lib/rustlib/src/rust/library/core/src/intrinsics/mod.rs line 2449 column 9 function core::slice::index::slice_index_fail::do_panic thread 0
aborting path on assume(false) at file /home/runner/.rustup/toolchains/nightly-2025-11-21-x86_64-unknown-linux-gnu/lib/rustlib/src/rust/library/core/src/panic.rs line 178 column 9 function core::slice::index::slice_index_fail thread 0
aborting path on assume(false) at file /home/runner/.rustup/toolchains/nightly-2025-11-21-x86_64-unknown-linux-gnu/lib/rustlib/src/rust/library/core/src/slice/index.rs line 58 column 9 function core::slice::index::slice_index_fail::do_panic::runtime thread 0
aborting path on assume(false) at file /home/runner/.rustup/toolchains/nightly-2025-11-21-x86_64-unknown-linux-gnu/lib/rustlib/src/rust/library/core/src/intrinsics/mod.rs line 2449 column 9 function core::slice::index::slice_index_fail::do_panic thread 0
aborting path on assume(false) at file /home/runner/.rustup/toolchains/nightly-2025-11-21-x86_64-unknown-linux-gnu/lib/rustlib/src/rust/library/core/src/panic.rs line 178 column 9 function core::slice::index::slice_index_fail thread 0
aborting path on assume(false) at file /home/runner/.rustup/toolchains/nightly-2025-11-21-x86_64-unknown-linux-gnu/lib/rustlib/src/rust/library/core/src/slice/index.rs line 68 column 5 function core::slice::index::slice_index_fail::do_panic::runtime thread 0
aborting path on assume(false) at file /home/runner/.rustup/toolchains/nightly-2025-11-21-x86_64-unknown-linux-gnu/lib/rustlib/src/rust/library/core/src/intrinsics/mod.rs line 2449 column 9 function core::slice::index::slice_index_fail::do_panic thread 0
aborting path on assume(false) at file /home/runner/.rustup/toolchains/nightly-2025-11-21-x86_64-unknown-linux-gnu/lib/rustlib/src/rust/library/core/src/panic.rs line 178 column 9 function core::slice::index::slice_index_fail thread 0
aborting path on assume(false) at file /home/runner/.rustup/toolchains/nightly-2025-11-21-x86_64-unknown-linux-gnu/lib/rustlib/src/rust/library/core/src/slice/index.rs line 443 column 13 function <std::ops::Range<usize> as std::slice::SliceIndex<[u8]>>::index thread 0
aborting path on assume(false) at file der-verified/src/set_of.rs line 146 column 28 function set_of::decode_set_of thread 0
Unwinding loop _RNvNtCs8Uhk9se0wUe_12der_verified6set_of13decode_set_of.0 iteration 12 file der-verified/src/set_of.rs line 145 column 5 function set_of::decode_set_of thread 0
aborting path on assume(false) at file /home/runner/.rustup/toolchains/nightly-2025-11-21-x86_64-unknown-linux-gnu/lib/rustlib/src/rust/library/core/src/slice/index.rs line 40 column 9 function core::slice::index::slice_index_fail::do_panic::runtime thread 0
aborting path on assume(false) at file /home/runner/.rustup/toolchains/nightly-2025-11-21-x86_64-unknown-linux-gnu/lib/rustlib/src/rust/library/core/src/intrinsics/mod.rs line 2449 column 9 function core::slice::index::slice_index_fail::do_panic thread 0
aborting path on assume(false) at file /home/runner/.rustup/toolchains/nightly-2025-11-21-x86_64-unknown-linux-gnu/lib/rustlib/src/rust/library/core/src/panic.rs line 178 column 9 function core::slice::index::slice_index_fail thread 0
aborting path on assume(false) at file /home/runner/.rustup/toolchains/nightly-2025-11-21-x86_64-unknown-linux-gnu/lib/rustlib/src/rust/library/core/src/slice/index.rs line 58 column 9 function core::slice::index::slice_index_fail::do_panic::runtime thread 0
aborting path on assume(false) at file /home/runner/.rustup/toolchains/nightly-2025-11-21-x86_64-unknown-linux-gnu/lib/rustlib/src/rust/library/core/src/intrinsics/mod.rs line 2449 column 9 function core::slice::index::slice_index_fail::do_panic thread 0
aborting path on assume(false) at file /home/runner/.rustup/toolchains/nightly-2025-11-21-x86_64-unknown-linux-gnu/lib/rustlib/src/rust/library/core/src/panic.rs line 178 column 9 function core::slice::index::slice_index_fail thread 0
aborting path on assume(false) at file /home/runner/.rustup/toolchains/nightly-2025-11-21-x86_64-unknown-linux-gnu/lib/rustlib/src/rust/library/core/src/slice/index.rs line 68 column 5 function core::slice::index::slice_index_fail::do_panic::runtime thread 0
aborting path on assume(false) at file /home/runner/.rustup/toolchains/nightly-2025-11-21-x86_64-unknown-linux-gnu/lib/rustlib/src/rust/library/core/src/intrinsics/mod.rs line 2449 column 9 function core::slice::index::slice_index_fail::do_panic thread 0
aborting path on assume(false) at file /home/runner/.rustup/toolchains/nightly-2025-11-21-x86_64-unknown-linux-gnu/lib/rustlib/src/rust/library/core/src/panic.rs line 178 column 9 function core::slice::index::slice_index_fail thread 0
aborting path on assume(false) at file /home/runner/.rustup/toolchains/nightly-2025-11-21-x86_64-unknown-linux-gnu/lib/rustlib/src/rust/library/core/src/slice/index.rs line 569 column 13 function <std::ops::RangeFrom<usize> as std::slice::SliceIndex<[u8]>>::index thread 0
aborting path on assume(false) at file /home/runner/work/kani/kani/library/kani_core/src/models.rs line 176 column 17 function <usize as kani::rustc_intrinsics::ToISize>::to_isize thread 0
aborting path on assume(false) at file /home/runner/work/kani/kani/library/kani/src/lib.rs line 57 column 1 function <usize as kani::rustc_intrinsics::ToISize>::to_isize thread 0
aborting path on assume(false) at file /home/runner/work/kani/kani/library/kani/src/lib.rs line 57 column 1 function <usize as kani::rustc_intrinsics::ToISize>::to_isize thread 0
Unwinding loop _RNvNtCs8Uhk9se0wUe_12der_verified3tag10decode_tag.0 iteration 1 file der-verified/src/tag.rs line 137 column 49 function tag::decode_tag thread 0
Unwinding loop _RNvNtCs8Uhk9se0wUe_12der_verified3tag10decode_tag.0 iteration 2 file der-verified/src/tag.rs line 137 column 49 function tag::decode_tag thread 0
Unwinding loop _RNvNtCs8Uhk9se0wUe_12der_verified3tag10decode_tag.0 iteration 3 file der-verified/src/tag.rs line 137 column 49 function tag::decode_tag thread 0
Unwinding loop _RNvNtCs8Uhk9se0wUe_12der_verified3tag10decode_tag.0 iteration 4 file der-verified/src/tag.rs line 137 column 49 function tag::decode_tag thread 0
Unwinding loop _RNvNtCs8Uhk9se0wUe_12der_verified3tag10decode_tag.0 iteration 5 file der-verified/src/tag.rs line 137 column 49 function tag::decode_tag thread 0
Unwinding loop _RNvNtCs8Uhk9se0wUe_12der_verified3tag10decode_tag.0 iteration 6 file der-verified/src/tag.rs line 137 column 49 function tag::decode_tag thread 0
Unwinding loop _RNvNtCs8Uhk9se0wUe_12der_verified3tag10decode_tag.0 iteration 7 file der-verified/src/tag.rs line 137 column 49 function tag::decode_tag thread 0
Unwinding loop _RNvNtCs8Uhk9se0wUe_12der_verified3tag10decode_tag.0 iteration 8 file der-verified/src/tag.rs line 137 column 49 function tag::decode_tag thread 0
Unwinding loop _RNvNtCs8Uhk9se0wUe_12der_verified3tag10decode_tag.0 iteration 9 file der-verified/src/tag.rs line 137 column 49 function tag::decode_tag thread 0
Unwinding loop _RNvNtCs8Uhk9se0wUe_12der_verified3tag10decode_tag.0 iteration 10 file der-verified/src/tag.rs line 137 column 49 function tag::decode_tag thread 0
Unwinding loop _RNvNtCs8Uhk9se0wUe_12der_verified3tag10decode_tag.0 iteration 11 file der-verified/src/tag.rs line 137 column 49 function tag::decode_tag thread 0
Unwinding loop _RNvNtCs8Uhk9se0wUe_12der_verified3tag10decode_tag.0 iteration 12 file der-verified/src/tag.rs line 137 column 49 function tag::decode_tag thread 0
Unwinding loop _RNvNtCs8Uhk9se0wUe_12der_verified3tag10decode_tag.0 iteration 13 file der-verified/src/tag.rs line 137 column 49 function tag::decode_tag thread 0
Unwinding loop _RNvNtCs8Uhk9se0wUe_12der_verified3tag10decode_tag.0 iteration 14 file der-verified/src/tag.rs line 137 column 49 function tag::decode_tag thread 0
Unwinding loop _RNvNtCs8Uhk9se0wUe_12der_verified3tag10decode_tag.0 iteration 15 file der-verified/src/tag.rs line 137 column 49 function tag::decode_tag thread 0
Not unwinding loop _RNvNtCs8Uhk9se0wUe_12der_verified3tag10decode_tag.0 iteration 16 file der-verified/src/tag.rs line 137 column 49 function tag::decode_tag thread 0
aborting path on assume(false) at file /home/runner/.rustup/toolchains/nightly-2025-11-21-x86_64-unknown-linux-gnu/lib/rustlib/src/rust/library/core/src/result.rs line 2173 column 15 function <std::result::Result<(u32, usize), tag::TagError> as std::ops::Try>::branch thread 0
aborting path on assume(false) at file der-verified/src/lib.rs line 0 column 0 function tag::decode_tag thread 0
aborting path on assume(false) at file /home/runner/.rustup/toolchains/nightly-2025-11-21-x86_64-unknown-linux-gnu/lib/rustlib/src/rust/library/core/src/result.rs line 966 column 15 function std::result::Result::<(tag::Tag, usize), tag::TagError>::map_err::<tlv::TlvError, {closure@der-verified/src/tlv.rs:71:51: 71:54}> thread 0
aborting path on assume(false) at file /home/runner/.rustup/toolchains/nightly-2025-11-21-x86_64-unknown-linux-gnu/lib/rustlib/src/rust/library/core/src/result.rs line 2173 column 15 function <std::result::Result<(tag::Tag, usize), tlv::TlvError> as std::ops::Try>::branch thread 0
aborting path on assume(false) at file /home/runner/.rustup/toolchains/nightly-2025-11-21-x86_64-unknown-linux-gnu/lib/rustlib/src/rust/library/core/src/slice/index.rs line 40 column 9 function core::slice::index::slice_index_fail::do_panic::runtime thread 0
aborting path on assume(false) at file /home/runner/.rustup/toolchains/nightly-2025-11-21-x86_64-unknown-linux-gnu/lib/rustlib/src/rust/library/core/src/intrinsics/mod.rs line 2449 column 9 function core::slice::index::slice_index_fail::do_panic thread 0
aborting path on assume(false) at file /home/runner/.rustup/toolchains/nightly-2025-11-21-x86_64-unknown-linux-gnu/lib/rustlib/src/rust/library/core/src/panic.rs line 178 column 9 function core::slice::index::slice_index_fail thread 0
aborting path on assume(false) at file /home/runner/.rustup/toolchains/nightly-2025-11-21-x86_64-unknown-linux-gnu/lib/rustlib/src/rust/library/core/src/slice/index.rs line 49 column 9 function core::slice::index::slice_index_fail::do_panic::runtime thread 0
aborting path on assume(false) at file /home/runner/.rustup/toolchains/nightly-2025-11-21-x86_64-unknown-linux-gnu/lib/rustlib/src/rust/library/core/src/intrinsics/mod.rs line 2449 column 9 function core::slice::index::slice_index_fail::do_panic thread 0
aborting path on assume(false) at file /home/runner/.rustup/toolchains/nightly-2025-11-21-x86_64-unknown-linux-gnu/lib/rustlib/src/rust/library/core/src/panic.rs line 178 column 9 function core::slice::index::slice_index_fail thread 0
aborting path on assume(false) at file /home/runner/.rustup/toolchains/nightly-2025-11-21-x86_64-unknown-linux-gnu/lib/rustlib/src/rust/library/core/src/slice/index.rs line 58 column 9 function core::slice::index::slice_index_fail::do_panic::runtime thread 0
aborting path on assume(false) at file /home/runner/.rustup/toolchains/nightly-2025-11-21-x86_64-unknown-linux-gnu/lib/rustlib/src/rust/library/core/src/intrinsics/mod.rs line 2449 column 9 function core::slice::index::slice_index_fail::do_panic thread 0
aborting path on assume(false) at file /home/runner/.rustup/toolchains/nightly-2025-11-21-x86_64-unknown-linux-gnu/lib/rustlib/src/rust/library/core/src/panic.rs line 178 column 9 function core::slice::index::slice_index_fail thread 0
aborting path on assume(false) at file /home/runner/.rustup/toolchains/nightly-2025-11-21-x86_64-unknown-linux-gnu/lib/rustlib/src/rust/library/core/src/slice/index.rs line 68 column 5 function core::slice::index::slice_index_fail::do_panic::runtime thread 0
aborting path on assume(false) at file /home/runner/.rustup/toolchains/nightly-2025-11-21-x86_64-unknown-linux-gnu/lib/rustlib/src/rust/library/core/src/intrinsics/mod.rs line 2449 column 9 function core::slice::index::slice_index_fail::do_panic thread 0
aborting path on assume(false) at file /home/runner/.rustup/toolchains/nightly-2025-11-21-x86_64-unknown-linux-gnu/lib/rustlib/src/rust/library/core/src/panic.rs line 178 column 9 function core::slice::index::slice_index_fail thread 0
aborting path on assume(false) at file /home/runner/.rustup/toolchains/nightly-2025-11-21-x86_64-unknown-linux-gnu/lib/rustlib/src/rust/library/core/src/slice/index.rs line 569 column 13 function <std::ops::RangeFrom<usize> as std::slice::SliceIndex<[u8]>>::index thread 0
aborting path on assume(false) at file /home/runner/work/kani/kani/library/kani_core/src/models.rs line 176 column 17 function <usize as kani::rustc_intrinsics::ToISize>::to_isize thread 0
aborting path on assume(false) at file /home/runner/work/kani/kani/library/kani/src/lib.rs line 57 column 1 function <usize as kani::rustc_intrinsics::ToISize>::to_isize thread 0
aborting path on assume(false) at file /home/runner/work/kani/kani/library/kani/src/lib.rs line 57 column 1 function <usize as kani::rustc_intrinsics::ToISize>::to_isize thread 0
aborting path on assume(false) at file /home/runner/work/kani/kani/library/kani/src/lib.rs line 57 column 1 function kani::mem::cbmc::same_allocation thread 0
aborting path on assume(false) at file der-verified/src/length.rs line 75 column 23 function length::decode_length thread 0
aborting path on assume(false) at file /home/runner/.rustup/toolchains/nightly-2025-11-21-x86_64-unknown-linux-gnu/lib/rustlib/src/rust/library/core/src/slice/index.rs line 435 column 5 function <std::ops::Range<usize> as std::slice::SliceIndex<[u8]>>::index thread 0
aborting path on assume(false) at file /home/runner/work/kani/kani/library/kani/src/lib.rs line 57 column 1 function kani::mem::cbmc::same_allocation thread 0
aborting path on assume(false) at file /home/runner/.rustup/toolchains/nightly-2025-11-21-x86_64-unknown-linux-gnu/lib/rustlib/src/rust/library/core/src/slice/index.rs line 40 column 9 function core::slice::index::slice_index_fail::do_panic::runtime thread 0
aborting path on assume(false) at file /home/runner/.rustup/toolchains/nightly-2025-11-21-x86_64-unknown-linux-gnu/lib/rustlib/src/rust/library/core/src/intrinsics/mod.rs line 2449 column 9 function core::slice::index::slice_index_fail::do_panic thread 0
aborting path on assume(false) at file /home/runner/.rustup/toolchains/nightly-2025-11-21-x86_64-unknown-linux-gnu/lib/rustlib/src/rust/library/core/src/panic.rs line 178 column 9 function core::slice::index::slice_index_fail thread 0
aborting path on assume(false) at file /home/runner/.rustup/toolchains/nightly-2025-11-21-x86_64-unknown-linux-gnu/lib/rustlib/src/rust/library/core/src/slice/index.rs line 49 column 9 function core::slice::index::slice_index_fail::do_panic::runtime thread 0
aborting path on assume(false) at file /home/runner/.rustup/toolchains/nightly-2025-11-21-x86_64-unknown-linux-gnu/lib/rustlib/src/rust/library/core/src/intrinsics/mod.rs line 2449 column 9 function core::slice::index::slice_index_fail::do_panic thread 0
aborting path on assume(false) at file /home/runner/.rustup/toolchains/nightly-2025-11-21-x86_64-unknown-linux-gnu/lib/rustlib/src/rust/library/core/src/panic.rs line 178 column 9 function core::slice::index::slice_index_fail thread 0
aborting path on assume(false) at file /home/runner/.rustup/toolchains/nightly-2025-11-21-x86_64-unknown-linux-gnu/lib/rustlib/src/rust/library/core/src/slice/index.rs line 58 column 9 function core::slice::index::slice_index_fail::do_panic::runtime thread 0
aborting path on assume(false) at file /home/runner/.rustup/toolchains/nightly-2025-11-21-x86_64-unknown-linux-gnu/lib/rustlib/src/rust/library/core/src/intrinsics/mod.rs line 2449 column 9 function core::slice::index::slice_index_fail::do_panic thread 0
aborting path on assume(false) at file /home/runner/.rustup/toolchains/nightly-2025-11-21-x86_64-unknown-linux-gnu/lib/rustlib/src/rust/library/core/src/panic.rs line 178 column 9 function core::slice::index::slice_index_fail thread 0
aborting path on assume(false) at file /home/runner/.rustup/toolchains/nightly-2025-11-21-x86_64-unknown-linux-gnu/lib/rustlib/src/rust/library/core/src/slice/index.rs line 68 column 5 function core::slice::index::slice_index_fail::do_panic::runtime thread 0
aborting path on assume(false) at file /home/runner/.rustup/toolchains/nightly-2025-11-21-x86_64-unknown-linux-gnu/lib/rustlib/src/rust/library/core/src/intrinsics/mod.rs line 2449 column 9 function core::slice::index::slice_index_fail::do_panic thread 0
aborting path on assume(false) at file /home/runner/.rustup/toolchains/nightly-2025-11-21-x86_64-unknown-linux-gnu/lib/rustlib/src/rust/library/core/src/panic.rs line 178 column 9 function core::slice::index::slice_index_fail thread 0
aborting path on assume(false) at file /home/runner/.rustup/toolchains/nightly-2025-11-21-x86_64-unknown-linux-gnu/lib/rustlib/src/rust/library/core/src/slice/index.rs line 443 column 13 function <std::ops::Range<usize> as std::slice::SliceIndex<[u8]>>::index thread 0
Unwinding loop _RNvNtCs8Uhk9se0wUe_12der_verified6length13decode_length.0 iteration 1 file der-verified/src/length.rs line 101 column 5 function length::decode_length thread 0
Unwinding loop _RNvNtCs8Uhk9se0wUe_12der_verified6length13decode_length.0 iteration 2 file der-verified/src/length.rs line 101 column 5 function length::decode_length thread 0
Unwinding loop _RNvNtCs8Uhk9se0wUe_12der_verified6length13decode_length.0 iteration 3 file der-verified/src/length.rs line 101 column 5 function length::decode_length thread 0
Unwinding loop _RNvNtCs8Uhk9se0wUe_12der_verified6length13decode_length.0 iteration 4 file der-verified/src/length.rs line 101 column 5 function length::decode_length thread 0
Unwinding loop _RNvNtCs8Uhk9se0wUe_12der_verified6length13decode_length.0 iteration 5 file der-verified/src/length.rs line 101 column 5 function length::decode_length thread 0
Unwinding loop _RNvNtCs8Uhk9se0wUe_12der_verified6length13decode_length.0 iteration 6 file der-verified/src/length.rs line 101 column 5 function length::decode_length thread 0
Unwinding loop _RNvNtCs8Uhk9se0wUe_12der_verified6length13decode_length.0 iteration 7 file der-verified/src/length.rs line 101 column 5 function length::decode_length thread 0
Unwinding loop _RNvNtCs8Uhk9se0wUe_12der_verified6length13decode_length.0 iteration 8 file der-verified/src/length.rs line 101 column 5 function length::decode_length thread 0
Unwinding loop _RNvNtCs8Uhk9se0wUe_12der_verified6length13decode_length.0 iteration 9 file der-verified/src/length.rs line 101 column 5 function length::decode_length thread 0
Unwinding loop _RNvNtCs8Uhk9se0wUe_12der_verified6length13decode_length.0 iteration 10 file der-verified/src/length.rs line 101 column 5 function length::decode_length thread 0
Unwinding loop _RNvNtCs8Uhk9se0wUe_12der_verified6length13decode_length.0 iteration 11 file der-verified/src/length.rs line 101 column 5 function length::decode_length thread 0
Unwinding loop _RNvNtCs8Uhk9se0wUe_12der_verified6length13decode_length.0 iteration 12 file der-verified/src/length.rs line 101 column 5 function length::decode_length thread 0
Unwinding loop _RNvNtCs8Uhk9se0wUe_12der_verified6length13decode_length.0 iteration 13 file der-verified/src/length.rs line 101 column 5 function length::decode_length thread 0
Unwinding loop _RNvNtCs8Uhk9se0wUe_12der_verified6length13decode_length.0 iteration 14 file der-verified/src/length.rs line 101 column 5 function length::decode_length thread 0
Unwinding loop _RNvNtCs8Uhk9se0wUe_12der_verified6length13decode_length.0 iteration 15 file der-verified/src/length.rs line 101 column 5 function length::decode_length thread 0
Not unwinding loop _RNvNtCs8Uhk9se0wUe_12der_verified6length13decode_length.0 iteration 16 file der-verified/src/length.rs line 101 column 5 function length::decode_length thread 0
aborting path on assume(false) at file /home/runner/.rustup/toolchains/nightly-2025-11-21-x86_64-unknown-linux-gnu/lib/rustlib/src/rust/library/core/src/result.rs line 966 column 15 function std::result::Result::<(u32, usize), length::LengthError>::map_err::<tlv::TlvError, {closure@der-verified/src/tlv.rs:73:69: 73:72}> thread 0
aborting path on assume(false) at file /home/runner/.rustup/toolchains/nightly-2025-11-21-x86_64-unknown-linux-gnu/lib/rustlib/src/rust/library/core/src/result.rs line 2173 column 15 function <std::result::Result<(u32, usize), tlv::TlvError> as std::ops::Try>::branch thread 0
aborting path on assume(false) at file der-verified/src/lib.rs line 0 column 0 function tlv::decode_tlv thread 0
aborting path on assume(false) at file /home/runner/.rustup/toolchains/nightly-2025-11-21-x86_64-unknown-linux-gnu/lib/rustlib/src/rust/library/core/src/slice/index.rs line 435 column 5 function <std::ops::Range<usize> as std::slice::SliceIndex<[u8]>>::index thread 0
aborting path on assume(false) at file /home/runner/work/kani/kani/library/kani_core/src/models.rs line 176 column 17 function <usize as kani::rustc_intrinsics::ToISize>::to_isize thread 0
aborting path on assume(false) at file /home/runner/work/kani/kani/library/kani/src/lib.rs line 57 column 1 function <usize as kani::rustc_intrinsics::ToISize>::to_isize thread 0
aborting path on assume(false) at file /home/runner/work/kani/kani/library/kani/src/lib.rs line 57 column 1 function <usize as kani::rustc_intrinsics::ToISize>::to_isize thread 0
aborting path on assume(false) at file /home/runner/work/kani/kani/library/kani/src/lib.rs line 57 column 1 function kani::mem::cbmc::same_allocation thread 0
aborting path on assume(false) at file /home/runner/.rustup/toolchains/nightly-2025-11-21-x86_64-unknown-linux-gnu/lib/rustlib/src/rust/library/core/src/slice/index.rs line 40 column 9 function core::slice::index::slice_index_fail::do_panic::runtime thread 0
aborting path on assume(false) at file /home/runner/.rustup/toolchains/nightly-2025-11-21-x86_64-unknown-linux-gnu/lib/rustlib/src/rust/library/core/src/intrinsics/mod.rs line 2449 column 9 function core::slice::index::slice_index_fail::do_panic thread 0
aborting path on assume(false) at file /home/runner/.rustup/toolchains/nightly-2025-11-21-x86_64-unknown-linux-gnu/lib/rustlib/src/rust/library/core/src/panic.rs line 178 column 9 function core::slice::index::slice_index_fail thread 0
aborting path on assume(false) at file /home/runner/.rustup/toolchains/nightly-2025-11-21-x86_64-unknown-linux-gnu/lib/rustlib/src/rust/library/core/src/slice/index.rs line 49 column 9 function core::slice::index::slice_index_fail::do_panic::runtime thread 0
aborting path on assume(false) at file /home/runner/.rustup/toolchains/nightly-2025-11-21-x86_64-unknown-linux-gnu/lib/rustlib/src/rust/library/core/src/intrinsics/mod.rs line 2449 column 9 function core::slice::index::slice_index_fail::do_panic thread 0
aborting path on assume(false) at file /home/runner/.rustup/toolchains/nightly-2025-11-21-x86_64-unknown-linux-gnu/lib/rustlib/src/rust/library/core/src/panic.rs line 178 column 9 function core::slice::index::slice_index_fail thread 0
aborting path on assume(false) at file /home/runner/.rustup/toolchains/nightly-2025-11-21-x86_64-unknown-linux-gnu/lib/rustlib/src/rust/library/core/src/slice/index.rs line 58 column 9 function core::slice::index::slice_index_fail::do_panic::runtime thread 0
aborting path on assume(false) at file /home/runner/.rustup/toolchains/nightly-2025-11-21-x86_64-unknown-linux-gnu/lib/rustlib/src/rust/library/core/src/intrinsics/mod.rs line 2449 column 9 function core::slice::index::slice_index_fail::do_panic thread 0
aborting path on assume(false) at file /home/runner/.rustup/toolchains/nightly-2025-11-21-x86_64-unknown-linux-gnu/lib/rustlib/src/rust/library/core/src/panic.rs line 178 column 9 function core::slice::index::slice_index_fail thread 0
aborting path on assume(false) at file /home/runner/.rustup/toolchains/nightly-2025-11-21-x86_64-unknown-linux-gnu/lib/rustlib/src/rust/library/core/src/slice/index.rs line 68 column 5 function core::slice::index::slice_index_fail::do_panic::runtime thread 0
aborting path on assume(false) at file /home/runner/.rustup/toolchains/nightly-2025-11-21-x86_64-unknown-linux-gnu/lib/rustlib/src/rust/library/core/src/intrinsics/mod.rs line 2449 column 9 function core::slice::index::slice_index_fail::do_panic thread 0
aborting path on assume(false) at file /home/runner/.rustup/toolchains/nightly-2025-11-21-x86_64-unknown-linux-gnu/lib/rustlib/src/rust/library/core/src/panic.rs line 178 column 9 function core::slice::index::slice_index_fail thread 0
aborting path on assume(false) at file /home/runner/.rustup/toolchains/nightly-2025-11-21-x86_64-unknown-linux-gnu/lib/rustlib/src/rust/library/core/src/slice/index.rs line 443 column 13 function <std::ops::Range<usize> as std::slice::SliceIndex<[u8]>>::index thread 0
aborting path on assume(false) at file /home/runner/.rustup/toolchains/nightly-2025-11-21-x86_64-unknown-linux-gnu/lib/rustlib/src/rust/library/core/src/result.rs line 966 column 15 function std::result::Result::<(tlv::Tlv<'_>, usize), tlv::TlvError>::map_err::<set_of::SetOfError, fn(tlv::TlvError) -> set_of::SetOfError {set_of::SetOfError::Element}> thread 0
aborting path on assume(false) at file /home/runner/.rustup/toolchains/nightly-2025-11-21-x86_64-unknown-linux-gnu/lib/rustlib/src/rust/library/core/src/result.rs line 2173 column 15 function <std::result::Result<(tlv::Tlv<'_>, usize), set_of::SetOfError> as std::ops::Try>::branch thread 0
aborting path on assume(false) at file /home/runner/.rustup/toolchains/nightly-2025-11-21-x86_64-unknown-linux-gnu/lib/rustlib/src/rust/library/core/src/slice/index.rs line 435 column 5 function <std::ops::Range<usize> as std::slice::SliceIndex<[u8]>>::index thread 0
aborting path on assume(false) at file /home/runner/work/kani/kani/library/kani_core/src/models.rs line 176 column 17 function <usize as kani::rustc_intrinsics::ToISize>::to_isize thread 0
aborting path on assume(false) at file /home/runner/work/kani/kani/library/kani/src/lib.rs line 57 column 1 function <usize as kani::rustc_intrinsics::ToISize>::to_isize thread 0
aborting path on assume(false) at file /home/runner/work/kani/kani/library/kani/src/lib.rs line 57 column 1 function <usize as kani::rustc_intrinsics::ToISize>::to_isize thread 0
aborting path on assume(false) at file /home/runner/.rustup/toolchains/nightly-2025-11-21-x86_64-unknown-linux-gnu/lib/rustlib/src/rust/library/core/src/slice/index.rs line 40 column 9 function core::slice::index::slice_index_fail::do_panic::runtime thread 0
aborting path on assume(false) at file /home/runner/.rustup/toolchains/nightly-2025-11-21-x86_64-unknown-linux-gnu/lib/rustlib/src/rust/library/core/src/intrinsics/mod.rs line 2449 column 9 function core::slice::index::slice_index_fail::do_panic thread 0
aborting path on assume(false) at file /home/runner/.rustup/toolchains/nightly-2025-11-21-x86_64-unknown-linux-gnu/lib/rustlib/src/rust/library/core/src/panic.rs line 178 column 9 function core::slice::index::slice_index_fail thread 0
aborting path on assume(false) at file /home/runner/.rustup/toolchains/nightly-2025-11-21-x86_64-unknown-linux-gnu/lib/rustlib/src/rust/library/core/src/slice/index.rs line 49 column 9 function core::slice::index::slice_index_fail::do_panic::runtime thread 0
aborting path on assume(false) at file /home/runner/.rustup/toolchains/nightly-2025-11-21-x86_64-unknown-linux-gnu/lib/rustlib/src/rust/library/core/src/intrinsics/mod.rs line 2449 column 9 function core::slice::index::slice_index_fail::do_panic thread 0
aborting path on assume(false) at file /home/runner/.rustup/toolchains/nightly-2025-11-21-x86_64-unknown-linux-gnu/lib/rustlib/src/rust/library/core/src/panic.rs line 178 column 9 function core::slice::index::slice_index_fail thread 0
aborting path on assume(false) at file /home/runner/.rustup/toolchains/nightly-2025-11-21-x86_64-unknown-linux-gnu/lib/rustlib/src/rust/library/core/src/slice/index.rs line 58 column 9 function core::slice::index::slice_index_fail::do_panic::runtime thread 0
aborting path on assume(false) at file /home/runner/.rustup/toolchains/nightly-2025-11-21-x86_64-unknown-linux-gnu/lib/rustlib/src/rust/library/core/src/intrinsics/mod.rs line 2449 column 9 function core::slice::index::slice_index_fail::do_panic thread 0
aborting path on assume(false) at file /home/runner/.rustup/toolchains/nightly-2025-11-21-x86_64-unknown-linux-gnu/lib/rustlib/src/rust/library/core/src/panic.rs line 178 column 9 function core::slice::index::slice_index_fail thread 0
aborting path on assume(false) at file /home/runner/.rustup/toolchains/nightly-2025-11-21-x86_64-unknown-linux-gnu/lib/rustlib/src/rust/library/core/src/slice/index.rs line 68 column 5 function core::slice::index::slice_index_fail::do_panic::runtime thread 0
aborting path on assume(false) at file /home/runner/.rustup/toolchains/nightly-2025-11-21-x86_64-unknown-linux-gnu/lib/rustlib/src/rust/library/core/src/intrinsics/mod.rs line 2449 column 9 function core::slice::index::slice_index_fail::do_panic thread 0
aborting path on assume(false) at file /home/runner/.rustup/toolchains/nightly-2025-11-21-x86_64-unknown-linux-gnu/lib/rustlib/src/rust/library/core/src/panic.rs line 178 column 9 function core::slice::index::slice_index_fail thread 0
aborting path on assume(false) at file /home/runner/.rustup/toolchains/nightly-2025-11-21-x86_64-unknown-linux-gnu/lib/rustlib/src/rust/library/core/src/slice/index.rs line 443 column 13 function <std::ops::Range<usize> as std::slice::SliceIndex<[u8]>>::index thread 0
aborting path on assume(false) at file der-verified/src/set_of.rs line 146 column 28 function set_of::decode_set_of thread 0
Unwinding loop _RNvNtCs8Uhk9se0wUe_12der_verified6set_of13decode_set_of.0 iteration 13 file der-verified/src/set_of.rs line 145 column 5 function set_of::decode_set_of thread 0
aborting path on assume(false) at file /home/runner/.rustup/toolchains/nightly-2025-11-21-x86_64-unknown-linux-gnu/lib/rustlib/src/rust/library/core/src/slice/index.rs line 40 column 9 function core::slice::index::slice_index_fail::do_panic::runtime thread 0
aborting path on assume(false) at file /home/runner/.rustup/toolchains/nightly-2025-11-21-x86_64-unknown-linux-gnu/lib/rustlib/src/rust/library/core/src/intrinsics/mod.rs line 2449 column 9 function core::slice::index::slice_index_fail::do_panic thread 0
aborting path on assume(false) at file /home/runner/.rustup/toolchains/nightly-2025-11-21-x86_64-unknown-linux-gnu/lib/rustlib/src/rust/library/core/src/panic.rs line 178 column 9 function core::slice::index::slice_index_fail thread 0
aborting path on assume(false) at file /home/runner/.rustup/toolchains/nightly-2025-11-21-x86_64-unknown-linux-gnu/lib/rustlib/src/rust/library/core/src/slice/index.rs line 58 column 9 function core::slice::index::slice_index_fail::do_panic::runtime thread 0
aborting path on assume(false) at file /home/runner/.rustup/toolchains/nightly-2025-11-21-x86_64-unknown-linux-gnu/lib/rustlib/src/rust/library/core/src/intrinsics/mod.rs line 2449 column 9 function core::slice::index::slice_index_fail::do_panic thread 0
aborting path on assume(false) at file /home/runner/.rustup/toolchains/nightly-2025-11-21-x86_64-unknown-linux-gnu/lib/rustlib/src/rust/library/core/src/panic.rs line 178 column 9 function core::slice::index::slice_index_fail thread 0
aborting path on assume(false) at file /home/runner/.rustup/toolchains/nightly-2025-11-21-x86_64-unknown-linux-gnu/lib/rustlib/src/rust/library/core/src/slice/index.rs line 68 column 5 function core::slice::index::slice_index_fail::do_panic::runtime thread 0
aborting path on assume(false) at file /home/runner/.rustup/toolchains/nightly-2025-11-21-x86_64-unknown-linux-gnu/lib/rustlib/src/rust/library/core/src/intrinsics/mod.rs line 2449 column 9 function core::slice::index::slice_index_fail::do_panic thread 0
aborting path on assume(false) at file /home/runner/.rustup/toolchains/nightly-2025-11-21-x86_64-unknown-linux-gnu/lib/rustlib/src/rust/library/core/src/panic.rs line 178 column 9 function core::slice::index::slice_index_fail thread 0
aborting path on assume(false) at file /home/runner/.rustup/toolchains/nightly-2025-11-21-x86_64-unknown-linux-gnu/lib/rustlib/src/rust/library/core/src/slice/index.rs line 569 column 13 function <std::ops::RangeFrom<usize> as std::slice::SliceIndex<[u8]>>::index thread 0
aborting path on assume(false) at file /home/runner/work/kani/kani/library/kani_core/src/models.rs line 176 column 17 function <usize as kani::rustc_intrinsics::ToISize>::to_isize thread 0
aborting path on assume(false) at file /home/runner/work/kani/kani/library/kani/src/lib.rs line 57 column 1 function <usize as kani::rustc_intrinsics::ToISize>::to_isize thread 0
aborting path on assume(false) at file /home/runner/work/kani/kani/library/kani/src/lib.rs line 57 column 1 function <usize as kani::rustc_intrinsics::ToISize>::to_isize thread 0
Unwinding loop _RNvNtCs8Uhk9se0wUe_12der_verified3tag10decode_tag.0 iteration 1 file der-verified/src/tag.rs line 137 column 49 function tag::decode_tag thread 0
Unwinding loop _RNvNtCs8Uhk9se0wUe_12der_verified3tag10decode_tag.0 iteration 2 file der-verified/src/tag.rs line 137 column 49 function tag::decode_tag thread 0
Unwinding loop _RNvNtCs8Uhk9se0wUe_12der_verified3tag10decode_tag.0 iteration 3 file der-verified/src/tag.rs line 137 column 49 function tag::decode_tag thread 0
Unwinding loop _RNvNtCs8Uhk9se0wUe_12der_verified3tag10decode_tag.0 iteration 4 file der-verified/src/tag.rs line 137 column 49 function tag::decode_tag thread 0
Unwinding loop _RNvNtCs8Uhk9se0wUe_12der_verified3tag10decode_tag.0 iteration 5 file der-verified/src/tag.rs line 137 column 49 function tag::decode_tag thread 0
Unwinding loop _RNvNtCs8Uhk9se0wUe_12der_verified3tag10decode_tag.0 iteration 6 file der-verified/src/tag.rs line 137 column 49 function tag::decode_tag thread 0
Unwinding loop _RNvNtCs8Uhk9se0wUe_12der_verified3tag10decode_tag.0 iteration 7 file der-verified/src/tag.rs line 137 column 49 function tag::decode_tag thread 0
Unwinding loop _RNvNtCs8Uhk9se0wUe_12der_verified3tag10decode_tag.0 iteration 8 file der-verified/src/tag.rs line 137 column 49 function tag::decode_tag thread 0
Unwinding loop _RNvNtCs8Uhk9se0wUe_12der_verified3tag10decode_tag.0 iteration 9 file der-verified/src/tag.rs line 137 column 49 function tag::decode_tag thread 0
Unwinding loop _RNvNtCs8Uhk9se0wUe_12der_verified3tag10decode_tag.0 iteration 10 file der-verified/src/tag.rs line 137 column 49 function tag::decode_tag thread 0
Unwinding loop _RNvNtCs8Uhk9se0wUe_12der_verified3tag10decode_tag.0 iteration 11 file der-verified/src/tag.rs line 137 column 49 function tag::decode_tag thread 0
Unwinding loop _RNvNtCs8Uhk9se0wUe_12der_verified3tag10decode_tag.0 iteration 12 file der-verified/src/tag.rs line 137 column 49 function tag::decode_tag thread 0
Unwinding loop _RNvNtCs8Uhk9se0wUe_12der_verified3tag10decode_tag.0 iteration 13 file der-verified/src/tag.rs line 137 column 49 function tag::decode_tag thread 0
Unwinding loop _RNvNtCs8Uhk9se0wUe_12der_verified3tag10decode_tag.0 iteration 14 file der-verified/src/tag.rs line 137 column 49 function tag::decode_tag thread 0
Unwinding loop _RNvNtCs8Uhk9se0wUe_12der_verified3tag10decode_tag.0 iteration 15 file der-verified/src/tag.rs line 137 column 49 function tag::decode_tag thread 0
Not unwinding loop _RNvNtCs8Uhk9se0wUe_12der_verified3tag10decode_tag.0 iteration 16 file der-verified/src/tag.rs line 137 column 49 function tag::decode_tag thread 0
aborting path on assume(false) at file /home/runner/.rustup/toolchains/nightly-2025-11-21-x86_64-unknown-linux-gnu/lib/rustlib/src/rust/library/core/src/result.rs line 2173 column 15 function <std::result::Result<(u32, usize), tag::TagError> as std::ops::Try>::branch thread 0
aborting path on assume(false) at file der-verified/src/lib.rs line 0 column 0 function tag::decode_tag thread 0
aborting path on assume(false) at file /home/runner/.rustup/toolchains/nightly-2025-11-21-x86_64-unknown-linux-gnu/lib/rustlib/src/rust/library/core/src/result.rs line 966 column 15 function std::result::Result::<(tag::Tag, usize), tag::TagError>::map_err::<tlv::TlvError, {closure@der-verified/src/tlv.rs:71:51: 71:54}> thread 0
aborting path on assume(false) at file /home/runner/.rustup/toolchains/nightly-2025-11-21-x86_64-unknown-linux-gnu/lib/rustlib/src/rust/library/core/src/result.rs line 2173 column 15 function <std::result::Result<(tag::Tag, usize), tlv::TlvError> as std::ops::Try>::branch thread 0
aborting path on assume(false) at file /home/runner/.rustup/toolchains/nightly-2025-11-21-x86_64-unknown-linux-gnu/lib/rustlib/src/rust/library/core/src/slice/index.rs line 40 column 9 function core::slice::index::slice_index_fail::do_panic::runtime thread 0
aborting path on assume(false) at file /home/runner/.rustup/toolchains/nightly-2025-11-21-x86_64-unknown-linux-gnu/lib/rustlib/src/rust/library/core/src/intrinsics/mod.rs line 2449 column 9 function core::slice::index::slice_index_fail::do_panic thread 0
aborting path on assume(false) at file /home/runner/.rustup/toolchains/nightly-2025-11-21-x86_64-unknown-linux-gnu/lib/rustlib/src/rust/library/core/src/panic.rs line 178 column 9 function core::slice::index::slice_index_fail thread 0
aborting path on assume(false) at file /home/runner/.rustup/toolchains/nightly-2025-11-21-x86_64-unknown-linux-gnu/lib/rustlib/src/rust/library/core/src/slice/index.rs line 49 column 9 function core::slice::index::slice_index_fail::do_panic::runtime thread 0
aborting path on assume(false) at file /home/runner/.rustup/toolchains/nightly-2025-11-21-x86_64-unknown-linux-gnu/lib/rustlib/src/rust/library/core/src/intrinsics/mod.rs line 2449 column 9 function core::slice::index::slice_index_fail::do_panic thread 0
aborting path on assume(false) at file /home/runner/.rustup/toolchains/nightly-2025-11-21-x86_64-unknown-linux-gnu/lib/rustlib/src/rust/library/core/src/panic.rs line 178 column 9 function core::slice::index::slice_index_fail thread 0
aborting path on assume(false) at file /home/runner/.rustup/toolchains/nightly-2025-11-21-x86_64-unknown-linux-gnu/lib/rustlib/src/rust/library/core/src/slice/index.rs line 58 column 9 function core::slice::index::slice_index_fail::do_panic::runtime thread 0
aborting path on assume(false) at file /home/runner/.rustup/toolchains/nightly-2025-11-21-x86_64-unknown-linux-gnu/lib/rustlib/src/rust/library/core/src/intrinsics/mod.rs line 2449 column 9 function core::slice::index::slice_index_fail::do_panic thread 0
aborting path on assume(false) at file /home/runner/.rustup/toolchains/nightly-2025-11-21-x86_64-unknown-linux-gnu/lib/rustlib/src/rust/library/core/src/panic.rs line 178 column 9 function core::slice::index::slice_index_fail thread 0
aborting path on assume(false) at file /home/runner/.rustup/toolchains/nightly-2025-11-21-x86_64-unknown-linux-gnu/lib/rustlib/src/rust/library/core/src/slice/index.rs line 68 column 5 function core::slice::index::slice_index_fail::do_panic::runtime thread 0
aborting path on assume(false) at file /home/runner/.rustup/toolchains/nightly-2025-11-21-x86_64-unknown-linux-gnu/lib/rustlib/src/rust/library/core/src/intrinsics/mod.rs line 2449 column 9 function core::slice::index::slice_index_fail::do_panic thread 0
aborting path on assume(false) at file /home/runner/.rustup/toolchains/nightly-2025-11-21-x86_64-unknown-linux-gnu/lib/rustlib/src/rust/library/core/src/panic.rs line 178 column 9 function core::slice::index::slice_index_fail thread 0
aborting path on assume(false) at file /home/runner/.rustup/toolchains/nightly-2025-11-21-x86_64-unknown-linux-gnu/lib/rustlib/src/rust/library/core/src/slice/index.rs line 569 column 13 function <std::ops::RangeFrom<usize> as std::slice::SliceIndex<[u8]>>::index thread 0
aborting path on assume(false) at file /home/runner/work/kani/kani/library/kani_core/src/models.rs line 176 column 17 function <usize as kani::rustc_intrinsics::ToISize>::to_isize thread 0
aborting path on assume(false) at file /home/runner/work/kani/kani/library/kani/src/lib.rs line 57 column 1 function <usize as kani::rustc_intrinsics::ToISize>::to_isize thread 0
aborting path on assume(false) at file /home/runner/work/kani/kani/library/kani/src/lib.rs line 57 column 1 function <usize as kani::rustc_intrinsics::ToISize>::to_isize thread 0
aborting path on assume(false) at file /home/runner/work/kani/kani/library/kani/src/lib.rs line 57 column 1 function kani::mem::cbmc::same_allocation thread 0
aborting path on assume(false) at file der-verified/src/length.rs line 75 column 23 function length::decode_length thread 0
aborting path on assume(false) at file /home/runner/.rustup/toolchains/nightly-2025-11-21-x86_64-unknown-linux-gnu/lib/rustlib/src/rust/library/core/src/slice/index.rs line 435 column 5 function <std::ops::Range<usize> as std::slice::SliceIndex<[u8]>>::index thread 0
aborting path on assume(false) at file /home/runner/work/kani/kani/library/kani/src/lib.rs line 57 column 1 function kani::mem::cbmc::same_allocation thread 0
aborting path on assume(false) at file /home/runner/.rustup/toolchains/nightly-2025-11-21-x86_64-unknown-linux-gnu/lib/rustlib/src/rust/library/core/src/slice/index.rs line 40 column 9 function core::slice::index::slice_index_fail::do_panic::runtime thread 0
aborting path on assume(false) at file /home/runner/.rustup/toolchains/nightly-2025-11-21-x86_64-unknown-linux-gnu/lib/rustlib/src/rust/library/core/src/intrinsics/mod.rs line 2449 column 9 function core::slice::index::slice_index_fail::do_panic thread 0
aborting path on assume(false) at file /home/runner/.rustup/toolchains/nightly-2025-11-21-x86_64-unknown-linux-gnu/lib/rustlib/src/rust/library/core/src/panic.rs line 178 column 9 function core::slice::index::slice_index_fail thread 0
aborting path on assume(false) at file /home/runner/.rustup/toolchains/nightly-2025-11-21-x86_64-unknown-linux-gnu/lib/rustlib/src/rust/library/core/src/slice/index.rs line 49 column 9 function core::slice::index::slice_index_fail::do_panic::runtime thread 0
aborting path on assume(false) at file /home/runner/.rustup/toolchains/nightly-2025-11-21-x86_64-unknown-linux-gnu/lib/rustlib/src/rust/library/core/src/intrinsics/mod.rs line 2449 column 9 function core::slice::index::slice_index_fail::do_panic thread 0
aborting path on assume(false) at file /home/runner/.rustup/toolchains/nightly-2025-11-21-x86_64-unknown-linux-gnu/lib/rustlib/src/rust/library/core/src/panic.rs line 178 column 9 function core::slice::index::slice_index_fail thread 0
aborting path on assume(false) at file /home/runner/.rustup/toolchains/nightly-2025-11-21-x86_64-unknown-linux-gnu/lib/rustlib/src/rust/library/core/src/slice/index.rs line 58 column 9 function core::slice::index::slice_index_fail::do_panic::runtime thread 0
aborting path on assume(false) at file /home/runner/.rustup/toolchains/nightly-2025-11-21-x86_64-unknown-linux-gnu/lib/rustlib/src/rust/library/core/src/intrinsics/mod.rs line 2449 column 9 function core::slice::index::slice_index_fail::do_panic thread 0
aborting path on assume(false) at file /home/runner/.rustup/toolchains/nightly-2025-11-21-x86_64-unknown-linux-gnu/lib/rustlib/src/rust/library/core/src/panic.rs line 178 column 9 function core::slice::index::slice_index_fail thread 0
aborting path on assume(false) at file /home/runner/.rustup/toolchains/nightly-2025-11-21-x86_64-unknown-linux-gnu/lib/rustlib/src/rust/library/core/src/slice/index.rs line 68 column 5 function core::slice::index::slice_index_fail::do_panic::runtime thread 0
aborting path on assume(false) at file /home/runner/.rustup/toolchains/nightly-2025-11-21-x86_64-unknown-linux-gnu/lib/rustlib/src/rust/library/core/src/intrinsics/mod.rs line 2449 column 9 function core::slice::index::slice_index_fail::do_panic thread 0
aborting path on assume(false) at file /home/runner/.rustup/toolchains/nightly-2025-11-21-x86_64-unknown-linux-gnu/lib/rustlib/src/rust/library/core/src/panic.rs line 178 column 9 function core::slice::index::slice_index_fail thread 0
aborting path on assume(false) at file /home/runner/.rustup/toolchains/nightly-2025-11-21-x86_64-unknown-linux-gnu/lib/rustlib/src/rust/library/core/src/slice/index.rs line 443 column 13 function <std::ops::Range<usize> as std::slice::SliceIndex<[u8]>>::index thread 0
Unwinding loop _RNvNtCs8Uhk9se0wUe_12der_verified6length13decode_length.0 iteration 1 file der-verified/src/length.rs line 101 column 5 function length::decode_length thread 0
Unwinding loop _RNvNtCs8Uhk9se0wUe_12der_verified6length13decode_length.0 iteration 2 file der-verified/src/length.rs line 101 column 5 function length::decode_length thread 0
Unwinding loop _RNvNtCs8Uhk9se0wUe_12der_verified6length13decode_length.0 iteration 3 file der-verified/src/length.rs line 101 column 5 function length::decode_length thread 0
Unwinding loop _RNvNtCs8Uhk9se0wUe_12der_verified6length13decode_length.0 iteration 4 file der-verified/src/length.rs line 101 column 5 function length::decode_length thread 0
Unwinding loop _RNvNtCs8Uhk9se0wUe_12der_verified6length13decode_length.0 iteration 5 file der-verified/src/length.rs line 101 column 5 function length::decode_length thread 0
Unwinding loop _RNvNtCs8Uhk9se0wUe_12der_verified6length13decode_length.0 iteration 6 file der-verified/src/length.rs line 101 column 5 function length::decode_length thread 0
Unwinding loop _RNvNtCs8Uhk9se0wUe_12der_verified6length13decode_length.0 iteration 7 file der-verified/src/length.rs line 101 column 5 function length::decode_length thread 0
Unwinding loop _RNvNtCs8Uhk9se0wUe_12der_verified6length13decode_length.0 iteration 8 file der-verified/src/length.rs line 101 column 5 function length::decode_length thread 0
Unwinding loop _RNvNtCs8Uhk9se0wUe_12der_verified6length13decode_length.0 iteration 9 file der-verified/src/length.rs line 101 column 5 function length::decode_length thread 0
Unwinding loop _RNvNtCs8Uhk9se0wUe_12der_verified6length13decode_length.0 iteration 10 file der-verified/src/length.rs line 101 column 5 function length::decode_length thread 0
Unwinding loop _RNvNtCs8Uhk9se0wUe_12der_verified6length13decode_length.0 iteration 11 file der-verified/src/length.rs line 101 column 5 function length::decode_length thread 0
Unwinding loop _RNvNtCs8Uhk9se0wUe_12der_verified6length13decode_length.0 iteration 12 file der-verified/src/length.rs line 101 column 5 function length::decode_length thread 0
Unwinding loop _RNvNtCs8Uhk9se0wUe_12der_verified6length13decode_length.0 iteration 13 file der-verified/src/length.rs line 101 column 5 function length::decode_length thread 0
Unwinding loop _RNvNtCs8Uhk9se0wUe_12der_verified6length13decode_length.0 iteration 14 file der-verified/src/length.rs line 101 column 5 function length::decode_length thread 0
Unwinding loop _RNvNtCs8Uhk9se0wUe_12der_verified6length13decode_length.0 iteration 15 file der-verified/src/length.rs line 101 column 5 function length::decode_length thread 0
Not unwinding loop _RNvNtCs8Uhk9se0wUe_12der_verified6length13decode_length.0 iteration 16 file der-verified/src/length.rs line 101 column 5 function length::decode_length thread 0
aborting path on assume(false) at file /home/runner/.rustup/toolchains/nightly-2025-11-21-x86_64-unknown-linux-gnu/lib/rustlib/src/rust/library/core/src/result.rs line 966 column 15 function std::result::Result::<(u32, usize), length::LengthError>::map_err::<tlv::TlvError, {closure@der-verified/src/tlv.rs:73:69: 73:72}> thread 0
aborting path on assume(false) at file /home/runner/.rustup/toolchains/nightly-2025-11-21-x86_64-unknown-linux-gnu/lib/rustlib/src/rust/library/core/src/result.rs line 2173 column 15 function <std::result::Result<(u32, usize), tlv::TlvError> as std::ops::Try>::branch thread 0
aborting path on assume(false) at file der-verified/src/lib.rs line 0 column 0 function tlv::decode_tlv thread 0
aborting path on assume(false) at file /home/runner/.rustup/toolchains/nightly-2025-11-21-x86_64-unknown-linux-gnu/lib/rustlib/src/rust/library/core/src/slice/index.rs line 435 column 5 function <std::ops::Range<usize> as std::slice::SliceIndex<[u8]>>::index thread 0
aborting path on assume(false) at file /home/runner/work/kani/kani/library/kani_core/src/models.rs line 176 column 17 function <usize as kani::rustc_intrinsics::ToISize>::to_isize thread 0
aborting path on assume(false) at file /home/runner/work/kani/kani/library/kani/src/lib.rs line 57 column 1 function <usize as kani::rustc_intrinsics::ToISize>::to_isize thread 0
aborting path on assume(false) at file /home/runner/work/kani/kani/library/kani/src/lib.rs line 57 column 1 function <usize as kani::rustc_intrinsics::ToISize>::to_isize thread 0
aborting path on assume(false) at file /home/runner/work/kani/kani/library/kani/src/lib.rs line 57 column 1 function kani::mem::cbmc::same_allocation thread 0
aborting path on assume(false) at file /home/runner/.rustup/toolchains/nightly-2025-11-21-x86_64-unknown-linux-gnu/lib/rustlib/src/rust/library/core/src/slice/index.rs line 40 column 9 function core::slice::index::slice_index_fail::do_panic::runtime thread 0
aborting path on assume(false) at file /home/runner/.rustup/toolchains/nightly-2025-11-21-x86_64-unknown-linux-gnu/lib/rustlib/src/rust/library/core/src/intrinsics/mod.rs line 2449 column 9 function core::slice::index::slice_index_fail::do_panic thread 0
aborting path on assume(false) at file /home/runner/.rustup/toolchains/nightly-2025-11-21-x86_64-unknown-linux-gnu/lib/rustlib/src/rust/library/core/src/panic.rs line 178 column 9 function core::slice::index::slice_index_fail thread 0
aborting path on assume(false) at file /home/runner/.rustup/toolchains/nightly-2025-11-21-x86_64-unknown-linux-gnu/lib/rustlib/src/rust/library/core/src/slice/index.rs line 49 column 9 function core::slice::index::slice_index_fail::do_panic::runtime thread 0
aborting path on assume(false) at file /home/runner/.rustup/toolchains/nightly-2025-11-21-x86_64-unknown-linux-gnu/lib/rustlib/src/rust/library/core/src/intrinsics/mod.rs line 2449 column 9 function core::slice::index::slice_index_fail::do_panic thread 0
aborting path on assume(false) at file /home/runner/.rustup/toolchains/nightly-2025-11-21-x86_64-unknown-linux-gnu/lib/rustlib/src/rust/library/core/src/panic.rs line 178 column 9 function core::slice::index::slice_index_fail thread 0
aborting path on assume(false) at file /home/runner/.rustup/toolchains/nightly-2025-11-21-x86_64-unknown-linux-gnu/lib/rustlib/src/rust/library/core/src/slice/index.rs line 58 column 9 function core::slice::index::slice_index_fail::do_panic::runtime thread 0
aborting path on assume(false) at file /home/runner/.rustup/toolchains/nightly-2025-11-21-x86_64-unknown-linux-gnu/lib/rustlib/src/rust/library/core/src/intrinsics/mod.rs line 2449 column 9 function core::slice::index::slice_index_fail::do_panic thread 0
aborting path on assume(false) at file /home/runner/.rustup/toolchains/nightly-2025-11-21-x86_64-unknown-linux-gnu/lib/rustlib/src/rust/library/core/src/panic.rs line 178 column 9 function core::slice::index::slice_index_fail thread 0
aborting path on assume(false) at file /home/runner/.rustup/toolchains/nightly-2025-11-21-x86_64-unknown-linux-gnu/lib/rustlib/src/rust/library/core/src/slice/index.rs line 68 column 5 function core::slice::index::slice_index_fail::do_panic::runtime thread 0
aborting path on assume(false) at file /home/runner/.rustup/toolchains/nightly-2025-11-21-x86_64-unknown-linux-gnu/lib/rustlib/src/rust/library/core/src/intrinsics/mod.rs line 2449 column 9 function core::slice::index::slice_index_fail::do_panic thread 0
aborting path on assume(false) at file /home/runner/.rustup/toolchains/nightly-2025-11-21-x86_64-unknown-linux-gnu/lib/rustlib/src/rust/library/core/src/panic.rs line 178 column 9 function core::slice::index::slice_index_fail thread 0
aborting path on assume(false) at file /home/runner/.rustup/toolchains/nightly-2025-11-21-x86_64-unknown-linux-gnu/lib/rustlib/src/rust/library/core/src/slice/index.rs line 443 column 13 function <std::ops::Range<usize> as std::slice::SliceIndex<[u8]>>::index thread 0
aborting path on assume(false) at file /home/runner/.rustup/toolchains/nightly-2025-11-21-x86_64-unknown-linux-gnu/lib/rustlib/src/rust/library/core/src/result.rs line 966 column 15 function std::result::Result::<(tlv::Tlv<'_>, usize), tlv::TlvError>::map_err::<set_of::SetOfError, fn(tlv::TlvError) -> set_of::SetOfError {set_of::SetOfError::Element}> thread 0
aborting path on assume(false) at file /home/runner/.rustup/toolchains/nightly-2025-11-21-x86_64-unknown-linux-gnu/lib/rustlib/src/rust/library/core/src/result.rs line 2173 column 15 function <std::result::Result<(tlv::Tlv<'_>, usize), set_of::SetOfError> as std::ops::Try>::branch thread 0
aborting path on assume(false) at file /home/runner/.rustup/toolchains/nightly-2025-11-21-x86_64-unknown-linux-gnu/lib/rustlib/src/rust/library/core/src/slice/index.rs line 435 column 5 function <std::ops::Range<usize> as std::slice::SliceIndex<[u8]>>::index thread 0
aborting path on assume(false) at file /home/runner/work/kani/kani/library/kani_core/src/models.rs line 176 column 17 function <usize as kani::rustc_intrinsics::ToISize>::to_isize thread 0
aborting path on assume(false) at file /home/runner/work/kani/kani/library/kani/src/lib.rs line 57 column 1 function <usize as kani::rustc_intrinsics::ToISize>::to_isize thread 0
aborting path on assume(false) at file /home/runner/work/kani/kani/library/kani/src/lib.rs line 57 column 1 function <usize as kani::rustc_intrinsics::ToISize>::to_isize thread 0
aborting path on assume(false) at file /home/runner/.rustup/toolchains/nightly-2025-11-21-x86_64-unknown-linux-gnu/lib/rustlib/src/rust/library/core/src/slice/index.rs line 40 column 9 function core::slice::index::slice_index_fail::do_panic::runtime thread 0
aborting path on assume(false) at file /home/runner/.rustup/toolchains/nightly-2025-11-21-x86_64-unknown-linux-gnu/lib/rustlib/src/rust/library/core/src/intrinsics/mod.rs line 2449 column 9 function core::slice::index::slice_index_fail::do_panic thread 0
aborting path on assume(false) at file /home/runner/.rustup/toolchains/nightly-2025-11-21-x86_64-unknown-linux-gnu/lib/rustlib/src/rust/library/core/src/panic.rs line 178 column 9 function core::slice::index::slice_index_fail thread 0
aborting path on assume(false) at file /home/runner/.rustup/toolchains/nightly-2025-11-21-x86_64-unknown-linux-gnu/lib/rustlib/src/rust/library/core/src/slice/index.rs line 49 column 9 function core::slice::index::slice_index_fail::do_panic::runtime thread 0
aborting path on assume(false) at file /home/runner/.rustup/toolchains/nightly-2025-11-21-x86_64-unknown-linux-gnu/lib/rustlib/src/rust/library/core/src/intrinsics/mod.rs line 2449 column 9 function core::slice::index::slice_index_fail::do_panic thread 0
aborting path on assume(false) at file /home/runner/.rustup/toolchains/nightly-2025-11-21-x86_64-unknown-linux-gnu/lib/rustlib/src/rust/library/core/src/panic.rs line 178 column 9 function core::slice::index::slice_index_fail thread 0
aborting path on assume(false) at file /home/runner/.rustup/toolchains/nightly-2025-11-21-x86_64-unknown-linux-gnu/lib/rustlib/src/rust/library/core/src/slice/index.rs line 58 column 9 function core::slice::index::slice_index_fail::do_panic::runtime thread 0
aborting path on assume(false) at file /home/runner/.rustup/toolchains/nightly-2025-11-21-x86_64-unknown-linux-gnu/lib/rustlib/src/rust/library/core/src/intrinsics/mod.rs line 2449 column 9 function core::slice::index::slice_index_fail::do_panic thread 0
aborting path on assume(false) at file /home/runner/.rustup/toolchains/nightly-2025-11-21-x86_64-unknown-linux-gnu/lib/rustlib/src/rust/library/core/src/panic.rs line 178 column 9 function core::slice::index::slice_index_fail thread 0
aborting path on assume(false) at file /home/runner/.rustup/toolchains/nightly-2025-11-21-x86_64-unknown-linux-gnu/lib/rustlib/src/rust/library/core/src/slice/index.rs line 68 column 5 function core::slice::index::slice_index_fail::do_panic::runtime thread 0
aborting path on assume(false) at file /home/runner/.rustup/toolchains/nightly-2025-11-21-x86_64-unknown-linux-gnu/lib/rustlib/src/rust/library/core/src/intrinsics/mod.rs line 2449 column 9 function core::slice::index::slice_index_fail::do_panic thread 0
aborting path on assume(false) at file /home/runner/.rustup/toolchains/nightly-2025-11-21-x86_64-unknown-linux-gnu/lib/rustlib/src/rust/library/core/src/panic.rs line 178 column 9 function core::slice::index::slice_index_fail thread 0
aborting path on assume(false) at file /home/runner/.rustup/toolchains/nightly-2025-11-21-x86_64-unknown-linux-gnu/lib/rustlib/src/rust/library/core/src/slice/index.rs line 443 column 13 function <std::ops::Range<usize> as std::slice::SliceIndex<[u8]>>::index thread 0
aborting path on assume(false) at file der-verified/src/set_of.rs line 146 column 28 function set_of::decode_set_of thread 0
Unwinding loop _RNvNtCs8Uhk9se0wUe_12der_verified6set_of13decode_set_of.0 iteration 14 file der-verified/src/set_of.rs line 145 column 5 function set_of::decode_set_of thread 0
aborting path on assume(false) at file /home/runner/.rustup/toolchains/nightly-2025-11-21-x86_64-unknown-linux-gnu/lib/rustlib/src/rust/library/core/src/slice/index.rs line 40 column 9 function core::slice::index::slice_index_fail::do_panic::runtime thread 0
aborting path on assume(false) at file /home/runner/.rustup/toolchains/nightly-2025-11-21-x86_64-unknown-linux-gnu/lib/rustlib/src/rust/library/core/src/intrinsics/mod.rs line 2449 column 9 function core::slice::index::slice_index_fail::do_panic thread 0
aborting path on assume(false) at file /home/runner/.rustup/toolchains/nightly-2025-11-21-x86_64-unknown-linux-gnu/lib/rustlib/src/rust/library/core/src/panic.rs line 178 column 9 function core::slice::index::slice_index_fail thread 0
aborting path on assume(false) at file /home/runner/.rustup/toolchains/nightly-2025-11-21-x86_64-unknown-linux-gnu/lib/rustlib/src/rust/library/core/src/slice/index.rs line 58 column 9 function core::slice::index::slice_index_fail::do_panic::runtime thread 0
aborting path on assume(false) at file /home/runner/.rustup/toolchains/nightly-2025-11-21-x86_64-unknown-linux-gnu/lib/rustlib/src/rust/library/core/src/intrinsics/mod.rs line 2449 column 9 function core::slice::index::slice_index_fail::do_panic thread 0
aborting path on assume(false) at file /home/runner/.rustup/toolchains/nightly-2025-11-21-x86_64-unknown-linux-gnu/lib/rustlib/src/rust/library/core/src/panic.rs line 178 column 9 function core::slice::index::slice_index_fail thread 0
aborting path on assume(false) at file /home/runner/.rustup/toolchains/nightly-2025-11-21-x86_64-unknown-linux-gnu/lib/rustlib/src/rust/library/core/src/slice/index.rs line 68 column 5 function core::slice::index::slice_index_fail::do_panic::runtime thread 0
aborting path on assume(false) at file /home/runner/.rustup/toolchains/nightly-2025-11-21-x86_64-unknown-linux-gnu/lib/rustlib/src/rust/library/core/src/intrinsics/mod.rs line 2449 column 9 function core::slice::index::slice_index_fail::do_panic thread 0
aborting path on assume(false) at file /home/runner/.rustup/toolchains/nightly-2025-11-21-x86_64-unknown-linux-gnu/lib/rustlib/src/rust/library/core/src/panic.rs line 178 column 9 function core::slice::index::slice_index_fail thread 0
aborting path on assume(false) at file /home/runner/.rustup/toolchains/nightly-2025-11-21-x86_64-unknown-linux-gnu/lib/rustlib/src/rust/library/core/src/slice/index.rs line 569 column 13 function <std::ops::RangeFrom<usize> as std::slice::SliceIndex<[u8]>>::index thread 0
aborting path on assume(false) at file /home/runner/work/kani/kani/library/kani_core/src/models.rs line 176 column 17 function <usize as kani::rustc_intrinsics::ToISize>::to_isize thread 0
aborting path on assume(false) at file /home/runner/work/kani/kani/library/kani/src/lib.rs line 57 column 1 function <usize as kani::rustc_intrinsics::ToISize>::to_isize thread 0
aborting path on assume(false) at file /home/runner/work/kani/kani/library/kani/src/lib.rs line 57 column 1 function <usize as kani::rustc_intrinsics::ToISize>::to_isize thread 0
Unwinding loop _RNvNtCs8Uhk9se0wUe_12der_verified3tag10decode_tag.0 iteration 1 file der-verified/src/tag.rs line 137 column 49 function tag::decode_tag thread 0
Unwinding loop _RNvNtCs8Uhk9se0wUe_12der_verified3tag10decode_tag.0 iteration 2 file der-verified/src/tag.rs line 137 column 49 function tag::decode_tag thread 0
Unwinding loop _RNvNtCs8Uhk9se0wUe_12der_verified3tag10decode_tag.0 iteration 3 file der-verified/src/tag.rs line 137 column 49 function tag::decode_tag thread 0
Unwinding loop _RNvNtCs8Uhk9se0wUe_12der_verified3tag10decode_tag.0 iteration 4 file der-verified/src/tag.rs line 137 column 49 function tag::decode_tag thread 0
Unwinding loop _RNvNtCs8Uhk9se0wUe_12der_verified3tag10decode_tag.0 iteration 5 file der-verified/src/tag.rs line 137 column 49 function tag::decode_tag thread 0
Unwinding loop _RNvNtCs8Uhk9se0wUe_12der_verified3tag10decode_tag.0 iteration 6 file der-verified/src/tag.rs line 137 column 49 function tag::decode_tag thread 0
Unwinding loop _RNvNtCs8Uhk9se0wUe_12der_verified3tag10decode_tag.0 iteration 7 file der-verified/src/tag.rs line 137 column 49 function tag::decode_tag thread 0
Unwinding loop _RNvNtCs8Uhk9se0wUe_12der_verified3tag10decode_tag.0 iteration 8 file der-verified/src/tag.rs line 137 column 49 function tag::decode_tag thread 0
Unwinding loop _RNvNtCs8Uhk9se0wUe_12der_verified3tag10decode_tag.0 iteration 9 file der-verified/src/tag.rs line 137 column 49 function tag::decode_tag thread 0
Unwinding loop _RNvNtCs8Uhk9se0wUe_12der_verified3tag10decode_tag.0 iteration 10 file der-verified/src/tag.rs line 137 column 49 function tag::decode_tag thread 0
Unwinding loop _RNvNtCs8Uhk9se0wUe_12der_verified3tag10decode_tag.0 iteration 11 file der-verified/src/tag.rs line 137 column 49 function tag::decode_tag thread 0
Unwinding loop _RNvNtCs8Uhk9se0wUe_12der_verified3tag10decode_tag.0 iteration 12 file der-verified/src/tag.rs line 137 column 49 function tag::decode_tag thread 0
Unwinding loop _RNvNtCs8Uhk9se0wUe_12der_verified3tag10decode_tag.0 iteration 13 file der-verified/src/tag.rs line 137 column 49 function tag::decode_tag thread 0
Unwinding loop _RNvNtCs8Uhk9se0wUe_12der_verified3tag10decode_tag.0 iteration 14 file der-verified/src/tag.rs line 137 column 49 function tag::decode_tag thread 0
Unwinding loop _RNvNtCs8Uhk9se0wUe_12der_verified3tag10decode_tag.0 iteration 15 file der-verified/src/tag.rs line 137 column 49 function tag::decode_tag thread 0
Not unwinding loop _RNvNtCs8Uhk9se0wUe_12der_verified3tag10decode_tag.0 iteration 16 file der-verified/src/tag.rs line 137 column 49 function tag::decode_tag thread 0
aborting path on assume(false) at file /home/runner/.rustup/toolchains/nightly-2025-11-21-x86_64-unknown-linux-gnu/lib/rustlib/src/rust/library/core/src/result.rs line 2173 column 15 function <std::result::Result<(u32, usize), tag::TagError> as std::ops::Try>::branch thread 0
aborting path on assume(false) at file der-verified/src/lib.rs line 0 column 0 function tag::decode_tag thread 0
aborting path on assume(false) at file /home/runner/.rustup/toolchains/nightly-2025-11-21-x86_64-unknown-linux-gnu/lib/rustlib/src/rust/library/core/src/result.rs line 966 column 15 function std::result::Result::<(tag::Tag, usize), tag::TagError>::map_err::<tlv::TlvError, {closure@der-verified/src/tlv.rs:71:51: 71:54}> thread 0
aborting path on assume(false) at file /home/runner/.rustup/toolchains/nightly-2025-11-21-x86_64-unknown-linux-gnu/lib/rustlib/src/rust/library/core/src/result.rs line 2173 column 15 function <std::result::Result<(tag::Tag, usize), tlv::TlvError> as std::ops::Try>::branch thread 0
aborting path on assume(false) at file /home/runner/.rustup/toolchains/nightly-2025-11-21-x86_64-unknown-linux-gnu/lib/rustlib/src/rust/library/core/src/slice/index.rs line 40 column 9 function core::slice::index::slice_index_fail::do_panic::runtime thread 0
aborting path on assume(false) at file /home/runner/.rustup/toolchains/nightly-2025-11-21-x86_64-unknown-linux-gnu/lib/rustlib/src/rust/library/core/src/intrinsics/mod.rs line 2449 column 9 function core::slice::index::slice_index_fail::do_panic thread 0
aborting path on assume(false) at file /home/runner/.rustup/toolchains/nightly-2025-11-21-x86_64-unknown-linux-gnu/lib/rustlib/src/rust/library/core/src/panic.rs line 178 column 9 function core::slice::index::slice_index_fail thread 0
aborting path on assume(false) at file /home/runner/.rustup/toolchains/nightly-2025-11-21-x86_64-unknown-linux-gnu/lib/rustlib/src/rust/library/core/src/slice/index.rs line 49 column 9 function core::slice::index::slice_index_fail::do_panic::runtime thread 0
aborting path on assume(false) at file /home/runner/.rustup/toolchains/nightly-2025-11-21-x86_64-unknown-linux-gnu/lib/rustlib/src/rust/library/core/src/intrinsics/mod.rs line 2449 column 9 function core::slice::index::slice_index_fail::do_panic thread 0
aborting path on assume(false) at file /home/runner/.rustup/toolchains/nightly-2025-11-21-x86_64-unknown-linux-gnu/lib/rustlib/src/rust/library/core/src/panic.rs line 178 column 9 function core::slice::index::slice_index_fail thread 0
aborting path on assume(false) at file /home/runner/.rustup/toolchains/nightly-2025-11-21-x86_64-unknown-linux-gnu/lib/rustlib/src/rust/library/core/src/slice/index.rs line 58 column 9 function core::slice::index::slice_index_fail::do_panic::runtime thread 0
aborting path on assume(false) at file /home/runner/.rustup/toolchains/nightly-2025-11-21-x86_64-unknown-linux-gnu/lib/rustlib/src/rust/library/core/src/intrinsics/mod.rs line 2449 column 9 function core::slice::index::slice_index_fail::do_panic thread 0
aborting path on assume(false) at file /home/runner/.rustup/toolchains/nightly-2025-11-21-x86_64-unknown-linux-gnu/lib/rustlib/src/rust/library/core/src/panic.rs line 178 column 9 function core::slice::index::slice_index_fail thread 0
aborting path on assume(false) at file /home/runner/.rustup/toolchains/nightly-2025-11-21-x86_64-unknown-linux-gnu/lib/rustlib/src/rust/library/core/src/slice/index.rs line 68 column 5 function core::slice::index::slice_index_fail::do_panic::runtime thread 0
aborting path on assume(false) at file /home/runner/.rustup/toolchains/nightly-2025-11-21-x86_64-unknown-linux-gnu/lib/rustlib/src/rust/library/core/src/intrinsics/mod.rs line 2449 column 9 function core::slice::index::slice_index_fail::do_panic thread 0
aborting path on assume(false) at file /home/runner/.rustup/toolchains/nightly-2025-11-21-x86_64-unknown-linux-gnu/lib/rustlib/src/rust/library/core/src/panic.rs line 178 column 9 function core::slice::index::slice_index_fail thread 0
aborting path on assume(false) at file /home/runner/.rustup/toolchains/nightly-2025-11-21-x86_64-unknown-linux-gnu/lib/rustlib/src/rust/library/core/src/slice/index.rs line 569 column 13 function <std::ops::RangeFrom<usize> as std::slice::SliceIndex<[u8]>>::index thread 0
aborting path on assume(false) at file /home/runner/work/kani/kani/library/kani_core/src/models.rs line 176 column 17 function <usize as kani::rustc_intrinsics::ToISize>::to_isize thread 0
aborting path on assume(false) at file /home/runner/work/kani/kani/library/kani/src/lib.rs line 57 column 1 function <usize as kani::rustc_intrinsics::ToISize>::to_isize thread 0
aborting path on assume(false) at file /home/runner/work/kani/kani/library/kani/src/lib.rs line 57 column 1 function <usize as kani::rustc_intrinsics::ToISize>::to_isize thread 0
aborting path on assume(false) at file /home/runner/work/kani/kani/library/kani/src/lib.rs line 57 column 1 function kani::mem::cbmc::same_allocation thread 0
aborting path on assume(false) at file der-verified/src/length.rs line 75 column 23 function length::decode_length thread 0
aborting path on assume(false) at file /home/runner/.rustup/toolchains/nightly-2025-11-21-x86_64-unknown-linux-gnu/lib/rustlib/src/rust/library/core/src/slice/index.rs line 435 column 5 function <std::ops::Range<usize> as std::slice::SliceIndex<[u8]>>::index thread 0
aborting path on assume(false) at file /home/runner/work/kani/kani/library/kani/src/lib.rs line 57 column 1 function kani::mem::cbmc::same_allocation thread 0
aborting path on assume(false) at file /home/runner/.rustup/toolchains/nightly-2025-11-21-x86_64-unknown-linux-gnu/lib/rustlib/src/rust/library/core/src/slice/index.rs line 40 column 9 function core::slice::index::slice_index_fail::do_panic::runtime thread 0
aborting path on assume(false) at file /home/runner/.rustup/toolchains/nightly-2025-11-21-x86_64-unknown-linux-gnu/lib/rustlib/src/rust/library/core/src/intrinsics/mod.rs line 2449 column 9 function core::slice::index::slice_index_fail::do_panic thread 0
aborting path on assume(false) at file /home/runner/.rustup/toolchains/nightly-2025-11-21-x86_64-unknown-linux-gnu/lib/rustlib/src/rust/library/core/src/panic.rs line 178 column 9 function core::slice::index::slice_index_fail thread 0
aborting path on assume(false) at file /home/runner/.rustup/toolchains/nightly-2025-11-21-x86_64-unknown-linux-gnu/lib/rustlib/src/rust/library/core/src/slice/index.rs line 49 column 9 function core::slice::index::slice_index_fail::do_panic::runtime thread 0
aborting path on assume(false) at file /home/runner/.rustup/toolchains/nightly-2025-11-21-x86_64-unknown-linux-gnu/lib/rustlib/src/rust/library/core/src/intrinsics/mod.rs line 2449 column 9 function core::slice::index::slice_index_fail::do_panic thread 0
aborting path on assume(false) at file /home/runner/.rustup/toolchains/nightly-2025-11-21-x86_64-unknown-linux-gnu/lib/rustlib/src/rust/library/core/src/panic.rs line 178 column 9 function core::slice::index::slice_index_fail thread 0
aborting path on assume(false) at file /home/runner/.rustup/toolchains/nightly-2025-11-21-x86_64-unknown-linux-gnu/lib/rustlib/src/rust/library/core/src/slice/index.rs line 58 column 9 function core::slice::index::slice_index_fail::do_panic::runtime thread 0
aborting path on assume(false) at file /home/runner/.rustup/toolchains/nightly-2025-11-21-x86_64-unknown-linux-gnu/lib/rustlib/src/rust/library/core/src/intrinsics/mod.rs line 2449 column 9 function core::slice::index::slice_index_fail::do_panic thread 0
aborting path on assume(false) at file /home/runner/.rustup/toolchains/nightly-2025-11-21-x86_64-unknown-linux-gnu/lib/rustlib/src/rust/library/core/src/panic.rs line 178 column 9 function core::slice::index::slice_index_fail thread 0
aborting path on assume(false) at file /home/runner/.rustup/toolchains/nightly-2025-11-21-x86_64-unknown-linux-gnu/lib/rustlib/src/rust/library/core/src/slice/index.rs line 68 column 5 function core::slice::index::slice_index_fail::do_panic::runtime thread 0
aborting path on assume(false) at file /home/runner/.rustup/toolchains/nightly-2025-11-21-x86_64-unknown-linux-gnu/lib/rustlib/src/rust/library/core/src/intrinsics/mod.rs line 2449 column 9 function core::slice::index::slice_index_fail::do_panic thread 0
aborting path on assume(false) at file /home/runner/.rustup/toolchains/nightly-2025-11-21-x86_64-unknown-linux-gnu/lib/rustlib/src/rust/library/core/src/panic.rs line 178 column 9 function core::slice::index::slice_index_fail thread 0
aborting path on assume(false) at file /home/runner/.rustup/toolchains/nightly-2025-11-21-x86_64-unknown-linux-gnu/lib/rustlib/src/rust/library/core/src/slice/index.rs line 443 column 13 function <std::ops::Range<usize> as std::slice::SliceIndex<[u8]>>::index thread 0
Unwinding loop _RNvNtCs8Uhk9se0wUe_12der_verified6length13decode_length.0 iteration 1 file der-verified/src/length.rs line 101 column 5 function length::decode_length thread 0
Unwinding loop _RNvNtCs8Uhk9se0wUe_12der_verified6length13decode_length.0 iteration 2 file der-verified/src/length.rs line 101 column 5 function length::decode_length thread 0
Unwinding loop _RNvNtCs8Uhk9se0wUe_12der_verified6length13decode_length.0 iteration 3 file der-verified/src/length.rs line 101 column 5 function length::decode_length thread 0
Unwinding loop _RNvNtCs8Uhk9se0wUe_12der_verified6length13decode_length.0 iteration 4 file der-verified/src/length.rs line 101 column 5 function length::decode_length thread 0
Unwinding loop _RNvNtCs8Uhk9se0wUe_12der_verified6length13decode_length.0 iteration 5 file der-verified/src/length.rs line 101 column 5 function length::decode_length thread 0
Unwinding loop _RNvNtCs8Uhk9se0wUe_12der_verified6length13decode_length.0 iteration 6 file der-verified/src/length.rs line 101 column 5 function length::decode_length thread 0
Unwinding loop _RNvNtCs8Uhk9se0wUe_12der_verified6length13decode_length.0 iteration 7 file der-verified/src/length.rs line 101 column 5 function length::decode_length thread 0
Unwinding loop _RNvNtCs8Uhk9se0wUe_12der_verified6length13decode_length.0 iteration 8 file der-verified/src/length.rs line 101 column 5 function length::decode_length thread 0
Unwinding loop _RNvNtCs8Uhk9se0wUe_12der_verified6length13decode_length.0 iteration 9 file der-verified/src/length.rs line 101 column 5 function length::decode_length thread 0
Unwinding loop _RNvNtCs8Uhk9se0wUe_12der_verified6length13decode_length.0 iteration 10 file der-verified/src/length.rs line 101 column 5 function length::decode_length thread 0
Unwinding loop _RNvNtCs8Uhk9se0wUe_12der_verified6length13decode_length.0 iteration 11 file der-verified/src/length.rs line 101 column 5 function length::decode_length thread 0
Unwinding loop _RNvNtCs8Uhk9se0wUe_12der_verified6length13decode_length.0 iteration 12 file der-verified/src/length.rs line 101 column 5 function length::decode_length thread 0
Unwinding loop _RNvNtCs8Uhk9se0wUe_12der_verified6length13decode_length.0 iteration 13 file der-verified/src/length.rs line 101 column 5 function length::decode_length thread 0
Unwinding loop _RNvNtCs8Uhk9se0wUe_12der_verified6length13decode_length.0 iteration 14 file der-verified/src/length.rs line 101 column 5 function length::decode_length thread 0
Unwinding loop _RNvNtCs8Uhk9se0wUe_12der_verified6length13decode_length.0 iteration 15 file der-verified/src/length.rs line 101 column 5 function length::decode_length thread 0
Not unwinding loop _RNvNtCs8Uhk9se0wUe_12der_verified6length13decode_length.0 iteration 16 file der-verified/src/length.rs line 101 column 5 function length::decode_length thread 0
aborting path on assume(false) at file /home/runner/.rustup/toolchains/nightly-2025-11-21-x86_64-unknown-linux-gnu/lib/rustlib/src/rust/library/core/src/result.rs line 966 column 15 function std::result::Result::<(u32, usize), length::LengthError>::map_err::<tlv::TlvError, {closure@der-verified/src/tlv.rs:73:69: 73:72}> thread 0
aborting path on assume(false) at file /home/runner/.rustup/toolchains/nightly-2025-11-21-x86_64-unknown-linux-gnu/lib/rustlib/src/rust/library/core/src/result.rs line 2173 column 15 function <std::result::Result<(u32, usize), tlv::TlvError> as std::ops::Try>::branch thread 0
aborting path on assume(false) at file der-verified/src/lib.rs line 0 column 0 function tlv::decode_tlv thread 0
aborting path on assume(false) at file /home/runner/.rustup/toolchains/nightly-2025-11-21-x86_64-unknown-linux-gnu/lib/rustlib/src/rust/library/core/src/slice/index.rs line 435 column 5 function <std::ops::Range<usize> as std::slice::SliceIndex<[u8]>>::index thread 0
aborting path on assume(false) at file /home/runner/work/kani/kani/library/kani_core/src/models.rs line 176 column 17 function <usize as kani::rustc_intrinsics::ToISize>::to_isize thread 0
aborting path on assume(false) at file /home/runner/work/kani/kani/library/kani/src/lib.rs line 57 column 1 function <usize as kani::rustc_intrinsics::ToISize>::to_isize thread 0
aborting path on assume(false) at file /home/runner/work/kani/kani/library/kani/src/lib.rs line 57 column 1 function <usize as kani::rustc_intrinsics::ToISize>::to_isize thread 0
aborting path on assume(false) at file /home/runner/work/kani/kani/library/kani/src/lib.rs line 57 column 1 function kani::mem::cbmc::same_allocation thread 0
aborting path on assume(false) at file /home/runner/.rustup/toolchains/nightly-2025-11-21-x86_64-unknown-linux-gnu/lib/rustlib/src/rust/library/core/src/slice/index.rs line 40 column 9 function core::slice::index::slice_index_fail::do_panic::runtime thread 0
aborting path on assume(false) at file /home/runner/.rustup/toolchains/nightly-2025-11-21-x86_64-unknown-linux-gnu/lib/rustlib/src/rust/library/core/src/intrinsics/mod.rs line 2449 column 9 function core::slice::index::slice_index_fail::do_panic thread 0
aborting path on assume(false) at file /home/runner/.rustup/toolchains/nightly-2025-11-21-x86_64-unknown-linux-gnu/lib/rustlib/src/rust/library/core/src/panic.rs line 178 column 9 function core::slice::index::slice_index_fail thread 0
aborting path on assume(false) at file /home/runner/.rustup/toolchains/nightly-2025-11-21-x86_64-unknown-linux-gnu/lib/rustlib/src/rust/library/core/src/slice/index.rs line 49 column 9 function core::slice::index::slice_index_fail::do_panic::runtime thread 0
aborting path on assume(false) at file /home/runner/.rustup/toolchains/nightly-2025-11-21-x86_64-unknown-linux-gnu/lib/rustlib/src/rust/library/core/src/intrinsics/mod.rs line 2449 column 9 function core::slice::index::slice_index_fail::do_panic thread 0
aborting path on assume(false) at file /home/runner/.rustup/toolchains/nightly-2025-11-21-x86_64-unknown-linux-gnu/lib/rustlib/src/rust/library/core/src/panic.rs line 178 column 9 function core::slice::index::slice_index_fail thread 0
aborting path on assume(false) at file /home/runner/.rustup/toolchains/nightly-2025-11-21-x86_64-unknown-linux-gnu/lib/rustlib/src/rust/library/core/src/slice/index.rs line 58 column 9 function core::slice::index::slice_index_fail::do_panic::runtime thread 0
aborting path on assume(false) at file /home/runner/.rustup/toolchains/nightly-2025-11-21-x86_64-unknown-linux-gnu/lib/rustlib/src/rust/library/core/src/intrinsics/mod.rs line 2449 column 9 function core::slice::index::slice_index_fail::do_panic thread 0
aborting path on assume(false) at file /home/runner/.rustup/toolchains/nightly-2025-11-21-x86_64-unknown-linux-gnu/lib/rustlib/src/rust/library/core/src/panic.rs line 178 column 9 function core::slice::index::slice_index_fail thread 0
aborting path on assume(false) at file /home/runner/.rustup/toolchains/nightly-2025-11-21-x86_64-unknown-linux-gnu/lib/rustlib/src/rust/library/core/src/slice/index.rs line 68 column 5 function core::slice::index::slice_index_fail::do_panic::runtime thread 0
aborting path on assume(false) at file /home/runner/.rustup/toolchains/nightly-2025-11-21-x86_64-unknown-linux-gnu/lib/rustlib/src/rust/library/core/src/intrinsics/mod.rs line 2449 column 9 function core::slice::index::slice_index_fail::do_panic thread 0
aborting path on assume(false) at file /home/runner/.rustup/toolchains/nightly-2025-11-21-x86_64-unknown-linux-gnu/lib/rustlib/src/rust/library/core/src/panic.rs line 178 column 9 function core::slice::index::slice_index_fail thread 0
aborting path on assume(false) at file /home/runner/.rustup/toolchains/nightly-2025-11-21-x86_64-unknown-linux-gnu/lib/rustlib/src/rust/library/core/src/slice/index.rs line 443 column 13 function <std::ops::Range<usize> as std::slice::SliceIndex<[u8]>>::index thread 0
aborting path on assume(false) at file /home/runner/.rustup/toolchains/nightly-2025-11-21-x86_64-unknown-linux-gnu/lib/rustlib/src/rust/library/core/src/result.rs line 966 column 15 function std::result::Result::<(tlv::Tlv<'_>, usize), tlv::TlvError>::map_err::<set_of::SetOfError, fn(tlv::TlvError) -> set_of::SetOfError {set_of::SetOfError::Element}> thread 0
aborting path on assume(false) at file /home/runner/.rustup/toolchains/nightly-2025-11-21-x86_64-unknown-linux-gnu/lib/rustlib/src/rust/library/core/src/result.rs line 2173 column 15 function <std::result::Result<(tlv::Tlv<'_>, usize), set_of::SetOfError> as std::ops::Try>::branch thread 0
aborting path on assume(false) at file /home/runner/.rustup/toolchains/nightly-2025-11-21-x86_64-unknown-linux-gnu/lib/rustlib/src/rust/library/core/src/slice/index.rs line 435 column 5 function <std::ops::Range<usize> as std::slice::SliceIndex<[u8]>>::index thread 0
aborting path on assume(false) at file /home/runner/work/kani/kani/library/kani_core/src/models.rs line 176 column 17 function <usize as kani::rustc_intrinsics::ToISize>::to_isize thread 0
aborting path on assume(false) at file /home/runner/work/kani/kani/library/kani/src/lib.rs line 57 column 1 function <usize as kani::rustc_intrinsics::ToISize>::to_isize thread 0
aborting path on assume(false) at file /home/runner/work/kani/kani/library/kani/src/lib.rs line 57 column 1 function <usize as kani::rustc_intrinsics::ToISize>::to_isize thread 0
aborting path on assume(false) at file /home/runner/.rustup/toolchains/nightly-2025-11-21-x86_64-unknown-linux-gnu/lib/rustlib/src/rust/library/core/src/slice/index.rs line 40 column 9 function core::slice::index::slice_index_fail::do_panic::runtime thread 0
aborting path on assume(false) at file /home/runner/.rustup/toolchains/nightly-2025-11-21-x86_64-unknown-linux-gnu/lib/rustlib/src/rust/library/core/src/intrinsics/mod.rs line 2449 column 9 function core::slice::index::slice_index_fail::do_panic thread 0
aborting path on assume(false) at file /home/runner/.rustup/toolchains/nightly-2025-11-21-x86_64-unknown-linux-gnu/lib/rustlib/src/rust/library/core/src/panic.rs line 178 column 9 function core::slice::index::slice_index_fail thread 0
aborting path on assume(false) at file /home/runner/.rustup/toolchains/nightly-2025-11-21-x86_64-unknown-linux-gnu/lib/rustlib/src/rust/library/core/src/slice/index.rs line 49 column 9 function core::slice::index::slice_index_fail::do_panic::runtime thread 0
aborting path on assume(false) at file /home/runner/.rustup/toolchains/nightly-2025-11-21-x86_64-unknown-linux-gnu/lib/rustlib/src/rust/library/core/src/intrinsics/mod.rs line 2449 column 9 function core::slice::index::slice_index_fail::do_panic thread 0
aborting path on assume(false) at file /home/runner/.rustup/toolchains/nightly-2025-11-21-x86_64-unknown-linux-gnu/lib/rustlib/src/rust/library/core/src/panic.rs line 178 column 9 function core::slice::index::slice_index_fail thread 0
aborting path on assume(false) at file /home/runner/.rustup/toolchains/nightly-2025-11-21-x86_64-unknown-linux-gnu/lib/rustlib/src/rust/library/core/src/slice/index.rs line 58 column 9 function core::slice::index::slice_index_fail::do_panic::runtime thread 0
aborting path on assume(false) at file /home/runner/.rustup/toolchains/nightly-2025-11-21-x86_64-unknown-linux-gnu/lib/rustlib/src/rust/library/core/src/intrinsics/mod.rs line 2449 column 9 function core::slice::index::slice_index_fail::do_panic thread 0
aborting path on assume(false) at file /home/runner/.rustup/toolchains/nightly-2025-11-21-x86_64-unknown-linux-gnu/lib/rustlib/src/rust/library/core/src/panic.rs line 178 column 9 function core::slice::index::slice_index_fail thread 0
aborting path on assume(false) at file /home/runner/.rustup/toolchains/nightly-2025-11-21-x86_64-unknown-linux-gnu/lib/rustlib/src/rust/library/core/src/slice/index.rs line 68 column 5 function core::slice::index::slice_index_fail::do_panic::runtime thread 0
aborting path on assume(false) at file /home/runner/.rustup/toolchains/nightly-2025-11-21-x86_64-unknown-linux-gnu/lib/rustlib/src/rust/library/core/src/intrinsics/mod.rs line 2449 column 9 function core::slice::index::slice_index_fail::do_panic thread 0
aborting path on assume(false) at file /home/runner/.rustup/toolchains/nightly-2025-11-21-x86_64-unknown-linux-gnu/lib/rustlib/src/rust/library/core/src/panic.rs line 178 column 9 function core::slice::index::slice_index_fail thread 0
aborting path on assume(false) at file /home/runner/.rustup/toolchains/nightly-2025-11-21-x86_64-unknown-linux-gnu/lib/rustlib/src/rust/library/core/src/slice/index.rs line 443 column 13 function <std::ops::Range<usize> as std::slice::SliceIndex<[u8]>>::index thread 0
aborting path on assume(false) at file der-verified/src/set_of.rs line 146 column 28 function set_of::decode_set_of thread 0
Unwinding loop _RNvNtCs8Uhk9se0wUe_12der_verified6set_of13decode_set_of.0 iteration 15 file der-verified/src/set_of.rs line 145 column 5 function set_of::decode_set_of thread 0
aborting path on assume(false) at file /home/runner/.rustup/toolchains/nightly-2025-11-21-x86_64-unknown-linux-gnu/lib/rustlib/src/rust/library/core/src/slice/index.rs line 40 column 9 function core::slice::index::slice_index_fail::do_panic::runtime thread 0
aborting path on assume(false) at file /home/runner/.rustup/toolchains/nightly-2025-11-21-x86_64-unknown-linux-gnu/lib/rustlib/src/rust/library/core/src/intrinsics/mod.rs line 2449 column 9 function core::slice::index::slice_index_fail::do_panic thread 0
aborting path on assume(false) at file /home/runner/.rustup/toolchains/nightly-2025-11-21-x86_64-unknown-linux-gnu/lib/rustlib/src/rust/library/core/src/panic.rs line 178 column 9 function core::slice::index::slice_index_fail thread 0
aborting path on assume(false) at file /home/runner/.rustup/toolchains/nightly-2025-11-21-x86_64-unknown-linux-gnu/lib/rustlib/src/rust/library/core/src/slice/index.rs line 58 column 9 function core::slice::index::slice_index_fail::do_panic::runtime thread 0
aborting path on assume(false) at file /home/runner/.rustup/toolchains/nightly-2025-11-21-x86_64-unknown-linux-gnu/lib/rustlib/src/rust/library/core/src/intrinsics/mod.rs line 2449 column 9 function core::slice::index::slice_index_fail::do_panic thread 0
aborting path on assume(false) at file /home/runner/.rustup/toolchains/nightly-2025-11-21-x86_64-unknown-linux-gnu/lib/rustlib/src/rust/library/core/src/panic.rs line 178 column 9 function core::slice::index::slice_index_fail thread 0
aborting path on assume(false) at file /home/runner/.rustup/toolchains/nightly-2025-11-21-x86_64-unknown-linux-gnu/lib/rustlib/src/rust/library/core/src/slice/index.rs line 68 column 5 function core::slice::index::slice_index_fail::do_panic::runtime thread 0
aborting path on assume(false) at file /home/runner/.rustup/toolchains/nightly-2025-11-21-x86_64-unknown-linux-gnu/lib/rustlib/src/rust/library/core/src/intrinsics/mod.rs line 2449 column 9 function core::slice::index::slice_index_fail::do_panic thread 0
aborting path on assume(false) at file /home/runner/.rustup/toolchains/nightly-2025-11-21-x86_64-unknown-linux-gnu/lib/rustlib/src/rust/library/core/src/panic.rs line 178 column 9 function core::slice::index::slice_index_fail thread 0
aborting path on assume(false) at file /home/runner/.rustup/toolchains/nightly-2025-11-21-x86_64-unknown-linux-gnu/lib/rustlib/src/rust/library/core/src/slice/index.rs line 569 column 13 function <std::ops::RangeFrom<usize> as std::slice::SliceIndex<[u8]>>::index thread 0
aborting path on assume(false) at file /home/runner/work/kani/kani/library/kani_core/src/models.rs line 176 column 17 function <usize as kani::rustc_intrinsics::ToISize>::to_isize thread 0
aborting path on assume(false) at file /home/runner/work/kani/kani/library/kani/src/lib.rs line 57 column 1 function <usize as kani::rustc_intrinsics::ToISize>::to_isize thread 0
aborting path on assume(false) at file /home/runner/work/kani/kani/library/kani/src/lib.rs line 57 column 1 function <usize as kani::rustc_intrinsics::ToISize>::to_isize thread 0
Unwinding loop _RNvNtCs8Uhk9se0wUe_12der_verified3tag10decode_tag.0 iteration 1 file der-verified/src/tag.rs line 137 column 49 function tag::decode_tag thread 0
Unwinding loop _RNvNtCs8Uhk9se0wUe_12der_verified3tag10decode_tag.0 iteration 2 file der-verified/src/tag.rs line 137 column 49 function tag::decode_tag thread 0
Unwinding loop _RNvNtCs8Uhk9se0wUe_12der_verified3tag10decode_tag.0 iteration 3 file der-verified/src/tag.rs line 137 column 49 function tag::decode_tag thread 0
Unwinding loop _RNvNtCs8Uhk9se0wUe_12der_verified3tag10decode_tag.0 iteration 4 file der-verified/src/tag.rs line 137 column 49 function tag::decode_tag thread 0
Unwinding loop _RNvNtCs8Uhk9se0wUe_12der_verified3tag10decode_tag.0 iteration 5 file der-verified/src/tag.rs line 137 column 49 function tag::decode_tag thread 0
Unwinding loop _RNvNtCs8Uhk9se0wUe_12der_verified3tag10decode_tag.0 iteration 6 file der-verified/src/tag.rs line 137 column 49 function tag::decode_tag thread 0
Unwinding loop _RNvNtCs8Uhk9se0wUe_12der_verified3tag10decode_tag.0 iteration 7 file der-verified/src/tag.rs line 137 column 49 function tag::decode_tag thread 0
Unwinding loop _RNvNtCs8Uhk9se0wUe_12der_verified3tag10decode_tag.0 iteration 8 file der-verified/src/tag.rs line 137 column 49 function tag::decode_tag thread 0
Unwinding loop _RNvNtCs8Uhk9se0wUe_12der_verified3tag10decode_tag.0 iteration 9 file der-verified/src/tag.rs line 137 column 49 function tag::decode_tag thread 0
Unwinding loop _RNvNtCs8Uhk9se0wUe_12der_verified3tag10decode_tag.0 iteration 10 file der-verified/src/tag.rs line 137 column 49 function tag::decode_tag thread 0
Unwinding loop _RNvNtCs8Uhk9se0wUe_12der_verified3tag10decode_tag.0 iteration 11 file der-verified/src/tag.rs line 137 column 49 function tag::decode_tag thread 0
Unwinding loop _RNvNtCs8Uhk9se0wUe_12der_verified3tag10decode_tag.0 iteration 12 file der-verified/src/tag.rs line 137 column 49 function tag::decode_tag thread 0
Unwinding loop _RNvNtCs8Uhk9se0wUe_12der_verified3tag10decode_tag.0 iteration 13 file der-verified/src/tag.rs line 137 column 49 function tag::decode_tag thread 0
Unwinding loop _RNvNtCs8Uhk9se0wUe_12der_verified3tag10decode_tag.0 iteration 14 file der-verified/src/tag.rs line 137 column 49 function tag::decode_tag thread 0
Unwinding loop _RNvNtCs8Uhk9se0wUe_12der_verified3tag10decode_tag.0 iteration 15 file der-verified/src/tag.rs line 137 column 49 function tag::decode_tag thread 0
Not unwinding loop _RNvNtCs8Uhk9se0wUe_12der_verified3tag10decode_tag.0 iteration 16 file der-verified/src/tag.rs line 137 column 49 function tag::decode_tag thread 0
aborting path on assume(false) at file /home/runner/.rustup/toolchains/nightly-2025-11-21-x86_64-unknown-linux-gnu/lib/rustlib/src/rust/library/core/src/result.rs line 2173 column 15 function <std::result::Result<(u32, usize), tag::TagError> as std::ops::Try>::branch thread 0
aborting path on assume(false) at file der-verified/src/lib.rs line 0 column 0 function tag::decode_tag thread 0
aborting path on assume(false) at file /home/runner/.rustup/toolchains/nightly-2025-11-21-x86_64-unknown-linux-gnu/lib/rustlib/src/rust/library/core/src/result.rs line 966 column 15 function std::result::Result::<(tag::Tag, usize), tag::TagError>::map_err::<tlv::TlvError, {closure@der-verified/src/tlv.rs:71:51: 71:54}> thread 0
aborting path on assume(false) at file /home/runner/.rustup/toolchains/nightly-2025-11-21-x86_64-unknown-linux-gnu/lib/rustlib/src/rust/library/core/src/result.rs line 2173 column 15 function <std::result::Result<(tag::Tag, usize), tlv::TlvError> as std::ops::Try>::branch thread 0
aborting path on assume(false) at file /home/runner/.rustup/toolchains/nightly-2025-11-21-x86_64-unknown-linux-gnu/lib/rustlib/src/rust/library/core/src/slice/index.rs line 40 column 9 function core::slice::index::slice_index_fail::do_panic::runtime thread 0
aborting path on assume(false) at file /home/runner/.rustup/toolchains/nightly-2025-11-21-x86_64-unknown-linux-gnu/lib/rustlib/src/rust/library/core/src/intrinsics/mod.rs line 2449 column 9 function core::slice::index::slice_index_fail::do_panic thread 0
aborting path on assume(false) at file /home/runner/.rustup/toolchains/nightly-2025-11-21-x86_64-unknown-linux-gnu/lib/rustlib/src/rust/library/core/src/panic.rs line 178 column 9 function core::slice::index::slice_index_fail thread 0
aborting path on assume(false) at file /home/runner/.rustup/toolchains/nightly-2025-11-21-x86_64-unknown-linux-gnu/lib/rustlib/src/rust/library/core/src/slice/index.rs line 49 column 9 function core::slice::index::slice_index_fail::do_panic::runtime thread 0
aborting path on assume(false) at file /home/runner/.rustup/toolchains/nightly-2025-11-21-x86_64-unknown-linux-gnu/lib/rustlib/src/rust/library/core/src/intrinsics/mod.rs line 2449 column 9 function core::slice::index::slice_index_fail::do_panic thread 0
aborting path on assume(false) at file /home/runner/.rustup/toolchains/nightly-2025-11-21-x86_64-unknown-linux-gnu/lib/rustlib/src/rust/library/core/src/panic.rs line 178 column 9 function core::slice::index::slice_index_fail thread 0
aborting path on assume(false) at file /home/runner/.rustup/toolchains/nightly-2025-11-21-x86_64-unknown-linux-gnu/lib/rustlib/src/rust/library/core/src/slice/index.rs line 58 column 9 function core::slice::index::slice_index_fail::do_panic::runtime thread 0
aborting path on assume(false) at file /home/runner/.rustup/toolchains/nightly-2025-11-21-x86_64-unknown-linux-gnu/lib/rustlib/src/rust/library/core/src/intrinsics/mod.rs line 2449 column 9 function core::slice::index::slice_index_fail::do_panic thread 0
aborting path on assume(false) at file /home/runner/.rustup/toolchains/nightly-2025-11-21-x86_64-unknown-linux-gnu/lib/rustlib/src/rust/library/core/src/panic.rs line 178 column 9 function core::slice::index::slice_index_fail thread 0
aborting path on assume(false) at file /home/runner/.rustup/toolchains/nightly-2025-11-21-x86_64-unknown-linux-gnu/lib/rustlib/src/rust/library/core/src/slice/index.rs line 68 column 5 function core::slice::index::slice_index_fail::do_panic::runtime thread 0
aborting path on assume(false) at file /home/runner/.rustup/toolchains/nightly-2025-11-21-x86_64-unknown-linux-gnu/lib/rustlib/src/rust/library/core/src/intrinsics/mod.rs line 2449 column 9 function core::slice::index::slice_index_fail::do_panic thread 0
aborting path on assume(false) at file /home/runner/.rustup/toolchains/nightly-2025-11-21-x86_64-unknown-linux-gnu/lib/rustlib/src/rust/library/core/src/panic.rs line 178 column 9 function core::slice::index::slice_index_fail thread 0
aborting path on assume(false) at file /home/runner/.rustup/toolchains/nightly-2025-11-21-x86_64-unknown-linux-gnu/lib/rustlib/src/rust/library/core/src/slice/index.rs line 569 column 13 function <std::ops::RangeFrom<usize> as std::slice::SliceIndex<[u8]>>::index thread 0
aborting path on assume(false) at file /home/runner/work/kani/kani/library/kani_core/src/models.rs line 176 column 17 function <usize as kani::rustc_intrinsics::ToISize>::to_isize thread 0
aborting path on assume(false) at file /home/runner/work/kani/kani/library/kani/src/lib.rs line 57 column 1 function <usize as kani::rustc_intrinsics::ToISize>::to_isize thread 0
aborting path on assume(false) at file /home/runner/work/kani/kani/library/kani/src/lib.rs line 57 column 1 function <usize as kani::rustc_intrinsics::ToISize>::to_isize thread 0
aborting path on assume(false) at file /home/runner/work/kani/kani/library/kani/src/lib.rs line 57 column 1 function kani::mem::cbmc::same_allocation thread 0
aborting path on assume(false) at file der-verified/src/length.rs line 75 column 23 function length::decode_length thread 0
aborting path on assume(false) at file /home/runner/.rustup/toolchains/nightly-2025-11-21-x86_64-unknown-linux-gnu/lib/rustlib/src/rust/library/core/src/slice/index.rs line 435 column 5 function <std::ops::Range<usize> as std::slice::SliceIndex<[u8]>>::index thread 0
aborting path on assume(false) at file /home/runner/work/kani/kani/library/kani/src/lib.rs line 57 column 1 function kani::mem::cbmc::same_allocation thread 0
aborting path on assume(false) at file /home/runner/.rustup/toolchains/nightly-2025-11-21-x86_64-unknown-linux-gnu/lib/rustlib/src/rust/library/core/src/slice/index.rs line 40 column 9 function core::slice::index::slice_index_fail::do_panic::runtime thread 0
aborting path on assume(false) at file /home/runner/.rustup/toolchains/nightly-2025-11-21-x86_64-unknown-linux-gnu/lib/rustlib/src/rust/library/core/src/intrinsics/mod.rs line 2449 column 9 function core::slice::index::slice_index_fail::do_panic thread 0
aborting path on assume(false) at file /home/runner/.rustup/toolchains/nightly-2025-11-21-x86_64-unknown-linux-gnu/lib/rustlib/src/rust/library/core/src/panic.rs line 178 column 9 function core::slice::index::slice_index_fail thread 0
aborting path on assume(false) at file /home/runner/.rustup/toolchains/nightly-2025-11-21-x86_64-unknown-linux-gnu/lib/rustlib/src/rust/library/core/src/slice/index.rs line 49 column 9 function core::slice::index::slice_index_fail::do_panic::runtime thread 0
aborting path on assume(false) at file /home/runner/.rustup/toolchains/nightly-2025-11-21-x86_64-unknown-linux-gnu/lib/rustlib/src/rust/library/core/src/intrinsics/mod.rs line 2449 column 9 function core::slice::index::slice_index_fail::do_panic thread 0
aborting path on assume(false) at file /home/runner/.rustup/toolchains/nightly-2025-11-21-x86_64-unknown-linux-gnu/lib/rustlib/src/rust/library/core/src/panic.rs line 178 column 9 function core::slice::index::slice_index_fail thread 0
aborting path on assume(false) at file /home/runner/.rustup/toolchains/nightly-2025-11-21-x86_64-unknown-linux-gnu/lib/rustlib/src/rust/library/core/src/slice/index.rs line 58 column 9 function core::slice::index::slice_index_fail::do_panic::runtime thread 0
aborting path on assume(false) at file /home/runner/.rustup/toolchains/nightly-2025-11-21-x86_64-unknown-linux-gnu/lib/rustlib/src/rust/library/core/src/intrinsics/mod.rs line 2449 column 9 function core::slice::index::slice_index_fail::do_panic thread 0
aborting path on assume(false) at file /home/runner/.rustup/toolchains/nightly-2025-11-21-x86_64-unknown-linux-gnu/lib/rustlib/src/rust/library/core/src/panic.rs line 178 column 9 function core::slice::index::slice_index_fail thread 0
aborting path on assume(false) at file /home/runner/.rustup/toolchains/nightly-2025-11-21-x86_64-unknown-linux-gnu/lib/rustlib/src/rust/library/core/src/slice/index.rs line 68 column 5 function core::slice::index::slice_index_fail::do_panic::runtime thread 0
aborting path on assume(false) at file /home/runner/.rustup/toolchains/nightly-2025-11-21-x86_64-unknown-linux-gnu/lib/rustlib/src/rust/library/core/src/intrinsics/mod.rs line 2449 column 9 function core::slice::index::slice_index_fail::do_panic thread 0
aborting path on assume(false) at file /home/runner/.rustup/toolchains/nightly-2025-11-21-x86_64-unknown-linux-gnu/lib/rustlib/src/rust/library/core/src/panic.rs line 178 column 9 function core::slice::index::slice_index_fail thread 0
aborting path on assume(false) at file /home/runner/.rustup/toolchains/nightly-2025-11-21-x86_64-unknown-linux-gnu/lib/rustlib/src/rust/library/core/src/slice/index.rs line 443 column 13 function <std::ops::Range<usize> as std::slice::SliceIndex<[u8]>>::index thread 0
Unwinding loop _RNvNtCs8Uhk9se0wUe_12der_verified6length13decode_length.0 iteration 1 file der-verified/src/length.rs line 101 column 5 function length::decode_length thread 0
Unwinding loop _RNvNtCs8Uhk9se0wUe_12der_verified6length13decode_length.0 iteration 2 file der-verified/src/length.rs line 101 column 5 function length::decode_length thread 0
Unwinding loop _RNvNtCs8Uhk9se0wUe_12der_verified6length13decode_length.0 iteration 3 file der-verified/src/length.rs line 101 column 5 function length::decode_length thread 0
Unwinding loop _RNvNtCs8Uhk9se0wUe_12der_verified6length13decode_length.0 iteration 4 file der-verified/src/length.rs line 101 column 5 function length::decode_length thread 0
Unwinding loop _RNvNtCs8Uhk9se0wUe_12der_verified6length13decode_length.0 iteration 5 file der-verified/src/length.rs line 101 column 5 function length::decode_length thread 0
Unwinding loop _RNvNtCs8Uhk9se0wUe_12der_verified6length13decode_length.0 iteration 6 file der-verified/src/length.rs line 101 column 5 function length::decode_length thread 0
Unwinding loop _RNvNtCs8Uhk9se0wUe_12der_verified6length13decode_length.0 iteration 7 file der-verified/src/length.rs line 101 column 5 function length::decode_length thread 0
Unwinding loop _RNvNtCs8Uhk9se0wUe_12der_verified6length13decode_length.0 iteration 8 file der-verified/src/length.rs line 101 column 5 function length::decode_length thread 0
Unwinding loop _RNvNtCs8Uhk9se0wUe_12der_verified6length13decode_length.0 iteration 9 file der-verified/src/length.rs line 101 column 5 function length::decode_length thread 0
Unwinding loop _RNvNtCs8Uhk9se0wUe_12der_verified6length13decode_length.0 iteration 10 file der-verified/src/length.rs line 101 column 5 function length::decode_length thread 0
Unwinding loop _RNvNtCs8Uhk9se0wUe_12der_verified6length13decode_length.0 iteration 11 file der-verified/src/length.rs line 101 column 5 function length::decode_length thread 0
Unwinding loop _RNvNtCs8Uhk9se0wUe_12der_verified6length13decode_length.0 iteration 12 file der-verified/src/length.rs line 101 column 5 function length::decode_length thread 0
Unwinding loop _RNvNtCs8Uhk9se0wUe_12der_verified6length13decode_length.0 iteration 13 file der-verified/src/length.rs line 101 column 5 function length::decode_length thread 0
Unwinding loop _RNvNtCs8Uhk9se0wUe_12der_verified6length13decode_length.0 iteration 14 file der-verified/src/length.rs line 101 column 5 function length::decode_length thread 0
Unwinding loop _RNvNtCs8Uhk9se0wUe_12der_verified6length13decode_length.0 iteration 15 file der-verified/src/length.rs line 101 column 5 function length::decode_length thread 0
Not unwinding loop _RNvNtCs8Uhk9se0wUe_12der_verified6length13decode_length.0 iteration 16 file der-verified/src/length.rs line 101 column 5 function length::decode_length thread 0
aborting path on assume(false) at file /home/runner/.rustup/toolchains/nightly-2025-11-21-x86_64-unknown-linux-gnu/lib/rustlib/src/rust/library/core/src/result.rs line 966 column 15 function std::result::Result::<(u32, usize), length::LengthError>::map_err::<tlv::TlvError, {closure@der-verified/src/tlv.rs:73:69: 73:72}> thread 0
aborting path on assume(false) at file /home/runner/.rustup/toolchains/nightly-2025-11-21-x86_64-unknown-linux-gnu/lib/rustlib/src/rust/library/core/src/result.rs line 2173 column 15 function <std::result::Result<(u32, usize), tlv::TlvError> as std::ops::Try>::branch thread 0
aborting path on assume(false) at file der-verified/src/lib.rs line 0 column 0 function tlv::decode_tlv thread 0
aborting path on assume(false) at file /home/runner/.rustup/toolchains/nightly-2025-11-21-x86_64-unknown-linux-gnu/lib/rustlib/src/rust/library/core/src/slice/index.rs line 435 column 5 function <std::ops::Range<usize> as std::slice::SliceIndex<[u8]>>::index thread 0
aborting path on assume(false) at file /home/runner/work/kani/kani/library/kani_core/src/models.rs line 176 column 17 function <usize as kani::rustc_intrinsics::ToISize>::to_isize thread 0
aborting path on assume(false) at file /home/runner/work/kani/kani/library/kani/src/lib.rs line 57 column 1 function <usize as kani::rustc_intrinsics::ToISize>::to_isize thread 0
aborting path on assume(false) at file /home/runner/work/kani/kani/library/kani/src/lib.rs line 57 column 1 function <usize as kani::rustc_intrinsics::ToISize>::to_isize thread 0
aborting path on assume(false) at file /home/runner/work/kani/kani/library/kani/src/lib.rs line 57 column 1 function kani::mem::cbmc::same_allocation thread 0
aborting path on assume(false) at file /home/runner/.rustup/toolchains/nightly-2025-11-21-x86_64-unknown-linux-gnu/lib/rustlib/src/rust/library/core/src/slice/index.rs line 40 column 9 function core::slice::index::slice_index_fail::do_panic::runtime thread 0
aborting path on assume(false) at file /home/runner/.rustup/toolchains/nightly-2025-11-21-x86_64-unknown-linux-gnu/lib/rustlib/src/rust/library/core/src/intrinsics/mod.rs line 2449 column 9 function core::slice::index::slice_index_fail::do_panic thread 0
aborting path on assume(false) at file /home/runner/.rustup/toolchains/nightly-2025-11-21-x86_64-unknown-linux-gnu/lib/rustlib/src/rust/library/core/src/panic.rs line 178 column 9 function core::slice::index::slice_index_fail thread 0
aborting path on assume(false) at file /home/runner/.rustup/toolchains/nightly-2025-11-21-x86_64-unknown-linux-gnu/lib/rustlib/src/rust/library/core/src/slice/index.rs line 49 column 9 function core::slice::index::slice_index_fail::do_panic::runtime thread 0
aborting path on assume(false) at file /home/runner/.rustup/toolchains/nightly-2025-11-21-x86_64-unknown-linux-gnu/lib/rustlib/src/rust/library/core/src/intrinsics/mod.rs line 2449 column 9 function core::slice::index::slice_index_fail::do_panic thread 0
aborting path on assume(false) at file /home/runner/.rustup/toolchains/nightly-2025-11-21-x86_64-unknown-linux-gnu/lib/rustlib/src/rust/library/core/src/panic.rs line 178 column 9 function core::slice::index::slice_index_fail thread 0
aborting path on assume(false) at file /home/runner/.rustup/toolchains/nightly-2025-11-21-x86_64-unknown-linux-gnu/lib/rustlib/src/rust/library/core/src/slice/index.rs line 58 column 9 function core::slice::index::slice_index_fail::do_panic::runtime thread 0
aborting path on assume(false) at file /home/runner/.rustup/toolchains/nightly-2025-11-21-x86_64-unknown-linux-gnu/lib/rustlib/src/rust/library/core/src/intrinsics/mod.rs line 2449 column 9 function core::slice::index::slice_index_fail::do_panic thread 0
aborting path on assume(false) at file /home/runner/.rustup/toolchains/nightly-2025-11-21-x86_64-unknown-linux-gnu/lib/rustlib/src/rust/library/core/src/panic.rs line 178 column 9 function core::slice::index::slice_index_fail thread 0
aborting path on assume(false) at file /home/runner/.rustup/toolchains/nightly-2025-11-21-x86_64-unknown-linux-gnu/lib/rustlib/src/rust/library/core/src/slice/index.rs line 68 column 5 function core::slice::index::slice_index_fail::do_panic::runtime thread 0
aborting path on assume(false) at file /home/runner/.rustup/toolchains/nightly-2025-11-21-x86_64-unknown-linux-gnu/lib/rustlib/src/rust/library/core/src/intrinsics/mod.rs line 2449 column 9 function core::slice::index::slice_index_fail::do_panic thread 0
aborting path on assume(false) at file /home/runner/.rustup/toolchains/nightly-2025-11-21-x86_64-unknown-linux-gnu/lib/rustlib/src/rust/library/core/src/panic.rs line 178 column 9 function core::slice::index::slice_index_fail thread 0
aborting path on assume(false) at file /home/runner/.rustup/toolchains/nightly-2025-11-21-x86_64-unknown-linux-gnu/lib/rustlib/src/rust/library/core/src/slice/index.rs line 443 column 13 function <std::ops::Range<usize> as std::slice::SliceIndex<[u8]>>::index thread 0
aborting path on assume(false) at file /home/runner/.rustup/toolchains/nightly-2025-11-21-x86_64-unknown-linux-gnu/lib/rustlib/src/rust/library/core/src/result.rs line 966 column 15 function std::result::Result::<(tlv::Tlv<'_>, usize), tlv::TlvError>::map_err::<set_of::SetOfError, fn(tlv::TlvError) -> set_of::SetOfError {set_of::SetOfError::Element}> thread 0
aborting path on assume(false) at file /home/runner/.rustup/toolchains/nightly-2025-11-21-x86_64-unknown-linux-gnu/lib/rustlib/src/rust/library/core/src/result.rs line 2173 column 15 function <std::result::Result<(tlv::Tlv<'_>, usize), set_of::SetOfError> as std::ops::Try>::branch thread 0
aborting path on assume(false) at file /home/runner/.rustup/toolchains/nightly-2025-11-21-x86_64-unknown-linux-gnu/lib/rustlib/src/rust/library/core/src/slice/index.rs line 435 column 5 function <std::ops::Range<usize> as std::slice::SliceIndex<[u8]>>::index thread 0
aborting path on assume(false) at file /home/runner/work/kani/kani/library/kani_core/src/models.rs line 176 column 17 function <usize as kani::rustc_intrinsics::ToISize>::to_isize thread 0
aborting path on assume(false) at file /home/runner/work/kani/kani/library/kani/src/lib.rs line 57 column 1 function <usize as kani::rustc_intrinsics::ToISize>::to_isize thread 0
aborting path on assume(false) at file /home/runner/work/kani/kani/library/kani/src/lib.rs line 57 column 1 function <usize as kani::rustc_intrinsics::ToISize>::to_isize thread 0
aborting path on assume(false) at file /home/runner/.rustup/toolchains/nightly-2025-11-21-x86_64-unknown-linux-gnu/lib/rustlib/src/rust/library/core/src/slice/index.rs line 40 column 9 function core::slice::index::slice_index_fail::do_panic::runtime thread 0
aborting path on assume(false) at file /home/runner/.rustup/toolchains/nightly-2025-11-21-x86_64-unknown-linux-gnu/lib/rustlib/src/rust/library/core/src/intrinsics/mod.rs line 2449 column 9 function core::slice::index::slice_index_fail::do_panic thread 0
aborting path on assume(false) at file /home/runner/.rustup/toolchains/nightly-2025-11-21-x86_64-unknown-linux-gnu/lib/rustlib/src/rust/library/core/src/panic.rs line 178 column 9 function core::slice::index::slice_index_fail thread 0
aborting path on assume(false) at file /home/runner/.rustup/toolchains/nightly-2025-11-21-x86_64-unknown-linux-gnu/lib/rustlib/src/rust/library/core/src/slice/index.rs line 49 column 9 function core::slice::index::slice_index_fail::do_panic::runtime thread 0
aborting path on assume(false) at file /home/runner/.rustup/toolchains/nightly-2025-11-21-x86_64-unknown-linux-gnu/lib/rustlib/src/rust/library/core/src/intrinsics/mod.rs line 2449 column 9 function core::slice::index::slice_index_fail::do_panic thread 0
aborting path on assume(false) at file /home/runner/.rustup/toolchains/nightly-2025-11-21-x86_64-unknown-linux-gnu/lib/rustlib/src/rust/library/core/src/panic.rs line 178 column 9 function core::slice::index::slice_index_fail thread 0
aborting path on assume(false) at file /home/runner/.rustup/toolchains/nightly-2025-11-21-x86_64-unknown-linux-gnu/lib/rustlib/src/rust/library/core/src/slice/index.rs line 58 column 9 function core::slice::index::slice_index_fail::do_panic::runtime thread 0
aborting path on assume(false) at file /home/runner/.rustup/toolchains/nightly-2025-11-21-x86_64-unknown-linux-gnu/lib/rustlib/src/rust/library/core/src/intrinsics/mod.rs line 2449 column 9 function core::slice::index::slice_index_fail::do_panic thread 0
aborting path on assume(false) at file /home/runner/.rustup/toolchains/nightly-2025-11-21-x86_64-unknown-linux-gnu/lib/rustlib/src/rust/library/core/src/panic.rs line 178 column 9 function core::slice::index::slice_index_fail thread 0
aborting path on assume(false) at file /home/runner/.rustup/toolchains/nightly-2025-11-21-x86_64-unknown-linux-gnu/lib/rustlib/src/rust/library/core/src/slice/index.rs line 68 column 5 function core::slice::index::slice_index_fail::do_panic::runtime thread 0
aborting path on assume(false) at file /home/runner/.rustup/toolchains/nightly-2025-11-21-x86_64-unknown-linux-gnu/lib/rustlib/src/rust/library/core/src/intrinsics/mod.rs line 2449 column 9 function core::slice::index::slice_index_fail::do_panic thread 0
aborting path on assume(false) at file /home/runner/.rustup/toolchains/nightly-2025-11-21-x86_64-unknown-linux-gnu/lib/rustlib/src/rust/library/core/src/panic.rs line 178 column 9 function core::slice::index::slice_index_fail thread 0
aborting path on assume(false) at file /home/runner/.rustup/toolchains/nightly-2025-11-21-x86_64-unknown-linux-gnu/lib/rustlib/src/rust/library/core/src/slice/index.rs line 443 column 13 function <std::ops::Range<usize> as std::slice::SliceIndex<[u8]>>::index thread 0
aborting path on assume(false) at file der-verified/src/set_of.rs line 146 column 28 function set_of::decode_set_of thread 0
Not unwinding loop _RNvNtCs8Uhk9se0wUe_12der_verified6set_of13decode_set_of.0 iteration 16 file der-verified/src/set_of.rs line 145 column 5 function set_of::decode_set_of thread 0
aborting path on assume(false) at file der-verified/src/lib.rs line 0 column 0 function <std::result::Result<usize, set_of::SetOfError> as std::cmp::PartialEq>::eq thread 0
Runtime Symex: 18.5547s
size of program expression: 828372 steps
slicing removed 730226 assignments
Generated 9079 VCC(s), 5657 remaining after simplification
Runtime Postprocess Equation: 0.450024s
Passing problem to propositional reduction
converting SSA
Runtime Convert SSA: 1.49361s
Running propositional reduction
Post-processing
Runtime Post-process: 0.663491s
Solving with CaDiCaL 2.0.0
1290849 variables, 3945895 clauses
SAT checker: instance is SATISFIABLE
Runtime Solver: 1.76471s
Runtime decision procedure: 3.32841s
Running propositional reduction
Solving with CaDiCaL 2.0.0
1290850 variables, 3945896 clauses
SAT checker: instance is UNSATISFIABLE
Runtime Solver: 0.0437203s
Runtime decision procedure: 0.047635s

RESULTS:
Check 1: std::result::Result::<(tag::Tag, usize), tag::TagError>::map_err::<tlv::TlvError, {closure@der-verified/src/tlv.rs:71:51: 71:54}>.unreachable.1
	 - Status: SUCCESS
	 - Description: "unreachable code"
	 - Location: ../../../runner/.rustup/toolchains/nightly-2025-11-21-x86_64-unknown-linux-gnu/lib/rustlib/src/rust/library/core/src/result.rs:966:15 in function std::result::Result::<(tag::Tag, usize), tag::TagError>::map_err::<tlv::TlvError, {closure@der-verified/src/tlv.rs:71:51: 71:54}>

Check 2: <std::result::Result<(tlv::Tlv<'_>, usize), set_of::SetOfError> as std::ops::Try>::branch.unreachable.1
	 - Status: SUCCESS
	 - Description: "unreachable code"
	 - Location: ../../../runner/.rustup/toolchains/nightly-2025-11-21-x86_64-unknown-linux-gnu/lib/rustlib/src/rust/library/core/src/result.rs:2173:15 in function <std::result::Result<(tlv::Tlv<'_>, usize), set_of::SetOfError> as std::ops::Try>::branch

Check 3: <std::ops::RangeFrom<usize> as std::slice::SliceIndex<[u8]>>::index.arithmetic_overflow.1
	 - Status: SUCCESS
	 - Description: "attempt to compute `unchecked_sub` which would overflow"
	 - Location: ../../../runner/.rustup/toolchains/nightly-2025-11-21-x86_64-unknown-linux-gnu/lib/rustlib/src/rust/library/core/src/slice/index.rs:573:27 in function <std::ops::RangeFrom<usize> as std::slice::SliceIndex<[u8]>>::index

Check 4: <std::ops::RangeFrom<usize> as std::slice::SliceIndex<[u8]>>::index.safety_check.1
	 - Status: SUCCESS
	 - Description: "misaligned pointer to reference cast: address must be a multiple of its type's alignment"
	 - Location: ../../../runner/.rustup/toolchains/nightly-2025-11-21-x86_64-unknown-linux-gnu/lib/rustlib/src/rust/library/core/src/slice/index.rs:574:13 in function <std::ops::RangeFrom<usize> as std::slice::SliceIndex<[u8]>>::index

Check 5: <std::ops::RangeFrom<usize> as std::slice::SliceIndex<[u8]>>::index.safety_check.2
	 - Status: SUCCESS
	 - Description: "dereference failure: pointer invalid"
	 - Location: ../../../runner/.rustup/toolchains/nightly-2025-11-21-x86_64-unknown-linux-gnu/lib/rustlib/src/rust/library/core/src/slice/index.rs:574:13 in function <std::ops::RangeFrom<usize> as std::slice::SliceIndex<[u8]>>::index

Check 6: core::slice::index::slice_index_fail::do_panic::runtime.assertion.1
	 - Status: SUCCESS
	 - Description: "This is a placeholder message; Kani doesn't support message formatted at runtime"
	 - Location: ../../../runner/.rustup/toolchains/nightly-2025-11-21-x86_64-unknown-linux-gnu/lib/rustlib/src/rust/library/core/src/slice/index.rs:58:9 in function core::slice::index::slice_index_fail::do_panic::runtime

Check 7: tag::decode_tag.assertion.1
	 - Status: SUCCESS
	 - Description: "attempt to shift right with overflow"
	 - Location: der-verified/src/tag.rs:111:23 in function tag::decode_tag

Check 8: tag::decode_tag.assertion.2
	 - Status: UNREACHABLE
	 - Description: "attempt to shift right with overflow"
	 - Location: der-verified/src/tag.rs:145:21 in function tag::decode_tag

Check 9: tag::decode_tag.assertion.3
	 - Status: UNREACHABLE
	 - Description: "attempt to shift left with overflow"
	 - Location: der-verified/src/tag.rs:148:18 in function tag::decode_tag

Check 10: tag::decode_tag.assertion.4
	 - Status: UNREACHABLE
	 - Description: "attempt to add with overflow"
	 - Location: der-verified/src/tag.rs:149:9 in function tag::decode_tag

Check 11: tag::decode_tag.assertion.5
	 - Status: UNREACHABLE
	 - Description: "attempt to add with overflow"
	 - Location: der-verified/src/tag.rs:150:9 in function tag::decode_tag

Check 12: tag::decode_tag.unreachable.1
	 - Status: SUCCESS
	 - Description: "unreachable code"
	 - Location: der-verified/src/lib.rs:0:0 in function tag::decode_tag

Check 13: tlv::decode_tlv.assertion.1
	 - Status: SUCCESS
	 - Description: "attempt to add with overflow"
	 - Location: der-verified/src/tlv.rs:74:18 in function tlv::decode_tlv

Check 14: tlv::decode_tlv.unreachable.1
	 - Status: SUCCESS
	 - Description: "unreachable code"
	 - Location: der-verified/src/lib.rs:0:0 in function tlv::decode_tlv

Check 15: <std::result::Result<(u32, usize), tag::TagError> as std::ops::Try>::branch.unreachable.1
	 - Status: SUCCESS
	 - Description: "unreachable code"
	 - Location: ../../../runner/.rustup/toolchains/nightly-2025-11-21-x86_64-unknown-linux-gnu/lib/rustlib/src/rust/library/core/src/result.rs:2173:15 in function <std::result::Result<(u32, usize), tag::TagError> as std::ops::Try>::branch

Check 16: length::decode_length.unreachable.1
	 - Status: SUCCESS
	 - Description: "unreachable code"
	 - Location: der-verified/src/length.rs:75:23 in function length::decode_length

Check 17: length::decode_length.assertion.1
	 - Status: UNREACHABLE
	 - Description: "attempt to add with overflow"
	 - Location: der-verified/src/length.rs:89:22 in function length::decode_length

Check 18: length::decode_length.assertion.2
	 - Status: UNREACHABLE
	 - Description: "attempt to add with overflow"
	 - Location: der-verified/src/length.rs:92:28 in function length::decode_length

Check 19: length::decode_length.assertion.3
	 - Status: UNREACHABLE
	 - Description: "index out of bounds: the length is less than or equal to the given index"
	 - Location: der-verified/src/length.rs:93:8 in function length::decode_length

Check 20: length::decode_length.assertion.4
	 - Status: UNREACHABLE
	 - Description: "attempt to shift left with overflow"
	 - Location: der-verified/src/length.rs:102:15 in function length::decode_length

Check 21: length::decode_length.assertion.5
	 - Status: UNREACHABLE
	 - Description: "index out of bounds: the length is less than or equal to the given index"
	 - Location: der-verified/src/length.rs:102:28 in function length::decode_length

Check 22: length::decode_length.assertion.6
	 - Status: UNREACHABLE
	 - Description: "attempt to add with overflow"
	 - Location: der-verified/src/length.rs:103:9 in function length::decode_length

Check 23: length::decode_length.assertion.7
	 - Status: UNREACHABLE
	 - Description: "attempt to add with overflow"
	 - Location: der-verified/src/length.rs:108:14 in function length::decode_length

Check 24: set_of::proofs::unsorted_children_are_rejected.assertion.1
	 - Status: FAILURE
	 - Description: "assertion failed: decode_set_of(&content) == Err(SetOfError::Unsorted { index: 0 })"
	 - Location: der-verified/src/set_of.rs:383:9 in function set_of::proofs::unsorted_children_are_rejected

Check 25: core::slice::index::slice_index_fail::do_panic::runtime.assertion.2
	 - Status: SUCCESS
	 - Description: "This is a placeholder message; Kani doesn't support message formatted at runtime"
	 - Location: ../../../runner/.rustup/toolchains/nightly-2025-11-21-x86_64-unknown-linux-gnu/lib/rustlib/src/rust/library/core/src/slice/index.rs:49:9 in function core::slice::index::slice_index_fail::do_panic::runtime

Check 26: std::result::Result::<(u32, usize), length::LengthError>::map_err::<tlv::TlvError, {closure@der-verified/src/tlv.rs:73:69: 73:72}>.unreachable.1
	 - Status: SUCCESS
	 - Description: "unreachable code"
	 - Location: ../../../runner/.rustup/toolchains/nightly-2025-11-21-x86_64-unknown-linux-gnu/lib/rustlib/src/rust/library/core/src/result.rs:966:15 in function std::result::Result::<(u32, usize), length::LengthError>::map_err::<tlv::TlvError, {closure@der-verified/src/tlv.rs:73:69: 73:72}>

Check 27: <std::ops::Range<usize> as std::slice::SliceIndex<[u8]>>::index.unreachable.1
	 - Status: SUCCESS
	 - Description: "unreachable code"
	 - Location: ../../../runner/.rustup/toolchains/nightly-2025-11-21-x86_64-unknown-linux-gnu/lib/rustlib/src/rust/library/core/src/slice/index.rs:435:5 in function <std::ops::Range<usize> as std::slice::SliceIndex<[u8]>>::index

Check 28: <std::ops::Range<usize> as std::slice::SliceIndex<[u8]>>::index.safety_check.1
	 - Status: SUCCESS
	 - Description: "misaligned pointer to reference cast: address must be a multiple of its type's alignment"
	 - Location: ../../../runner/.rustup/toolchains/nightly-2025-11-21-x86_64-unknown-linux-gnu/lib/rustlib/src/rust/library/core/src/slice/index.rs:441:22 in function <std::ops::Range<usize> as std::slice::SliceIndex<[u8]>>::index

Check 29: <std::ops::Range<usize> as std::slice::SliceIndex<[u8]>>::index.safety_check.2
	 - Status: SUCCESS
	 - Description: "dereference failure: pointer invalid"
	 - Location: ../../../runner/.rustup/toolchains/nightly-2025-11-21-x86_64-unknown-linux-gnu/lib/rustlib/src/rust/library/core/src/slice/index.rs:441:22 in function <std::ops::Range<usize> as std::slice::SliceIndex<[u8]>>::index

Check 30: <std::result::Result<(tag::Tag, usize), tlv::TlvError> as std::ops::Try>::branch.unreachable.1
	 - Status: SUCCESS
	 - Description: "unreachable code"
	 - Location: ../../../runner/.rustup/toolchains/nightly-2025-11-21-x86_64-unknown-linux-gnu/lib/rustlib/src/rust/library/core/src/result.rs:2173:15 in function <std::result::Result<(tag::Tag, usize), tlv::TlvError> as std::ops::Try>::branch

Check 31: kani::rustc_intrinsics::offset::<u8, *const u8, usize>.safety_check.1
	 - Status: SUCCESS
	 - Description: "Offset in bytes overflows isize"
	 - Location: ../../../runner/work/kani/kani/library/kani/src/lib.rs:57:1 in function kani::rustc_intrinsics::offset::<u8, *const u8, usize>

Check 32: kani::rustc_intrinsics::offset::<u8, *const u8, usize>.safety_check.2
	 - Status: SUCCESS
	 - Description: "Offset result and original pointer must point to the same allocation"
	 - Location: ../../../runner/work/kani/kani/library/kani/src/lib.rs:57:1 in function kani::rustc_intrinsics::offset::<u8, *const u8, usize>

Check 33: set_of::decode_set_of.assertion.1
	 - Status: SUCCESS
	 - Description: "attempt to add with overflow"
	 - Location: der-verified/src/set_of.rs:147:34 in function set_of::decode_set_of

Check 34: set_of::decode_set_of.unreachable.1
	 - Status: SUCCESS
	 - Description: "unreachable code"
	 - Location: der-verified/src/set_of.rs:146:28 in function set_of::decode_set_of

Check 35: set_of::decode_set_of.assertion.2
	 - Status: SUCCESS
	 - Description: "attempt to add with overflow"
	 - Location: der-verified/src/set_of.rs:157:9 in function set_of::decode_set_of

Check 36: set_of::decode_set_of.assertion.3
	 - Status: SUCCESS
	 - Description: "attempt to add with overflow"
	 - Location: der-verified/src/set_of.rs:158:9 in function set_of::decode_set_of

Check 37: core::slice::index::slice_index_fail::do_panic::runtime.assertion.3
	 - Status: SUCCESS
	 - Description: "This is a placeholder message; Kani doesn't support message formatted at runtime"
	 - Location: ../../../runner/.rustup/toolchains/nightly-2025-11-21-x86_64-unknown-linux-gnu/lib/rustlib/src/rust/library/core/src/slice/index.rs:40:9 in function core::slice::index::slice_index_fail::do_panic::runtime

Check 38: core::num::<impl usize>::checked_add.arithmetic_overflow.1
	 - Status: SUCCESS
	 - Description: "attempt to compute `unchecked_add` which would overflow"
	 - Location: ../../../runner/.rustup/toolchains/nightly-2025-11-21-x86_64-unknown-linux-gnu/lib/rustlib/src/rust/library/core/src/num/uint_macros.rs:658:31 in function core::num::<impl usize>::checked_add

Check 39: <std::result::Result<usize, set_of::SetOfError> as std::cmp::PartialEq>::eq.unreachable.1
	 - Status: SUCCESS
	 - Description: "unreachable code"
	 - Location: der-verified/src/lib.rs:0:0 in function <std::result::Result<usize, set_of::SetOfError> as std::cmp::PartialEq>::eq

Check 40: kani::mem::cbmc::same_allocation.unsupported_construct.1
	 - Status: SUCCESS
	 - Description: "Kani does not support reasoning about pointer to unallocated memory"
	 - Location: ../../../runner/work/kani/kani/library/kani/src/lib.rs:57:1 in function kani::mem::cbmc::same_allocation

Check 41: std::result::Result::<(tlv::Tlv<'_>, usize), tlv::TlvError>::map_err::<set_of::SetOfError, fn(tlv::TlvError) -> set_of::SetOfError {set_of::SetOfError::Element}>.unreachable.1
	 - Status: SUCCESS
	 - Description: "unreachable code"
	 - Location: ../../../runner/.rustup/toolchains/nightly-2025-11-21-x86_64-unknown-linux-gnu/lib/rustlib/src/rust/library/core/src/result.rs:966:15 in function std::result::Result::<(tlv::Tlv<'_>, usize), tlv::TlvError>::map_err::<set_of::SetOfError, fn(tlv::TlvError) -> set_of::SetOfError {set_of::SetOfError::Element}>

Check 42: <std::result::Result<(u32, usize), tlv::TlvError> as std::ops::Try>::branch.unreachable.1
	 - Status: SUCCESS
	 - Description: "unreachable code"
	 - Location: ../../../runner/.rustup/toolchains/nightly-2025-11-21-x86_64-unknown-linux-gnu/lib/rustlib/src/rust/library/core/src/result.rs:2173:15 in function <std::result::Result<(u32, usize), tlv::TlvError> as std::ops::Try>::branch

Check 43: <usize as kani::rustc_intrinsics::ToISize>::to_isize.unreachable.1
	 - Status: SUCCESS
	 - Description: "unreachable code"
	 - Location: ../../../runner/work/kani/kani/library/kani_core/src/models.rs:176:17 in function <usize as kani::rustc_intrinsics::ToISize>::to_isize

Check 44: <usize as kani::rustc_intrinsics::ToISize>::to_isize.safety_check.1
	 - Status: SUCCESS
	 - Description: "Offset value overflows isize"
	 - Location: ../../../runner/work/kani/kani/library/kani/src/lib.rs:57:1 in function <usize as kani::rustc_intrinsics::ToISize>::to_isize

Check 45: <usize as kani::rustc_intrinsics::ToISize>::to_isize.assertion.1
	 - Status: SUCCESS
	 - Description: "internal error: entered unreachable code"
	 - Location: ../../../runner/work/kani/kani/library/kani/src/lib.rs:57:1 in function <usize as kani::rustc_intrinsics::ToISize>::to_isize

Check 46: core::slice::index::slice_index_fail::do_panic::runtime.assertion.4
	 - Status: SUCCESS
	 - Description: "This is a placeholder message; Kani doesn't support message formatted at runtime"
	 - Location: ../../../runner/.rustup/toolchains/nightly-2025-11-21-x86_64-unknown-linux-gnu/lib/rustlib/src/rust/library/core/src/slice/index.rs:68:5 in function core::slice::index::slice_index_fail::do_panic::runtime

Check 47: core::num::<impl usize>::checked_sub.arithmetic_overflow.1
	 - Status: SUCCESS
	 - Description: "attempt to compute `unchecked_sub` which would overflow"
	 - Location: ../../../runner/.rustup/toolchains/nightly-2025-11-21-x86_64-unknown-linux-gnu/lib/rustlib/src/rust/library/core/src/num/uint_macros.rs:812:31 in function core::num::<impl usize>::checked_sub

Check 48: std::cmp::impls::<impl std::cmp::PartialEq for &set_of::SetOfError>::eq.pointer_dereference.1
	 - Status: SUCCESS
	 - Description: "dereference failure: pointer NULL"
	 - Location: ../../../runner/.rustup/toolchains/nightly-2025-11-21-x86_64-unknown-linux-gnu/lib/rustlib/src/rust/library/core/src/cmp.rs:2090:27 in function std::cmp::impls::<impl std::cmp::PartialEq for &set_of::SetOfError>::eq

Check 49: std::cmp::impls::<impl std::cmp::PartialEq for &set_of::SetOfError>::eq.pointer_dereference.2
	 - Status: SUCCESS
	 - Description: "dereference failure: pointer invalid"
	 - Location: ../../../runner/.rustup/toolchains/nightly-2025-11-21-x86_64-unknown-linux-gnu/lib/rustlib/src/rust/library/core/src/cmp.rs:2090:27 in function std::cmp::impls::<impl std::cmp::PartialEq for &set_of::SetOfError>::eq

Check 50: std::cmp::impls::<impl std::cmp::PartialEq for &set_of::SetOfError>::eq.pointer_dereference.3
	 - Status: SUCCESS
	 - Description: "dereference failure: deallocated dynamic object"
	 - Location: ../../../runner/.rustup/toolchains/nightly-2025-11-21-x86_64-unknown-linux-gnu/lib/rustlib/src/rust/library/core/src/cmp.rs:2090:27 in function std::cmp::impls::<impl std::cmp::PartialEq for &set_of::SetOfError>::eq

Check 51: std::cmp::impls::<impl std::cmp::PartialEq for &set_of::SetOfError>::eq.pointer_dereference.4
	 - Status: SUCCESS
	 - Description: "dereference failure: dead object"
	 - Location: ../../../runner/.rustup/toolchains/nightly-2025-11-21-x86_64-unknown-linux-gnu/lib/rustlib/src/rust/library/core/src/cmp.rs:2090:27 in function std::cmp::impls::<impl std::cmp::PartialEq for &set_of::SetOfError>::eq

Check 52: std::cmp::impls::<impl std::cmp::PartialEq for &set_of::SetOfError>::eq.pointer_dereference.5
	 - Status: SUCCESS
	 - Description: "dereference failure: pointer outside object bounds"
	 - Location: ../../../runner/.rustup/toolchains/nightly-2025-11-21-x86_64-unknown-linux-gnu/lib/rustlib/src/rust/library/core/src/cmp.rs:2090:27 in function std::cmp::impls::<impl std::cmp::PartialEq for &set_of::SetOfError>::eq

Check 53: std::cmp::impls::<impl std::cmp::PartialEq for &set_of::SetOfError>::eq.pointer_dereference.6
	 - Status: SUCCESS
	 - Description: "dereference failure: invalid integer address"
	 - Location: ../../../runner/.rustup/toolchains/nightly-2025-11-21-x86_64-unknown-linux-gnu/lib/rustlib/src/rust/library/core/src/cmp.rs:2090:27 in function std::cmp::impls::<impl std::cmp::PartialEq for &set_of::SetOfError>::eq

Check 54: std::cmp::impls::<impl std::cmp::PartialEq for &set_of::SetOfError>::eq.pointer_dereference.7
	 - Status: SUCCESS
	 - Description: "dereference failure: pointer NULL"
	 - Location: ../../../runner/.rustup/toolchains/nightly-2025-11-21-x86_64-unknown-linux-gnu/lib/rustlib/src/rust/library/core/src/cmp.rs:2090:34 in function std::cmp::impls::<impl std::cmp::PartialEq for &set_of::SetOfError>::eq

Check 55: std::cmp::impls::<impl std::cmp::PartialEq for &set_of::SetOfError>::eq.pointer_dereference.8
	 - Status: SUCCESS
	 - Description: "dereference failure: pointer invalid"
	 - Location: ../../../runner/.rustup/toolchains/nightly-2025-11-21-x86_64-unknown-linux-gnu/lib/rustlib/src/rust/library/core/src/cmp.rs:2090:34 in function std::cmp::impls::<impl std::cmp::PartialEq for &set_of::SetOfError>::eq

Check 56: std::cmp::impls::<impl std::cmp::PartialEq for &set_of::SetOfError>::eq.pointer_dereference.9
	 - Status: SUCCESS
	 - Description: "dereference failure: deallocated dynamic object"
	 - Location: ../../../runner/.rustup/toolchains/nightly-2025-11-21-x86_64-unknown-linux-gnu/lib/rustlib/src/rust/library/core/src/cmp.rs:2090:34 in function std::cmp::impls::<impl std::cmp::PartialEq for &set_of::SetOfError>::eq

Check 57: std::cmp::impls::<impl std::cmp::PartialEq for &set_of::SetOfError>::eq.pointer_dereference.10
	 - Status: SUCCESS
	 - Description: "dereference failure: dead object"
	 - Location: ../../../runner/.rustup/toolchains/nightly-2025-11-21-x86_64-unknown-linux-gnu/lib/rustlib/src/rust/library/core/src/cmp.rs:2090:34 in function std::cmp::impls::<impl std::cmp::PartialEq for &set_of::SetOfError>::eq

Check 58: std::cmp::impls::<impl std::cmp::PartialEq for &set_of::SetOfError>::eq.pointer_dereference.11
	 - Status: SUCCESS
	 - Description: "dereference failure: pointer outside object bounds"
	 - Location: ../../../runner/.rustup/toolchains/nightly-2025-11-21-x86_64-unknown-linux-gnu/lib/rustlib/src/rust/library/core/src/cmp.rs:2090:34 in function std::cmp::impls::<impl std::cmp::PartialEq for &set_of::SetOfError>::eq

Check 59: std::cmp::impls::<impl std::cmp::PartialEq for &set_of::SetOfError>::eq.pointer_dereference.12
	 - Status: SUCCESS
	 - Description: "dereference failure: invalid integer address"
	 - Location: ../../../runner/.rustup/toolchains/nightly-2025-11-21-x86_64-unknown-linux-gnu/lib/rustlib/src/rust/library/core/src/cmp.rs:2090:34 in function std::cmp::impls::<impl std::cmp::PartialEq for &set_of::SetOfError>::eq

Check 60: <set_of::SetOfError as std::cmp::PartialEq>::eq.pointer_dereference.1
	 - Status: SUCCESS
	 - Description: "dereference failure: pointer NULL"
	 - Location: der-verified/src/set_of.rs:77:17 in function <set_of::SetOfError as std::cmp::PartialEq>::eq

Check 61: <set_of::SetOfError as std::cmp::PartialEq>::eq.pointer_dereference.2
	 - Status: SUCCESS
	 - Description: "dereference failure: pointer invalid"
	 - Location: der-verified/src/set_of.rs:77:17 in function <set_of::SetOfError as std::cmp::PartialEq>::eq

Check 62: <set_of::SetOfError as std::cmp::PartialEq>::eq.pointer_dereference.3
	 - Status: SUCCESS
	 - Description: "dereference failure: deallocated dynamic object"
	 - Location: der-verified/src/set_of.rs:77:17 in function <set_of::SetOfError as std::cmp::PartialEq>::eq

Check 63: <set_of::SetOfError as std::cmp::PartialEq>::eq.pointer_dereference.4
	 - Status: SUCCESS
	 - Description: "dereference failure: dead object"
	 - Location: der-verified/src/set_of.rs:77:17 in function <set_of::SetOfError as std::cmp::PartialEq>::eq

Check 64: <set_of::SetOfError as std::cmp::PartialEq>::eq.pointer_dereference.5
	 - Status: SUCCESS
	 - Description: "dereference failure: pointer outside object bounds"
	 - Location: der-verified/src/set_of.rs:77:17 in function <set_of::SetOfError as std::cmp::PartialEq>::eq

Check 65: <set_of::SetOfError as std::cmp::PartialEq>::eq.pointer_dereference.6
	 - Status: SUCCESS
	 - Description: "dereference failure: invalid integer address"
	 - Location: der-verified/src/set_of.rs:77:17 in function <set_of::SetOfError as std::cmp::PartialEq>::eq

Check 66: <set_of::SetOfError as std::cmp::PartialEq>::eq.pointer_dereference.7
	 - Status: SUCCESS
	 - Description: "dereference failure: pointer NULL"
	 - Location: der-verified/src/set_of.rs:77:17 in function <set_of::SetOfError as std::cmp::PartialEq>::eq

Check 67: <set_of::SetOfError as std::cmp::PartialEq>::eq.pointer_dereference.8
	 - Status: SUCCESS
	 - Description: "dereference failure: pointer invalid"
	 - Location: der-verified/src/set_of.rs:77:17 in function <set_of::SetOfError as std::cmp::PartialEq>::eq

Check 68: <set_of::SetOfError as std::cmp::PartialEq>::eq.pointer_dereference.9
	 - Status: SUCCESS
	 - Description: "dereference failure: deallocated dynamic object"
	 - Location: der-verified/src/set_of.rs:77:17 in function <set_of::SetOfError as std::cmp::PartialEq>::eq

Check 69: <set_of::SetOfError as std::cmp::PartialEq>::eq.pointer_dereference.10
	 - Status: SUCCESS
	 - Description: "dereference failure: dead object"
	 - Location: der-verified/src/set_of.rs:77:17 in function <set_of::SetOfError as std::cmp::PartialEq>::eq

Check 70: <set_of::SetOfError as std::cmp::PartialEq>::eq.pointer_dereference.11
	 - Status: SUCCESS
	 - Description: "dereference failure: pointer outside object bounds"
	 - Location: der-verified/src/set_of.rs:77:17 in function <set_of::SetOfError as std::cmp::PartialEq>::eq

Check 71: <set_of::SetOfError as std::cmp::PartialEq>::eq.pointer_dereference.12
	 - Status: SUCCESS
	 - Description: "dereference failure: invalid integer address"
	 - Location: der-verified/src/set_of.rs:77:17 in function <set_of::SetOfError as std::cmp::PartialEq>::eq

Check 72: <set_of::SetOfError as std::cmp::PartialEq>::eq.pointer_dereference.13
	 - Status: SUCCESS
	 - Description: "dereference failure: pointer NULL"
	 - Location: der-verified/src/set_of.rs:77:17 in function <set_of::SetOfError as std::cmp::PartialEq>::eq

Check 73: <set_of::SetOfError as std::cmp::PartialEq>::eq.pointer_dereference.14
	 - Status: SUCCESS
	 - Description: "dereference failure: pointer invalid"
	 - Location: der-verified/src/set_of.rs:77:17 in function <set_of::SetOfError as std::cmp::PartialEq>::eq

Check 74: <set_of::SetOfError as std::cmp::PartialEq>::eq.pointer_dereference.15
	 - Status: SUCCESS
	 - Description: "dereference failure: deallocated dynamic object"
	 - Location: der-verified/src/set_of.rs:77:17 in function <set_of::SetOfError as std::cmp::PartialEq>::eq

Check 75: <set_of::SetOfError as std::cmp::PartialEq>::eq.pointer_dereference.16
	 - Status: SUCCESS
	 - Description: "dereference failure: dead object"
	 - Location: der-verified/src/set_of.rs:77:17 in function <set_of::SetOfError as std::cmp::PartialEq>::eq

Check 76: <set_of::SetOfError as std::cmp::PartialEq>::eq.pointer_dereference.17
	 - Status: SUCCESS
	 - Description: "dereference failure: pointer outside object bounds"
	 - Location: der-verified/src/set_of.rs:77:17 in function <set_of::SetOfError as std::cmp::PartialEq>::eq

Check 77: <set_of::SetOfError as std::cmp::PartialEq>::eq.pointer_dereference.18
	 - Status: SUCCESS
	 - Description: "dereference failure: invalid integer address"
	 - Location: der-verified/src/set_of.rs:77:17 in function <set_of::SetOfError as std::cmp::PartialEq>::eq

Check 78: <set_of::SetOfError as std::cmp::PartialEq>::eq.pointer_dereference.19
	 - Status: SUCCESS
	 - Description: "dereference failure: pointer NULL"
	 - Location: der-verified/src/set_of.rs:77:17 in function <set_of::SetOfError as std::cmp::PartialEq>::eq

Check 79: <set_of::SetOfError as std::cmp::PartialEq>::eq.pointer_dereference.20
	 - Status: SUCCESS
	 - Description: "dereference failure: pointer invalid"
	 - Location: der-verified/src/set_of.rs:77:17 in function <set_of::SetOfError as std::cmp::PartialEq>::eq

Check 80: <set_of::SetOfError as std::cmp::PartialEq>::eq.pointer_dereference.21
	 - Status: SUCCESS
	 - Description: "dereference failure: deallocated dynamic object"
	 - Location: der-verified/src/set_of.rs:77:17 in function <set_of::SetOfError as std::cmp::PartialEq>::eq

Check 81: <set_of::SetOfError as std::cmp::PartialEq>::eq.pointer_dereference.22
	 - Status: SUCCESS
	 - Description: "dereference failure: dead object"
	 - Location: der-verified/src/set_of.rs:77:17 in function <set_of::SetOfError as std::cmp::PartialEq>::eq

Check 82: <set_of::SetOfError as std::cmp::PartialEq>::eq.pointer_dereference.23
	 - Status: SUCCESS
	 - Description: "dereference failure: pointer outside object bounds"
	 - Location: der-verified/src/set_of.rs:77:17 in function <set_of::SetOfError as std::cmp::PartialEq>::eq

Check 83: <set_of::SetOfError as std::cmp::PartialEq>::eq.pointer_dereference.24
	 - Status: SUCCESS
	 - Description: "dereference failure: invalid integer address"
	 - Location: der-verified/src/set_of.rs:77:17 in function <set_of::SetOfError as std::cmp::PartialEq>::eq

Check 84: <set_of::SetOfError as std::cmp::PartialEq>::eq.pointer_dereference.25
	 - Status: SUCCESS
	 - Description: "dereference failure: pointer NULL"
	 - Location: der-verified/src/set_of.rs:77:17 in function <set_of::SetOfError as std::cmp::PartialEq>::eq

Check 85: <set_of::SetOfError as std::cmp::PartialEq>::eq.pointer_dereference.26
	 - Status: SUCCESS
	 - Description: "dereference failure: pointer invalid"
	 - Location: der-verified/src/set_of.rs:77:17 in function <set_of::SetOfError as std::cmp::PartialEq>::eq

Check 86: <set_of::SetOfError as std::cmp::PartialEq>::eq.pointer_dereference.27
	 - Status: SUCCESS
	 - Description: "dereference failure: deallocated dynamic object"
	 - Location: der-verified/src/set_of.rs:77:17 in function <set_of::SetOfError as std::cmp::PartialEq>::eq

Check 87: <set_of::SetOfError as std::cmp::PartialEq>::eq.pointer_dereference.28
	 - Status: SUCCESS
	 - Description: "dereference failure: dead object"
	 - Location: der-verified/src/set_of.rs:77:17 in function <set_of::SetOfError as std::cmp::PartialEq>::eq

Check 88: <set_of::SetOfError as std::cmp::PartialEq>::eq.pointer_dereference.29
	 - Status: SUCCESS
	 - Description: "dereference failure: pointer outside object bounds"
	 - Location: der-verified/src/set_of.rs:77:17 in function <set_of::SetOfError as std::cmp::PartialEq>::eq

Check 89: <set_of::SetOfError as std::cmp::PartialEq>::eq.pointer_dereference.30
	 - Status: SUCCESS
	 - Description: "dereference failure: invalid integer address"
	 - Location: der-verified/src/set_of.rs:77:17 in function <set_of::SetOfError as std::cmp::PartialEq>::eq

Check 90: <set_of::SetOfError as std::cmp::PartialEq>::eq.pointer_dereference.31
	 - Status: SUCCESS
	 - Description: "dereference failure: pointer NULL"
	 - Location: der-verified/src/set_of.rs:77:17 in function <set_of::SetOfError as std::cmp::PartialEq>::eq

Check 91: <set_of::SetOfError as std::cmp::PartialEq>::eq.pointer_dereference.32
	 - Status: SUCCESS
	 - Description: "dereference failure: pointer invalid"
	 - Location: der-verified/src/set_of.rs:77:17 in function <set_of::SetOfError as std::cmp::PartialEq>::eq

Check 92: <set_of::SetOfError as std::cmp::PartialEq>::eq.pointer_dereference.33
	 - Status: SUCCESS
	 - Description: "dereference failure: deallocated dynamic object"
	 - Location: der-verified/src/set_of.rs:77:17 in function <set_of::SetOfError as std::cmp::PartialEq>::eq

Check 93: <set_of::SetOfError as std::cmp::PartialEq>::eq.pointer_dereference.34
	 - Status: SUCCESS
	 - Description: "dereference failure: dead object"
	 - Location: der-verified/src/set_of.rs:77:17 in function <set_of::SetOfError as std::cmp::PartialEq>::eq

Check 94: <set_of::SetOfError as std::cmp::PartialEq>::eq.pointer_dereference.35
	 - Status: SUCCESS
	 - Description: "dereference failure: pointer outside object bounds"
	 - Location: der-verified/src/set_of.rs:77:17 in function <set_of::SetOfError as std::cmp::PartialEq>::eq

Check 95: <set_of::SetOfError as std::cmp::PartialEq>::eq.pointer_dereference.36
	 - Status: SUCCESS
	 - Description: "dereference failure: invalid integer address"
	 - Location: der-verified/src/set_of.rs:77:17 in function <set_of::SetOfError as std::cmp::PartialEq>::eq

Check 96: std::result::Result::<(tlv::Tlv<'_>, usize), tlv::TlvError>::map_err::<set_of::SetOfError, fn(tlv::TlvError) -> set_of::SetOfError {set_of::SetOfError::Element}>.pointer_dereference.1
	 - Status: SUCCESS
	 - Description: "dereference failure: dead object"
	 - Location: ../../../runner/.rustup/toolchains/nightly-2025-11-21-x86_64-unknown-linux-gnu/lib/rustlib/src/rust/library/core/src/result.rs:966:15 in function std::result::Result::<(tlv::Tlv<'_>, usize), tlv::TlvError>::map_err::<set_of::SetOfError, fn(tlv::TlvError) -> set_of::SetOfError {set_of::SetOfError::Element}>

Check 97: std::result::Result::<(tlv::Tlv<'_>, usize), tlv::TlvError>::map_err::<set_of::SetOfError, fn(tlv::TlvError) -> set_of::SetOfError {set_of::SetOfError::Element}>.pointer_dereference.2
	 - Status: SUCCESS
	 - Description: "dereference failure: dead object"
	 - Location: ../../../runner/.rustup/toolchains/nightly-2025-11-21-x86_64-unknown-linux-gnu/lib/rustlib/src/rust/library/core/src/result.rs:968:23 in function std::result::Result::<(tlv::Tlv<'_>, usize), tlv::TlvError>::map_err::<set_of::SetOfError, fn(tlv::TlvError) -> set_of::SetOfError {set_of::SetOfError::Element}>

Check 98: <std::result::Result<usize, set_of::SetOfError> as std::cmp::PartialEq>::eq.pointer_dereference.1
	 - Status: SUCCESS
	 - Description: "dereference failure: pointer NULL"
	 - Location: ../../../runner/.rustup/toolchains/nightly-2025-11-21-x86_64-unknown-linux-gnu/lib/rustlib/src/rust/library/core/src/result.rs:553:16 in function <std::result::Result<usize, set_of::SetOfError> as std::cmp::PartialEq>::eq

Check 99: <std::result::Result<usize, set_of::SetOfError> as std::cmp::PartialEq>::eq.pointer_dereference.2
	 - Status: SUCCESS
	 - Description: "dereference failure: pointer invalid"
	 - Location: ../../../runner/.rustup/toolchains/nightly-2025-11-21-x86_64-unknown-linux-gnu/lib/rustlib/src/rust/library/core/src/result.rs:553:16 in function <std::result::Result<usize, set_of::SetOfError> as std::cmp::PartialEq>::eq

Check 100: <std::result::Result<usize, set_of::SetOfError> as std::cmp::PartialEq>::eq.pointer_dereference.3
	 - Status: SUCCESS
	 - Description: "dereference failure: deallocated dynamic object"
	 - Location: ../../../runner/.rustup/toolchains/nightly-2025-11-21-x86_64-unknown-linux-gnu/lib/rustlib/src/rust/library/core/src/result.rs:553:16 in function <std::result::Result<usize, set_of::SetOfError> as std::cmp::PartialEq>::eq

Check 101: <std::result::Result<usize, set_of::SetOfError> as std::cmp::PartialEq>::eq.pointer_dereference.4
	 - Status: SUCCESS
	 - Description: "dereference failure: dead object"
	 - Location: ../../../runner/.rustup/toolchains/nightly-2025-11-21-x86_64-unknown-linux-gnu/lib/rustlib/src/rust/library/core/src/result.rs:553:16 in function <std::result::Result<usize, set_of::SetOfError> as std::cmp::PartialEq>::eq

Check 102: <std::result::Result<usize, set_of::SetOfError> as std::cmp::PartialEq>::eq.pointer_dereference.5
	 - Status: SUCCESS
	 - Description: "dereference failure: pointer outside object bounds"
	 - Location: ../../../runner/.rustup/toolchains/nightly-2025-11-21-x86_64-unknown-linux-gnu/lib/rustlib/src/rust/library/core/src/result.rs:553:16 in function <std::result::Result<usize, set_of::SetOfError> as std::cmp::PartialEq>::eq

Check 103: <std::result::Result<usize, set_of::SetOfError> as std::cmp::PartialEq>::eq.pointer_dereference.6
	 - Status: SUCCESS
	 - Description: "dereference failure: invalid integer address"
	 - Location: ../../../runner/.rustup/toolchains/nightly-2025-11-21-x86_64-unknown-linux-gnu/lib/rustlib/src/rust/library/core/src/result.rs:553:16 in function <std::result::Result<usize, set_of::SetOfError> as std::cmp::PartialEq>::eq

Check 104: <std::result::Result<usize, set_of::SetOfError> as std::cmp::PartialEq>::eq.pointer_dereference.7
	 - Status: SUCCESS
	 - Description: "dereference failure: pointer NULL"
	 - Location: ../../../runner/.rustup/toolchains/nightly-2025-11-21-x86_64-unknown-linux-gnu/lib/rustlib/src/rust/library/core/src/result.rs:553:16 in function <std::result::Result<usize, set_of::SetOfError> as std::cmp::PartialEq>::eq

Check 105: <std::result::Result<usize, set_of::SetOfError> as std::cmp::PartialEq>::eq.pointer_dereference.8
	 - Status: SUCCESS
	 - Description: "dereference failure: pointer invalid"
	 - Location: ../../../runner/.rustup/toolchains/nightly-2025-11-21-x86_64-unknown-linux-gnu/lib/rustlib/src/rust/library/core/src/result.rs:553:16 in function <std::result::Result<usize, set_of::SetOfError> as std::cmp::PartialEq>::eq

Check 106: <std::result::Result<usize, set_of::SetOfError> as std::cmp::PartialEq>::eq.pointer_dereference.9
	 - Status: SUCCESS
	 - Description: "dereference failure: deallocated dynamic object"
	 - Location: ../../../runner/.rustup/toolchains/nightly-2025-11-21-x86_64-unknown-linux-gnu/lib/rustlib/src/rust/library/core/src/result.rs:553:16 in function <std::result::Result<usize, set_of::SetOfError> as std::cmp::PartialEq>::eq

Check 107: <std::result::Result<usize, set_of::SetOfError> as std::cmp::PartialEq>::eq.pointer_dereference.10
	 - Status: SUCCESS
	 - Description: "dereference failure: dead object"
	 - Location: ../../../runner/.rustup/toolchains/nightly-2025-11-21-x86_64-unknown-linux-gnu/lib/rustlib/src/rust/library/core/src/result.rs:553:16 in function <std::result::Result<usize, set_of::SetOfError> as std::cmp::PartialEq>::eq

Check 108: <std::result::Result<usize, set_of::SetOfError> as std::cmp::PartialEq>::eq.pointer_dereference.11
	 - Status: SUCCESS
	 - Description: "dereference failure: pointer outside object bounds"
	 - Location: ../../../runner/.rustup/toolchains/nightly-2025-11-21-x86_64-unknown-linux-gnu/lib/rustlib/src/rust/library/core/src/result.rs:553:16 in function <std::result::Result<usize, set_of::SetOfError> as std::cmp::PartialEq>::eq

Check 109: <std::result::Result<usize, set_of::SetOfError> as std::cmp::PartialEq>::eq.pointer_dereference.12
	 - Status: SUCCESS
	 - Description: "dereference failure: invalid integer address"
	 - Location: ../../../runner/.rustup/toolchains/nightly-2025-11-21-x86_64-unknown-linux-gnu/lib/rustlib/src/rust/library/core/src/result.rs:553:16 in function <std::result::Result<usize, set_of::SetOfError> as std::cmp::PartialEq>::eq

Check 110: <std::result::Result<usize, set_of::SetOfError> as std::cmp::PartialEq>::eq.pointer_dereference.13
	 - Status: SUCCESS
	 - Description: "dereference failure: pointer NULL"
	 - Location: ../../../runner/.rustup/toolchains/nightly-2025-11-21-x86_64-unknown-linux-gnu/lib/rustlib/src/rust/library/core/src/result.rs:553:16 in function <std::result::Result<usize, set_of::SetOfError> as std::cmp::PartialEq>::eq

Check 111: <std::result::Result<usize, set_of::SetOfError> as std::cmp::PartialEq>::eq.pointer_dereference.14
	 - Status: SUCCESS
	 - Description: "dereference failure: pointer invalid"
	 - Location: ../../../runner/.rustup/toolchains/nightly-2025-11-21-x86_64-unknown-linux-gnu/lib/rustlib/src/rust/library/core/src/result.rs:553:16 in function <std::result::Result<usize, set_of::SetOfError> as std::cmp::PartialEq>::eq

Check 112: <std::result::Result<usize, set_of::SetOfError> as std::cmp::PartialEq>::eq.pointer_dereference.15
	 - Status: SUCCESS
	 - Description: "dereference failure: deallocated dynamic object"
	 - Location: ../../../runner/.rustup/toolchains/nightly-2025-11-21-x86_64-unknown-linux-gnu/lib/rustlib/src/rust/library/core/src/result.rs:553:16 in function <std::result::Result<usize, set_of::SetOfError> as std::cmp::PartialEq>::eq

Check 113: <std::result::Result<usize, set_of::SetOfError> as std::cmp::PartialEq>::eq.pointer_dereference.16
	 - Status: SUCCESS
	 - Description: "dereference failure: dead object"
	 - Location: ../../../runner/.rustup/toolchains/nightly-2025-11-21-x86_64-unknown-linux-gnu/lib/rustlib/src/rust/library/core/src/result.rs:553:16 in function <std::result::Result<usize, set_of::SetOfError> as std::cmp::PartialEq>::eq

Check 114: <std::result::Result<usize, set_of::SetOfError> as std::cmp::PartialEq>::eq.pointer_dereference.17
	 - Status: SUCCESS
	 - Description: "dereference failure: pointer outside object bounds"
	 - Location: ../../../runner/.rustup/toolchains/nightly-2025-11-21-x86_64-unknown-linux-gnu/lib/rustlib/src/rust/library/core/src/result.rs:553:16 in function <std::result::Result<usize, set_of::SetOfError> as std::cmp::PartialEq>::eq

Check 115: <std::result::Result<usize, set_of::SetOfError> as std::cmp::PartialEq>::eq.pointer_dereference.18
	 - Status: SUCCESS
	 - Description: "dereference failure: invalid integer address"
	 - Location: ../../../runner/.rustup/toolchains/nightly-2025-11-21-x86_64-unknown-linux-gnu/lib/rustlib/src/rust/library/core/src/result.rs:553:16 in function <std::result::Result<usize, set_of::SetOfError> as std::cmp::PartialEq>::eq

Check 116: <std::result::Result<usize, set_of::SetOfError> as std::cmp::PartialEq>::eq.pointer_dereference.19
	 - Status: SUCCESS
	 - Description: "dereference failure: pointer NULL"
	 - Location: ../../../runner/.rustup/toolchains/nightly-2025-11-21-x86_64-unknown-linux-gnu/lib/rustlib/src/rust/library/core/src/result.rs:553:16 in function <std::result::Result<usize, set_of::SetOfError> as std::cmp::PartialEq>::eq

Check 117: <std::result::Result<usize, set_of::SetOfError> as std::cmp::PartialEq>::eq.pointer_dereference.20
	 - Status: SUCCESS
	 - Description: "dereference failure: pointer invalid"
	 - Location: ../../../runner/.rustup/toolchains/nightly-2025-11-21-x86_64-unknown-linux-gnu/lib/rustlib/src/rust/library/core/src/result.rs:553:16 in function <std::result::Result<usize, set_of::SetOfError> as std::cmp::PartialEq>::eq

Check 118: <std::result::Result<usize, set_of::SetOfError> as std::cmp::PartialEq>::eq.pointer_dereference.21
	 - Status: SUCCESS
	 - Description: "dereference failure: deallocated dynamic object"
	 - Location: ../../../runner/.rustup/toolchains/nightly-2025-11-21-x86_64-unknown-linux-gnu/lib/rustlib/src/rust/library/core/src/result.rs:553:16 in function <std::result::Result<usize, set_of::SetOfError> as std::cmp::PartialEq>::eq

Check 119: <std::result::Result<usize, set_of::SetOfError> as std::cmp::PartialEq>::eq.pointer_dereference.22
	 - Status: SUCCESS
	 - Description: "dereference failure: dead object"
	 - Location: ../../../runner/.rustup/toolchains/nightly-2025-11-21-x86_64-unknown-linux-gnu/lib/rustlib/src/rust/library/core/src/result.rs:553:16 in function <std::result::Result<usize, set_of::SetOfError> as std::cmp::PartialEq>::eq

Check 120: <std::result::Result<usize, set_of::SetOfError> as std::cmp::PartialEq>::eq.pointer_dereference.23
	 - Status: SUCCESS
	 - Description: "dereference failure: pointer outside object bounds"
	 - Location: ../../../runner/.rustup/toolchains/nightly-2025-11-21-x86_64-unknown-linux-gnu/lib/rustlib/src/rust/library/core/src/result.rs:553:16 in function <std::result::Result<usize, set_of::SetOfError> as std::cmp::PartialEq>::eq

Check 121: <std::result::Result<usize, set_of::SetOfError> as std::cmp::PartialEq>::eq.pointer_dereference.24
	 - Status: SUCCESS
	 - Description: "dereference failure: invalid integer address"
	 - Location: ../../../runner/.rustup/toolchains/nightly-2025-11-21-x86_64-unknown-linux-gnu/lib/rustlib/src/rust/library/core/src/result.rs:553:16 in function <std::result::Result<usize, set_of::SetOfError> as std::cmp::PartialEq>::eq

Check 122: <std::result::Result<usize, set_of::SetOfError> as std::cmp::PartialEq>::eq.pointer_dereference.25
	 - Status: SUCCESS
	 - Description: "dereference failure: pointer NULL"
	 - Location: ../../../runner/.rustup/toolchains/nightly-2025-11-21-x86_64-unknown-linux-gnu/lib/rustlib/src/rust/library/core/src/result.rs:553:16 in function <std::result::Result<usize, set_of::SetOfError> as std::cmp::PartialEq>::eq

Check 123: <std::result::Result<usize, set_of::SetOfError> as std::cmp::PartialEq>::eq.pointer_dereference.26
	 - Status: SUCCESS
	 - Description: "dereference failure: pointer invalid"
	 - Location: ../../../runner/.rustup/toolchains/nightly-2025-11-21-x86_64-unknown-linux-gnu/lib/rustlib/src/rust/library/core/src/result.rs:553:16 in function <std::result::Result<usize, set_of::SetOfError> as std::cmp::PartialEq>::eq

Check 124: <std::result::Result<usize, set_of::SetOfError> as std::cmp::PartialEq>::eq.pointer_dereference.27
	 - Status: SUCCESS
	 - Description: "dereference failure: deallocated dynamic object"
	 - Location: ../../../runner/.rustup/toolchains/nightly-2025-11-21-x86_64-unknown-linux-gnu/lib/rustlib/src/rust/library/core/src/result.rs:553:16 in function <std::result::Result<usize, set_of::SetOfError> as std::cmp::PartialEq>::eq

Check 125: <std::result::Result<usize, set_of::SetOfError> as std::cmp::PartialEq>::eq.pointer_dereference.28
	 - Status: SUCCESS
	 - Description: "dereference failure: dead object"
	 - Location: ../../../runner/.rustup/toolchains/nightly-2025-11-21-x86_64-unknown-linux-gnu/lib/rustlib/src/rust/library/core/src/result.rs:553:16 in function <std::result::Result<usize, set_of::SetOfError> as std::cmp::PartialEq>::eq

Check 126: <std::result::Result<usize, set_of::SetOfError> as std::cmp::PartialEq>::eq.pointer_dereference.29
	 - Status: SUCCESS
	 - Description: "dereference failure: pointer outside object bounds"
	 - Location: ../../../runner/.rustup/toolchains/nightly-2025-11-21-x86_64-unknown-linux-gnu/lib/rustlib/src/rust/library/core/src/result.rs:553:16 in function <std::result::Result<usize, set_of::SetOfError> as std::cmp::PartialEq>::eq

Check 127: <std::result::Result<usize, set_of::SetOfError> as std::cmp::PartialEq>::eq.pointer_dereference.30
	 - Status: SUCCESS
	 - Description: "dereference failure: invalid integer address"
	 - Location: ../../../runner/.rustup/toolchains/nightly-2025-11-21-x86_64-unknown-linux-gnu/lib/rustlib/src/rust/library/core/src/result.rs:553:16 in function <std::result::Result<usize, set_of::SetOfError> as std::cmp::PartialEq>::eq

Check 128: set_of::decode_set_of.pointer_dereference.1
	 - Status: SUCCESS
	 - Description: "dereference failure: dead object"
	 - Location: der-verified/src/set_of.rs:144:35 in function set_of::decode_set_of

Check 129: set_of::decode_set_of.pointer_dereference.2
	 - Status: SUCCESS
	 - Description: "dereference failure: dead object"
	 - Location: der-verified/src/set_of.rs:146:28 in function set_of::decode_set_of

Check 130: set_of::decode_set_of.pointer_dereference.3
	 - Status: SUCCESS
	 - Description: "dereference failure: dead object"
	 - Location: der-verified/src/set_of.rs:148:26 in function set_of::decode_set_of

Check 131: set_of::decode_set_of.pointer_dereference.4
	 - Status: SUCCESS
	 - Description: "dereference failure: dead object"
	 - Location: der-verified/src/set_of.rs:160:5 in function set_of::decode_set_of

Check 132: <std::result::Result<(tag::Tag, usize), tlv::TlvError> as std::ops::Try>::branch.pointer_dereference.1
	 - Status: SUCCESS
	 - Description: "dereference failure: dead object"
	 - Location: ../../../runner/.rustup/toolchains/nightly-2025-11-21-x86_64-unknown-linux-gnu/lib/rustlib/src/rust/library/core/src/result.rs:2173:15 in function <std::result::Result<(tag::Tag, usize), tlv::TlvError> as std::ops::Try>::branch

Check 133: <std::result::Result<(tag::Tag, usize), tlv::TlvError> as std::ops::Try>::branch.pointer_dereference.2
	 - Status: SUCCESS
	 - Description: "dereference failure: dead object"
	 - Location: ../../../runner/.rustup/toolchains/nightly-2025-11-21-x86_64-unknown-linux-gnu/lib/rustlib/src/rust/library/core/src/result.rs:2175:23 in function <std::result::Result<(tag::Tag, usize), tlv::TlvError> as std::ops::Try>::branch

Check 134: <tlv::TlvError as std::cmp::PartialEq>::eq.pointer_dereference.1
	 - Status: SUCCESS
	 - Description: "dereference failure: pointer NULL"
	 - Location: der-verified/src/tlv.rs:34:17 in function <tlv::TlvError as std::cmp::PartialEq>::eq

Check 135: <tlv::TlvError as std::cmp::PartialEq>::eq.pointer_dereference.2
	 - Status: SUCCESS
	 - Description: "dereference failure: pointer invalid"
	 - Location: der-verified/src/tlv.rs:34:17 in function <tlv::TlvError as std::cmp::PartialEq>::eq

Check 136: <tlv::TlvError as std::cmp::PartialEq>::eq.pointer_dereference.3
	 - Status: SUCCESS
	 - Description: "dereference failure: deallocated dynamic object"
	 - Location: der-verified/src/tlv.rs:34:17 in function <tlv::TlvError as std::cmp::PartialEq>::eq

Check 137: <tlv::TlvError as std::cmp::PartialEq>::eq.pointer_dereference.4
	 - Status: SUCCESS
	 - Description: "dereference failure: dead object"
	 - Location: der-verified/src/tlv.rs:34:17 in function <tlv::TlvError as std::cmp::PartialEq>::eq

Check 138: <tlv::TlvError as std::cmp::PartialEq>::eq.pointer_dereference.5
	 - Status: SUCCESS
	 - Description: "dereference failure: pointer outside object bounds"
	 - Location: der-verified/src/tlv.rs:34:17 in function <tlv::TlvError as std::cmp::PartialEq>::eq

Check 139: <tlv::TlvError as std::cmp::PartialEq>::eq.pointer_dereference.6
	 - Status: SUCCESS
	 - Description: "dereference failure: invalid integer address"
	 - Location: der-verified/src/tlv.rs:34:17 in function <tlv::TlvError as std::cmp::PartialEq>::eq

Check 140: <tlv::TlvError as std::cmp::PartialEq>::eq.pointer_dereference.7
	 - Status: SUCCESS
	 - Description: "dereference failure: pointer NULL"
	 - Location: der-verified/src/tlv.rs:34:17 in function <tlv::TlvError as std::cmp::PartialEq>::eq

Check 141: <tlv::TlvError as std::cmp::PartialEq>::eq.pointer_dereference.8
	 - Status: SUCCESS
	 - Description: "dereference failure: pointer invalid"
	 - Location: der-verified/src/tlv.rs:34:17 in function <tlv::TlvError as std::cmp::PartialEq>::eq

Check 142: <tlv::TlvError as std::cmp::PartialEq>::eq.pointer_dereference.9
	 - Status: SUCCESS
	 - Description: "dereference failure: deallocated dynamic object"
	 - Location: der-verified/src/tlv.rs:34:17 in function <tlv::TlvError as std::cmp::PartialEq>::eq

Check 143: <tlv::TlvError as std::cmp::PartialEq>::eq.pointer_dereference.10
	 - Status: SUCCESS
	 - Description: "dereference failure: dead object"
	 - Location: der-verified/src/tlv.rs:34:17 in function <tlv::TlvError as std::cmp::PartialEq>::eq

Check 144: <tlv::TlvError as std::cmp::PartialEq>::eq.pointer_dereference.11
	 - Status: SUCCESS
	 - Description: "dereference failure: pointer outside object bounds"
	 - Location: der-verified/src/tlv.rs:34:17 in function <tlv::TlvError as std::cmp::PartialEq>::eq

Check 145: <tlv::TlvError as std::cmp::PartialEq>::eq.pointer_dereference.12
	 - Status: SUCCESS
	 - Description: "dereference failure: invalid integer address"
	 - Location: der-verified/src/tlv.rs:34:17 in function <tlv::TlvError as std::cmp::PartialEq>::eq

Check 146: <tlv::TlvError as std::cmp::PartialEq>::eq.pointer_dereference.13
	 - Status: SUCCESS
	 - Description: "dereference failure: pointer NULL"
	 - Location: der-verified/src/tlv.rs:34:17 in function <tlv::TlvError as std::cmp::PartialEq>::eq

Check 147: <tlv::TlvError as std::cmp::PartialEq>::eq.pointer_dereference.14
	 - Status: SUCCESS
	 - Description: "dereference failure: pointer invalid"
	 - Location: der-verified/src/tlv.rs:34:17 in function <tlv::TlvError as std::cmp::PartialEq>::eq

Check 148: <tlv::TlvError as std::cmp::PartialEq>::eq.pointer_dereference.15
	 - Status: SUCCESS
	 - Description: "dereference failure: deallocated dynamic object"
	 - Location: der-verified/src/tlv.rs:34:17 in function <tlv::TlvError as std::cmp::PartialEq>::eq

Check 149: <tlv::TlvError as std::cmp::PartialEq>::eq.pointer_dereference.16
	 - Status: SUCCESS
	 - Description: "dereference failure: dead object"
	 - Location: der-verified/src/tlv.rs:34:17 in function <tlv::TlvError as std::cmp::PartialEq>::eq

Check 150: <tlv::TlvError as std::cmp::PartialEq>::eq.pointer_dereference.17
	 - Status: SUCCESS
	 - Description: "dereference failure: pointer outside object bounds"
	 - Location: der-verified/src/tlv.rs:34:17 in function <tlv::TlvError as std::cmp::PartialEq>::eq

Check 151: <tlv::TlvError as std::cmp::PartialEq>::eq.pointer_dereference.18
	 - Status: SUCCESS
	 - Description: "dereference failure: invalid integer address"
	 - Location: der-verified/src/tlv.rs:34:17 in function <tlv::TlvError as std::cmp::PartialEq>::eq

Check 152: <tlv::TlvError as std::cmp::PartialEq>::eq.pointer_dereference.19
	 - Status: SUCCESS
	 - Description: "dereference failure: pointer NULL"
	 - Location: der-verified/src/tlv.rs:34:17 in function <tlv::TlvError as std::cmp::PartialEq>::eq

Check 153: <tlv::TlvError as std::cmp::PartialEq>::eq.pointer_dereference.20
	 - Status: SUCCESS
	 - Description: "dereference failure: pointer invalid"
	 - Location: der-verified/src/tlv.rs:34:17 in function <tlv::TlvError as std::cmp::PartialEq>::eq

Check 154: <tlv::TlvError as std::cmp::PartialEq>::eq.pointer_dereference.21
	 - Status: SUCCESS
	 - Description: "dereference failure: deallocated dynamic object"
	 - Location: der-verified/src/tlv.rs:34:17 in function <tlv::TlvError as std::cmp::PartialEq>::eq

Check 155: <tlv::TlvError as std::cmp::PartialEq>::eq.pointer_dereference.22
	 - Status: SUCCESS
	 - Description: "dereference failure: dead object"
	 - Location: der-verified/src/tlv.rs:34:17 in function <tlv::TlvError as std::cmp::PartialEq>::eq

Check 156: <tlv::TlvError as std::cmp::PartialEq>::eq.pointer_dereference.23
	 - Status: SUCCESS
	 - Description: "dereference failure: pointer outside object bounds"
	 - Location: der-verified/src/tlv.rs:34:17 in function <tlv::TlvError as std::cmp::PartialEq>::eq

Check 157: <tlv::TlvError as std::cmp::PartialEq>::eq.pointer_dereference.24
	 - Status: SUCCESS
	 - Description: "dereference failure: invalid integer address"
	 - Location: der-verified/src/tlv.rs:34:17 in function <tlv::TlvError as std::cmp::PartialEq>::eq

Check 158: <tlv::TlvError as std::cmp::PartialEq>::eq.pointer_dereference.25
	 - Status: SUCCESS
	 - Description: "dereference failure: pointer NULL"
	 - Location: der-verified/src/tlv.rs:34:17 in function <tlv::TlvError as std::cmp::PartialEq>::eq

Check 159: <tlv::TlvError as std::cmp::PartialEq>::eq.pointer_dereference.26
	 - Status: SUCCESS
	 - Description: "dereference failure: pointer invalid"
	 - Location: der-verified/src/tlv.rs:34:17 in function <tlv::TlvError as std::cmp::PartialEq>::eq

Check 160: <tlv::TlvError as std::cmp::PartialEq>::eq.pointer_dereference.27
	 - Status: SUCCESS
	 - Description: "dereference failure: deallocated dynamic object"
	 - Location: der-verified/src/tlv.rs:34:17 in function <tlv::TlvError as std::cmp::PartialEq>::eq

Check 161: <tlv::TlvError as std::cmp::PartialEq>::eq.pointer_dereference.28
	 - Status: SUCCESS
	 - Description: "dereference failure: dead object"
	 - Location: der-verified/src/tlv.rs:34:17 in function <tlv::TlvError as std::cmp::PartialEq>::eq

Check 162: <tlv::TlvError as std::cmp::PartialEq>::eq.pointer_dereference.29
	 - Status: SUCCESS
	 - Description: "dereference failure: pointer outside object bounds"
	 - Location: der-verified/src/tlv.rs:34:17 in function <tlv::TlvError as std::cmp::PartialEq>::eq

Check 163: <tlv::TlvError as std::cmp::PartialEq>::eq.pointer_dereference.30
	 - Status: SUCCESS
	 - Description: "dereference failure: invalid integer address"
	 - Location: der-verified/src/tlv.rs:34:17 in function <tlv::TlvError as std::cmp::PartialEq>::eq

Check 164: std::cmp::impls::<impl std::cmp::PartialEq for usize>::eq.pointer_dereference.1
	 - Status: SUCCESS
	 - Description: "dereference failure: pointer NULL"
	 - Location: ../../../runner/.rustup/toolchains/nightly-2025-11-21-x86_64-unknown-linux-gnu/lib/rustlib/src/rust/library/core/src/cmp.rs:1865:54 in function std::cmp::impls::<impl std::cmp::PartialEq for usize>::eq

Check 165: std::cmp::impls::<impl std::cmp::PartialEq for usize>::eq.pointer_dereference.2
	 - Status: SUCCESS
	 - Description: "dereference failure: pointer invalid"
	 - Location: ../../../runner/.rustup/toolchains/nightly-2025-11-21-x86_64-unknown-linux-gnu/lib/rustlib/src/rust/library/core/src/cmp.rs:1865:54 in function std::cmp::impls::<impl std::cmp::PartialEq for usize>::eq

Check 166: std::cmp::impls::<impl std::cmp::PartialEq for usize>::eq.pointer_dereference.3
	 - Status: SUCCESS
	 - Description: "dereference failure: deallocated dynamic object"
	 - Location: ../../../runner/.rustup/toolchains/nightly-2025-11-21-x86_64-unknown-linux-gnu/lib/rustlib/src/rust/library/core/src/cmp.rs:1865:54 in function std::cmp::impls::<impl std::cmp::PartialEq for usize>::eq

Check 167: std::cmp::impls::<impl std::cmp::PartialEq for usize>::eq.pointer_dereference.4
	 - Status: SUCCESS
	 - Description: "dereference failure: dead object"
	 - Location: ../../../runner/.rustup/toolchains/nightly-2025-11-21-x86_64-unknown-linux-gnu/lib/rustlib/src/rust/library/core/src/cmp.rs:1865:54 in function std::cmp::impls::<impl std::cmp::PartialEq for usize>::eq

Check 168: std::cmp::impls::<impl std::cmp::PartialEq for usize>::eq.pointer_dereference.5
	 - Status: SUCCESS
	 - Description: "dereference failure: pointer outside object bounds"
	 - Location: ../../../runner/.rustup/toolchains/nightly-2025-11-21-x86_64-unknown-linux-gnu/lib/rustlib/src/rust/library/core/src/cmp.rs:1865:54 in function std::cmp::impls::<impl std::cmp::PartialEq for usize>::eq

Check 169: std::cmp::impls::<impl std::cmp::PartialEq for usize>::eq.pointer_dereference.6
	 - Status: SUCCESS
	 - Description: "dereference failure: invalid integer address"
	 - Location: ../../../runner/.rustup/toolchains/nightly-2025-11-21-x86_64-unknown-linux-gnu/lib/rustlib/src/rust/library/core/src/cmp.rs:1865:54 in function std::cmp::impls::<impl std::cmp::PartialEq for usize>::eq

Check 170: std::cmp::impls::<impl std::cmp::PartialEq for usize>::eq.pointer_dereference.7
	 - Status: SUCCESS
	 - Description: "dereference failure: pointer NULL"
	 - Location: ../../../runner/.rustup/toolchains/nightly-2025-11-21-x86_64-unknown-linux-gnu/lib/rustlib/src/rust/library/core/src/cmp.rs:1865:63 in function std::cmp::impls::<impl std::cmp::PartialEq for usize>::eq

Check 171: std::cmp::impls::<impl std::cmp::PartialEq for usize>::eq.pointer_dereference.8
	 - Status: SUCCESS
	 - Description: "dereference failure: pointer invalid"
	 - Location: ../../../runner/.rustup/toolchains/nightly-2025-11-21-x86_64-unknown-linux-gnu/lib/rustlib/src/rust/library/core/src/cmp.rs:1865:63 in function std::cmp::impls::<impl std::cmp::PartialEq for usize>::eq

Check 172: std::cmp::impls::<impl std::cmp::PartialEq for usize>::eq.pointer_dereference.9
	 - Status: SUCCESS
	 - Description: "dereference failure: deallocated dynamic object"
	 - Location: ../../../runner/.rustup/toolchains/nightly-2025-11-21-x86_64-unknown-linux-gnu/lib/rustlib/src/rust/library/core/src/cmp.rs:1865:63 in function std::cmp::impls::<impl std::cmp::PartialEq for usize>::eq

Check 173: std::cmp::impls::<impl std::cmp::PartialEq for usize>::eq.pointer_dereference.10
	 - Status: SUCCESS
	 - Description: "dereference failure: dead object"
	 - Location: ../../../runner/.rustup/toolchains/nightly-2025-11-21-x86_64-unknown-linux-gnu/lib/rustlib/src/rust/library/core/src/cmp.rs:1865:63 in function std::cmp::impls::<impl std::cmp::PartialEq for usize>::eq

Check 174: std::cmp::impls::<impl std::cmp::PartialEq for usize>::eq.pointer_dereference.11
	 - Status: SUCCESS
	 - Description: "dereference failure: pointer outside object bounds"
	 - Location: ../../../runner/.rustup/toolchains/nightly-2025-11-21-x86_64-unknown-linux-gnu/lib/rustlib/src/rust/library/core/src/cmp.rs:1865:63 in function std::cmp::impls::<impl std::cmp::PartialEq for usize>::eq

Check 175: std::cmp::impls::<impl std::cmp::PartialEq for usize>::eq.pointer_dereference.12
	 - Status: SUCCESS
	 - Description: "dereference failure: invalid integer address"
	 - Location: ../../../runner/.rustup/toolchains/nightly-2025-11-21-x86_64-unknown-linux-gnu/lib/rustlib/src/rust/library/core/src/cmp.rs:1865:63 in function std::cmp::impls::<impl std::cmp::PartialEq for usize>::eq

Check 176: tag::decode_tag.pointer_dereference.1
	 - Status: SUCCESS
	 - Description: "dereference failure: dead object"
	 - Location: der-verified/src/tag.rs:107:23 in function tag::decode_tag

Check 177: tag::decode_tag.pointer_dereference.2
	 - Status: SUCCESS
	 - Description: "dereference failure: pointer NULL"
	 - Location: der-verified/src/tag.rs:108:15 in function tag::decode_tag

Check 178: tag::decode_tag.pointer_dereference.3
	 - Status: SUCCESS
	 - Description: "dereference failure: pointer invalid"
	 - Location: der-verified/src/tag.rs:108:15 in function tag::decode_tag

Check 179: tag::decode_tag.pointer_dereference.4
	 - Status: SUCCESS
	 - Description: "dereference failure: deallocated dynamic object"
	 - Location: der-verified/src/tag.rs:108:15 in function tag::decode_tag

Check 180: tag::decode_tag.pointer_dereference.5
	 - Status: SUCCESS
	 - Description: "dereference failure: dead object"
	 - Location: der-verified/src/tag.rs:108:15 in function tag::decode_tag

Check 181: tag::decode_tag.pointer_dereference.6
	 - Status: SUCCESS
	 - Description: "dereference failure: pointer outside object bounds"
	 - Location: der-verified/src/tag.rs:108:15 in function tag::decode_tag

Check 182: tag::decode_tag.pointer_dereference.7
	 - Status: SUCCESS
	 - Description: "dereference failure: invalid integer address"
	 - Location: der-verified/src/tag.rs:108:15 in function tag::decode_tag

Check 183: tag::decode_tag.pointer_dereference.8
	 - Status: SUCCESS
	 - Description: "dereference failure: dead object"
	 - Location: der-verified/src/tag.rs:138:26 in function tag::decode_tag

Check 184: tag::decode_tag.pointer_dereference.9
	 - Status: SUCCESS
	 - Description: "dereference failure: pointer NULL"
	 - Location: der-verified/src/tag.rs:139:19 in function tag::decode_tag

Check 185: tag::decode_tag.pointer_dereference.10
	 - Status: SUCCESS
	 - Description: "dereference failure: pointer invalid"
	 - Location: der-verified/src/tag.rs:139:19 in function tag::decode_tag

Check 186: tag::decode_tag.pointer_dereference.11
	 - Status: SUCCESS
	 - Description: "dereference failure: deallocated dynamic object"
	 - Location: der-verified/src/tag.rs:139:19 in function tag::decode_tag

Check 187: tag::decode_tag.pointer_dereference.12
	 - Status: SUCCESS
	 - Description: "dereference failure: dead object"
	 - Location: der-verified/src/tag.rs:139:19 in function tag::decode_tag

Check 188: tag::decode_tag.pointer_dereference.13
	 - Status: SUCCESS
	 - Description: "dereference failure: pointer outside object bounds"
	 - Location: der-verified/src/tag.rs:139:19 in function tag::decode_tag

Check 189: tag::decode_tag.pointer_dereference.14
	 - Status: SUCCESS
	 - Description: "dereference failure: invalid integer address"
	 - Location: der-verified/src/tag.rs:139:19 in function tag::decode_tag

Check 190: tag::decode_tag.pointer_dereference.15
	 - Status: SUCCESS
	 - Description: "dereference failure: dead object"
	 - Location: der-verified/src/tag.rs:157:16 in function tag::decode_tag

Check 191: tag::decode_tag.pointer_dereference.16
	 - Status: SUCCESS
	 - Description: "dereference failure: dead object"
	 - Location: der-verified/src/tag.rs:109:24 in function tag::decode_tag

Check 192: core::slice::<impl [u8]>::first.pointer_dereference.1
	 - Status: SUCCESS
	 - Description: "dereference failure: dead object"
	 - Location: ../../../runner/.rustup/toolchains/nightly-2025-11-21-x86_64-unknown-linux-gnu/lib/rustlib/src/rust/library/core/src/slice/mod.rs:155:58 in function core::slice::<impl [u8]>::first

Check 193: std::cmp::impls::<impl std::cmp::PartialEq for &length::LengthError>::eq.pointer_dereference.1
	 - Status: SUCCESS
	 - Description: "dereference failure: pointer NULL"
	 - Location: ../../../runner/.rustup/toolchains/nightly-2025-11-21-x86_64-unknown-linux-gnu/lib/rustlib/src/rust/library/core/src/cmp.rs:2090:27 in function std::cmp::impls::<impl std::cmp::PartialEq for &length::LengthError>::eq

Check 194: std::cmp::impls::<impl std::cmp::PartialEq for &length::LengthError>::eq.pointer_dereference.2
	 - Status: SUCCESS
	 - Description: "dereference failure: pointer invalid"
	 - Location: ../../../runner/.rustup/toolchains/nightly-2025-11-21-x86_64-unknown-linux-gnu/lib/rustlib/src/rust/library/core/src/cmp.rs:2090:27 in function std::cmp::impls::<impl std::cmp::PartialEq for &length::LengthError>::eq

Check 195: std::cmp::impls::<impl std::cmp::PartialEq for &length::LengthError>::eq.pointer_dereference.3
	 - Status: SUCCESS
	 - Description: "dereference failure: deallocated dynamic object"
	 - Location: ../../../runner/.rustup/toolchains/nightly-2025-11-21-x86_64-unknown-linux-gnu/lib/rustlib/src/rust/library/core/src/cmp.rs:2090:27 in function std::cmp::impls::<impl std::cmp::PartialEq for &length::LengthError>::eq

Check 196: std::cmp::impls::<impl std::cmp::PartialEq for &length::LengthError>::eq.pointer_dereference.4
	 - Status: SUCCESS
	 - Description: "dereference failure: dead object"
	 - Location: ../../../runner/.rustup/toolchains/nightly-2025-11-21-x86_64-unknown-linux-gnu/lib/rustlib/src/rust/library/core/src/cmp.rs:2090:27 in function std::cmp::impls::<impl std::cmp::PartialEq for &length::LengthError>::eq

Check 197: std::cmp::impls::<impl std::cmp::PartialEq for &length::LengthError>::eq.pointer_dereference.5
	 - Status: SUCCESS
	 - Description: "dereference failure: pointer outside object bounds"
	 - Location: ../../../runner/.rustup/toolchains/nightly-2025-11-21-x86_64-unknown-linux-gnu/lib/rustlib/src/rust/library/core/src/cmp.rs:2090:27 in function std::cmp::impls::<impl std::cmp::PartialEq for &length::LengthError>::eq

Check 198: std::cmp::impls::<impl std::cmp::PartialEq for &length::LengthError>::eq.pointer_dereference.6
	 - Status: SUCCESS
	 - Description: "dereference failure: invalid integer address"
	 - Location: ../../../runner/.rustup/toolchains/nightly-2025-11-21-x86_64-unknown-linux-gnu/lib/rustlib/src/rust/library/core/src/cmp.rs:2090:27 in function std::cmp::impls::<impl std::cmp::PartialEq for &length::LengthError>::eq

Check 199: std::cmp::impls::<impl std::cmp::PartialEq for &length::LengthError>::eq.pointer_dereference.7
	 - Status: SUCCESS
	 - Description: "dereference failure: pointer NULL"
	 - Location: ../../../runner/.rustup/toolchains/nightly-2025-11-21-x86_64-unknown-linux-gnu/lib/rustlib/src/rust/library/core/src/cmp.rs:2090:34 in function std::cmp::impls::<impl std::cmp::PartialEq for &length::LengthError>::eq

Check 200: std::cmp::impls::<impl std::cmp::PartialEq for &length::LengthError>::eq.pointer_dereference.8
	 - Status: SUCCESS
	 - Description: "dereference failure: pointer invalid"
	 - Location: ../../../runner/.rustup/toolchains/nightly-2025-11-21-x86_64-unknown-linux-gnu/lib/rustlib/src/rust/library/core/src/cmp.rs:2090:34 in function std::cmp::impls::<impl std::cmp::PartialEq for &length::LengthError>::eq

Check 201: std::cmp::impls::<impl std::cmp::PartialEq for &length::LengthError>::eq.pointer_dereference.9
	 - Status: SUCCESS
	 - Description: "dereference failure: deallocated dynamic object"
	 - Location: ../../../runner/.rustup/toolchains/nightly-2025-11-21-x86_64-unknown-linux-gnu/lib/rustlib/src/rust/library/core/src/cmp.rs:2090:34 in function std::cmp::impls::<impl std::cmp::PartialEq for &length::LengthError>::eq

Check 202: std::cmp::impls::<impl std::cmp::PartialEq for &length::LengthError>::eq.pointer_dereference.10
	 - Status: SUCCESS
	 - Description: "dereference failure: dead object"
	 - Location: ../../../runner/.rustup/toolchains/nightly-2025-11-21-x86_64-unknown-linux-gnu/lib/rustlib/src/rust/library/core/src/cmp.rs:2090:34 in function std::cmp::impls::<impl std::cmp::PartialEq for &length::LengthError>::eq

Check 203: std::cmp::impls::<impl std::cmp::PartialEq for &length::LengthError>::eq.pointer_dereference.11
	 - Status: SUCCESS
	 - Description: "dereference failure: pointer outside object bounds"
	 - Location: ../../../runner/.rustup/toolchains/nightly-2025-11-21-x86_64-unknown-linux-gnu/lib/rustlib/src/rust/library/core/src/cmp.rs:2090:34 in function std::cmp::impls::<impl std::cmp::PartialEq for &length::LengthError>::eq

Check 204: std::cmp::impls::<impl std::cmp::PartialEq for &length::LengthError>::eq.pointer_dereference.12
	 - Status: SUCCESS
	 - Description: "dereference failure: invalid integer address"
	 - Location: ../../../runner/.rustup/toolchains/nightly-2025-11-21-x86_64-unknown-linux-gnu/lib/rustlib/src/rust/library/core/src/cmp.rs:2090:34 in function std::cmp::impls::<impl std::cmp::PartialEq for &length::LengthError>::eq

Check 205: <length::LengthError as std::cmp::PartialEq>::eq.pointer_dereference.1
	 - Status: SUCCESS
	 - Description: "dereference failure: pointer NULL"
	 - Location: der-verified/src/length.rs:26:17 in function <length::LengthError as std::cmp::PartialEq>::eq

Check 206: <length::LengthError as std::cmp::PartialEq>::eq.pointer_dereference.2
	 - Status: SUCCESS
	 - Description: "dereference failure: pointer invalid"
	 - Location: der-verified/src/length.rs:26:17 in function <length::LengthError as std::cmp::PartialEq>::eq

Check 207: <length::LengthError as std::cmp::PartialEq>::eq.pointer_dereference.3
	 - Status: SUCCESS
	 - Description: "dereference failure: deallocated dynamic object"
	 - Location: der-verified/src/length.rs:26:17 in function <length::LengthError as std::cmp::PartialEq>::eq

Check 208: <length::LengthError as std::cmp::PartialEq>::eq.pointer_dereference.4
	 - Status: SUCCESS
	 - Description: "dereference failure: dead object"
	 - Location: der-verified/src/length.rs:26:17 in function <length::LengthError as std::cmp::PartialEq>::eq

Check 209: <length::LengthError as std::cmp::PartialEq>::eq.pointer_dereference.5
	 - Status: SUCCESS
	 - Description: "dereference failure: pointer outside object bounds"
	 - Location: der-verified/src/length.rs:26:17 in function <length::LengthError as std::cmp::PartialEq>::eq

Check 210: <length::LengthError as std::cmp::PartialEq>::eq.pointer_dereference.6
	 - Status: SUCCESS
	 - Description: "dereference failure: invalid integer address"
	 - Location: der-verified/src/length.rs:26:17 in function <length::LengthError as std::cmp::PartialEq>::eq

Check 211: <length::LengthError as std::cmp::PartialEq>::eq.pointer_dereference.7
	 - Status: SUCCESS
	 - Description: "dereference failure: pointer NULL"
	 - Location: der-verified/src/length.rs:26:17 in function <length::LengthError as std::cmp::PartialEq>::eq

Check 212: <length::LengthError as std::cmp::PartialEq>::eq.pointer_dereference.8
	 - Status: SUCCESS
	 - Description: "dereference failure: pointer invalid"
	 - Location: der-verified/src/length.rs:26:17 in function <length::LengthError as std::cmp::PartialEq>::eq

Check 213: <length::LengthError as std::cmp::PartialEq>::eq.pointer_dereference.9
	 - Status: SUCCESS
	 - Description: "dereference failure: deallocated dynamic object"
	 - Location: der-verified/src/length.rs:26:17 in function <length::LengthError as std::cmp::PartialEq>::eq

Check 214: <length::LengthError as std::cmp::PartialEq>::eq.pointer_dereference.10
	 - Status: SUCCESS
	 - Description: "dereference failure: dead object"
	 - Location: der-verified/src/length.rs:26:17 in function <length::LengthError as std::cmp::PartialEq>::eq

Check 215: <length::LengthError as std::cmp::PartialEq>::eq.pointer_dereference.11
	 - Status: SUCCESS
	 - Description: "dereference failure: pointer outside object bounds"
	 - Location: der-verified/src/length.rs:26:17 in function <length::LengthError as std::cmp::PartialEq>::eq

Check 216: <length::LengthError as std::cmp::PartialEq>::eq.pointer_dereference.12
	 - Status: SUCCESS
	 - Description: "dereference failure: invalid integer address"
	 - Location: der-verified/src/length.rs:26:17 in function <length::LengthError as std::cmp::PartialEq>::eq

Check 217: <tag::TagError as std::cmp::PartialEq>::eq.pointer_dereference.1
	 - Status: SUCCESS
	 - Description: "dereference failure: pointer NULL"
	 - Location: der-verified/src/tag.rs:50:17 in function <tag::TagError as std::cmp::PartialEq>::eq

Check 218: <tag::TagError as std::cmp::PartialEq>::eq.pointer_dereference.2
	 - Status: SUCCESS
	 - Description: "dereference failure: pointer invalid"
	 - Location: der-verified/src/tag.rs:50:17 in function <tag::TagError as std::cmp::PartialEq>::eq

Check 219: <tag::TagError as std::cmp::PartialEq>::eq.pointer_dereference.3
	 - Status: SUCCESS
	 - Description: "dereference failure: deallocated dynamic object"
	 - Location: der-verified/src/tag.rs:50:17 in function <tag::TagError as std::cmp::PartialEq>::eq

Check 220: <tag::TagError as std::cmp::PartialEq>::eq.pointer_dereference.4
	 - Status: SUCCESS
	 - Description: "dereference failure: dead object"
	 - Location: der-verified/src/tag.rs:50:17 in function <tag::TagError as std::cmp::PartialEq>::eq

Check 221: <tag::TagError as std::cmp::PartialEq>::eq.pointer_dereference.5
	 - Status: SUCCESS
	 - Description: "dereference failure: pointer outside object bounds"
	 - Location: der-verified/src/tag.rs:50:17 in function <tag::TagError as std::cmp::PartialEq>::eq

Check 222: <tag::TagError as std::cmp::PartialEq>::eq.pointer_dereference.6
	 - Status: SUCCESS
	 - Description: "dereference failure: invalid integer address"
	 - Location: der-verified/src/tag.rs:50:17 in function <tag::TagError as std::cmp::PartialEq>::eq

Check 223: <tag::TagError as std::cmp::PartialEq>::eq.pointer_dereference.7
	 - Status: SUCCESS
	 - Description: "dereference failure: pointer NULL"
	 - Location: der-verified/src/tag.rs:50:17 in function <tag::TagError as std::cmp::PartialEq>::eq

Check 224: <tag::TagError as std::cmp::PartialEq>::eq.pointer_dereference.8
	 - Status: SUCCESS
	 - Description: "dereference failure: pointer invalid"
	 - Location: der-verified/src/tag.rs:50:17 in function <tag::TagError as std::cmp::PartialEq>::eq

Check 225: <tag::TagError as std::cmp::PartialEq>::eq.pointer_dereference.9
	 - Status: SUCCESS
	 - Description: "dereference failure: deallocated dynamic object"
	 - Location: der-verified/src/tag.rs:50:17 in function <tag::TagError as std::cmp::PartialEq>::eq

Check 226: <tag::TagError as std::cmp::PartialEq>::eq.pointer_dereference.10
	 - Status: SUCCESS
	 - Description: "dereference failure: dead object"
	 - Location: der-verified/src/tag.rs:50:17 in function <tag::TagError as std::cmp::PartialEq>::eq

Check 227: <tag::TagError as std::cmp::PartialEq>::eq.pointer_dereference.11
	 - Status: SUCCESS
	 - Description: "dereference failure: pointer outside object bounds"
	 - Location: der-verified/src/tag.rs:50:17 in function <tag::TagError as std::cmp::PartialEq>::eq

Check 228: <tag::TagError as std::cmp::PartialEq>::eq.pointer_dereference.12
	 - Status: SUCCESS
	 - Description: "dereference failure: invalid integer address"
	 - Location: der-verified/src/tag.rs:50:17 in function <tag::TagError as std::cmp::PartialEq>::eq

Check 229: <std::result::Result<(tag::Tag, usize), tag::TagError> as std::ops::FromResidual<std::result::Result<std::convert::Infallible, tag::TagError>>>::from_residual.pointer_dereference.1
	 - Status: SUCCESS
	 - Description: "dereference failure: dead object"
	 - Location: ../../../runner/.rustup/toolchains/nightly-2025-11-21-x86_64-unknown-linux-gnu/lib/rustlib/src/rust/library/core/src/result.rs:2189:23 in function <std::result::Result<(tag::Tag, usize), tag::TagError> as std::ops::FromResidual<std::result::Result<std::convert::Infallible, tag::TagError>>>::from_residual

Check 230: std::cmp::impls::<impl std::cmp::PartialEq for &usize>::eq.pointer_dereference.1
	 - Status: SUCCESS
	 - Description: "dereference failure: pointer NULL"
	 - Location: ../../../runner/.rustup/toolchains/nightly-2025-11-21-x86_64-unknown-linux-gnu/lib/rustlib/src/rust/library/core/src/cmp.rs:2090:27 in function std::cmp::impls::<impl std::cmp::PartialEq for &usize>::eq

Check 231: std::cmp::impls::<impl std::cmp::PartialEq for &usize>::eq.pointer_dereference.2
	 - Status: SUCCESS
	 - Description: "dereference failure: pointer invalid"
	 - Location: ../../../runner/.rustup/toolchains/nightly-2025-11-21-x86_64-unknown-linux-gnu/lib/rustlib/src/rust/library/core/src/cmp.rs:2090:27 in function std::cmp::impls::<impl std::cmp::PartialEq for &usize>::eq

Check 232: std::cmp::impls::<impl std::cmp::PartialEq for &usize>::eq.pointer_dereference.3
	 - Status: SUCCESS
	 - Description: "dereference failure: deallocated dynamic object"
	 - Location: ../../../runner/.rustup/toolchains/nightly-2025-11-21-x86_64-unknown-linux-gnu/lib/rustlib/src/rust/library/core/src/cmp.rs:2090:27 in function std::cmp::impls::<impl std::cmp::PartialEq for &usize>::eq

Check 233: std::cmp::impls::<impl std::cmp::PartialEq for &usize>::eq.pointer_dereference.4
	 - Status: SUCCESS
	 - Description: "dereference failure: dead object"
	 - Location: ../../../runner/.rustup/toolchains/nightly-2025-11-21-x86_64-unknown-linux-gnu/lib/rustlib/src/rust/library/core/src/cmp.rs:2090:27 in function std::cmp::impls::<impl std::cmp::PartialEq for &usize>::eq

Check 234: std::cmp::impls::<impl std::cmp::PartialEq for &usize>::eq.pointer_dereference.5
	 - Status: SUCCESS
	 - Description: "dereference failure: pointer outside object bounds"
	 - Location: ../../../runner/.rustup/toolchains/nightly-2025-11-21-x86_64-unknown-linux-gnu/lib/rustlib/src/rust/library/core/src/cmp.rs:2090:27 in function std::cmp::impls::<impl std::cmp::PartialEq for &usize>::eq

Check 235: std::cmp::impls::<impl std::cmp::PartialEq for &usize>::eq.pointer_dereference.6
	 - Status: SUCCESS
	 - Description: "dereference failure: invalid integer address"
	 - Location: ../../../runner/.rustup/toolchains/nightly-2025-11-21-x86_64-unknown-linux-gnu/lib/rustlib/src/rust/library/core/src/cmp.rs:2090:27 in function std::cmp::impls::<impl std::cmp::PartialEq for &usize>::eq

Check 236: std::cmp::impls::<impl std::cmp::PartialEq for &usize>::eq.pointer_dereference.7
	 - Status: SUCCESS
	 - Description: "dereference failure: pointer NULL"
	 - Location: ../../../runner/.rustup/toolchains/nightly-2025-11-21-x86_64-unknown-linux-gnu/lib/rustlib/src/rust/library/core/src/cmp.rs:2090:34 in function std::cmp::impls::<impl std::cmp::PartialEq for &usize>::eq

Check 237: std::cmp::impls::<impl std::cmp::PartialEq for &usize>::eq.pointer_dereference.8
	 - Status: SUCCESS
	 - Description: "dereference failure: pointer invalid"
	 - Location: ../../../runner/.rustup/toolchains/nightly-2025-11-21-x86_64-unknown-linux-gnu/lib/rustlib/src/rust/library/core/src/cmp.rs:2090:34 in function std::cmp::impls::<impl std::cmp::PartialEq for &usize>::eq

Check 238: std::cmp::impls::<impl std::cmp::PartialEq for &usize>::eq.pointer_dereference.9
	 - Status: SUCCESS
	 - Description: "dereference failure: deallocated dynamic object"
	 - Location: ../../../runner/.rustup/toolchains/nightly-2025-11-21-x86_64-unknown-linux-gnu/lib/rustlib/src/rust/library/core/src/cmp.rs:2090:34 in function std::cmp::impls::<impl std::cmp::PartialEq for &usize>::eq

Check 239: std::cmp::impls::<impl std::cmp::PartialEq for &usize>::eq.pointer_dereference.10
	 - Status: SUCCESS
	 - Description: "dereference failure: dead object"
	 - Location: ../../../runner/.rustup/toolchains/nightly-2025-11-21-x86_64-unknown-linux-gnu/lib/rustlib/src/rust/library/core/src/cmp.rs:2090:34 in function std::cmp::impls::<impl std::cmp::PartialEq for &usize>::eq

Check 240: std::cmp::impls::<impl std::cmp::PartialEq for &usize>::eq.pointer_dereference.11
	 - Status: SUCCESS
	 - Description: "dereference failure: pointer outside object bounds"
	 - Location: ../../../runner/.rustup/toolchains/nightly-2025-11-21-x86_64-unknown-linux-gnu/lib/rustlib/src/rust/library/core/src/cmp.rs:2090:34 in function std::cmp::impls::<impl std::cmp::PartialEq for &usize>::eq

Check 241: std::cmp::impls::<impl std::cmp::PartialEq for &usize>::eq.pointer_dereference.12
	 - Status: SUCCESS
	 - Description: "dereference failure: invalid integer address"
	 - Location: ../../../runner/.rustup/toolchains/nightly-2025-11-21-x86_64-unknown-linux-gnu/lib/rustlib/src/rust/library/core/src/cmp.rs:2090:34 in function std::cmp::impls::<impl std::cmp::PartialEq for &usize>::eq

Check 242: std::result::Result::<(tag::Tag, usize), tag::TagError>::map_err::<tlv::TlvError, {closure@der-verified/src/tlv.rs:71:51: 71:54}>.pointer_dereference.1
	 - Status: SUCCESS
	 - Description: "dereference failure: dead object"
	 - Location: ../../../runner/.rustup/toolchains/nightly-2025-11-21-x86_64-unknown-linux-gnu/lib/rustlib/src/rust/library/core/src/result.rs:966:15 in function std::result::Result::<(tag::Tag, usize), tag::TagError>::map_err::<tlv::TlvError, {closure@der-verified/src/tlv.rs:71:51: 71:54}>

Check 243: std::result::Result::<(tag::Tag, usize), tag::TagError>::map_err::<tlv::TlvError, {closure@der-verified/src/tlv.rs:71:51: 71:54}>.pointer_dereference.2
	 - Status: SUCCESS
	 - Description: "dereference failure: dead object"
	 - Location: ../../../runner/.rustup/toolchains/nightly-2025-11-21-x86_64-unknown-linux-gnu/lib/rustlib/src/rust/library/core/src/result.rs:968:23 in function std::result::Result::<(tag::Tag, usize), tag::TagError>::map_err::<tlv::TlvError, {closure@der-verified/src/tlv.rs:71:51: 71:54}>

Check 244: <std::result::Result<(tlv::Tlv<'_>, usize), tlv::TlvError> as std::ops::FromResidual<std::result::Result<std::convert::Infallible, tlv::TlvError>>>::from_residual.pointer_dereference.1
	 - Status: SUCCESS
	 - Description: "dereference failure: dead object"
	 - Location: ../../../runner/.rustup/toolchains/nightly-2025-11-21-x86_64-unknown-linux-gnu/lib/rustlib/src/rust/library/core/src/result.rs:2189:23 in function <std::result::Result<(tlv::Tlv<'_>, usize), tlv::TlvError> as std::ops::FromResidual<std::result::Result<std::convert::Infallible, tlv::TlvError>>>::from_residual

Check 245: <usize as std::slice::SliceIndex<[u8]>>::get.pointer_dereference.1
	 - Status: SUCCESS
	 - Description: "dereference failure: dead object"
	 - Location: ../../../runner/.rustup/toolchains/nightly-2025-11-21-x86_64-unknown-linux-gnu/lib/rustlib/src/rust/library/core/src/slice/index.rs:223:13 in function <usize as std::slice::SliceIndex<[u8]>>::get

Check 246: <std::result::Result<(tlv::Tlv<'_>, usize), set_of::SetOfError> as std::ops::Try>::branch.pointer_dereference.1
	 - Status: SUCCESS
	 - Description: "dereference failure: dead object"
	 - Location: ../../../runner/.rustup/toolchains/nightly-2025-11-21-x86_64-unknown-linux-gnu/lib/rustlib/src/rust/library/core/src/result.rs:2173:15 in function <std::result::Result<(tlv::Tlv<'_>, usize), set_of::SetOfError> as std::ops::Try>::branch

Check 247: <std::result::Result<(tlv::Tlv<'_>, usize), set_of::SetOfError> as std::ops::Try>::branch.pointer_dereference.2
	 - Status: SUCCESS
	 - Description: "dereference failure: dead object"
	 - Location: ../../../runner/.rustup/toolchains/nightly-2025-11-21-x86_64-unknown-linux-gnu/lib/rustlib/src/rust/library/core/src/result.rs:2175:23 in function <std::result::Result<(tlv::Tlv<'_>, usize), set_of::SetOfError> as std::ops::Try>::branch

Check 248: std::cmp::impls::<impl std::cmp::PartialEq for &tlv::TlvError>::eq.pointer_dereference.1
	 - Status: SUCCESS
	 - Description: "dereference failure: pointer NULL"
	 - Location: ../../../runner/.rustup/toolchains/nightly-2025-11-21-x86_64-unknown-linux-gnu/lib/rustlib/src/rust/library/core/src/cmp.rs:2090:27 in function std::cmp::impls::<impl std::cmp::PartialEq for &tlv::TlvError>::eq

Check 249: std::cmp::impls::<impl std::cmp::PartialEq for &tlv::TlvError>::eq.pointer_dereference.2
	 - Status: SUCCESS
	 - Description: "dereference failure: pointer invalid"
	 - Location: ../../../runner/.rustup/toolchains/nightly-2025-11-21-x86_64-unknown-linux-gnu/lib/rustlib/src/rust/library/core/src/cmp.rs:2090:27 in function std::cmp::impls::<impl std::cmp::PartialEq for &tlv::TlvError>::eq

Check 250: std::cmp::impls::<impl std::cmp::PartialEq for &tlv::TlvError>::eq.pointer_dereference.3
	 - Status: SUCCESS
	 - Description: "dereference failure: deallocated dynamic object"
	 - Location: ../../../runner/.rustup/toolchains/nightly-2025-11-21-x86_64-unknown-linux-gnu/lib/rustlib/src/rust/library/core/src/cmp.rs:2090:27 in function std::cmp::impls::<impl std::cmp::PartialEq for &tlv::TlvError>::eq

Check 251: std::cmp::impls::<impl std::cmp::PartialEq for &tlv::TlvError>::eq.pointer_dereference.4
	 - Status: SUCCESS
	 - Description: "dereference failure: dead object"
	 - Location: ../../../runner/.rustup/toolchains/nightly-2025-11-21-x86_64-unknown-linux-gnu/lib/rustlib/src/rust/library/core/src/cmp.rs:2090:27 in function std::cmp::impls::<impl std::cmp::PartialEq for &tlv::TlvError>::eq

Check 252: std::cmp::impls::<impl std::cmp::PartialEq for &tlv::TlvError>::eq.pointer_dereference.5
	 - Status: SUCCESS
	 - Description: "dereference failure: pointer outside object bounds"
	 - Location: ../../../runner/.rustup/toolchains/nightly-2025-11-21-x86_64-unknown-linux-gnu/lib/rustlib/src/rust/library/core/src/cmp.rs:2090:27 in function std::cmp::impls::<impl std::cmp::PartialEq for &tlv::TlvError>::eq

Check 253: std::cmp::impls::<impl std::cmp::PartialEq for &tlv::TlvError>::eq.pointer_dereference.6
	 - Status: SUCCESS
	 - Description: "dereference failure: invalid integer address"
	 - Location: ../../../runner/.rustup/toolchains/nightly-2025-11-21-x86_64-unknown-linux-gnu/lib/rustlib/src/rust/library/core/src/cmp.rs:2090:27 in function std::cmp::impls::<impl std::cmp::PartialEq for &tlv::TlvError>::eq

Check 254: std::cmp::impls::<impl std::cmp::PartialEq for &tlv::TlvError>::eq.pointer_dereference.7
	 - Status: SUCCESS
	 - Description: "dereference failure: pointer NULL"
	 - Location: ../../../runner/.rustup/toolchains/nightly-2025-11-21-x86_64-unknown-linux-gnu/lib/rustlib/src/rust/library/core/src/cmp.rs:2090:34 in function std::cmp::impls::<impl std::cmp::PartialEq for &tlv::TlvError>::eq

Check 255: std::cmp::impls::<impl std::cmp::PartialEq for &tlv::TlvError>::eq.pointer_dereference.8
	 - Status: SUCCESS
	 - Description: "dereference failure: pointer invalid"
	 - Location: ../../../runner/.rustup/toolchains/nightly-2025-11-21-x86_64-unknown-linux-gnu/lib/rustlib/src/rust/library/core/src/cmp.rs:2090:34 in function std::cmp::impls::<impl std::cmp::PartialEq for &tlv::TlvError>::eq

Check 256: std::cmp::impls::<impl std::cmp::PartialEq for &tlv::TlvError>::eq.pointer_dereference.9
	 - Status: SUCCESS
	 - Description: "dereference failure: deallocated dynamic object"
	 - Location: ../../../runner/.rustup/toolchains/nightly-2025-11-21-x86_64-unknown-linux-gnu/lib/rustlib/src/rust/library/core/src/cmp.rs:2090:34 in function std::cmp::impls::<impl std::cmp::PartialEq for &tlv::TlvError>::eq

Check 257: std::cmp::impls::<impl std::cmp::PartialEq for &tlv::TlvError>::eq.pointer_dereference.10
	 - Status: SUCCESS
	 - Description: "dereference failure: dead object"
	 - Location: ../../../runner/.rustup/toolchains/nightly-2025-11-21-x86_64-unknown-linux-gnu/lib/rustlib/src/rust/library/core/src/cmp.rs:2090:34 in function std::cmp::impls::<impl std::cmp::PartialEq for &tlv::TlvError>::eq

Check 258: std::cmp::impls::<impl std::cmp::PartialEq for &tlv::TlvError>::eq.pointer_dereference.11
	 - Status: SUCCESS
	 - Description: "dereference failure: pointer outside object bounds"
	 - Location: ../../../runner/.rustup/toolchains/nightly-2025-11-21-x86_64-unknown-linux-gnu/lib/rustlib/src/rust/library/core/src/cmp.rs:2090:34 in function std::cmp::impls::<impl std::cmp::PartialEq for &tlv::TlvError>::eq

Check 259: std::cmp::impls::<impl std::cmp::PartialEq for &tlv::TlvError>::eq.pointer_dereference.12
	 - Status: SUCCESS
	 - Description: "dereference failure: invalid integer address"
	 - Location: ../../../runner/.rustup/toolchains/nightly-2025-11-21-x86_64-unknown-linux-gnu/lib/rustlib/src/rust/library/core/src/cmp.rs:2090:34 in function std::cmp::impls::<impl std::cmp::PartialEq for &tlv::TlvError>::eq

Check 260: tlv::decode_tlv.pointer_dereference.1
	 - Status: SUCCESS
	 - Description: "dereference failure: dead object"
	 - Location: der-verified/src/tlv.rs:71:25 in function tlv::decode_tlv

Check 261: tlv::decode_tlv.pointer_dereference.2
	 - Status: SUCCESS
	 - Description: "dereference failure: dead object"
	 - Location: der-verified/src/tlv.rs:79:26 in function tlv::decode_tlv

Check 262: tlv::decode_tlv.pointer_dereference.3
	 - Status: SUCCESS
	 - Description: "dereference failure: dead object"
	 - Location: der-verified/src/tlv.rs:87:16 in function tlv::decode_tlv

Check 263: tlv::decode_tlv.pointer_dereference.4
	 - Status: SUCCESS
	 - Description: "dereference failure: dead object"
	 - Location: der-verified/src/tlv.rs:84:24 in function tlv::decode_tlv

Check 264: length::decode_length.pointer_dereference.1
	 - Status: SUCCESS
	 - Description: "dereference failure: dead object"
	 - Location: der-verified/src/length.rs:75:23 in function length::decode_length

Check 265: length::decode_length.pointer_dereference.2
	 - Status: SUCCESS
	 - Description: "dereference failure: pointer NULL"
	 - Location: der-verified/src/length.rs:76:15 in function length::decode_length

Check 266: length::decode_length.pointer_dereference.3
	 - Status: SUCCESS
	 - Description: "dereference failure: pointer invalid"
	 - Location: der-verified/src/length.rs:76:15 in function length::decode_length

Check 267: length::decode_length.pointer_dereference.4
	 - Status: SUCCESS
	 - Description: "dereference failure: deallocated dynamic object"
	 - Location: der-verified/src/length.rs:76:15 in function length::decode_length

Check 268: length::decode_length.pointer_dereference.5
	 - Status: SUCCESS
	 - Description: "dereference failure: dead object"
	 - Location: der-verified/src/length.rs:76:15 in function length::decode_length

Check 269: length::decode_length.pointer_dereference.6
	 - Status: SUCCESS
	 - Description: "dereference failure: pointer outside object bounds"
	 - Location: der-verified/src/length.rs:76:15 in function length::decode_length

Check 270: length::decode_length.pointer_dereference.7
	 - Status: SUCCESS
	 - Description: "dereference failure: invalid integer address"
	 - Location: der-verified/src/length.rs:76:15 in function length::decode_length

Check 271: length::decode_length.pointer_dereference.8
	 - Status: SUCCESS
	 - Description: "dereference failure: pointer NULL"
	 - Location: der-verified/src/length.rs:93:8 in function length::decode_length

Check 272: length::decode_length.pointer_dereference.9
	 - Status: SUCCESS
	 - Description: "dereference failure: pointer invalid"
	 - Location: der-verified/src/length.rs:93:8 in function length::decode_length

Check 273: length::decode_length.pointer_dereference.10
	 - Status: SUCCESS
	 - Description: "dereference failure: deallocated dynamic object"
	 - Location: der-verified/src/length.rs:93:8 in function length::decode_length

Check 274: length::decode_length.pointer_dereference.11
	 - Status: SUCCESS
	 - Description: "dereference failure: dead object"
	 - Location: der-verified/src/length.rs:93:8 in function length::decode_length

Check 275: length::decode_length.pointer_dereference.12
	 - Status: SUCCESS
	 - Description: "dereference failure: pointer outside object bounds"
	 - Location: der-verified/src/length.rs:93:8 in function length::decode_length

Check 276: length::decode_length.pointer_dereference.13
	 - Status: SUCCESS
	 - Description: "dereference failure: invalid integer address"
	 - Location: der-verified/src/length.rs:93:8 in function length::decode_length

Check 277: length::decode_length.pointer_dereference.14
	 - Status: SUCCESS
	 - Description: "dereference failure: pointer NULL"
	 - Location: der-verified/src/length.rs:102:28 in function length::decode_length

Check 278: length::decode_length.pointer_dereference.15
	 - Status: SUCCESS
	 - Description: "dereference failure: pointer invalid"
	 - Location: der-verified/src/length.rs:102:28 in function length::decode_length

Check 279: length::decode_length.pointer_dereference.16
	 - Status: SUCCESS
	 - Description: "dereference failure: deallocated dynamic object"
	 - Location: der-verified/src/length.rs:102:28 in function length::decode_length

Check 280: length::decode_length.pointer_dereference.17
	 - Status: SUCCESS
	 - Description: "dereference failure: dead object"
	 - Location: der-verified/src/length.rs:102:28 in function length::decode_length

Check 281: length::decode_length.pointer_dereference.18
	 - Status: SUCCESS
	 - Description: "dereference failure: pointer outside object bounds"
	 - Location: der-verified/src/length.rs:102:28 in function length::decode_length

Check 282: length::decode_length.pointer_dereference.19
	 - Status: SUCCESS
	 - Description: "dereference failure: invalid integer address"
	 - Location: der-verified/src/length.rs:102:28 in function length::decode_length

Check 283: std::cmp::impls::<impl std::cmp::PartialEq for &tag::TagError>::eq.pointer_dereference.1
	 - Status: SUCCESS
	 - Description: "dereference failure: pointer NULL"
	 - Location: ../../../runner/.rustup/toolchains/nightly-2025-11-21-x86_64-unknown-linux-gnu/lib/rustlib/src/rust/library/core/src/cmp.rs:2090:27 in function std::cmp::impls::<impl std::cmp::PartialEq for &tag::TagError>::eq

Check 284: std::cmp::impls::<impl std::cmp::PartialEq for &tag::TagError>::eq.pointer_dereference.2
	 - Status: SUCCESS
	 - Description: "dereference failure: pointer invalid"
	 - Location: ../../../runner/.rustup/toolchains/nightly-2025-11-21-x86_64-unknown-linux-gnu/lib/rustlib/src/rust/library/core/src/cmp.rs:2090:27 in function std::cmp::impls::<impl std::cmp::PartialEq for &tag::TagError>::eq

Check 285: std::cmp::impls::<impl std::cmp::PartialEq for &tag::TagError>::eq.pointer_dereference.3
	 - Status: SUCCESS
	 - Description: "dereference failure: deallocated dynamic object"
	 - Location: ../../../runner/.rustup/toolchains/nightly-2025-11-21-x86_64-unknown-linux-gnu/lib/rustlib/src/rust/library/core/src/cmp.rs:2090:27 in function std::cmp::impls::<impl std::cmp::PartialEq for &tag::TagError>::eq

Check 286: std::cmp::impls::<impl std::cmp::PartialEq for &tag::TagError>::eq.pointer_dereference.4
	 - Status: SUCCESS
	 - Description: "dereference failure: dead object"
	 - Location: ../../../runner/.rustup/toolchains/nightly-2025-11-21-x86_64-unknown-linux-gnu/lib/rustlib/src/rust/library/core/src/cmp.rs:2090:27 in function std::cmp::impls::<impl std::cmp::PartialEq for &tag::TagError>::eq

Check 287: std::cmp::impls::<impl std::cmp::PartialEq for &tag::TagError>::eq.pointer_dereference.5
	 - Status: SUCCESS
	 - Description: "dereference failure: pointer outside object bounds"
	 - Location: ../../../runner/.rustup/toolchains/nightly-2025-11-21-x86_64-unknown-linux-gnu/lib/rustlib/src/rust/library/core/src/cmp.rs:2090:27 in function std::cmp::impls::<impl std::cmp::PartialEq for &tag::TagError>::eq

Check 288: std::cmp::impls::<impl std::cmp::PartialEq for &tag::TagError>::eq.pointer_dereference.6
	 - Status: SUCCESS
	 - Description: "dereference failure: invalid integer address"
	 - Location: ../../../runner/.rustup/toolchains/nightly-2025-11-21-x86_64-unknown-linux-gnu/lib/rustlib/src/rust/library/core/src/cmp.rs:2090:27 in function std::cmp::impls::<impl std::cmp::PartialEq for &tag::TagError>::eq

Check 289: std::cmp::impls::<impl std::cmp::PartialEq for &tag::TagError>::eq.pointer_dereference.7
	 - Status: SUCCESS
	 - Description: "dereference failure: pointer NULL"
	 - Location: ../../../runner/.rustup/toolchains/nightly-2025-11-21-x86_64-unknown-linux-gnu/lib/rustlib/src/rust/library/core/src/cmp.rs:2090:34 in function std::cmp::impls::<impl std::cmp::PartialEq for &tag::TagError>::eq

Check 290: std::cmp::impls::<impl std::cmp::PartialEq for &tag::TagError>::eq.pointer_dereference.8
	 - Status: SUCCESS
	 - Description: "dereference failure: pointer invalid"
	 - Location: ../../../runner/.rustup/toolchains/nightly-2025-11-21-x86_64-unknown-linux-gnu/lib/rustlib/src/rust/library/core/src/cmp.rs:2090:34 in function std::cmp::impls::<impl std::cmp::PartialEq for &tag::TagError>::eq

Check 291: std::cmp::impls::<impl std::cmp::PartialEq for &tag::TagError>::eq.pointer_dereference.9
	 - Status: SUCCESS
	 - Description: "dereference failure: deallocated dynamic object"
	 - Location: ../../../runner/.rustup/toolchains/nightly-2025-11-21-x86_64-unknown-linux-gnu/lib/rustlib/src/rust/library/core/src/cmp.rs:2090:34 in function std::cmp::impls::<impl std::cmp::PartialEq for &tag::TagError>::eq

Check 292: std::cmp::impls::<impl std::cmp::PartialEq for &tag::TagError>::eq.pointer_dereference.10
	 - Status: SUCCESS
	 - Description: "dereference failure: dead object"
	 - Location: ../../../runner/.rustup/toolchains/nightly-2025-11-21-x86_64-unknown-linux-gnu/lib/rustlib/src/rust/library/core/src/cmp.rs:2090:34 in function std::cmp::impls::<impl std::cmp::PartialEq for &tag::TagError>::eq

Check 293: std::cmp::impls::<impl std::cmp::PartialEq for &tag::TagError>::eq.pointer_dereference.11
	 - Status: SUCCESS
	 - Description: "dereference failure: pointer outside object bounds"
	 - Location: ../../../runner/.rustup/toolchains/nightly-2025-11-21-x86_64-unknown-linux-gnu/lib/rustlib/src/rust/library/core/src/cmp.rs:2090:34 in function std::cmp::impls::<impl std::cmp::PartialEq for &tag::TagError>::eq

Check 294: std::cmp::impls::<impl std::cmp::PartialEq for &tag::TagError>::eq.pointer_dereference.12
	 - Status: SUCCESS
	 - Description: "dereference failure: invalid integer address"
	 - Location: ../../../runner/.rustup/toolchains/nightly-2025-11-21-x86_64-unknown-linux-gnu/lib/rustlib/src/rust/library/core/src/cmp.rs:2090:34 in function std::cmp::impls::<impl std::cmp::PartialEq for &tag::TagError>::eq

Check 295: length::decode_length.unwind.0
	 - Status: SUCCESS
	 - Description: "unwinding assertion loop 0"
	 - Location: der-verified/src/length.rs:101:5 in function length::decode_length

Check 296: tag::decode_tag.unwind.0
	 - Status: SUCCESS
	 - Description: "unwinding assertion loop 0"
	 - Location: der-verified/src/tag.rs:137:49 in function tag::decode_tag

Check 297: set_of::decode_set_of.unwind.0
	 - Status: SUCCESS
	 - Description: "unwinding assertion loop 0"
	 - Location: der-verified/src/set_of.rs:145:5 in function set_of::decode_set_of


SUMMARY:
 ** 1 of 297 failed (11 unreachable)
Failed Checks: assertion failed: decode_set_of(&content) == Err(SetOfError::Unsorted { index: 0 })
 File: "der-verified/src/set_of.rs", line 383, in set_of::proofs::unsorted_children_are_rejected

VERIFICATION:- FAILED
Verification Time: 27.299625s

Manual Harness Summary:
Verification failed for - set_of::proofs::unsorted_children_are_rejected
Complete - 0 successfully verified harnesses, 1 failures, 1 total.
Command exited with non-zero status 1
	Command being timed: "cargo kani --manifest-path der-verified/Cargo.toml --harness set_of::proofs::unsorted_children_are_rejected --exact -Z stubbing"
	User time (seconds): 27.56
	System time (seconds): 0.60
	Percent of CPU this job got: 100%
	Elapsed (wall clock) time (h:mm:ss or m:ss): 0:28.12
	Average shared text size (kbytes): 0
	Average unshared data size (kbytes): 0
	Average stack size (kbytes): 0
	Average total size (kbytes): 0
	Maximum resident set size (kbytes): 2599500
	Average resident set size (kbytes): 0
	Major (requiring I/O) page faults: 0
	Minor (reclaiming a frame) page faults: 825409
	Voluntary context switches: 4183
	Involuntary context switches: 392
	Swaps: 0
	File system inputs: 0
	File system outputs: 50664
	Socket messages sent: 0
	Socket messages received: 0
	Signals delivered: 0
	Page size (bytes): 4096
	Exit status: 1
